condition,layout,step,trigger,row_class,admitted,hypothesis,human_actual,hyp_matches_actual,human_finished,degenerate,confidence,T_h,robot_current_task,robot_holding,pool_size,current_in_pool,cost_winner_logged,cost_winner,s,g_winner,g_n_realizable,ex_winner,ex_n_realizable,wh_winner,wh_n_realizable,lit_winner,lit_n_realizable,g_all_unrealizable,ex_all_unrealizable,wh_all_unrealizable,logged_winner_differs_from_pure_cost,g_winner_vs_logged,g_winner_changed,ex_winner_changed,wh_winner_changed,lit_winner_changed,cur_candidate,cur_T_r,cur_g_status,cur_g_delta,cur_ex_delta,cur_ex_status,cur_delta_over_T_r,cur_delta_over_T_h,best_alt,best_alt_realized_cost,best_alt_delta,cur_realized_cost,cur_margin_vs_best_alt,g_keeps_current
s00_off,env_layout0,0,no_current_task,counterfactual,False,"deliver_item(?item=item_3,?kitting_table=kitting_table_0)","deliver_item(?item=item_3,?kitting_table=kitting_table_0)",True,False,False,0.20022243918393354,77.79760132533269,,,3,False,"deliver_item(?item=item_7,?kitting_table=kitting_table_0)","deliver_item(?item=item_7,?kitting_table=kitting_table_0)",5.0,"deliver_item(?item=item_7,?kitting_table=kitting_table_0)",2.0,"deliver_item(?item=item_7,?kitting_table=kitting_table_0)",3.0,"deliver_item(?item=item_7,?kitting_table=kitting_table_0)",3.0,"deliver_item(?item=item_7,?kitting_table=kitting_table_0)",3.0,False,False,False,False,False,False,False,False,False,,,,,,,,,,,,,,
s00_off,env_layout0,0,no_current_task,counterfactual,False,"deliver_item(?item=item_3,?kitting_table=kitting_table_0)","deliver_item(?item=item_3,?kitting_table=kitting_table_0)",True,False,False,0.20022243918393354,77.79760132533269,,,3,False,"deliver_item(?item=item_7,?kitting_table=kitting_table_0)","deliver_item(?item=item_7,?kitting_table=kitting_table_0)",10.0,"deliver_item(?item=item_7,?kitting_table=kitting_table_0)",2.0,"deliver_item(?item=item_7,?kitting_table=kitting_table_0)",3.0,"deliver_item(?item=item_7,?kitting_table=kitting_table_0)",3.0,"deliver_item(?item=item_7,?kitting_table=kitting_table_0)",3.0,False,False,False,False,False,False,False,False,False,,,,,,,,,,,,,,
s00_off,env_layout0,0,no_current_task,counterfactual,False,"deliver_item(?item=item_3,?kitting_table=kitting_table_0)","deliver_item(?item=item_3,?kitting_table=kitting_table_0)",True,False,False,0.20022243918393354,77.79760132533269,,,3,False,"deliver_item(?item=item_7,?kitting_table=kitting_table_0)","deliver_item(?item=item_7,?kitting_table=kitting_table_0)",20.0,"deliver_item(?item=item_7,?kitting_table=kitting_table_0)",3.0,"deliver_item(?item=item_7,?kitting_table=kitting_table_0)",3.0,"deliver_item(?item=item_7,?kitting_table=kitting_table_0)",3.0,"deliver_item(?item=item_7,?kitting_table=kitting_table_0)",3.0,False,False,False,False,False,False,False,False,False,,,,,,,,,,,,,,
s00_off,env_layout0,0,no_current_task,counterfactual,False,"deliver_item(?item=item_3,?kitting_table=kitting_table_0)","deliver_item(?item=item_3,?kitting_table=kitting_table_0)",True,False,False,0.20022243918393354,77.79760132533269,,,3,False,"deliver_item(?item=item_7,?kitting_table=kitting_table_0)","deliver_item(?item=item_7,?kitting_table=kitting_table_0)",30.0,"deliver_item(?item=item_7,?kitting_table=kitting_table_0)",3.0,"deliver_item(?item=item_7,?kitting_table=kitting_table_0)",3.0,"deliver_item(?item=item_7,?kitting_table=kitting_table_0)",3.0,"deliver_item(?item=item_7,?kitting_table=kitting_table_0)",3.0,False,False,False,False,False,False,False,False,False,,,,,,,,,,,,,,
s00_off,env_layout0,0,no_current_task,counterfactual,False,"deliver_item(?item=item_3,?kitting_table=kitting_table_0)","deliver_item(?item=item_3,?kitting_table=kitting_table_0)",True,False,False,0.20022243918393354,77.79760132533269,,,3,False,"deliver_item(?item=item_7,?kitting_table=kitting_table_0)","deliver_item(?item=item_7,?kitting_table=kitting_table_0)",40.0,"deliver_item(?item=item_7,?kitting_table=kitting_table_0)",3.0,"deliver_item(?item=item_7,?kitting_table=kitting_table_0)",3.0,"deliver_item(?item=item_7,?kitting_table=kitting_table_0)",3.0,"deliver_item(?item=item_7,?kitting_table=kitting_table_0)",3.0,False,False,False,False,False,False,False,False,False,,,,,,,,,,,,,,
s00_off,env_layout0,0,no_current_task,counterfactual,False,"deliver_item(?item=item_3,?kitting_table=kitting_table_0)","deliver_item(?item=item_3,?kitting_table=kitting_table_0)",True,False,False,0.20022243918393354,77.79760132533269,,,3,False,"deliver_item(?item=item_7,?kitting_table=kitting_table_0)","deliver_item(?item=item_7,?kitting_table=kitting_table_0)",50.0,"deliver_item(?item=item_7,?kitting_table=kitting_table_0)",3.0,"deliver_item(?item=item_7,?kitting_table=kitting_table_0)",3.0,"deliver_item(?item=item_7,?kitting_table=kitting_table_0)",3.0,"deliver_item(?item=item_7,?kitting_table=kitting_table_0)",3.0,False,False,False,False,False,False,False,False,False,,,,,,,,,,,,,,
s00_off,env_layout0,0,no_current_task,counterfactual,False,"deliver_item(?item=item_3,?kitting_table=kitting_table_0)","deliver_item(?item=item_3,?kitting_table=kitting_table_0)",True,False,False,0.20022243918393354,77.79760132533269,,,3,False,"deliver_item(?item=item_7,?kitting_table=kitting_table_0)","deliver_item(?item=item_7,?kitting_table=kitting_table_0)",75.0,"deliver_item(?item=item_7,?kitting_table=kitting_table_0)",3.0,"deliver_item(?item=item_7,?kitting_table=kitting_table_0)",3.0,"deliver_item(?item=item_7,?kitting_table=kitting_table_0)",3.0,"deliver_item(?item=item_7,?kitting_table=kitting_table_0)",3.0,False,False,False,False,False,False,False,False,False,,,,,,,,,,,,,,
s00_off,env_layout0,0,no_current_task,counterfactual,False,"deliver_item(?item=item_3,?kitting_table=kitting_table_0)","deliver_item(?item=item_3,?kitting_table=kitting_table_0)",True,False,False,0.20022243918393354,77.79760132533269,,,3,False,"deliver_item(?item=item_7,?kitting_table=kitting_table_0)","deliver_item(?item=item_7,?kitting_table=kitting_table_0)",100.0,"deliver_item(?item=item_7,?kitting_table=kitting_table_0)",3.0,"deliver_item(?item=item_7,?kitting_table=kitting_table_0)",3.0,"deliver_item(?item=item_7,?kitting_table=kitting_table_0)",3.0,"deliver_item(?item=item_7,?kitting_table=kitting_table_0)",3.0,False,False,False,False,False,False,False,False,False,,,,,,,,,,,,,,
s00_off,env_layout0,0,no_current_task,counterfactual,False,"deliver_item(?item=item_3,?kitting_table=kitting_table_0)","deliver_item(?item=item_3,?kitting_table=kitting_table_0)",True,False,False,0.20022243918393354,77.79760132533269,,,3,False,"deliver_item(?item=item_7,?kitting_table=kitting_table_0)","deliver_item(?item=item_7,?kitting_table=kitting_table_0)",150.0,"deliver_item(?item=item_7,?kitting_table=kitting_table_0)",3.0,"deliver_item(?item=item_7,?kitting_table=kitting_table_0)",3.0,"deliver_item(?item=item_7,?kitting_table=kitting_table_0)",3.0,"deliver_item(?item=item_7,?kitting_table=kitting_table_0)",3.0,False,False,False,False,False,False,False,False,False,,,,,,,,,,,,,,
s00_off,env_layout0,0,no_current_task,counterfactual,False,"deliver_item(?item=item_3,?kitting_table=kitting_table_0)","deliver_item(?item=item_3,?kitting_table=kitting_table_0)",True,False,False,0.20022243918393354,77.79760132533269,,,3,False,"deliver_item(?item=item_7,?kitting_table=kitting_table_0)","deliver_item(?item=item_7,?kitting_table=kitting_table_0)",200.0,"deliver_item(?item=item_7,?kitting_table=kitting_table_0)",3.0,"deliver_item(?item=item_7,?kitting_table=kitting_table_0)",3.0,"deliver_item(?item=item_7,?kitting_table=kitting_table_0)",3.0,"deliver_item(?item=item_7,?kitting_table=kitting_table_0)",3.0,False,False,False,False,False,False,False,False,False,,,,,,,,,,,,,,
s00_off,env_layout0,0,no_current_task,counterfactual,False,"deliver_item(?item=item_3,?kitting_table=kitting_table_0)","deliver_item(?item=item_3,?kitting_table=kitting_table_0)",True,False,False,0.20022243918393354,77.79760132533269,,,3,False,"deliver_item(?item=item_7,?kitting_table=kitting_table_0)","deliver_item(?item=item_7,?kitting_table=kitting_table_0)",300.0,"deliver_item(?item=item_7,?kitting_table=kitting_table_0)",1.0,"deliver_item(?item=item_7,?kitting_table=kitting_table_0)",1.0,"deliver_item(?item=item_7,?kitting_table=kitting_table_0)",1.0,"deliver_item(?item=item_7,?kitting_table=kitting_table_0)",1.0,False,False,False,False,False,False,False,False,False,,,,,,,,,,,,,,
s00_off,env_layout0,0,no_current_task,counterfactual,False,"deliver_item(?item=item_3,?kitting_table=kitting_table_0)","deliver_item(?item=item_3,?kitting_table=kitting_table_0)",True,False,False,0.20022243918393354,77.79760132533269,,,3,False,"deliver_item(?item=item_7,?kitting_table=kitting_table_0)","deliver_item(?item=item_7,?kitting_table=kitting_table_0)",400.0,,0.0,,0.0,,0.0,,0.0,True,True,True,False,False,False,False,False,False,,,,,,,,,,,,,,
s00_off,env_layout0,0,no_current_task,counterfactual,False,"deliver_item(?item=item_3,?kitting_table=kitting_table_0)","deliver_item(?item=item_3,?kitting_table=kitting_table_0)",True,False,False,0.20022243918393354,77.79760132533269,,,3,False,"deliver_item(?item=item_7,?kitting_table=kitting_table_0)","deliver_item(?item=item_7,?kitting_table=kitting_table_0)",600.0,,0.0,,0.0,,0.0,,0.0,True,True,True,False,False,False,False,False,False,,,,,,,,,,,,,,
s00_off,env_layout0,7,task_committed,counterfactual,False,"deliver_item(?item=item_3,?kitting_table=kitting_table_0)","deliver_item(?item=item_3,?kitting_table=kitting_table_0)",True,False,False,0.24710909027370312,70.79760132533269,"deliver_item(?item=item_7,?kitting_table=kitting_table_0)",item_7,3,True,"deliver_item(?item=item_7,?kitting_table=kitting_table_0)","deliver_item(?item=item_7,?kitting_table=kitting_table_0)",5.0,"deliver_item(?item=item_7,?kitting_table=kitting_table_0)",3.0,"deliver_item(?item=item_7,?kitting_table=kitting_table_0)",3.0,"deliver_item(?item=item_7,?kitting_table=kitting_table_0)",3.0,"deliver_item(?item=item_7,?kitting_table=kitting_table_0)",3.0,False,False,False,False,False,False,False,False,False,"deliver_item(?item=item_7,?kitting_table=kitting_table_0)",24.083423024705116,realized,0.0,0.0,realized,0.0,0.0,"deliver_item(?item=item_6,?kitting_table=kitting_table_0)",43.694156390730214,0.0,24.083423024705116,19.610733366025098,True
s00_off,env_layout0,7,task_committed,counterfactual,False,"deliver_item(?item=item_3,?kitting_table=kitting_table_0)","deliver_item(?item=item_3,?kitting_table=kitting_table_0)",True,False,False,0.24710909027370312,70.79760132533269,"deliver_item(?item=item_7,?kitting_table=kitting_table_0)",item_7,3,True,"deliver_item(?item=item_7,?kitting_table=kitting_table_0)","deliver_item(?item=item_7,?kitting_table=kitting_table_0)",10.0,"deliver_item(?item=item_7,?kitting_table=kitting_table_0)",3.0,"deliver_item(?item=item_7,?kitting_table=kitting_table_0)",3.0,"deliver_item(?item=item_7,?kitting_table=kitting_table_0)",3.0,"deliver_item(?item=item_7,?kitting_table=kitting_table_0)",3.0,False,False,False,False,False,False,False,False,False,"deliver_item(?item=item_7,?kitting_table=kitting_table_0)",24.083423024705116,realized,0.0,0.0,realized,0.0,0.0,"deliver_item(?item=item_6,?kitting_table=kitting_table_0)",43.694156390730214,0.0,24.083423024705116,19.610733366025098,True
s00_off,env_layout0,7,task_committed,counterfactual,False,"deliver_item(?item=item_3,?kitting_table=kitting_table_0)","deliver_item(?item=item_3,?kitting_table=kitting_table_0)",True,False,False,0.24710909027370312,70.79760132533269,"deliver_item(?item=item_7,?kitting_table=kitting_table_0)",item_7,3,True,"deliver_item(?item=item_7,?kitting_table=kitting_table_0)","deliver_item(?item=item_7,?kitting_table=kitting_table_0)",20.0,"deliver_item(?item=item_7,?kitting_table=kitting_table_0)",3.0,"deliver_item(?item=item_7,?kitting_table=kitting_table_0)",3.0,"deliver_item(?item=item_7,?kitting_table=kitting_table_0)",3.0,"deliver_item(?item=item_7,?kitting_table=kitting_table_0)",3.0,False,False,False,False,False,False,False,False,False,"deliver_item(?item=item_7,?kitting_table=kitting_table_0)",24.083423024705116,realized,0.0,0.0,realized,0.0,0.0,"deliver_item(?item=item_6,?kitting_table=kitting_table_0)",43.694156390730214,0.0,24.083423024705116,19.610733366025098,True
s00_off,env_layout0,7,task_committed,counterfactual,False,"deliver_item(?item=item_3,?kitting_table=kitting_table_0)","deliver_item(?item=item_3,?kitting_table=kitting_table_0)",True,False,False,0.24710909027370312,70.79760132533269,"deliver_item(?item=item_7,?kitting_table=kitting_table_0)",item_7,3,True,"deliver_item(?item=item_7,?kitting_table=kitting_table_0)","deliver_item(?item=item_7,?kitting_table=kitting_table_0)",30.0,"deliver_item(?item=item_7,?kitting_table=kitting_table_0)",3.0,"deliver_item(?item=item_7,?kitting_table=kitting_table_0)",3.0,"deliver_item(?item=item_7,?kitting_table=kitting_table_0)",3.0,"deliver_item(?item=item_7,?kitting_table=kitting_table_0)",3.0,False,False,False,False,False,False,False,False,False,"deliver_item(?item=item_7,?kitting_table=kitting_table_0)",24.083423024705116,realized,0.0,0.0,realized,0.0,0.0,"deliver_item(?item=item_6,?kitting_table=kitting_table_0)",43.694156390730214,0.0,24.083423024705116,19.610733366025098,True
s00_off,env_layout0,7,task_committed,counterfactual,False,"deliver_item(?item=item_3,?kitting_table=kitting_table_0)","deliver_item(?item=item_3,?kitting_table=kitting_table_0)",True,False,False,0.24710909027370312,70.79760132533269,"deliver_item(?item=item_7,?kitting_table=kitting_table_0)",item_7,3,True,"deliver_item(?item=item_7,?kitting_table=kitting_table_0)","deliver_item(?item=item_7,?kitting_table=kitting_table_0)",40.0,"deliver_item(?item=item_7,?kitting_table=kitting_table_0)",3.0,"deliver_item(?item=item_7,?kitting_table=kitting_table_0)",3.0,"deliver_item(?item=item_7,?kitting_table=kitting_table_0)",3.0,"deliver_item(?item=item_7,?kitting_table=kitting_table_0)",3.0,False,False,False,False,False,False,False,False,False,"deliver_item(?item=item_7,?kitting_table=kitting_table_0)",24.083423024705116,realized,0.0,0.0,realized,0.0,0.0,"deliver_item(?item=item_6,?kitting_table=kitting_table_0)",43.694156390730214,0.0,24.083423024705116,19.610733366025098,True
s00_off,env_layout0,7,task_committed,counterfactual,False,"deliver_item(?item=item_3,?kitting_table=kitting_table_0)","deliver_item(?item=item_3,?kitting_table=kitting_table_0)",True,False,False,0.24710909027370312,70.79760132533269,"deliver_item(?item=item_7,?kitting_table=kitting_table_0)",item_7,3,True,"deliver_item(?item=item_7,?kitting_table=kitting_table_0)","deliver_item(?item=item_7,?kitting_table=kitting_table_0)",50.0,"deliver_item(?item=item_7,?kitting_table=kitting_table_0)",3.0,"deliver_item(?item=item_7,?kitting_table=kitting_table_0)",3.0,"deliver_item(?item=item_7,?kitting_table=kitting_table_0)",3.0,"deliver_item(?item=item_7,?kitting_table=kitting_table_0)",3.0,False,False,False,False,False,False,False,False,False,"deliver_item(?item=item_7,?kitting_table=kitting_table_0)",24.083423024705116,realized,0.0,0.0,realized,0.0,0.0,"deliver_item(?item=item_6,?kitting_table=kitting_table_0)",43.694156390730214,0.0,24.083423024705116,19.610733366025098,True
s00_off,env_layout0,7,task_committed,counterfactual,False,"deliver_item(?item=item_3,?kitting_table=kitting_table_0)","deliver_item(?item=item_3,?kitting_table=kitting_table_0)",True,False,False,0.24710909027370312,70.79760132533269,"deliver_item(?item=item_7,?kitting_table=kitting_table_0)",item_7,3,True,"deliver_item(?item=item_7,?kitting_table=kitting_table_0)","deliver_item(?item=item_7,?kitting_table=kitting_table_0)",75.0,"deliver_item(?item=item_7,?kitting_table=kitting_table_0)",3.0,"deliver_item(?item=item_7,?kitting_table=kitting_table_0)",3.0,"deliver_item(?item=item_7,?kitting_table=kitting_table_0)",3.0,"deliver_item(?item=item_7,?kitting_table=kitting_table_0)",3.0,False,False,False,False,False,False,False,False,False,"deliver_item(?item=item_7,?kitting_table=kitting_table_0)",24.083423024705116,realized,0.0,0.0,realized,0.0,0.0,"deliver_item(?item=item_6,?kitting_table=kitting_table_0)",43.694156390730214,0.0,24.083423024705116,19.610733366025098,True
s00_off,env_layout0,7,task_committed,counterfactual,False,"deliver_item(?item=item_3,?kitting_table=kitting_table_0)","deliver_item(?item=item_3,?kitting_table=kitting_table_0)",True,False,False,0.24710909027370312,70.79760132533269,"deliver_item(?item=item_7,?kitting_table=kitting_table_0)",item_7,3,True,"deliver_item(?item=item_7,?kitting_table=kitting_table_0)","deliver_item(?item=item_7,?kitting_table=kitting_table_0)",100.0,"deliver_item(?item=item_7,?kitting_table=kitting_table_0)",3.0,"deliver_item(?item=item_7,?kitting_table=kitting_table_0)",3.0,"deliver_item(?item=item_7,?kitting_table=kitting_table_0)",3.0,"deliver_item(?item=item_7,?kitting_table=kitting_table_0)",3.0,False,False,False,False,False,False,False,False,False,"deliver_item(?item=item_7,?kitting_table=kitting_table_0)",24.083423024705116,realized,0.0,0.0,realized,0.0,0.0,"deliver_item(?item=item_6,?kitting_table=kitting_table_0)",43.694156390730214,0.0,24.083423024705116,19.610733366025098,True
s00_off,env_layout0,7,task_committed,counterfactual,False,"deliver_item(?item=item_3,?kitting_table=kitting_table_0)","deliver_item(?item=item_3,?kitting_table=kitting_table_0)",True,False,False,0.24710909027370312,70.79760132533269,"deliver_item(?item=item_7,?kitting_table=kitting_table_0)",item_7,3,True,"deliver_item(?item=item_7,?kitting_table=kitting_table_0)","deliver_item(?item=item_7,?kitting_table=kitting_table_0)",150.0,"deliver_item(?item=item_7,?kitting_table=kitting_table_0)",3.0,"deliver_item(?item=item_7,?kitting_table=kitting_table_0)",3.0,"deliver_item(?item=item_7,?kitting_table=kitting_table_0)",3.0,"deliver_item(?item=item_7,?kitting_table=kitting_table_0)",3.0,False,False,False,False,False,False,False,False,False,"deliver_item(?item=item_7,?kitting_table=kitting_table_0)",24.083423024705116,realized,0.0,0.0,realized,0.0,0.0,"deliver_item(?item=item_6,?kitting_table=kitting_table_0)",43.694156390730214,0.0,24.083423024705116,19.610733366025098,True
s00_off,env_layout0,7,task_committed,counterfactual,False,"deliver_item(?item=item_3,?kitting_table=kitting_table_0)","deliver_item(?item=item_3,?kitting_table=kitting_table_0)",True,False,False,0.24710909027370312,70.79760132533269,"deliver_item(?item=item_7,?kitting_table=kitting_table_0)",item_7,3,True,"deliver_item(?item=item_7,?kitting_table=kitting_table_0)","deliver_item(?item=item_7,?kitting_table=kitting_table_0)",200.0,"deliver_item(?item=item_7,?kitting_table=kitting_table_0)",3.0,"deliver_item(?item=item_7,?kitting_table=kitting_table_0)",3.0,"deliver_item(?item=item_7,?kitting_table=kitting_table_0)",3.0,"deliver_item(?item=item_7,?kitting_table=kitting_table_0)",3.0,False,False,False,False,False,False,False,False,False,"deliver_item(?item=item_7,?kitting_table=kitting_table_0)",24.083423024705116,realized,0.0,0.0,realized,0.0,0.0,"deliver_item(?item=item_6,?kitting_table=kitting_table_0)",43.694156390730214,0.0,24.083423024705116,19.610733366025098,True
s00_off,env_layout0,7,task_committed,counterfactual,False,"deliver_item(?item=item_3,?kitting_table=kitting_table_0)","deliver_item(?item=item_3,?kitting_table=kitting_table_0)",True,False,False,0.24710909027370312,70.79760132533269,"deliver_item(?item=item_7,?kitting_table=kitting_table_0)",item_7,3,True,"deliver_item(?item=item_7,?kitting_table=kitting_table_0)","deliver_item(?item=item_7,?kitting_table=kitting_table_0)",300.0,"deliver_item(?item=item_7,?kitting_table=kitting_table_0)",1.0,"deliver_item(?item=item_7,?kitting_table=kitting_table_0)",1.0,"deliver_item(?item=item_7,?kitting_table=kitting_table_0)",1.0,"deliver_item(?item=item_7,?kitting_table=kitting_table_0)",1.0,False,False,False,False,False,False,False,False,False,"deliver_item(?item=item_7,?kitting_table=kitting_table_0)",24.083423024705116,realized,0.0,0.0,realized,0.0,0.0,,,,24.083423024705116,,True
s00_off,env_layout0,7,task_committed,counterfactual,False,"deliver_item(?item=item_3,?kitting_table=kitting_table_0)","deliver_item(?item=item_3,?kitting_table=kitting_table_0)",True,False,False,0.24710909027370312,70.79760132533269,"deliver_item(?item=item_7,?kitting_table=kitting_table_0)",item_7,3,True,"deliver_item(?item=item_7,?kitting_table=kitting_table_0)","deliver_item(?item=item_7,?kitting_table=kitting_table_0)",400.0,,0.0,,0.0,,0.0,,0.0,True,True,True,False,False,False,False,False,False,"deliver_item(?item=item_7,?kitting_table=kitting_table_0)",24.083423024705116,none:hold_position_violated,,,none:no_feasible_start,,,,,,,,False
s00_off,env_layout0,7,task_committed,counterfactual,False,"deliver_item(?item=item_3,?kitting_table=kitting_table_0)","deliver_item(?item=item_3,?kitting_table=kitting_table_0)",True,False,False,0.24710909027370312,70.79760132533269,"deliver_item(?item=item_7,?kitting_table=kitting_table_0)",item_7,3,True,"deliver_item(?item=item_7,?kitting_table=kitting_table_0)","deliver_item(?item=item_7,?kitting_table=kitting_table_0)",600.0,,0.0,,0.0,,0.0,,0.0,True,True,True,False,False,False,False,False,False,"deliver_item(?item=item_7,?kitting_table=kitting_table_0)",24.083423024705116,none:hold_position_violated,,,none:no_feasible_start,,,,,,,,False
s00_off,env_layout0,33,no_current_task,counterfactual,False,"deliver_item(?item=item_3,?kitting_table=kitting_table_0)","deliver_item(?item=item_3,?kitting_table=kitting_table_0)",True,False,False,0.6264616032549486,44.79760132533269,,,2,False,"deliver_item(?item=item_6,?kitting_table=kitting_table_0)","deliver_item(?item=item_6,?kitting_table=kitting_table_0)",5.0,"deliver_item(?item=item_6,?kitting_table=kitting_table_0)",2.0,"deliver_item(?item=item_6,?kitting_table=kitting_table_0)",2.0,"deliver_item(?item=item_6,?kitting_table=kitting_table_0)",2.0,"deliver_item(?item=item_6,?kitting_table=kitting_table_0)",2.0,False,False,False,False,False,False,False,False,False,,,,,,,,,,,,,,
s00_off,env_layout0,33,no_current_task,counterfactual,False,"deliver_item(?item=item_3,?kitting_table=kitting_table_0)","deliver_item(?item=item_3,?kitting_table=kitting_table_0)",True,False,False,0.6264616032549486,44.79760132533269,,,2,False,"deliver_item(?item=item_6,?kitting_table=kitting_table_0)","deliver_item(?item=item_6,?kitting_table=kitting_table_0)",10.0,"deliver_item(?item=item_6,?kitting_table=kitting_table_0)",2.0,"deliver_item(?item=item_6,?kitting_table=kitting_table_0)",2.0,"deliver_item(?item=item_6,?kitting_table=kitting_table_0)",2.0,"deliver_item(?item=item_6,?kitting_table=kitting_table_0)",2.0,False,False,False,False,False,False,False,False,False,,,,,,,,,,,,,,
s00_off,env_layout0,33,no_current_task,counterfactual,False,"deliver_item(?item=item_3,?kitting_table=kitting_table_0)","deliver_item(?item=item_3,?kitting_table=kitting_table_0)",True,False,False,0.6264616032549486,44.79760132533269,,,2,False,"deliver_item(?item=item_6,?kitting_table=kitting_table_0)","deliver_item(?item=item_6,?kitting_table=kitting_table_0)",20.0,"deliver_item(?item=item_6,?kitting_table=kitting_table_0)",2.0,"deliver_item(?item=item_6,?kitting_table=kitting_table_0)",2.0,"deliver_item(?item=item_6,?kitting_table=kitting_table_0)",2.0,"deliver_item(?item=item_6,?kitting_table=kitting_table_0)",2.0,False,False,False,False,False,False,False,False,False,,,,,,,,,,,,,,
s00_off,env_layout0,33,no_current_task,counterfactual,False,"deliver_item(?item=item_3,?kitting_table=kitting_table_0)","deliver_item(?item=item_3,?kitting_table=kitting_table_0)",True,False,False,0.6264616032549486,44.79760132533269,,,2,False,"deliver_item(?item=item_6,?kitting_table=kitting_table_0)","deliver_item(?item=item_6,?kitting_table=kitting_table_0)",30.0,"deliver_item(?item=item_6,?kitting_table=kitting_table_0)",2.0,"deliver_item(?item=item_6,?kitting_table=kitting_table_0)",2.0,"deliver_item(?item=item_6,?kitting_table=kitting_table_0)",2.0,"deliver_item(?item=item_6,?kitting_table=kitting_table_0)",2.0,False,False,False,False,False,False,False,False,False,,,,,,,,,,,,,,
s00_off,env_layout0,33,no_current_task,counterfactual,False,"deliver_item(?item=item_3,?kitting_table=kitting_table_0)","deliver_item(?item=item_3,?kitting_table=kitting_table_0)",True,False,False,0.6264616032549486,44.79760132533269,,,2,False,"deliver_item(?item=item_6,?kitting_table=kitting_table_0)","deliver_item(?item=item_6,?kitting_table=kitting_table_0)",40.0,"deliver_item(?item=item_6,?kitting_table=kitting_table_0)",2.0,"deliver_item(?item=item_6,?kitting_table=kitting_table_0)",2.0,"deliver_item(?item=item_6,?kitting_table=kitting_table_0)",2.0,"deliver_item(?item=item_6,?kitting_table=kitting_table_0)",2.0,False,False,False,False,False,False,False,False,False,,,,,,,,,,,,,,
s00_off,env_layout0,33,no_current_task,counterfactual,False,"deliver_item(?item=item_3,?kitting_table=kitting_table_0)","deliver_item(?item=item_3,?kitting_table=kitting_table_0)",True,False,False,0.6264616032549486,44.79760132533269,,,2,False,"deliver_item(?item=item_6,?kitting_table=kitting_table_0)","deliver_item(?item=item_6,?kitting_table=kitting_table_0)",50.0,"deliver_item(?item=item_6,?kitting_table=kitting_table_0)",2.0,"deliver_item(?item=item_6,?kitting_table=kitting_table_0)",2.0,"deliver_item(?item=item_6,?kitting_table=kitting_table_0)",2.0,"deliver_item(?item=item_6,?kitting_table=kitting_table_0)",2.0,False,False,False,False,False,False,False,False,False,,,,,,,,,,,,,,
s00_off,env_layout0,33,no_current_task,counterfactual,False,"deliver_item(?item=item_3,?kitting_table=kitting_table_0)","deliver_item(?item=item_3,?kitting_table=kitting_table_0)",True,False,False,0.6264616032549486,44.79760132533269,,,2,False,"deliver_item(?item=item_6,?kitting_table=kitting_table_0)","deliver_item(?item=item_6,?kitting_table=kitting_table_0)",75.0,"deliver_item(?item=item_6,?kitting_table=kitting_table_0)",2.0,"deliver_item(?item=item_6,?kitting_table=kitting_table_0)",2.0,"deliver_item(?item=item_6,?kitting_table=kitting_table_0)",2.0,"deliver_item(?item=item_6,?kitting_table=kitting_table_0)",2.0,False,False,False,False,False,False,False,False,False,,,,,,,,,,,,,,
s00_off,env_layout0,33,no_current_task,counterfactual,False,"deliver_item(?item=item_3,?kitting_table=kitting_table_0)","deliver_item(?item=item_3,?kitting_table=kitting_table_0)",True,False,False,0.6264616032549486,44.79760132533269,,,2,False,"deliver_item(?item=item_6,?kitting_table=kitting_table_0)","deliver_item(?item=item_6,?kitting_table=kitting_table_0)",100.0,"deliver_item(?item=item_6,?kitting_table=kitting_table_0)",2.0,"deliver_item(?item=item_6,?kitting_table=kitting_table_0)",2.0,"deliver_item(?item=item_6,?kitting_table=kitting_table_0)",2.0,"deliver_item(?item=item_6,?kitting_table=kitting_table_0)",2.0,False,False,False,False,False,False,False,False,False,,,,,,,,,,,,,,
s00_off,env_layout0,33,no_current_task,counterfactual,False,"deliver_item(?item=item_3,?kitting_table=kitting_table_0)","deliver_item(?item=item_3,?kitting_table=kitting_table_0)",True,False,False,0.6264616032549486,44.79760132533269,,,2,False,"deliver_item(?item=item_6,?kitting_table=kitting_table_0)","deliver_item(?item=item_6,?kitting_table=kitting_table_0)",150.0,"deliver_item(?item=item_4,?kitting_table=kitting_table_0)",1.0,"deliver_item(?item=item_4,?kitting_table=kitting_table_0)",1.0,"deliver_item(?item=item_4,?kitting_table=kitting_table_0)",1.0,"deliver_item(?item=item_4,?kitting_table=kitting_table_0)",1.0,False,False,False,False,True,True,True,True,True,,,,,,,,,,,,,,
s00_off,env_layout0,33,no_current_task,counterfactual,False,"deliver_item(?item=item_3,?kitting_table=kitting_table_0)","deliver_item(?item=item_3,?kitting_table=kitting_table_0)",True,False,False,0.6264616032549486,44.79760132533269,,,2,False,"deliver_item(?item=item_6,?kitting_table=kitting_table_0)","deliver_item(?item=item_6,?kitting_table=kitting_table_0)",200.0,"deliver_item(?item=item_4,?kitting_table=kitting_table_0)",1.0,"deliver_item(?item=item_4,?kitting_table=kitting_table_0)",1.0,"deliver_item(?item=item_4,?kitting_table=kitting_table_0)",1.0,"deliver_item(?item=item_4,?kitting_table=kitting_table_0)",1.0,False,False,False,False,True,True,True,True,True,,,,,,,,,,,,,,
s00_off,env_layout0,33,no_current_task,counterfactual,False,"deliver_item(?item=item_3,?kitting_table=kitting_table_0)","deliver_item(?item=item_3,?kitting_table=kitting_table_0)",True,False,False,0.6264616032549486,44.79760132533269,,,2,False,"deliver_item(?item=item_6,?kitting_table=kitting_table_0)","deliver_item(?item=item_6,?kitting_table=kitting_table_0)",300.0,"deliver_item(?item=item_4,?kitting_table=kitting_table_0)",1.0,"deliver_item(?item=item_4,?kitting_table=kitting_table_0)",1.0,"deliver_item(?item=item_4,?kitting_table=kitting_table_0)",1.0,"deliver_item(?item=item_4,?kitting_table=kitting_table_0)",1.0,False,False,False,False,True,True,True,True,True,,,,,,,,,,,,,,
s00_off,env_layout0,33,no_current_task,counterfactual,False,"deliver_item(?item=item_3,?kitting_table=kitting_table_0)","deliver_item(?item=item_3,?kitting_table=kitting_table_0)",True,False,False,0.6264616032549486,44.79760132533269,,,2,False,"deliver_item(?item=item_6,?kitting_table=kitting_table_0)","deliver_item(?item=item_6,?kitting_table=kitting_table_0)",400.0,,0.0,,0.0,,0.0,,0.0,True,True,True,False,False,False,False,False,False,,,,,,,,,,,,,,
s00_off,env_layout0,33,no_current_task,counterfactual,False,"deliver_item(?item=item_3,?kitting_table=kitting_table_0)","deliver_item(?item=item_3,?kitting_table=kitting_table_0)",True,False,False,0.6264616032549486,44.79760132533269,,,2,False,"deliver_item(?item=item_6,?kitting_table=kitting_table_0)","deliver_item(?item=item_6,?kitting_table=kitting_table_0)",600.0,,0.0,,0.0,,0.0,,0.0,True,True,True,False,False,False,False,False,False,,,,,,,,,,,,,,
s00_off,env_layout0,39,theta_crossed,primary,True,"deliver_item(?item=item_3,?kitting_table=kitting_table_0)","deliver_item(?item=item_3,?kitting_table=kitting_table_0)",True,False,False,0.96677944446194,38.79760132533269,"deliver_item(?item=item_6,?kitting_table=kitting_table_0)",,2,True,"deliver_item(?item=item_6,?kitting_table=kitting_table_0)","deliver_item(?item=item_6,?kitting_table=kitting_table_0)",5.0,"deliver_item(?item=item_6,?kitting_table=kitting_table_0)",2.0,"deliver_item(?item=item_6,?kitting_table=kitting_table_0)",2.0,"deliver_item(?item=item_6,?kitting_table=kitting_table_0)",2.0,"deliver_item(?item=item_6,?kitting_table=kitting_table_0)",2.0,False,False,False,False,False,False,False,False,False,"deliver_item(?item=item_6,?kitting_table=kitting_table_0)",55.17433413656631,realized,0.0,0.0,realized,0.0,0.0,"deliver_item(?item=item_4,?kitting_table=kitting_table_0)",71.64506496640371,0.0,55.17433413656631,16.4707308298374,True
s00_off,env_layout0,39,theta_crossed,primary,True,"deliver_item(?item=item_3,?kitting_table=kitting_table_0)","deliver_item(?item=item_3,?kitting_table=kitting_table_0)",True,False,False,0.96677944446194,38.79760132533269,"deliver_item(?item=item_6,?kitting_table=kitting_table_0)",,2,True,"deliver_item(?item=item_6,?kitting_table=kitting_table_0)","deliver_item(?item=item_6,?kitting_table=kitting_table_0)",10.0,"deliver_item(?item=item_6,?kitting_table=kitting_table_0)",2.0,"deliver_item(?item=item_6,?kitting_table=kitting_table_0)",2.0,"deliver_item(?item=item_6,?kitting_table=kitting_table_0)",2.0,"deliver_item(?item=item_6,?kitting_table=kitting_table_0)",2.0,False,False,False,False,False,False,False,False,False,"deliver_item(?item=item_6,?kitting_table=kitting_table_0)",55.17433413656631,realized,0.0,0.0,realized,0.0,0.0,"deliver_item(?item=item_4,?kitting_table=kitting_table_0)",71.64506496640371,0.0,55.17433413656631,16.4707308298374,True
s00_off,env_layout0,39,theta_crossed,primary,True,"deliver_item(?item=item_3,?kitting_table=kitting_table_0)","deliver_item(?item=item_3,?kitting_table=kitting_table_0)",True,False,False,0.96677944446194,38.79760132533269,"deliver_item(?item=item_6,?kitting_table=kitting_table_0)",,2,True,"deliver_item(?item=item_6,?kitting_table=kitting_table_0)","deliver_item(?item=item_6,?kitting_table=kitting_table_0)",20.0,"deliver_item(?item=item_6,?kitting_table=kitting_table_0)",2.0,"deliver_item(?item=item_6,?kitting_table=kitting_table_0)",2.0,"deliver_item(?item=item_6,?kitting_table=kitting_table_0)",2.0,"deliver_item(?item=item_6,?kitting_table=kitting_table_0)",2.0,False,False,False,False,False,False,False,False,False,"deliver_item(?item=item_6,?kitting_table=kitting_table_0)",55.17433413656631,realized,0.0,0.0,realized,0.0,0.0,"deliver_item(?item=item_4,?kitting_table=kitting_table_0)",71.64506496640371,0.0,55.17433413656631,16.4707308298374,True
s00_off,env_layout0,39,theta_crossed,primary,True,"deliver_item(?item=item_3,?kitting_table=kitting_table_0)","deliver_item(?item=item_3,?kitting_table=kitting_table_0)",True,False,False,0.96677944446194,38.79760132533269,"deliver_item(?item=item_6,?kitting_table=kitting_table_0)",,2,True,"deliver_item(?item=item_6,?kitting_table=kitting_table_0)","deliver_item(?item=item_6,?kitting_table=kitting_table_0)",30.0,"deliver_item(?item=item_6,?kitting_table=kitting_table_0)",2.0,"deliver_item(?item=item_6,?kitting_table=kitting_table_0)",2.0,"deliver_item(?item=item_6,?kitting_table=kitting_table_0)",2.0,"deliver_item(?item=item_6,?kitting_table=kitting_table_0)",2.0,False,False,False,False,False,False,False,False,False,"deliver_item(?item=item_6,?kitting_table=kitting_table_0)",55.17433413656631,realized,0.0,0.0,realized,0.0,0.0,"deliver_item(?item=item_4,?kitting_table=kitting_table_0)",71.64506496640371,0.0,55.17433413656631,16.4707308298374,True
s00_off,env_layout0,39,theta_crossed,primary,True,"deliver_item(?item=item_3,?kitting_table=kitting_table_0)","deliver_item(?item=item_3,?kitting_table=kitting_table_0)",True,False,False,0.96677944446194,38.79760132533269,"deliver_item(?item=item_6,?kitting_table=kitting_table_0)",,2,True,"deliver_item(?item=item_6,?kitting_table=kitting_table_0)","deliver_item(?item=item_6,?kitting_table=kitting_table_0)",40.0,"deliver_item(?item=item_6,?kitting_table=kitting_table_0)",2.0,"deliver_item(?item=item_6,?kitting_table=kitting_table_0)",2.0,"deliver_item(?item=item_6,?kitting_table=kitting_table_0)",2.0,"deliver_item(?item=item_6,?kitting_table=kitting_table_0)",2.0,False,False,False,False,False,False,False,False,False,"deliver_item(?item=item_6,?kitting_table=kitting_table_0)",55.17433413656631,realized,0.0,0.0,realized,0.0,0.0,"deliver_item(?item=item_4,?kitting_table=kitting_table_0)",71.64506496640371,0.0,55.17433413656631,16.4707308298374,True
s00_off,env_layout0,39,theta_crossed,primary,True,"deliver_item(?item=item_3,?kitting_table=kitting_table_0)","deliver_item(?item=item_3,?kitting_table=kitting_table_0)",True,False,False,0.96677944446194,38.79760132533269,"deliver_item(?item=item_6,?kitting_table=kitting_table_0)",,2,True,"deliver_item(?item=item_6,?kitting_table=kitting_table_0)","deliver_item(?item=item_6,?kitting_table=kitting_table_0)",50.0,"deliver_item(?item=item_6,?kitting_table=kitting_table_0)",2.0,"deliver_item(?item=item_6,?kitting_table=kitting_table_0)",2.0,"deliver_item(?item=item_6,?kitting_table=kitting_table_0)",2.0,"deliver_item(?item=item_6,?kitting_table=kitting_table_0)",2.0,False,False,False,False,False,False,False,False,False,"deliver_item(?item=item_6,?kitting_table=kitting_table_0)",55.17433413656631,realized,0.0,0.0,realized,0.0,0.0,"deliver_item(?item=item_4,?kitting_table=kitting_table_0)",71.64506496640371,0.0,55.17433413656631,16.4707308298374,True
s00_off,env_layout0,39,theta_crossed,primary,True,"deliver_item(?item=item_3,?kitting_table=kitting_table_0)","deliver_item(?item=item_3,?kitting_table=kitting_table_0)",True,False,False,0.96677944446194,38.79760132533269,"deliver_item(?item=item_6,?kitting_table=kitting_table_0)",,2,True,"deliver_item(?item=item_6,?kitting_table=kitting_table_0)","deliver_item(?item=item_6,?kitting_table=kitting_table_0)",75.0,"deliver_item(?item=item_6,?kitting_table=kitting_table_0)",2.0,"deliver_item(?item=item_6,?kitting_table=kitting_table_0)",2.0,"deliver_item(?item=item_6,?kitting_table=kitting_table_0)",2.0,"deliver_item(?item=item_6,?kitting_table=kitting_table_0)",2.0,False,False,False,False,False,False,False,False,False,"deliver_item(?item=item_6,?kitting_table=kitting_table_0)",55.17433413656631,realized,0.0,0.0,realized,0.0,0.0,"deliver_item(?item=item_4,?kitting_table=kitting_table_0)",71.64506496640371,0.0,55.17433413656631,16.4707308298374,True
s00_off,env_layout0,39,theta_crossed,primary,True,"deliver_item(?item=item_3,?kitting_table=kitting_table_0)","deliver_item(?item=item_3,?kitting_table=kitting_table_0)",True,False,False,0.96677944446194,38.79760132533269,"deliver_item(?item=item_6,?kitting_table=kitting_table_0)",,2,True,"deliver_item(?item=item_6,?kitting_table=kitting_table_0)","deliver_item(?item=item_6,?kitting_table=kitting_table_0)",100.0,"deliver_item(?item=item_6,?kitting_table=kitting_table_0)",2.0,"deliver_item(?item=item_6,?kitting_table=kitting_table_0)",2.0,"deliver_item(?item=item_6,?kitting_table=kitting_table_0)",2.0,"deliver_item(?item=item_6,?kitting_table=kitting_table_0)",2.0,False,False,False,False,False,False,False,False,False,"deliver_item(?item=item_6,?kitting_table=kitting_table_0)",55.17433413656631,realized,0.0,0.0,realized,0.0,0.0,"deliver_item(?item=item_4,?kitting_table=kitting_table_0)",71.64506496640371,0.0,55.17433413656631,16.4707308298374,True
s00_off,env_layout0,39,theta_crossed,primary,True,"deliver_item(?item=item_3,?kitting_table=kitting_table_0)","deliver_item(?item=item_3,?kitting_table=kitting_table_0)",True,False,False,0.96677944446194,38.79760132533269,"deliver_item(?item=item_6,?kitting_table=kitting_table_0)",,2,True,"deliver_item(?item=item_6,?kitting_table=kitting_table_0)","deliver_item(?item=item_6,?kitting_table=kitting_table_0)",150.0,"deliver_item(?item=item_4,?kitting_table=kitting_table_0)",1.0,"deliver_item(?item=item_4,?kitting_table=kitting_table_0)",1.0,"deliver_item(?item=item_4,?kitting_table=kitting_table_0)",1.0,"deliver_item(?item=item_4,?kitting_table=kitting_table_0)",1.0,False,False,False,False,True,True,True,True,True,"deliver_item(?item=item_6,?kitting_table=kitting_table_0)",55.17433413656631,none:hold_position_violated,,,none:no_feasible_start,,,"deliver_item(?item=item_4,?kitting_table=kitting_table_0)",71.64506496640371,0.0,,,False
s00_off,env_layout0,39,theta_crossed,primary,True,"deliver_item(?item=item_3,?kitting_table=kitting_table_0)","deliver_item(?item=item_3,?kitting_table=kitting_table_0)",True,False,False,0.96677944446194,38.79760132533269,"deliver_item(?item=item_6,?kitting_table=kitting_table_0)",,2,True,"deliver_item(?item=item_6,?kitting_table=kitting_table_0)","deliver_item(?item=item_6,?kitting_table=kitting_table_0)",200.0,"deliver_item(?item=item_4,?kitting_table=kitting_table_0)",1.0,"deliver_item(?item=item_4,?kitting_table=kitting_table_0)",1.0,"deliver_item(?item=item_4,?kitting_table=kitting_table_0)",1.0,"deliver_item(?item=item_4,?kitting_table=kitting_table_0)",1.0,False,False,False,False,True,True,True,True,True,"deliver_item(?item=item_6,?kitting_table=kitting_table_0)",55.17433413656631,none:hold_position_violated,,,none:no_feasible_start,,,"deliver_item(?item=item_4,?kitting_table=kitting_table_0)",71.64506496640371,0.0,,,False
s00_off,env_layout0,39,theta_crossed,primary,True,"deliver_item(?item=item_3,?kitting_table=kitting_table_0)","deliver_item(?item=item_3,?kitting_table=kitting_table_0)",True,False,False,0.96677944446194,38.79760132533269,"deliver_item(?item=item_6,?kitting_table=kitting_table_0)",,2,True,"deliver_item(?item=item_6,?kitting_table=kitting_table_0)","deliver_item(?item=item_6,?kitting_table=kitting_table_0)",300.0,,0.0,,0.0,,0.0,,0.0,True,True,True,False,False,False,False,False,False,"deliver_item(?item=item_6,?kitting_table=kitting_table_0)",55.17433413656631,none:hold_position_violated,,,none:no_feasible_start,,,,,,,,False
s00_off,env_layout0,39,theta_crossed,primary,True,"deliver_item(?item=item_3,?kitting_table=kitting_table_0)","deliver_item(?item=item_3,?kitting_table=kitting_table_0)",True,False,False,0.96677944446194,38.79760132533269,"deliver_item(?item=item_6,?kitting_table=kitting_table_0)",,2,True,"deliver_item(?item=item_6,?kitting_table=kitting_table_0)","deliver_item(?item=item_6,?kitting_table=kitting_table_0)",400.0,,0.0,,0.0,,0.0,,0.0,True,True,True,False,False,False,False,False,False,"deliver_item(?item=item_6,?kitting_table=kitting_table_0)",55.17433413656631,none:hold_position_violated,,,none:no_feasible_start,,,,,,,,False
s00_off,env_layout0,39,theta_crossed,primary,True,"deliver_item(?item=item_3,?kitting_table=kitting_table_0)","deliver_item(?item=item_3,?kitting_table=kitting_table_0)",True,False,False,0.96677944446194,38.79760132533269,"deliver_item(?item=item_6,?kitting_table=kitting_table_0)",,2,True,"deliver_item(?item=item_6,?kitting_table=kitting_table_0)","deliver_item(?item=item_6,?kitting_table=kitting_table_0)",600.0,,0.0,,0.0,,0.0,,0.0,True,True,True,False,False,False,False,False,False,"deliver_item(?item=item_6,?kitting_table=kitting_table_0)",55.17433413656631,none:hold_position_violated,,,none:no_feasible_start,,,,,,,,False
s00_off,env_layout0,63,task_committed,primary,True,"deliver_item(?item=item_3,?kitting_table=kitting_table_0)","deliver_item(?item=item_3,?kitting_table=kitting_table_0)",True,False,False,0.9950153837085672,14.909208982206618,"deliver_item(?item=item_6,?kitting_table=kitting_table_0)",item_6,2,True,"deliver_item(?item=item_6,?kitting_table=kitting_table_0)","deliver_item(?item=item_6,?kitting_table=kitting_table_0)",5.0,"deliver_item(?item=item_6,?kitting_table=kitting_table_0)",2.0,"deliver_item(?item=item_6,?kitting_table=kitting_table_0)",2.0,"deliver_item(?item=item_6,?kitting_table=kitting_table_0)",2.0,"deliver_item(?item=item_6,?kitting_table=kitting_table_0)",2.0,False,False,False,False,False,False,False,False,False,"deliver_item(?item=item_6,?kitting_table=kitting_table_0)",30.033705586914504,realized,0.0,0.0,realized,0.0,0.0,"deliver_item(?item=item_4,?kitting_table=kitting_table_0)",76.26544979417903,0.0,30.033705586914504,46.231744207264526,True
s00_off,env_layout0,63,task_committed,primary,True,"deliver_item(?item=item_3,?kitting_table=kitting_table_0)","deliver_item(?item=item_3,?kitting_table=kitting_table_0)",True,False,False,0.9950153837085672,14.909208982206618,"deliver_item(?item=item_6,?kitting_table=kitting_table_0)",item_6,2,True,"deliver_item(?item=item_6,?kitting_table=kitting_table_0)","deliver_item(?item=item_6,?kitting_table=kitting_table_0)",10.0,"deliver_item(?item=item_6,?kitting_table=kitting_table_0)",2.0,"deliver_item(?item=item_6,?kitting_table=kitting_table_0)",2.0,"deliver_item(?item=item_6,?kitting_table=kitting_table_0)",2.0,"deliver_item(?item=item_6,?kitting_table=kitting_table_0)",2.0,False,False,False,False,False,False,False,False,False,"deliver_item(?item=item_6,?kitting_table=kitting_table_0)",30.033705586914504,realized,0.0,0.0,realized,0.0,0.0,"deliver_item(?item=item_4,?kitting_table=kitting_table_0)",76.26544979417903,0.0,30.033705586914504,46.231744207264526,True
s00_off,env_layout0,63,task_committed,primary,True,"deliver_item(?item=item_3,?kitting_table=kitting_table_0)","deliver_item(?item=item_3,?kitting_table=kitting_table_0)",True,False,False,0.9950153837085672,14.909208982206618,"deliver_item(?item=item_6,?kitting_table=kitting_table_0)",item_6,2,True,"deliver_item(?item=item_6,?kitting_table=kitting_table_0)","deliver_item(?item=item_6,?kitting_table=kitting_table_0)",20.0,"deliver_item(?item=item_6,?kitting_table=kitting_table_0)",2.0,"deliver_item(?item=item_6,?kitting_table=kitting_table_0)",2.0,"deliver_item(?item=item_6,?kitting_table=kitting_table_0)",2.0,"deliver_item(?item=item_6,?kitting_table=kitting_table_0)",2.0,False,False,False,False,False,False,False,False,False,"deliver_item(?item=item_6,?kitting_table=kitting_table_0)",30.033705586914504,realized,0.0,0.0,realized,0.0,0.0,"deliver_item(?item=item_4,?kitting_table=kitting_table_0)",76.26544979417903,0.0,30.033705586914504,46.231744207264526,True
s00_off,env_layout0,63,task_committed,primary,True,"deliver_item(?item=item_3,?kitting_table=kitting_table_0)","deliver_item(?item=item_3,?kitting_table=kitting_table_0)",True,False,False,0.9950153837085672,14.909208982206618,"deliver_item(?item=item_6,?kitting_table=kitting_table_0)",item_6,2,True,"deliver_item(?item=item_6,?kitting_table=kitting_table_0)","deliver_item(?item=item_6,?kitting_table=kitting_table_0)",30.0,"deliver_item(?item=item_6,?kitting_table=kitting_table_0)",2.0,"deliver_item(?item=item_6,?kitting_table=kitting_table_0)",2.0,"deliver_item(?item=item_6,?kitting_table=kitting_table_0)",2.0,"deliver_item(?item=item_6,?kitting_table=kitting_table_0)",2.0,False,False,False,False,False,False,False,False,False,"deliver_item(?item=item_6,?kitting_table=kitting_table_0)",30.033705586914504,realized,0.0,0.0,realized,0.0,0.0,"deliver_item(?item=item_4,?kitting_table=kitting_table_0)",76.26544979417903,0.0,30.033705586914504,46.231744207264526,True
s00_off,env_layout0,63,task_committed,primary,True,"deliver_item(?item=item_3,?kitting_table=kitting_table_0)","deliver_item(?item=item_3,?kitting_table=kitting_table_0)",True,False,False,0.9950153837085672,14.909208982206618,"deliver_item(?item=item_6,?kitting_table=kitting_table_0)",item_6,2,True,"deliver_item(?item=item_6,?kitting_table=kitting_table_0)","deliver_item(?item=item_6,?kitting_table=kitting_table_0)",40.0,"deliver_item(?item=item_6,?kitting_table=kitting_table_0)",2.0,"deliver_item(?item=item_6,?kitting_table=kitting_table_0)",2.0,"deliver_item(?item=item_6,?kitting_table=kitting_table_0)",2.0,"deliver_item(?item=item_6,?kitting_table=kitting_table_0)",2.0,False,False,False,False,False,False,False,False,False,"deliver_item(?item=item_6,?kitting_table=kitting_table_0)",30.033705586914504,realized,0.0,0.0,realized,0.0,0.0,"deliver_item(?item=item_4,?kitting_table=kitting_table_0)",76.26544979417903,0.0,30.033705586914504,46.231744207264526,True
s00_off,env_layout0,63,task_committed,primary,True,"deliver_item(?item=item_3,?kitting_table=kitting_table_0)","deliver_item(?item=item_3,?kitting_table=kitting_table_0)",True,False,False,0.9950153837085672,14.909208982206618,"deliver_item(?item=item_6,?kitting_table=kitting_table_0)",item_6,2,True,"deliver_item(?item=item_6,?kitting_table=kitting_table_0)","deliver_item(?item=item_6,?kitting_table=kitting_table_0)",50.0,"deliver_item(?item=item_6,?kitting_table=kitting_table_0)",2.0,"deliver_item(?item=item_6,?kitting_table=kitting_table_0)",2.0,"deliver_item(?item=item_6,?kitting_table=kitting_table_0)",2.0,"deliver_item(?item=item_6,?kitting_table=kitting_table_0)",2.0,False,False,False,False,False,False,False,False,False,"deliver_item(?item=item_6,?kitting_table=kitting_table_0)",30.033705586914504,realized,0.0,0.0,realized,0.0,0.0,"deliver_item(?item=item_4,?kitting_table=kitting_table_0)",76.26544979417903,0.0,30.033705586914504,46.231744207264526,True
s00_off,env_layout0,63,task_committed,primary,True,"deliver_item(?item=item_3,?kitting_table=kitting_table_0)","deliver_item(?item=item_3,?kitting_table=kitting_table_0)",True,False,False,0.9950153837085672,14.909208982206618,"deliver_item(?item=item_6,?kitting_table=kitting_table_0)",item_6,2,True,"deliver_item(?item=item_6,?kitting_table=kitting_table_0)","deliver_item(?item=item_6,?kitting_table=kitting_table_0)",75.0,"deliver_item(?item=item_6,?kitting_table=kitting_table_0)",2.0,"deliver_item(?item=item_6,?kitting_table=kitting_table_0)",2.0,"deliver_item(?item=item_6,?kitting_table=kitting_table_0)",2.0,"deliver_item(?item=item_6,?kitting_table=kitting_table_0)",2.0,False,False,False,False,False,False,False,False,False,"deliver_item(?item=item_6,?kitting_table=kitting_table_0)",30.033705586914504,realized,0.0,0.0,realized,0.0,0.0,"deliver_item(?item=item_4,?kitting_table=kitting_table_0)",76.26544979417903,0.0,30.033705586914504,46.231744207264526,True
s00_off,env_layout0,63,task_committed,primary,True,"deliver_item(?item=item_3,?kitting_table=kitting_table_0)","deliver_item(?item=item_3,?kitting_table=kitting_table_0)",True,False,False,0.9950153837085672,14.909208982206618,"deliver_item(?item=item_6,?kitting_table=kitting_table_0)",item_6,2,True,"deliver_item(?item=item_6,?kitting_table=kitting_table_0)","deliver_item(?item=item_6,?kitting_table=kitting_table_0)",100.0,"deliver_item(?item=item_6,?kitting_table=kitting_table_0)",2.0,"deliver_item(?item=item_6,?kitting_table=kitting_table_0)",2.0,"deliver_item(?item=item_6,?kitting_table=kitting_table_0)",2.0,"deliver_item(?item=item_6,?kitting_table=kitting_table_0)",2.0,False,False,False,False,False,False,False,False,False,"deliver_item(?item=item_6,?kitting_table=kitting_table_0)",30.033705586914504,realized,0.0,0.0,realized,0.0,0.0,"deliver_item(?item=item_4,?kitting_table=kitting_table_0)",76.26544979417903,0.0,30.033705586914504,46.231744207264526,True
s00_off,env_layout0,63,task_committed,primary,True,"deliver_item(?item=item_3,?kitting_table=kitting_table_0)","deliver_item(?item=item_3,?kitting_table=kitting_table_0)",True,False,False,0.9950153837085672,14.909208982206618,"deliver_item(?item=item_6,?kitting_table=kitting_table_0)",item_6,2,True,"deliver_item(?item=item_6,?kitting_table=kitting_table_0)","deliver_item(?item=item_6,?kitting_table=kitting_table_0)",150.0,"deliver_item(?item=item_6,?kitting_table=kitting_table_0)",2.0,"deliver_item(?item=item_6,?kitting_table=kitting_table_0)",2.0,"deliver_item(?item=item_6,?kitting_table=kitting_table_0)",2.0,"deliver_item(?item=item_6,?kitting_table=kitting_table_0)",2.0,False,False,False,False,False,False,False,False,False,"deliver_item(?item=item_6,?kitting_table=kitting_table_0)",30.033705586914504,realized,0.0,0.0,realized,0.0,0.0,"deliver_item(?item=item_4,?kitting_table=kitting_table_0)",76.26544979417903,0.0,30.033705586914504,46.231744207264526,True
s00_off,env_layout0,63,task_committed,primary,True,"deliver_item(?item=item_3,?kitting_table=kitting_table_0)","deliver_item(?item=item_3,?kitting_table=kitting_table_0)",True,False,False,0.9950153837085672,14.909208982206618,"deliver_item(?item=item_6,?kitting_table=kitting_table_0)",item_6,2,True,"deliver_item(?item=item_6,?kitting_table=kitting_table_0)","deliver_item(?item=item_6,?kitting_table=kitting_table_0)",200.0,"deliver_item(?item=item_6,?kitting_table=kitting_table_0)",2.0,"deliver_item(?item=item_6,?kitting_table=kitting_table_0)",2.0,"deliver_item(?item=item_6,?kitting_table=kitting_table_0)",2.0,"deliver_item(?item=item_6,?kitting_table=kitting_table_0)",2.0,False,False,False,False,False,False,False,False,False,"deliver_item(?item=item_6,?kitting_table=kitting_table_0)",30.033705586914504,realized,0.0,0.0,realized,0.0,0.0,"deliver_item(?item=item_4,?kitting_table=kitting_table_0)",76.26544979417903,0.0,30.033705586914504,46.231744207264526,True
s00_off,env_layout0,63,task_committed,primary,True,"deliver_item(?item=item_3,?kitting_table=kitting_table_0)","deliver_item(?item=item_3,?kitting_table=kitting_table_0)",True,False,False,0.9950153837085672,14.909208982206618,"deliver_item(?item=item_6,?kitting_table=kitting_table_0)",item_6,2,True,"deliver_item(?item=item_6,?kitting_table=kitting_table_0)","deliver_item(?item=item_6,?kitting_table=kitting_table_0)",300.0,"deliver_item(?item=item_4,?kitting_table=kitting_table_0)",1.0,"deliver_item(?item=item_6,?kitting_table=kitting_table_0)",2.0,"deliver_item(?item=item_6,?kitting_table=kitting_table_0)",2.0,"deliver_item(?item=item_6,?kitting_table=kitting_table_0)",2.0,False,False,False,False,True,True,False,False,False,"deliver_item(?item=item_6,?kitting_table=kitting_table_0)",30.033705586914504,none:beyond_horizon,,0.88,realized,,,"deliver_item(?item=item_4,?kitting_table=kitting_table_0)",76.26544979417903,0.0,,,False
s00_off,env_layout0,63,task_committed,primary,True,"deliver_item(?item=item_3,?kitting_table=kitting_table_0)","deliver_item(?item=item_3,?kitting_table=kitting_table_0)",True,False,False,0.9950153837085672,14.909208982206618,"deliver_item(?item=item_6,?kitting_table=kitting_table_0)",item_6,2,True,"deliver_item(?item=item_6,?kitting_table=kitting_table_0)","deliver_item(?item=item_6,?kitting_table=kitting_table_0)",400.0,,0.0,,0.0,,0.0,"deliver_item(?item=item_6,?kitting_table=kitting_table_0)",1.0,True,True,True,False,False,False,False,False,False,"deliver_item(?item=item_6,?kitting_table=kitting_table_0)",30.033705586914504,none:beyond_horizon,,,none:no_feasible_start,,,,,,,,False
s00_off,env_layout0,63,task_committed,primary,True,"deliver_item(?item=item_3,?kitting_table=kitting_table_0)","deliver_item(?item=item_3,?kitting_table=kitting_table_0)",True,False,False,0.9950153837085672,14.909208982206618,"deliver_item(?item=item_6,?kitting_table=kitting_table_0)",item_6,2,True,"deliver_item(?item=item_6,?kitting_table=kitting_table_0)","deliver_item(?item=item_6,?kitting_table=kitting_table_0)",600.0,,0.0,,0.0,,0.0,"deliver_item(?item=item_6,?kitting_table=kitting_table_0)",1.0,True,True,True,False,False,False,False,False,False,"deliver_item(?item=item_6,?kitting_table=kitting_table_0)",30.033705586914504,none:beyond_horizon,,,none:no_feasible_start,,,,,,,,False
s00_off,env_layout0,95,no_current_task,counterfactual,False,"deliver_item(?item=item_2,?kitting_table=kitting_table_0)","deliver_item(?item=item_2,?kitting_table=kitting_table_0)",True,False,False,0.5022640765763593,46.84455443211718,,,1,False,"deliver_item(?item=item_4,?kitting_table=kitting_table_0)","deliver_item(?item=item_4,?kitting_table=kitting_table_0)",5.0,"deliver_item(?item=item_4,?kitting_table=kitting_table_0)",1.0,"deliver_item(?item=item_4,?kitting_table=kitting_table_0)",1.0,"deliver_item(?item=item_4,?kitting_table=kitting_table_0)",1.0,"deliver_item(?item=item_4,?kitting_table=kitting_table_0)",1.0,False,False,False,False,False,False,False,False,False,,,,,,,,,,,,,,
s00_off,env_layout0,95,no_current_task,counterfactual,False,"deliver_item(?item=item_2,?kitting_table=kitting_table_0)","deliver_item(?item=item_2,?kitting_table=kitting_table_0)",True,False,False,0.5022640765763593,46.84455443211718,,,1,False,"deliver_item(?item=item_4,?kitting_table=kitting_table_0)","deliver_item(?item=item_4,?kitting_table=kitting_table_0)",10.0,"deliver_item(?item=item_4,?kitting_table=kitting_table_0)",1.0,"deliver_item(?item=item_4,?kitting_table=kitting_table_0)",1.0,"deliver_item(?item=item_4,?kitting_table=kitting_table_0)",1.0,"deliver_item(?item=item_4,?kitting_table=kitting_table_0)",1.0,False,False,False,False,False,False,False,False,False,,,,,,,,,,,,,,
s00_off,env_layout0,95,no_current_task,counterfactual,False,"deliver_item(?item=item_2,?kitting_table=kitting_table_0)","deliver_item(?item=item_2,?kitting_table=kitting_table_0)",True,False,False,0.5022640765763593,46.84455443211718,,,1,False,"deliver_item(?item=item_4,?kitting_table=kitting_table_0)","deliver_item(?item=item_4,?kitting_table=kitting_table_0)",20.0,"deliver_item(?item=item_4,?kitting_table=kitting_table_0)",1.0,"deliver_item(?item=item_4,?kitting_table=kitting_table_0)",1.0,"deliver_item(?item=item_4,?kitting_table=kitting_table_0)",1.0,"deliver_item(?item=item_4,?kitting_table=kitting_table_0)",1.0,False,False,False,False,False,False,False,False,False,,,,,,,,,,,,,,
s00_off,env_layout0,95,no_current_task,counterfactual,False,"deliver_item(?item=item_2,?kitting_table=kitting_table_0)","deliver_item(?item=item_2,?kitting_table=kitting_table_0)",True,False,False,0.5022640765763593,46.84455443211718,,,1,False,"deliver_item(?item=item_4,?kitting_table=kitting_table_0)","deliver_item(?item=item_4,?kitting_table=kitting_table_0)",30.0,"deliver_item(?item=item_4,?kitting_table=kitting_table_0)",1.0,"deliver_item(?item=item_4,?kitting_table=kitting_table_0)",1.0,"deliver_item(?item=item_4,?kitting_table=kitting_table_0)",1.0,"deliver_item(?item=item_4,?kitting_table=kitting_table_0)",1.0,False,False,False,False,False,False,False,False,False,,,,,,,,,,,,,,
s00_off,env_layout0,95,no_current_task,counterfactual,False,"deliver_item(?item=item_2,?kitting_table=kitting_table_0)","deliver_item(?item=item_2,?kitting_table=kitting_table_0)",True,False,False,0.5022640765763593,46.84455443211718,,,1,False,"deliver_item(?item=item_4,?kitting_table=kitting_table_0)","deliver_item(?item=item_4,?kitting_table=kitting_table_0)",40.0,"deliver_item(?item=item_4,?kitting_table=kitting_table_0)",1.0,"deliver_item(?item=item_4,?kitting_table=kitting_table_0)",1.0,"deliver_item(?item=item_4,?kitting_table=kitting_table_0)",1.0,"deliver_item(?item=item_4,?kitting_table=kitting_table_0)",1.0,False,False,False,False,False,False,False,False,False,,,,,,,,,,,,,,
s00_off,env_layout0,95,no_current_task,counterfactual,False,"deliver_item(?item=item_2,?kitting_table=kitting_table_0)","deliver_item(?item=item_2,?kitting_table=kitting_table_0)",True,False,False,0.5022640765763593,46.84455443211718,,,1,False,"deliver_item(?item=item_4,?kitting_table=kitting_table_0)","deliver_item(?item=item_4,?kitting_table=kitting_table_0)",50.0,"deliver_item(?item=item_4,?kitting_table=kitting_table_0)",1.0,"deliver_item(?item=item_4,?kitting_table=kitting_table_0)",1.0,"deliver_item(?item=item_4,?kitting_table=kitting_table_0)",1.0,"deliver_item(?item=item_4,?kitting_table=kitting_table_0)",1.0,False,False,False,False,False,False,False,False,False,,,,,,,,,,,,,,
s00_off,env_layout0,95,no_current_task,counterfactual,False,"deliver_item(?item=item_2,?kitting_table=kitting_table_0)","deliver_item(?item=item_2,?kitting_table=kitting_table_0)",True,False,False,0.5022640765763593,46.84455443211718,,,1,False,"deliver_item(?item=item_4,?kitting_table=kitting_table_0)","deliver_item(?item=item_4,?kitting_table=kitting_table_0)",75.0,"deliver_item(?item=item_4,?kitting_table=kitting_table_0)",1.0,"deliver_item(?item=item_4,?kitting_table=kitting_table_0)",1.0,"deliver_item(?item=item_4,?kitting_table=kitting_table_0)",1.0,"deliver_item(?item=item_4,?kitting_table=kitting_table_0)",1.0,False,False,False,False,False,False,False,False,False,,,,,,,,,,,,,,
s00_off,env_layout0,95,no_current_task,counterfactual,False,"deliver_item(?item=item_2,?kitting_table=kitting_table_0)","deliver_item(?item=item_2,?kitting_table=kitting_table_0)",True,False,False,0.5022640765763593,46.84455443211718,,,1,False,"deliver_item(?item=item_4,?kitting_table=kitting_table_0)","deliver_item(?item=item_4,?kitting_table=kitting_table_0)",100.0,"deliver_item(?item=item_4,?kitting_table=kitting_table_0)",1.0,"deliver_item(?item=item_4,?kitting_table=kitting_table_0)",1.0,"deliver_item(?item=item_4,?kitting_table=kitting_table_0)",1.0,"deliver_item(?item=item_4,?kitting_table=kitting_table_0)",1.0,False,False,False,False,False,False,False,False,False,,,,,,,,,,,,,,
s00_off,env_layout0,95,no_current_task,counterfactual,False,"deliver_item(?item=item_2,?kitting_table=kitting_table_0)","deliver_item(?item=item_2,?kitting_table=kitting_table_0)",True,False,False,0.5022640765763593,46.84455443211718,,,1,False,"deliver_item(?item=item_4,?kitting_table=kitting_table_0)","deliver_item(?item=item_4,?kitting_table=kitting_table_0)",150.0,,0.0,,0.0,,0.0,,0.0,True,True,True,False,False,False,False,False,False,,,,,,,,,,,,,,
s00_off,env_layout0,95,no_current_task,counterfactual,False,"deliver_item(?item=item_2,?kitting_table=kitting_table_0)","deliver_item(?item=item_2,?kitting_table=kitting_table_0)",True,False,False,0.5022640765763593,46.84455443211718,,,1,False,"deliver_item(?item=item_4,?kitting_table=kitting_table_0)","deliver_item(?item=item_4,?kitting_table=kitting_table_0)",200.0,,0.0,,0.0,,0.0,,0.0,True,True,True,False,False,False,False,False,False,,,,,,,,,,,,,,
s00_off,env_layout0,95,no_current_task,counterfactual,False,"deliver_item(?item=item_2,?kitting_table=kitting_table_0)","deliver_item(?item=item_2,?kitting_table=kitting_table_0)",True,False,False,0.5022640765763593,46.84455443211718,,,1,False,"deliver_item(?item=item_4,?kitting_table=kitting_table_0)","deliver_item(?item=item_4,?kitting_table=kitting_table_0)",300.0,,0.0,,0.0,,0.0,,0.0,True,True,True,False,False,False,False,False,False,,,,,,,,,,,,,,
s00_off,env_layout0,95,no_current_task,counterfactual,False,"deliver_item(?item=item_2,?kitting_table=kitting_table_0)","deliver_item(?item=item_2,?kitting_table=kitting_table_0)",True,False,False,0.5022640765763593,46.84455443211718,,,1,False,"deliver_item(?item=item_4,?kitting_table=kitting_table_0)","deliver_item(?item=item_4,?kitting_table=kitting_table_0)",400.0,,0.0,,0.0,,0.0,,0.0,True,True,True,False,False,False,False,False,False,,,,,,,,,,,,,,
s00_off,env_layout0,95,no_current_task,counterfactual,False,"deliver_item(?item=item_2,?kitting_table=kitting_table_0)","deliver_item(?item=item_2,?kitting_table=kitting_table_0)",True,False,False,0.5022640765763593,46.84455443211718,,,1,False,"deliver_item(?item=item_4,?kitting_table=kitting_table_0)","deliver_item(?item=item_4,?kitting_table=kitting_table_0)",600.0,,0.0,,0.0,,0.0,,0.0,True,True,True,False,False,False,False,False,False,,,,,,,,,,,,,,
s00_off,env_layout0,109,theta_crossed,primary,True,"deliver_item(?item=item_2,?kitting_table=kitting_table_0)","deliver_item(?item=item_2,?kitting_table=kitting_table_0)",True,False,False,0.9389662171422414,32.84455443211718,"deliver_item(?item=item_4,?kitting_table=kitting_table_0)",,1,True,"deliver_item(?item=item_4,?kitting_table=kitting_table_0)","deliver_item(?item=item_4,?kitting_table=kitting_table_0)",5.0,"deliver_item(?item=item_4,?kitting_table=kitting_table_0)",1.0,"deliver_item(?item=item_4,?kitting_table=kitting_table_0)",1.0,"deliver_item(?item=item_4,?kitting_table=kitting_table_0)",1.0,"deliver_item(?item=item_4,?kitting_table=kitting_table_0)",1.0,False,False,False,False,False,False,False,False,False,"deliver_item(?item=item_4,?kitting_table=kitting_table_0)",59.18847314536537,realized,0.0,0.0,realized,0.0,0.0,,,,59.18847314536537,,True
s00_off,env_layout0,109,theta_crossed,primary,True,"deliver_item(?item=item_2,?kitting_table=kitting_table_0)","deliver_item(?item=item_2,?kitting_table=kitting_table_0)",True,False,False,0.9389662171422414,32.84455443211718,"deliver_item(?item=item_4,?kitting_table=kitting_table_0)",,1,True,"deliver_item(?item=item_4,?kitting_table=kitting_table_0)","deliver_item(?item=item_4,?kitting_table=kitting_table_0)",10.0,"deliver_item(?item=item_4,?kitting_table=kitting_table_0)",1.0,"deliver_item(?item=item_4,?kitting_table=kitting_table_0)",1.0,"deliver_item(?item=item_4,?kitting_table=kitting_table_0)",1.0,"deliver_item(?item=item_4,?kitting_table=kitting_table_0)",1.0,False,False,False,False,False,False,False,False,False,"deliver_item(?item=item_4,?kitting_table=kitting_table_0)",59.18847314536537,realized,0.0,0.0,realized,0.0,0.0,,,,59.18847314536537,,True
s00_off,env_layout0,109,theta_crossed,primary,True,"deliver_item(?item=item_2,?kitting_table=kitting_table_0)","deliver_item(?item=item_2,?kitting_table=kitting_table_0)",True,False,False,0.9389662171422414,32.84455443211718,"deliver_item(?item=item_4,?kitting_table=kitting_table_0)",,1,True,"deliver_item(?item=item_4,?kitting_table=kitting_table_0)","deliver_item(?item=item_4,?kitting_table=kitting_table_0)",20.0,"deliver_item(?item=item_4,?kitting_table=kitting_table_0)",1.0,"deliver_item(?item=item_4,?kitting_table=kitting_table_0)",1.0,"deliver_item(?item=item_4,?kitting_table=kitting_table_0)",1.0,"deliver_item(?item=item_4,?kitting_table=kitting_table_0)",1.0,False,False,False,False,False,False,False,False,False,"deliver_item(?item=item_4,?kitting_table=kitting_table_0)",59.18847314536537,realized,0.0,0.0,realized,0.0,0.0,,,,59.18847314536537,,True
s00_off,env_layout0,109,theta_crossed,primary,True,"deliver_item(?item=item_2,?kitting_table=kitting_table_0)","deliver_item(?item=item_2,?kitting_table=kitting_table_0)",True,False,False,0.9389662171422414,32.84455443211718,"deliver_item(?item=item_4,?kitting_table=kitting_table_0)",,1,True,"deliver_item(?item=item_4,?kitting_table=kitting_table_0)","deliver_item(?item=item_4,?kitting_table=kitting_table_0)",30.0,"deliver_item(?item=item_4,?kitting_table=kitting_table_0)",1.0,"deliver_item(?item=item_4,?kitting_table=kitting_table_0)",1.0,"deliver_item(?item=item_4,?kitting_table=kitting_table_0)",1.0,"deliver_item(?item=item_4,?kitting_table=kitting_table_0)",1.0,False,False,False,False,False,False,False,False,False,"deliver_item(?item=item_4,?kitting_table=kitting_table_0)",59.18847314536537,realized,0.0,0.0,realized,0.0,0.0,,,,59.18847314536537,,True
s00_off,env_layout0,109,theta_crossed,primary,True,"deliver_item(?item=item_2,?kitting_table=kitting_table_0)","deliver_item(?item=item_2,?kitting_table=kitting_table_0)",True,False,False,0.9389662171422414,32.84455443211718,"deliver_item(?item=item_4,?kitting_table=kitting_table_0)",,1,True,"deliver_item(?item=item_4,?kitting_table=kitting_table_0)","deliver_item(?item=item_4,?kitting_table=kitting_table_0)",40.0,"deliver_item(?item=item_4,?kitting_table=kitting_table_0)",1.0,"deliver_item(?item=item_4,?kitting_table=kitting_table_0)",1.0,"deliver_item(?item=item_4,?kitting_table=kitting_table_0)",1.0,"deliver_item(?item=item_4,?kitting_table=kitting_table_0)",1.0,False,False,False,False,False,False,False,False,False,"deliver_item(?item=item_4,?kitting_table=kitting_table_0)",59.18847314536537,realized,0.0,0.0,realized,0.0,0.0,,,,59.18847314536537,,True
s00_off,env_layout0,109,theta_crossed,primary,True,"deliver_item(?item=item_2,?kitting_table=kitting_table_0)","deliver_item(?item=item_2,?kitting_table=kitting_table_0)",True,False,False,0.9389662171422414,32.84455443211718,"deliver_item(?item=item_4,?kitting_table=kitting_table_0)",,1,True,"deliver_item(?item=item_4,?kitting_table=kitting_table_0)","deliver_item(?item=item_4,?kitting_table=kitting_table_0)",50.0,"deliver_item(?item=item_4,?kitting_table=kitting_table_0)",1.0,"deliver_item(?item=item_4,?kitting_table=kitting_table_0)",1.0,"deliver_item(?item=item_4,?kitting_table=kitting_table_0)",1.0,"deliver_item(?item=item_4,?kitting_table=kitting_table_0)",1.0,False,False,False,False,False,False,False,False,False,"deliver_item(?item=item_4,?kitting_table=kitting_table_0)",59.18847314536537,realized,0.0,0.0,realized,0.0,0.0,,,,59.18847314536537,,True
s00_off,env_layout0,109,theta_crossed,primary,True,"deliver_item(?item=item_2,?kitting_table=kitting_table_0)","deliver_item(?item=item_2,?kitting_table=kitting_table_0)",True,False,False,0.9389662171422414,32.84455443211718,"deliver_item(?item=item_4,?kitting_table=kitting_table_0)",,1,True,"deliver_item(?item=item_4,?kitting_table=kitting_table_0)","deliver_item(?item=item_4,?kitting_table=kitting_table_0)",75.0,"deliver_item(?item=item_4,?kitting_table=kitting_table_0)",1.0,"deliver_item(?item=item_4,?kitting_table=kitting_table_0)",1.0,"deliver_item(?item=item_4,?kitting_table=kitting_table_0)",1.0,"deliver_item(?item=item_4,?kitting_table=kitting_table_0)",1.0,False,False,False,False,False,False,False,False,False,"deliver_item(?item=item_4,?kitting_table=kitting_table_0)",59.18847314536537,realized,0.0,0.0,realized,0.0,0.0,,,,59.18847314536537,,True
s00_off,env_layout0,109,theta_crossed,primary,True,"deliver_item(?item=item_2,?kitting_table=kitting_table_0)","deliver_item(?item=item_2,?kitting_table=kitting_table_0)",True,False,False,0.9389662171422414,32.84455443211718,"deliver_item(?item=item_4,?kitting_table=kitting_table_0)",,1,True,"deliver_item(?item=item_4,?kitting_table=kitting_table_0)","deliver_item(?item=item_4,?kitting_table=kitting_table_0)",100.0,"deliver_item(?item=item_4,?kitting_table=kitting_table_0)",1.0,"deliver_item(?item=item_4,?kitting_table=kitting_table_0)",1.0,"deliver_item(?item=item_4,?kitting_table=kitting_table_0)",1.0,"deliver_item(?item=item_4,?kitting_table=kitting_table_0)",1.0,False,False,False,False,False,False,False,False,False,"deliver_item(?item=item_4,?kitting_table=kitting_table_0)",59.18847314536537,realized,0.0,0.0,realized,0.0,0.0,,,,59.18847314536537,,True
s00_off,env_layout0,109,theta_crossed,primary,True,"deliver_item(?item=item_2,?kitting_table=kitting_table_0)","deliver_item(?item=item_2,?kitting_table=kitting_table_0)",True,False,False,0.9389662171422414,32.84455443211718,"deliver_item(?item=item_4,?kitting_table=kitting_table_0)",,1,True,"deliver_item(?item=item_4,?kitting_table=kitting_table_0)","deliver_item(?item=item_4,?kitting_table=kitting_table_0)",150.0,,0.0,,0.0,,0.0,,0.0,True,True,True,False,False,False,False,False,False,"deliver_item(?item=item_4,?kitting_table=kitting_table_0)",59.18847314536537,none:hold_position_violated,,,none:no_feasible_start,,,,,,,,False
s00_off,env_layout0,109,theta_crossed,primary,True,"deliver_item(?item=item_2,?kitting_table=kitting_table_0)","deliver_item(?item=item_2,?kitting_table=kitting_table_0)",True,False,False,0.9389662171422414,32.84455443211718,"deliver_item(?item=item_4,?kitting_table=kitting_table_0)",,1,True,"deliver_item(?item=item_4,?kitting_table=kitting_table_0)","deliver_item(?item=item_4,?kitting_table=kitting_table_0)",200.0,,0.0,,0.0,,0.0,,0.0,True,True,True,False,False,False,False,False,False,"deliver_item(?item=item_4,?kitting_table=kitting_table_0)",59.18847314536537,none:hold_position_violated,,,none:no_feasible_start,,,,,,,,False
s00_off,env_layout0,109,theta_crossed,primary,True,"deliver_item(?item=item_2,?kitting_table=kitting_table_0)","deliver_item(?item=item_2,?kitting_table=kitting_table_0)",True,False,False,0.9389662171422414,32.84455443211718,"deliver_item(?item=item_4,?kitting_table=kitting_table_0)",,1,True,"deliver_item(?item=item_4,?kitting_table=kitting_table_0)","deliver_item(?item=item_4,?kitting_table=kitting_table_0)",300.0,,0.0,,0.0,,0.0,,0.0,True,True,True,False,False,False,False,False,False,"deliver_item(?item=item_4,?kitting_table=kitting_table_0)",59.18847314536537,none:hold_position_violated,,,none:no_feasible_start,,,,,,,,False
s00_off,env_layout0,109,theta_crossed,primary,True,"deliver_item(?item=item_2,?kitting_table=kitting_table_0)","deliver_item(?item=item_2,?kitting_table=kitting_table_0)",True,False,False,0.9389662171422414,32.84455443211718,"deliver_item(?item=item_4,?kitting_table=kitting_table_0)",,1,True,"deliver_item(?item=item_4,?kitting_table=kitting_table_0)","deliver_item(?item=item_4,?kitting_table=kitting_table_0)",400.0,,0.0,,0.0,,0.0,,0.0,True,True,True,False,False,False,False,False,False,"deliver_item(?item=item_4,?kitting_table=kitting_table_0)",59.18847314536537,none:hold_position_violated,,,none:no_feasible_start,,,,,,,,False
s00_off,env_layout0,109,theta_crossed,primary,True,"deliver_item(?item=item_2,?kitting_table=kitting_table_0)","deliver_item(?item=item_2,?kitting_table=kitting_table_0)",True,False,False,0.9389662171422414,32.84455443211718,"deliver_item(?item=item_4,?kitting_table=kitting_table_0)",,1,True,"deliver_item(?item=item_4,?kitting_table=kitting_table_0)","deliver_item(?item=item_4,?kitting_table=kitting_table_0)",600.0,,0.0,,0.0,,0.0,,0.0,True,True,True,False,False,False,False,False,False,"deliver_item(?item=item_4,?kitting_table=kitting_table_0)",59.18847314536537,none:hold_position_violated,,,none:no_feasible_start,,,,,,,,False
s00_off,env_layout0,113,theta_crossed,primary,True,"deliver_item(?item=item_2,?kitting_table=kitting_table_0)","deliver_item(?item=item_2,?kitting_table=kitting_table_0)",True,False,False,0.946945551603911,29.36371297463429,"deliver_item(?item=item_4,?kitting_table=kitting_table_0)",,1,True,"deliver_item(?item=item_4,?kitting_table=kitting_table_0)","deliver_item(?item=item_4,?kitting_table=kitting_table_0)",5.0,"deliver_item(?item=item_4,?kitting_table=kitting_table_0)",1.0,"deliver_item(?item=item_4,?kitting_table=kitting_table_0)",1.0,"deliver_item(?item=item_4,?kitting_table=kitting_table_0)",1.0,"deliver_item(?item=item_4,?kitting_table=kitting_table_0)",1.0,False,False,False,False,False,False,False,False,False,"deliver_item(?item=item_4,?kitting_table=kitting_table_0)",55.18847314536537,realized,0.0,0.0,realized,0.0,0.0,,,,55.18847314536537,,True
s00_off,env_layout0,113,theta_crossed,primary,True,"deliver_item(?item=item_2,?kitting_table=kitting_table_0)","deliver_item(?item=item_2,?kitting_table=kitting_table_0)",True,False,False,0.946945551603911,29.36371297463429,"deliver_item(?item=item_4,?kitting_table=kitting_table_0)",,1,True,"deliver_item(?item=item_4,?kitting_table=kitting_table_0)","deliver_item(?item=item_4,?kitting_table=kitting_table_0)",10.0,"deliver_item(?item=item_4,?kitting_table=kitting_table_0)",1.0,"deliver_item(?item=item_4,?kitting_table=kitting_table_0)",1.0,"deliver_item(?item=item_4,?kitting_table=kitting_table_0)",1.0,"deliver_item(?item=item_4,?kitting_table=kitting_table_0)",1.0,False,False,False,False,False,False,False,False,False,"deliver_item(?item=item_4,?kitting_table=kitting_table_0)",55.18847314536537,realized,0.0,0.0,realized,0.0,0.0,,,,55.18847314536537,,True
s00_off,env_layout0,113,theta_crossed,primary,True,"deliver_item(?item=item_2,?kitting_table=kitting_table_0)","deliver_item(?item=item_2,?kitting_table=kitting_table_0)",True,False,False,0.946945551603911,29.36371297463429,"deliver_item(?item=item_4,?kitting_table=kitting_table_0)",,1,True,"deliver_item(?item=item_4,?kitting_table=kitting_table_0)","deliver_item(?item=item_4,?kitting_table=kitting_table_0)",20.0,"deliver_item(?item=item_4,?kitting_table=kitting_table_0)",1.0,"deliver_item(?item=item_4,?kitting_table=kitting_table_0)",1.0,"deliver_item(?item=item_4,?kitting_table=kitting_table_0)",1.0,"deliver_item(?item=item_4,?kitting_table=kitting_table_0)",1.0,False,False,False,False,False,False,False,False,False,"deliver_item(?item=item_4,?kitting_table=kitting_table_0)",55.18847314536537,realized,0.0,0.0,realized,0.0,0.0,,,,55.18847314536537,,True
s00_off,env_layout0,113,theta_crossed,primary,True,"deliver_item(?item=item_2,?kitting_table=kitting_table_0)","deliver_item(?item=item_2,?kitting_table=kitting_table_0)",True,False,False,0.946945551603911,29.36371297463429,"deliver_item(?item=item_4,?kitting_table=kitting_table_0)",,1,True,"deliver_item(?item=item_4,?kitting_table=kitting_table_0)","deliver_item(?item=item_4,?kitting_table=kitting_table_0)",30.0,"deliver_item(?item=item_4,?kitting_table=kitting_table_0)",1.0,"deliver_item(?item=item_4,?kitting_table=kitting_table_0)",1.0,"deliver_item(?item=item_4,?kitting_table=kitting_table_0)",1.0,"deliver_item(?item=item_4,?kitting_table=kitting_table_0)",1.0,False,False,False,False,False,False,False,False,False,"deliver_item(?item=item_4,?kitting_table=kitting_table_0)",55.18847314536537,realized,0.0,0.0,realized,0.0,0.0,,,,55.18847314536537,,True
s00_off,env_layout0,113,theta_crossed,primary,True,"deliver_item(?item=item_2,?kitting_table=kitting_table_0)","deliver_item(?item=item_2,?kitting_table=kitting_table_0)",True,False,False,0.946945551603911,29.36371297463429,"deliver_item(?item=item_4,?kitting_table=kitting_table_0)",,1,True,"deliver_item(?item=item_4,?kitting_table=kitting_table_0)","deliver_item(?item=item_4,?kitting_table=kitting_table_0)",40.0,"deliver_item(?item=item_4,?kitting_table=kitting_table_0)",1.0,"deliver_item(?item=item_4,?kitting_table=kitting_table_0)",1.0,"deliver_item(?item=item_4,?kitting_table=kitting_table_0)",1.0,"deliver_item(?item=item_4,?kitting_table=kitting_table_0)",1.0,False,False,False,False,False,False,False,False,False,"deliver_item(?item=item_4,?kitting_table=kitting_table_0)",55.18847314536537,realized,0.0,0.0,realized,0.0,0.0,,,,55.18847314536537,,True
s00_off,env_layout0,113,theta_crossed,primary,True,"deliver_item(?item=item_2,?kitting_table=kitting_table_0)","deliver_item(?item=item_2,?kitting_table=kitting_table_0)",True,False,False,0.946945551603911,29.36371297463429,"deliver_item(?item=item_4,?kitting_table=kitting_table_0)",,1,True,"deliver_item(?item=item_4,?kitting_table=kitting_table_0)","deliver_item(?item=item_4,?kitting_table=kitting_table_0)",50.0,"deliver_item(?item=item_4,?kitting_table=kitting_table_0)",1.0,"deliver_item(?item=item_4,?kitting_table=kitting_table_0)",1.0,"deliver_item(?item=item_4,?kitting_table=kitting_table_0)",1.0,"deliver_item(?item=item_4,?kitting_table=kitting_table_0)",1.0,False,False,False,False,False,False,False,False,False,"deliver_item(?item=item_4,?kitting_table=kitting_table_0)",55.18847314536537,realized,0.0,0.0,realized,0.0,0.0,,,,55.18847314536537,,True
s00_off,env_layout0,113,theta_crossed,primary,True,"deliver_item(?item=item_2,?kitting_table=kitting_table_0)","deliver_item(?item=item_2,?kitting_table=kitting_table_0)",True,False,False,0.946945551603911,29.36371297463429,"deliver_item(?item=item_4,?kitting_table=kitting_table_0)",,1,True,"deliver_item(?item=item_4,?kitting_table=kitting_table_0)","deliver_item(?item=item_4,?kitting_table=kitting_table_0)",75.0,"deliver_item(?item=item_4,?kitting_table=kitting_table_0)",1.0,"deliver_item(?item=item_4,?kitting_table=kitting_table_0)",1.0,"deliver_item(?item=item_4,?kitting_table=kitting_table_0)",1.0,"deliver_item(?item=item_4,?kitting_table=kitting_table_0)",1.0,False,False,False,False,False,False,False,False,False,"deliver_item(?item=item_4,?kitting_table=kitting_table_0)",55.18847314536537,realized,0.0,0.0,realized,0.0,0.0,,,,55.18847314536537,,True
s00_off,env_layout0,113,theta_crossed,primary,True,"deliver_item(?item=item_2,?kitting_table=kitting_table_0)","deliver_item(?item=item_2,?kitting_table=kitting_table_0)",True,False,False,0.946945551603911,29.36371297463429,"deliver_item(?item=item_4,?kitting_table=kitting_table_0)",,1,True,"deliver_item(?item=item_4,?kitting_table=kitting_table_0)","deliver_item(?item=item_4,?kitting_table=kitting_table_0)",100.0,"deliver_item(?item=item_4,?kitting_table=kitting_table_0)",1.0,"deliver_item(?item=item_4,?kitting_table=kitting_table_0)",1.0,"deliver_item(?item=item_4,?kitting_table=kitting_table_0)",1.0,"deliver_item(?item=item_4,?kitting_table=kitting_table_0)",1.0,False,False,False,False,False,False,False,False,False,"deliver_item(?item=item_4,?kitting_table=kitting_table_0)",55.18847314536537,realized,0.0,0.0,realized,0.0,0.0,,,,55.18847314536537,,True
s00_off,env_layout0,113,theta_crossed,primary,True,"deliver_item(?item=item_2,?kitting_table=kitting_table_0)","deliver_item(?item=item_2,?kitting_table=kitting_table_0)",True,False,False,0.946945551603911,29.36371297463429,"deliver_item(?item=item_4,?kitting_table=kitting_table_0)",,1,True,"deliver_item(?item=item_4,?kitting_table=kitting_table_0)","deliver_item(?item=item_4,?kitting_table=kitting_table_0)",150.0,,0.0,,0.0,,0.0,,0.0,True,True,True,False,False,False,False,False,False,"deliver_item(?item=item_4,?kitting_table=kitting_table_0)",55.18847314536537,none:hold_position_violated,,,none:no_feasible_start,,,,,,,,False
s00_off,env_layout0,113,theta_crossed,primary,True,"deliver_item(?item=item_2,?kitting_table=kitting_table_0)","deliver_item(?item=item_2,?kitting_table=kitting_table_0)",True,False,False,0.946945551603911,29.36371297463429,"deliver_item(?item=item_4,?kitting_table=kitting_table_0)",,1,True,"deliver_item(?item=item_4,?kitting_table=kitting_table_0)","deliver_item(?item=item_4,?kitting_table=kitting_table_0)",200.0,,0.0,,0.0,,0.0,,0.0,True,True,True,False,False,False,False,False,False,"deliver_item(?item=item_4,?kitting_table=kitting_table_0)",55.18847314536537,none:hold_position_violated,,,none:no_feasible_start,,,,,,,,False
s00_off,env_layout0,113,theta_crossed,primary,True,"deliver_item(?item=item_2,?kitting_table=kitting_table_0)","deliver_item(?item=item_2,?kitting_table=kitting_table_0)",True,False,False,0.946945551603911,29.36371297463429,"deliver_item(?item=item_4,?kitting_table=kitting_table_0)",,1,True,"deliver_item(?item=item_4,?kitting_table=kitting_table_0)","deliver_item(?item=item_4,?kitting_table=kitting_table_0)",300.0,,0.0,,0.0,,0.0,,0.0,True,True,True,False,False,False,False,False,False,"deliver_item(?item=item_4,?kitting_table=kitting_table_0)",55.18847314536537,none:hold_position_violated,,,none:no_feasible_start,,,,,,,,False
s00_off,env_layout0,113,theta_crossed,primary,True,"deliver_item(?item=item_2,?kitting_table=kitting_table_0)","deliver_item(?item=item_2,?kitting_table=kitting_table_0)",True,False,False,0.946945551603911,29.36371297463429,"deliver_item(?item=item_4,?kitting_table=kitting_table_0)",,1,True,"deliver_item(?item=item_4,?kitting_table=kitting_table_0)","deliver_item(?item=item_4,?kitting_table=kitting_table_0)",400.0,,0.0,,0.0,,0.0,,0.0,True,True,True,False,False,False,False,False,False,"deliver_item(?item=item_4,?kitting_table=kitting_table_0)",55.18847314536537,none:hold_position_violated,,,none:no_feasible_start,,,,,,,,False
s00_off,env_layout0,113,theta_crossed,primary,True,"deliver_item(?item=item_2,?kitting_table=kitting_table_0)","deliver_item(?item=item_2,?kitting_table=kitting_table_0)",True,False,False,0.946945551603911,29.36371297463429,"deliver_item(?item=item_4,?kitting_table=kitting_table_0)",,1,True,"deliver_item(?item=item_4,?kitting_table=kitting_table_0)","deliver_item(?item=item_4,?kitting_table=kitting_table_0)",600.0,,0.0,,0.0,,0.0,,0.0,True,True,True,False,False,False,False,False,False,"deliver_item(?item=item_4,?kitting_table=kitting_table_0)",55.18847314536537,none:hold_position_violated,,,none:no_feasible_start,,,,,,,,False
s00_off,env_layout0,115,theta_crossed,primary,True,"deliver_item(?item=item_2,?kitting_table=kitting_table_0)","deliver_item(?item=item_2,?kitting_table=kitting_table_0)",True,False,False,0.7538472167878119,27.363712974634296,"deliver_item(?item=item_4,?kitting_table=kitting_table_0)",,1,True,"deliver_item(?item=item_4,?kitting_table=kitting_table_0)","deliver_item(?item=item_4,?kitting_table=kitting_table_0)",5.0,"deliver_item(?item=item_4,?kitting_table=kitting_table_0)",1.0,"deliver_item(?item=item_4,?kitting_table=kitting_table_0)",1.0,"deliver_item(?item=item_4,?kitting_table=kitting_table_0)",1.0,"deliver_item(?item=item_4,?kitting_table=kitting_table_0)",1.0,False,False,False,False,False,False,False,False,False,"deliver_item(?item=item_4,?kitting_table=kitting_table_0)",53.18847314536537,realized,0.0,0.0,realized,0.0,0.0,,,,53.18847314536537,,True
s00_off,env_layout0,115,theta_crossed,primary,True,"deliver_item(?item=item_2,?kitting_table=kitting_table_0)","deliver_item(?item=item_2,?kitting_table=kitting_table_0)",True,False,False,0.7538472167878119,27.363712974634296,"deliver_item(?item=item_4,?kitting_table=kitting_table_0)",,1,True,"deliver_item(?item=item_4,?kitting_table=kitting_table_0)","deliver_item(?item=item_4,?kitting_table=kitting_table_0)",10.0,"deliver_item(?item=item_4,?kitting_table=kitting_table_0)",1.0,"deliver_item(?item=item_4,?kitting_table=kitting_table_0)",1.0,"deliver_item(?item=item_4,?kitting_table=kitting_table_0)",1.0,"deliver_item(?item=item_4,?kitting_table=kitting_table_0)",1.0,False,False,False,False,False,False,False,False,False,"deliver_item(?item=item_4,?kitting_table=kitting_table_0)",53.18847314536537,realized,0.0,0.0,realized,0.0,0.0,,,,53.18847314536537,,True
s00_off,env_layout0,115,theta_crossed,primary,True,"deliver_item(?item=item_2,?kitting_table=kitting_table_0)","deliver_item(?item=item_2,?kitting_table=kitting_table_0)",True,False,False,0.7538472167878119,27.363712974634296,"deliver_item(?item=item_4,?kitting_table=kitting_table_0)",,1,True,"deliver_item(?item=item_4,?kitting_table=kitting_table_0)","deliver_item(?item=item_4,?kitting_table=kitting_table_0)",20.0,"deliver_item(?item=item_4,?kitting_table=kitting_table_0)",1.0,"deliver_item(?item=item_4,?kitting_table=kitting_table_0)",1.0,"deliver_item(?item=item_4,?kitting_table=kitting_table_0)",1.0,"deliver_item(?item=item_4,?kitting_table=kitting_table_0)",1.0,False,False,False,False,False,False,False,False,False,"deliver_item(?item=item_4,?kitting_table=kitting_table_0)",53.18847314536537,realized,0.0,0.0,realized,0.0,0.0,,,,53.18847314536537,,True
s00_off,env_layout0,115,theta_crossed,primary,True,"deliver_item(?item=item_2,?kitting_table=kitting_table_0)","deliver_item(?item=item_2,?kitting_table=kitting_table_0)",True,False,False,0.7538472167878119,27.363712974634296,"deliver_item(?item=item_4,?kitting_table=kitting_table_0)",,1,True,"deliver_item(?item=item_4,?kitting_table=kitting_table_0)","deliver_item(?item=item_4,?kitting_table=kitting_table_0)",30.0,"deliver_item(?item=item_4,?kitting_table=kitting_table_0)",1.0,"deliver_item(?item=item_4,?kitting_table=kitting_table_0)",1.0,"deliver_item(?item=item_4,?kitting_table=kitting_table_0)",1.0,"deliver_item(?item=item_4,?kitting_table=kitting_table_0)",1.0,False,False,False,False,False,False,False,False,False,"deliver_item(?item=item_4,?kitting_table=kitting_table_0)",53.18847314536537,realized,0.0,0.0,realized,0.0,0.0,,,,53.18847314536537,,True
s00_off,env_layout0,115,theta_crossed,primary,True,"deliver_item(?item=item_2,?kitting_table=kitting_table_0)","deliver_item(?item=item_2,?kitting_table=kitting_table_0)",True,False,False,0.7538472167878119,27.363712974634296,"deliver_item(?item=item_4,?kitting_table=kitting_table_0)",,1,True,"deliver_item(?item=item_4,?kitting_table=kitting_table_0)","deliver_item(?item=item_4,?kitting_table=kitting_table_0)",40.0,"deliver_item(?item=item_4,?kitting_table=kitting_table_0)",1.0,"deliver_item(?item=item_4,?kitting_table=kitting_table_0)",1.0,"deliver_item(?item=item_4,?kitting_table=kitting_table_0)",1.0,"deliver_item(?item=item_4,?kitting_table=kitting_table_0)",1.0,False,False,False,False,False,False,False,False,False,"deliver_item(?item=item_4,?kitting_table=kitting_table_0)",53.18847314536537,realized,0.0,0.0,realized,0.0,0.0,,,,53.18847314536537,,True
s00_off,env_layout0,115,theta_crossed,primary,True,"deliver_item(?item=item_2,?kitting_table=kitting_table_0)","deliver_item(?item=item_2,?kitting_table=kitting_table_0)",True,False,False,0.7538472167878119,27.363712974634296,"deliver_item(?item=item_4,?kitting_table=kitting_table_0)",,1,True,"deliver_item(?item=item_4,?kitting_table=kitting_table_0)","deliver_item(?item=item_4,?kitting_table=kitting_table_0)",50.0,"deliver_item(?item=item_4,?kitting_table=kitting_table_0)",1.0,"deliver_item(?item=item_4,?kitting_table=kitting_table_0)",1.0,"deliver_item(?item=item_4,?kitting_table=kitting_table_0)",1.0,"deliver_item(?item=item_4,?kitting_table=kitting_table_0)",1.0,False,False,False,False,False,False,False,False,False,"deliver_item(?item=item_4,?kitting_table=kitting_table_0)",53.18847314536537,realized,0.0,0.0,realized,0.0,0.0,,,,53.18847314536537,,True
s00_off,env_layout0,115,theta_crossed,primary,True,"deliver_item(?item=item_2,?kitting_table=kitting_table_0)","deliver_item(?item=item_2,?kitting_table=kitting_table_0)",True,False,False,0.7538472167878119,27.363712974634296,"deliver_item(?item=item_4,?kitting_table=kitting_table_0)",,1,True,"deliver_item(?item=item_4,?kitting_table=kitting_table_0)","deliver_item(?item=item_4,?kitting_table=kitting_table_0)",75.0,"deliver_item(?item=item_4,?kitting_table=kitting_table_0)",1.0,"deliver_item(?item=item_4,?kitting_table=kitting_table_0)",1.0,"deliver_item(?item=item_4,?kitting_table=kitting_table_0)",1.0,"deliver_item(?item=item_4,?kitting_table=kitting_table_0)",1.0,False,False,False,False,False,False,False,False,False,"deliver_item(?item=item_4,?kitting_table=kitting_table_0)",53.18847314536537,realized,0.0,0.0,realized,0.0,0.0,,,,53.18847314536537,,True
s00_off,env_layout0,115,theta_crossed,primary,True,"deliver_item(?item=item_2,?kitting_table=kitting_table_0)","deliver_item(?item=item_2,?kitting_table=kitting_table_0)",True,False,False,0.7538472167878119,27.363712974634296,"deliver_item(?item=item_4,?kitting_table=kitting_table_0)",,1,True,"deliver_item(?item=item_4,?kitting_table=kitting_table_0)","deliver_item(?item=item_4,?kitting_table=kitting_table_0)",100.0,"deliver_item(?item=item_4,?kitting_table=kitting_table_0)",1.0,"deliver_item(?item=item_4,?kitting_table=kitting_table_0)",1.0,"deliver_item(?item=item_4,?kitting_table=kitting_table_0)",1.0,"deliver_item(?item=item_4,?kitting_table=kitting_table_0)",1.0,False,False,False,False,False,False,False,False,False,"deliver_item(?item=item_4,?kitting_table=kitting_table_0)",53.18847314536537,realized,0.0,0.0,realized,0.0,0.0,,,,53.18847314536537,,True
s00_off,env_layout0,115,theta_crossed,primary,True,"deliver_item(?item=item_2,?kitting_table=kitting_table_0)","deliver_item(?item=item_2,?kitting_table=kitting_table_0)",True,False,False,0.7538472167878119,27.363712974634296,"deliver_item(?item=item_4,?kitting_table=kitting_table_0)",,1,True,"deliver_item(?item=item_4,?kitting_table=kitting_table_0)","deliver_item(?item=item_4,?kitting_table=kitting_table_0)",150.0,,0.0,,0.0,,0.0,,0.0,True,True,True,False,False,False,False,False,False,"deliver_item(?item=item_4,?kitting_table=kitting_table_0)",53.18847314536537,none:hold_position_violated,,,none:no_feasible_start,,,,,,,,False
s00_off,env_layout0,115,theta_crossed,primary,True,"deliver_item(?item=item_2,?kitting_table=kitting_table_0)","deliver_item(?item=item_2,?kitting_table=kitting_table_0)",True,False,False,0.7538472167878119,27.363712974634296,"deliver_item(?item=item_4,?kitting_table=kitting_table_0)",,1,True,"deliver_item(?item=item_4,?kitting_table=kitting_table_0)","deliver_item(?item=item_4,?kitting_table=kitting_table_0)",200.0,,0.0,,0.0,,0.0,,0.0,True,True,True,False,False,False,False,False,False,"deliver_item(?item=item_4,?kitting_table=kitting_table_0)",53.18847314536537,none:hold_position_violated,,,none:no_feasible_start,,,,,,,,False
s00_off,env_layout0,115,theta_crossed,primary,True,"deliver_item(?item=item_2,?kitting_table=kitting_table_0)","deliver_item(?item=item_2,?kitting_table=kitting_table_0)",True,False,False,0.7538472167878119,27.363712974634296,"deliver_item(?item=item_4,?kitting_table=kitting_table_0)",,1,True,"deliver_item(?item=item_4,?kitting_table=kitting_table_0)","deliver_item(?item=item_4,?kitting_table=kitting_table_0)",300.0,,0.0,,0.0,,0.0,,0.0,True,True,True,False,False,False,False,False,False,"deliver_item(?item=item_4,?kitting_table=kitting_table_0)",53.18847314536537,none:hold_position_violated,,,none:no_feasible_start,,,,,,,,False
s00_off,env_layout0,115,theta_crossed,primary,True,"deliver_item(?item=item_2,?kitting_table=kitting_table_0)","deliver_item(?item=item_2,?kitting_table=kitting_table_0)",True,False,False,0.7538472167878119,27.363712974634296,"deliver_item(?item=item_4,?kitting_table=kitting_table_0)",,1,True,"deliver_item(?item=item_4,?kitting_table=kitting_table_0)","deliver_item(?item=item_4,?kitting_table=kitting_table_0)",400.0,,0.0,,0.0,,0.0,,0.0,True,True,True,False,False,False,False,False,False,"deliver_item(?item=item_4,?kitting_table=kitting_table_0)",53.18847314536537,none:hold_position_violated,,,none:no_feasible_start,,,,,,,,False
s00_off,env_layout0,115,theta_crossed,primary,True,"deliver_item(?item=item_2,?kitting_table=kitting_table_0)","deliver_item(?item=item_2,?kitting_table=kitting_table_0)",True,False,False,0.7538472167878119,27.363712974634296,"deliver_item(?item=item_4,?kitting_table=kitting_table_0)",,1,True,"deliver_item(?item=item_4,?kitting_table=kitting_table_0)","deliver_item(?item=item_4,?kitting_table=kitting_table_0)",600.0,,0.0,,0.0,,0.0,,0.0,True,True,True,False,False,False,False,False,False,"deliver_item(?item=item_4,?kitting_table=kitting_table_0)",53.18847314536537,none:hold_position_violated,,,none:no_feasible_start,,,,,,,,False
s00_off,env_layout0,131,task_committed,primary,True,"deliver_item(?item=item_2,?kitting_table=kitting_table_0)","deliver_item(?item=item_2,?kitting_table=kitting_table_0)",True,False,False,0.9950064588012839,11.363712974634295,"deliver_item(?item=item_4,?kitting_table=kitting_table_0)",item_4,1,True,"deliver_item(?item=item_4,?kitting_table=kitting_table_0)","deliver_item(?item=item_4,?kitting_table=kitting_table_0)",5.0,"deliver_item(?item=item_4,?kitting_table=kitting_table_0)",1.0,"deliver_item(?item=item_4,?kitting_table=kitting_table_0)",1.0,"deliver_item(?item=item_4,?kitting_table=kitting_table_0)",1.0,"deliver_item(?item=item_4,?kitting_table=kitting_table_0)",1.0,False,False,False,False,False,False,False,False,False,"deliver_item(?item=item_4,?kitting_table=kitting_table_0)",35.40115194571842,realized,0.0,0.0,realized,0.0,0.0,,,,35.40115194571842,,True
s00_off,env_layout0,131,task_committed,primary,True,"deliver_item(?item=item_2,?kitting_table=kitting_table_0)","deliver_item(?item=item_2,?kitting_table=kitting_table_0)",True,False,False,0.9950064588012839,11.363712974634295,"deliver_item(?item=item_4,?kitting_table=kitting_table_0)",item_4,1,True,"deliver_item(?item=item_4,?kitting_table=kitting_table_0)","deliver_item(?item=item_4,?kitting_table=kitting_table_0)",10.0,"deliver_item(?item=item_4,?kitting_table=kitting_table_0)",1.0,"deliver_item(?item=item_4,?kitting_table=kitting_table_0)",1.0,"deliver_item(?item=item_4,?kitting_table=kitting_table_0)",1.0,"deliver_item(?item=item_4,?kitting_table=kitting_table_0)",1.0,False,False,False,False,False,False,False,False,False,"deliver_item(?item=item_4,?kitting_table=kitting_table_0)",35.40115194571842,realized,0.0,0.0,realized,0.0,0.0,,,,35.40115194571842,,True
s00_off,env_layout0,131,task_committed,primary,True,"deliver_item(?item=item_2,?kitting_table=kitting_table_0)","deliver_item(?item=item_2,?kitting_table=kitting_table_0)",True,False,False,0.9950064588012839,11.363712974634295,"deliver_item(?item=item_4,?kitting_table=kitting_table_0)",item_4,1,True,"deliver_item(?item=item_4,?kitting_table=kitting_table_0)","deliver_item(?item=item_4,?kitting_table=kitting_table_0)",20.0,"deliver_item(?item=item_4,?kitting_table=kitting_table_0)",1.0,"deliver_item(?item=item_4,?kitting_table=kitting_table_0)",1.0,"deliver_item(?item=item_4,?kitting_table=kitting_table_0)",1.0,"deliver_item(?item=item_4,?kitting_table=kitting_table_0)",1.0,False,False,False,False,False,False,False,False,False,"deliver_item(?item=item_4,?kitting_table=kitting_table_0)",35.40115194571842,realized,0.0,0.0,realized,0.0,0.0,,,,35.40115194571842,,True
s00_off,env_layout0,131,task_committed,primary,True,"deliver_item(?item=item_2,?kitting_table=kitting_table_0)","deliver_item(?item=item_2,?kitting_table=kitting_table_0)",True,False,False,0.9950064588012839,11.363712974634295,"deliver_item(?item=item_4,?kitting_table=kitting_table_0)",item_4,1,True,"deliver_item(?item=item_4,?kitting_table=kitting_table_0)","deliver_item(?item=item_4,?kitting_table=kitting_table_0)",30.0,"deliver_item(?item=item_4,?kitting_table=kitting_table_0)",1.0,"deliver_item(?item=item_4,?kitting_table=kitting_table_0)",1.0,"deliver_item(?item=item_4,?kitting_table=kitting_table_0)",1.0,"deliver_item(?item=item_4,?kitting_table=kitting_table_0)",1.0,False,False,False,False,False,False,False,False,False,"deliver_item(?item=item_4,?kitting_table=kitting_table_0)",35.40115194571842,realized,0.0,0.0,realized,0.0,0.0,,,,35.40115194571842,,True
s00_off,env_layout0,131,task_committed,primary,True,"deliver_item(?item=item_2,?kitting_table=kitting_table_0)","deliver_item(?item=item_2,?kitting_table=kitting_table_0)",True,False,False,0.9950064588012839,11.363712974634295,"deliver_item(?item=item_4,?kitting_table=kitting_table_0)",item_4,1,True,"deliver_item(?item=item_4,?kitting_table=kitting_table_0)","deliver_item(?item=item_4,?kitting_table=kitting_table_0)",40.0,"deliver_item(?item=item_4,?kitting_table=kitting_table_0)",1.0,"deliver_item(?item=item_4,?kitting_table=kitting_table_0)",1.0,"deliver_item(?item=item_4,?kitting_table=kitting_table_0)",1.0,"deliver_item(?item=item_4,?kitting_table=kitting_table_0)",1.0,False,False,False,False,False,False,False,False,False,"deliver_item(?item=item_4,?kitting_table=kitting_table_0)",35.40115194571842,realized,0.0,0.0,realized,0.0,0.0,,,,35.40115194571842,,True
s00_off,env_layout0,131,task_committed,primary,True,"deliver_item(?item=item_2,?kitting_table=kitting_table_0)","deliver_item(?item=item_2,?kitting_table=kitting_table_0)",True,False,False,0.9950064588012839,11.363712974634295,"deliver_item(?item=item_4,?kitting_table=kitting_table_0)",item_4,1,True,"deliver_item(?item=item_4,?kitting_table=kitting_table_0)","deliver_item(?item=item_4,?kitting_table=kitting_table_0)",50.0,"deliver_item(?item=item_4,?kitting_table=kitting_table_0)",1.0,"deliver_item(?item=item_4,?kitting_table=kitting_table_0)",1.0,"deliver_item(?item=item_4,?kitting_table=kitting_table_0)",1.0,"deliver_item(?item=item_4,?kitting_table=kitting_table_0)",1.0,False,False,False,False,False,False,False,False,False,"deliver_item(?item=item_4,?kitting_table=kitting_table_0)",35.40115194571842,realized,0.0,0.0,realized,0.0,0.0,,,,35.40115194571842,,True
s00_off,env_layout0,131,task_committed,primary,True,"deliver_item(?item=item_2,?kitting_table=kitting_table_0)","deliver_item(?item=item_2,?kitting_table=kitting_table_0)",True,False,False,0.9950064588012839,11.363712974634295,"deliver_item(?item=item_4,?kitting_table=kitting_table_0)",item_4,1,True,"deliver_item(?item=item_4,?kitting_table=kitting_table_0)","deliver_item(?item=item_4,?kitting_table=kitting_table_0)",75.0,"deliver_item(?item=item_4,?kitting_table=kitting_table_0)",1.0,"deliver_item(?item=item_4,?kitting_table=kitting_table_0)",1.0,"deliver_item(?item=item_4,?kitting_table=kitting_table_0)",1.0,"deliver_item(?item=item_4,?kitting_table=kitting_table_0)",1.0,False,False,False,False,False,False,False,False,False,"deliver_item(?item=item_4,?kitting_table=kitting_table_0)",35.40115194571842,realized,0.0,0.0,realized,0.0,0.0,,,,35.40115194571842,,True
s00_off,env_layout0,131,task_committed,primary,True,"deliver_item(?item=item_2,?kitting_table=kitting_table_0)","deliver_item(?item=item_2,?kitting_table=kitting_table_0)",True,False,False,0.9950064588012839,11.363712974634295,"deliver_item(?item=item_4,?kitting_table=kitting_table_0)",item_4,1,True,"deliver_item(?item=item_4,?kitting_table=kitting_table_0)","deliver_item(?item=item_4,?kitting_table=kitting_table_0)",100.0,"deliver_item(?item=item_4,?kitting_table=kitting_table_0)",1.0,"deliver_item(?item=item_4,?kitting_table=kitting_table_0)",1.0,"deliver_item(?item=item_4,?kitting_table=kitting_table_0)",1.0,"deliver_item(?item=item_4,?kitting_table=kitting_table_0)",1.0,False,False,False,False,False,False,False,False,False,"deliver_item(?item=item_4,?kitting_table=kitting_table_0)",35.40115194571842,realized,0.0,0.0,realized,0.0,0.0,,,,35.40115194571842,,True
s00_off,env_layout0,131,task_committed,primary,True,"deliver_item(?item=item_2,?kitting_table=kitting_table_0)","deliver_item(?item=item_2,?kitting_table=kitting_table_0)",True,False,False,0.9950064588012839,11.363712974634295,"deliver_item(?item=item_4,?kitting_table=kitting_table_0)",item_4,1,True,"deliver_item(?item=item_4,?kitting_table=kitting_table_0)","deliver_item(?item=item_4,?kitting_table=kitting_table_0)",150.0,"deliver_item(?item=item_4,?kitting_table=kitting_table_0)",1.0,"deliver_item(?item=item_4,?kitting_table=kitting_table_0)",1.0,"deliver_item(?item=item_4,?kitting_table=kitting_table_0)",1.0,"deliver_item(?item=item_4,?kitting_table=kitting_table_0)",1.0,False,False,False,False,False,False,False,False,False,"deliver_item(?item=item_4,?kitting_table=kitting_table_0)",35.40115194571842,realized,0.0,0.0,realized,0.0,0.0,,,,35.40115194571842,,True
s00_off,env_layout0,131,task_committed,primary,True,"deliver_item(?item=item_2,?kitting_table=kitting_table_0)","deliver_item(?item=item_2,?kitting_table=kitting_table_0)",True,False,False,0.9950064588012839,11.363712974634295,"deliver_item(?item=item_4,?kitting_table=kitting_table_0)",item_4,1,True,"deliver_item(?item=item_4,?kitting_table=kitting_table_0)","deliver_item(?item=item_4,?kitting_table=kitting_table_0)",200.0,"deliver_item(?item=item_4,?kitting_table=kitting_table_0)",1.0,"deliver_item(?item=item_4,?kitting_table=kitting_table_0)",1.0,"deliver_item(?item=item_4,?kitting_table=kitting_table_0)",1.0,"deliver_item(?item=item_4,?kitting_table=kitting_table_0)",1.0,False,False,False,False,False,False,False,False,False,"deliver_item(?item=item_4,?kitting_table=kitting_table_0)",35.40115194571842,realized,0.0,0.0,realized,0.0,0.0,,,,35.40115194571842,,True
s00_off,env_layout0,131,task_committed,primary,True,"deliver_item(?item=item_2,?kitting_table=kitting_table_0)","deliver_item(?item=item_2,?kitting_table=kitting_table_0)",True,False,False,0.9950064588012839,11.363712974634295,"deliver_item(?item=item_4,?kitting_table=kitting_table_0)",item_4,1,True,"deliver_item(?item=item_4,?kitting_table=kitting_table_0)","deliver_item(?item=item_4,?kitting_table=kitting_table_0)",300.0,"deliver_item(?item=item_4,?kitting_table=kitting_table_0)",1.0,"deliver_item(?item=item_4,?kitting_table=kitting_table_0)",1.0,"deliver_item(?item=item_4,?kitting_table=kitting_table_0)",1.0,"deliver_item(?item=item_4,?kitting_table=kitting_table_0)",1.0,False,False,False,False,False,False,False,False,False,"deliver_item(?item=item_4,?kitting_table=kitting_table_0)",35.40115194571842,realized,0.0,0.0,realized,0.0,0.0,,,,35.40115194571842,,True
s00_off,env_layout0,131,task_committed,primary,True,"deliver_item(?item=item_2,?kitting_table=kitting_table_0)","deliver_item(?item=item_2,?kitting_table=kitting_table_0)",True,False,False,0.9950064588012839,11.363712974634295,"deliver_item(?item=item_4,?kitting_table=kitting_table_0)",item_4,1,True,"deliver_item(?item=item_4,?kitting_table=kitting_table_0)","deliver_item(?item=item_4,?kitting_table=kitting_table_0)",400.0,"deliver_item(?item=item_4,?kitting_table=kitting_table_0)",1.0,"deliver_item(?item=item_4,?kitting_table=kitting_table_0)",1.0,"deliver_item(?item=item_4,?kitting_table=kitting_table_0)",1.0,"deliver_item(?item=item_4,?kitting_table=kitting_table_0)",1.0,False,False,False,False,False,False,False,False,False,"deliver_item(?item=item_4,?kitting_table=kitting_table_0)",35.40115194571842,realized,0.0,0.0,realized,0.0,0.0,,,,35.40115194571842,,True
s00_off,env_layout0,131,task_committed,primary,True,"deliver_item(?item=item_2,?kitting_table=kitting_table_0)","deliver_item(?item=item_2,?kitting_table=kitting_table_0)",True,False,False,0.9950064588012839,11.363712974634295,"deliver_item(?item=item_4,?kitting_table=kitting_table_0)",item_4,1,True,"deliver_item(?item=item_4,?kitting_table=kitting_table_0)","deliver_item(?item=item_4,?kitting_table=kitting_table_0)",600.0,,0.0,,0.0,,0.0,"deliver_item(?item=item_4,?kitting_table=kitting_table_0)",1.0,True,True,True,False,False,False,False,False,False,"deliver_item(?item=item_4,?kitting_table=kitting_table_0)",35.40115194571842,none:beyond_horizon,,,none:no_feasible_start,,,,,,,,False
s00_on,env_layout0,0,no_current_task,counterfactual,False,"deliver_item(?item=item_3,?kitting_table=kitting_table_0)","deliver_item(?item=item_3,?kitting_table=kitting_table_0)",True,False,False,0.48764259479657657,77.79760132533269,,,3,False,"deliver_item(?item=item_7,?kitting_table=kitting_table_0)","deliver_item(?item=item_7,?kitting_table=kitting_table_0)",5.0,"deliver_item(?item=item_7,?kitting_table=kitting_table_0)",2.0,"deliver_item(?item=item_7,?kitting_table=kitting_table_0)",3.0,"deliver_item(?item=item_7,?kitting_table=kitting_table_0)",3.0,"deliver_item(?item=item_7,?kitting_table=kitting_table_0)",3.0,False,False,False,False,False,False,False,False,False,,,,,,,,,,,,,,
s00_on,env_layout0,0,no_current_task,counterfactual,False,"deliver_item(?item=item_3,?kitting_table=kitting_table_0)","deliver_item(?item=item_3,?kitting_table=kitting_table_0)",True,False,False,0.48764259479657657,77.79760132533269,,,3,False,"deliver_item(?item=item_7,?kitting_table=kitting_table_0)","deliver_item(?item=item_7,?kitting_table=kitting_table_0)",10.0,"deliver_item(?item=item_7,?kitting_table=kitting_table_0)",2.0,"deliver_item(?item=item_7,?kitting_table=kitting_table_0)",3.0,"deliver_item(?item=item_7,?kitting_table=kitting_table_0)",3.0,"deliver_item(?item=item_7,?kitting_table=kitting_table_0)",3.0,False,False,False,False,False,False,False,False,False,,,,,,,,,,,,,,
s00_on,env_layout0,0,no_current_task,counterfactual,False,"deliver_item(?item=item_3,?kitting_table=kitting_table_0)","deliver_item(?item=item_3,?kitting_table=kitting_table_0)",True,False,False,0.48764259479657657,77.79760132533269,,,3,False,"deliver_item(?item=item_7,?kitting_table=kitting_table_0)","deliver_item(?item=item_7,?kitting_table=kitting_table_0)",20.0,"deliver_item(?item=item_7,?kitting_table=kitting_table_0)",3.0,"deliver_item(?item=item_7,?kitting_table=kitting_table_0)",3.0,"deliver_item(?item=item_7,?kitting_table=kitting_table_0)",3.0,"deliver_item(?item=item_7,?kitting_table=kitting_table_0)",3.0,False,False,False,False,False,False,False,False,False,,,,,,,,,,,,,,
s00_on,env_layout0,0,no_current_task,counterfactual,False,"deliver_item(?item=item_3,?kitting_table=kitting_table_0)","deliver_item(?item=item_3,?kitting_table=kitting_table_0)",True,False,False,0.48764259479657657,77.79760132533269,,,3,False,"deliver_item(?item=item_7,?kitting_table=kitting_table_0)","deliver_item(?item=item_7,?kitting_table=kitting_table_0)",30.0,"deliver_item(?item=item_7,?kitting_table=kitting_table_0)",3.0,"deliver_item(?item=item_7,?kitting_table=kitting_table_0)",3.0,"deliver_item(?item=item_7,?kitting_table=kitting_table_0)",3.0,"deliver_item(?item=item_7,?kitting_table=kitting_table_0)",3.0,False,False,False,False,False,False,False,False,False,,,,,,,,,,,,,,
s00_on,env_layout0,0,no_current_task,counterfactual,False,"deliver_item(?item=item_3,?kitting_table=kitting_table_0)","deliver_item(?item=item_3,?kitting_table=kitting_table_0)",True,False,False,0.48764259479657657,77.79760132533269,,,3,False,"deliver_item(?item=item_7,?kitting_table=kitting_table_0)","deliver_item(?item=item_7,?kitting_table=kitting_table_0)",40.0,"deliver_item(?item=item_7,?kitting_table=kitting_table_0)",3.0,"deliver_item(?item=item_7,?kitting_table=kitting_table_0)",3.0,"deliver_item(?item=item_7,?kitting_table=kitting_table_0)",3.0,"deliver_item(?item=item_7,?kitting_table=kitting_table_0)",3.0,False,False,False,False,False,False,False,False,False,,,,,,,,,,,,,,
s00_on,env_layout0,0,no_current_task,counterfactual,False,"deliver_item(?item=item_3,?kitting_table=kitting_table_0)","deliver_item(?item=item_3,?kitting_table=kitting_table_0)",True,False,False,0.48764259479657657,77.79760132533269,,,3,False,"deliver_item(?item=item_7,?kitting_table=kitting_table_0)","deliver_item(?item=item_7,?kitting_table=kitting_table_0)",50.0,"deliver_item(?item=item_7,?kitting_table=kitting_table_0)",3.0,"deliver_item(?item=item_7,?kitting_table=kitting_table_0)",3.0,"deliver_item(?item=item_7,?kitting_table=kitting_table_0)",3.0,"deliver_item(?item=item_7,?kitting_table=kitting_table_0)",3.0,False,False,False,False,False,False,False,False,False,,,,,,,,,,,,,,
s00_on,env_layout0,0,no_current_task,counterfactual,False,"deliver_item(?item=item_3,?kitting_table=kitting_table_0)","deliver_item(?item=item_3,?kitting_table=kitting_table_0)",True,False,False,0.48764259479657657,77.79760132533269,,,3,False,"deliver_item(?item=item_7,?kitting_table=kitting_table_0)","deliver_item(?item=item_7,?kitting_table=kitting_table_0)",75.0,"deliver_item(?item=item_7,?kitting_table=kitting_table_0)",3.0,"deliver_item(?item=item_7,?kitting_table=kitting_table_0)",3.0,"deliver_item(?item=item_7,?kitting_table=kitting_table_0)",3.0,"deliver_item(?item=item_7,?kitting_table=kitting_table_0)",3.0,False,False,False,False,False,False,False,False,False,,,,,,,,,,,,,,
s00_on,env_layout0,0,no_current_task,counterfactual,False,"deliver_item(?item=item_3,?kitting_table=kitting_table_0)","deliver_item(?item=item_3,?kitting_table=kitting_table_0)",True,False,False,0.48764259479657657,77.79760132533269,,,3,False,"deliver_item(?item=item_7,?kitting_table=kitting_table_0)","deliver_item(?item=item_7,?kitting_table=kitting_table_0)",100.0,"deliver_item(?item=item_7,?kitting_table=kitting_table_0)",3.0,"deliver_item(?item=item_7,?kitting_table=kitting_table_0)",3.0,"deliver_item(?item=item_7,?kitting_table=kitting_table_0)",3.0,"deliver_item(?item=item_7,?kitting_table=kitting_table_0)",3.0,False,False,False,False,False,False,False,False,False,,,,,,,,,,,,,,
s00_on,env_layout0,0,no_current_task,counterfactual,False,"deliver_item(?item=item_3,?kitting_table=kitting_table_0)","deliver_item(?item=item_3,?kitting_table=kitting_table_0)",True,False,False,0.48764259479657657,77.79760132533269,,,3,False,"deliver_item(?item=item_7,?kitting_table=kitting_table_0)","deliver_item(?item=item_7,?kitting_table=kitting_table_0)",150.0,"deliver_item(?item=item_7,?kitting_table=kitting_table_0)",3.0,"deliver_item(?item=item_7,?kitting_table=kitting_table_0)",3.0,"deliver_item(?item=item_7,?kitting_table=kitting_table_0)",3.0,"deliver_item(?item=item_7,?kitting_table=kitting_table_0)",3.0,False,False,False,False,False,False,False,False,False,,,,,,,,,,,,,,
s00_on,env_layout0,0,no_current_task,counterfactual,False,"deliver_item(?item=item_3,?kitting_table=kitting_table_0)","deliver_item(?item=item_3,?kitting_table=kitting_table_0)",True,False,False,0.48764259479657657,77.79760132533269,,,3,False,"deliver_item(?item=item_7,?kitting_table=kitting_table_0)","deliver_item(?item=item_7,?kitting_table=kitting_table_0)",200.0,"deliver_item(?item=item_7,?kitting_table=kitting_table_0)",3.0,"deliver_item(?item=item_7,?kitting_table=kitting_table_0)",3.0,"deliver_item(?item=item_7,?kitting_table=kitting_table_0)",3.0,"deliver_item(?item=item_7,?kitting_table=kitting_table_0)",3.0,False,False,False,False,False,False,False,False,False,,,,,,,,,,,,,,
s00_on,env_layout0,0,no_current_task,counterfactual,False,"deliver_item(?item=item_3,?kitting_table=kitting_table_0)","deliver_item(?item=item_3,?kitting_table=kitting_table_0)",True,False,False,0.48764259479657657,77.79760132533269,,,3,False,"deliver_item(?item=item_7,?kitting_table=kitting_table_0)","deliver_item(?item=item_7,?kitting_table=kitting_table_0)",300.0,"deliver_item(?item=item_7,?kitting_table=kitting_table_0)",1.0,"deliver_item(?item=item_7,?kitting_table=kitting_table_0)",1.0,"deliver_item(?item=item_7,?kitting_table=kitting_table_0)",1.0,"deliver_item(?item=item_7,?kitting_table=kitting_table_0)",1.0,False,False,False,False,False,False,False,False,False,,,,,,,,,,,,,,
s00_on,env_layout0,0,no_current_task,counterfactual,False,"deliver_item(?item=item_3,?kitting_table=kitting_table_0)","deliver_item(?item=item_3,?kitting_table=kitting_table_0)",True,False,False,0.48764259479657657,77.79760132533269,,,3,False,"deliver_item(?item=item_7,?kitting_table=kitting_table_0)","deliver_item(?item=item_7,?kitting_table=kitting_table_0)",400.0,,0.0,,0.0,,0.0,,0.0,True,True,True,False,False,False,False,False,False,,,,,,,,,,,,,,
s00_on,env_layout0,0,no_current_task,counterfactual,False,"deliver_item(?item=item_3,?kitting_table=kitting_table_0)","deliver_item(?item=item_3,?kitting_table=kitting_table_0)",True,False,False,0.48764259479657657,77.79760132533269,,,3,False,"deliver_item(?item=item_7,?kitting_table=kitting_table_0)","deliver_item(?item=item_7,?kitting_table=kitting_table_0)",600.0,,0.0,,0.0,,0.0,,0.0,True,True,True,False,False,False,False,False,False,,,,,,,,,,,,,,
s00_on,env_layout0,7,task_committed,counterfactual,False,"deliver_item(?item=item_3,?kitting_table=kitting_table_0)","deliver_item(?item=item_3,?kitting_table=kitting_table_0)",True,False,False,0.644641603667864,70.79760132533269,"deliver_item(?item=item_7,?kitting_table=kitting_table_0)",item_7,3,True,"deliver_item(?item=item_7,?kitting_table=kitting_table_0)","deliver_item(?item=item_7,?kitting_table=kitting_table_0)",5.0,"deliver_item(?item=item_7,?kitting_table=kitting_table_0)",3.0,"deliver_item(?item=item_7,?kitting_table=kitting_table_0)",3.0,"deliver_item(?item=item_7,?kitting_table=kitting_table_0)",3.0,"deliver_item(?item=item_7,?kitting_table=kitting_table_0)",3.0,False,False,False,False,False,False,False,False,False,"deliver_item(?item=item_7,?kitting_table=kitting_table_0)",24.083423024705116,realized,0.0,0.0,realized,0.0,0.0,"deliver_item(?item=item_6,?kitting_table=kitting_table_0)",43.694156390730214,0.0,24.083423024705116,19.610733366025098,True
s00_on,env_layout0,7,task_committed,counterfactual,False,"deliver_item(?item=item_3,?kitting_table=kitting_table_0)","deliver_item(?item=item_3,?kitting_table=kitting_table_0)",True,False,False,0.644641603667864,70.79760132533269,"deliver_item(?item=item_7,?kitting_table=kitting_table_0)",item_7,3,True,"deliver_item(?item=item_7,?kitting_table=kitting_table_0)","deliver_item(?item=item_7,?kitting_table=kitting_table_0)",10.0,"deliver_item(?item=item_7,?kitting_table=kitting_table_0)",3.0,"deliver_item(?item=item_7,?kitting_table=kitting_table_0)",3.0,"deliver_item(?item=item_7,?kitting_table=kitting_table_0)",3.0,"deliver_item(?item=item_7,?kitting_table=kitting_table_0)",3.0,False,False,False,False,False,False,False,False,False,"deliver_item(?item=item_7,?kitting_table=kitting_table_0)",24.083423024705116,realized,0.0,0.0,realized,0.0,0.0,"deliver_item(?item=item_6,?kitting_table=kitting_table_0)",43.694156390730214,0.0,24.083423024705116,19.610733366025098,True
s00_on,env_layout0,7,task_committed,counterfactual,False,"deliver_item(?item=item_3,?kitting_table=kitting_table_0)","deliver_item(?item=item_3,?kitting_table=kitting_table_0)",True,False,False,0.644641603667864,70.79760132533269,"deliver_item(?item=item_7,?kitting_table=kitting_table_0)",item_7,3,True,"deliver_item(?item=item_7,?kitting_table=kitting_table_0)","deliver_item(?item=item_7,?kitting_table=kitting_table_0)",20.0,"deliver_item(?item=item_7,?kitting_table=kitting_table_0)",3.0,"deliver_item(?item=item_7,?kitting_table=kitting_table_0)",3.0,"deliver_item(?item=item_7,?kitting_table=kitting_table_0)",3.0,"deliver_item(?item=item_7,?kitting_table=kitting_table_0)",3.0,False,False,False,False,False,False,False,False,False,"deliver_item(?item=item_7,?kitting_table=kitting_table_0)",24.083423024705116,realized,0.0,0.0,realized,0.0,0.0,"deliver_item(?item=item_6,?kitting_table=kitting_table_0)",43.694156390730214,0.0,24.083423024705116,19.610733366025098,True
s00_on,env_layout0,7,task_committed,counterfactual,False,"deliver_item(?item=item_3,?kitting_table=kitting_table_0)","deliver_item(?item=item_3,?kitting_table=kitting_table_0)",True,False,False,0.644641603667864,70.79760132533269,"deliver_item(?item=item_7,?kitting_table=kitting_table_0)",item_7,3,True,"deliver_item(?item=item_7,?kitting_table=kitting_table_0)","deliver_item(?item=item_7,?kitting_table=kitting_table_0)",30.0,"deliver_item(?item=item_7,?kitting_table=kitting_table_0)",3.0,"deliver_item(?item=item_7,?kitting_table=kitting_table_0)",3.0,"deliver_item(?item=item_7,?kitting_table=kitting_table_0)",3.0,"deliver_item(?item=item_7,?kitting_table=kitting_table_0)",3.0,False,False,False,False,False,False,False,False,False,"deliver_item(?item=item_7,?kitting_table=kitting_table_0)",24.083423024705116,realized,0.0,0.0,realized,0.0,0.0,"deliver_item(?item=item_6,?kitting_table=kitting_table_0)",43.694156390730214,0.0,24.083423024705116,19.610733366025098,True
s00_on,env_layout0,7,task_committed,counterfactual,False,"deliver_item(?item=item_3,?kitting_table=kitting_table_0)","deliver_item(?item=item_3,?kitting_table=kitting_table_0)",True,False,False,0.644641603667864,70.79760132533269,"deliver_item(?item=item_7,?kitting_table=kitting_table_0)",item_7,3,True,"deliver_item(?item=item_7,?kitting_table=kitting_table_0)","deliver_item(?item=item_7,?kitting_table=kitting_table_0)",40.0,"deliver_item(?item=item_7,?kitting_table=kitting_table_0)",3.0,"deliver_item(?item=item_7,?kitting_table=kitting_table_0)",3.0,"deliver_item(?item=item_7,?kitting_table=kitting_table_0)",3.0,"deliver_item(?item=item_7,?kitting_table=kitting_table_0)",3.0,False,False,False,False,False,False,False,False,False,"deliver_item(?item=item_7,?kitting_table=kitting_table_0)",24.083423024705116,realized,0.0,0.0,realized,0.0,0.0,"deliver_item(?item=item_6,?kitting_table=kitting_table_0)",43.694156390730214,0.0,24.083423024705116,19.610733366025098,True
s00_on,env_layout0,7,task_committed,counterfactual,False,"deliver_item(?item=item_3,?kitting_table=kitting_table_0)","deliver_item(?item=item_3,?kitting_table=kitting_table_0)",True,False,False,0.644641603667864,70.79760132533269,"deliver_item(?item=item_7,?kitting_table=kitting_table_0)",item_7,3,True,"deliver_item(?item=item_7,?kitting_table=kitting_table_0)","deliver_item(?item=item_7,?kitting_table=kitting_table_0)",50.0,"deliver_item(?item=item_7,?kitting_table=kitting_table_0)",3.0,"deliver_item(?item=item_7,?kitting_table=kitting_table_0)",3.0,"deliver_item(?item=item_7,?kitting_table=kitting_table_0)",3.0,"deliver_item(?item=item_7,?kitting_table=kitting_table_0)",3.0,False,False,False,False,False,False,False,False,False,"deliver_item(?item=item_7,?kitting_table=kitting_table_0)",24.083423024705116,realized,0.0,0.0,realized,0.0,0.0,"deliver_item(?item=item_6,?kitting_table=kitting_table_0)",43.694156390730214,0.0,24.083423024705116,19.610733366025098,True
s00_on,env_layout0,7,task_committed,counterfactual,False,"deliver_item(?item=item_3,?kitting_table=kitting_table_0)","deliver_item(?item=item_3,?kitting_table=kitting_table_0)",True,False,False,0.644641603667864,70.79760132533269,"deliver_item(?item=item_7,?kitting_table=kitting_table_0)",item_7,3,True,"deliver_item(?item=item_7,?kitting_table=kitting_table_0)","deliver_item(?item=item_7,?kitting_table=kitting_table_0)",75.0,"deliver_item(?item=item_7,?kitting_table=kitting_table_0)",3.0,"deliver_item(?item=item_7,?kitting_table=kitting_table_0)",3.0,"deliver_item(?item=item_7,?kitting_table=kitting_table_0)",3.0,"deliver_item(?item=item_7,?kitting_table=kitting_table_0)",3.0,False,False,False,False,False,False,False,False,False,"deliver_item(?item=item_7,?kitting_table=kitting_table_0)",24.083423024705116,realized,0.0,0.0,realized,0.0,0.0,"deliver_item(?item=item_6,?kitting_table=kitting_table_0)",43.694156390730214,0.0,24.083423024705116,19.610733366025098,True
s00_on,env_layout0,7,task_committed,counterfactual,False,"deliver_item(?item=item_3,?kitting_table=kitting_table_0)","deliver_item(?item=item_3,?kitting_table=kitting_table_0)",True,False,False,0.644641603667864,70.79760132533269,"deliver_item(?item=item_7,?kitting_table=kitting_table_0)",item_7,3,True,"deliver_item(?item=item_7,?kitting_table=kitting_table_0)","deliver_item(?item=item_7,?kitting_table=kitting_table_0)",100.0,"deliver_item(?item=item_7,?kitting_table=kitting_table_0)",3.0,"deliver_item(?item=item_7,?kitting_table=kitting_table_0)",3.0,"deliver_item(?item=item_7,?kitting_table=kitting_table_0)",3.0,"deliver_item(?item=item_7,?kitting_table=kitting_table_0)",3.0,False,False,False,False,False,False,False,False,False,"deliver_item(?item=item_7,?kitting_table=kitting_table_0)",24.083423024705116,realized,0.0,0.0,realized,0.0,0.0,"deliver_item(?item=item_6,?kitting_table=kitting_table_0)",43.694156390730214,0.0,24.083423024705116,19.610733366025098,True
s00_on,env_layout0,7,task_committed,counterfactual,False,"deliver_item(?item=item_3,?kitting_table=kitting_table_0)","deliver_item(?item=item_3,?kitting_table=kitting_table_0)",True,False,False,0.644641603667864,70.79760132533269,"deliver_item(?item=item_7,?kitting_table=kitting_table_0)",item_7,3,True,"deliver_item(?item=item_7,?kitting_table=kitting_table_0)","deliver_item(?item=item_7,?kitting_table=kitting_table_0)",150.0,"deliver_item(?item=item_7,?kitting_table=kitting_table_0)",3.0,"deliver_item(?item=item_7,?kitting_table=kitting_table_0)",3.0,"deliver_item(?item=item_7,?kitting_table=kitting_table_0)",3.0,"deliver_item(?item=item_7,?kitting_table=kitting_table_0)",3.0,False,False,False,False,False,False,False,False,False,"deliver_item(?item=item_7,?kitting_table=kitting_table_0)",24.083423024705116,realized,0.0,0.0,realized,0.0,0.0,"deliver_item(?item=item_6,?kitting_table=kitting_table_0)",43.694156390730214,0.0,24.083423024705116,19.610733366025098,True
s00_on,env_layout0,7,task_committed,counterfactual,False,"deliver_item(?item=item_3,?kitting_table=kitting_table_0)","deliver_item(?item=item_3,?kitting_table=kitting_table_0)",True,False,False,0.644641603667864,70.79760132533269,"deliver_item(?item=item_7,?kitting_table=kitting_table_0)",item_7,3,True,"deliver_item(?item=item_7,?kitting_table=kitting_table_0)","deliver_item(?item=item_7,?kitting_table=kitting_table_0)",200.0,"deliver_item(?item=item_7,?kitting_table=kitting_table_0)",3.0,"deliver_item(?item=item_7,?kitting_table=kitting_table_0)",3.0,"deliver_item(?item=item_7,?kitting_table=kitting_table_0)",3.0,"deliver_item(?item=item_7,?kitting_table=kitting_table_0)",3.0,False,False,False,False,False,False,False,False,False,"deliver_item(?item=item_7,?kitting_table=kitting_table_0)",24.083423024705116,realized,0.0,0.0,realized,0.0,0.0,"deliver_item(?item=item_6,?kitting_table=kitting_table_0)",43.694156390730214,0.0,24.083423024705116,19.610733366025098,True
s00_on,env_layout0,7,task_committed,counterfactual,False,"deliver_item(?item=item_3,?kitting_table=kitting_table_0)","deliver_item(?item=item_3,?kitting_table=kitting_table_0)",True,False,False,0.644641603667864,70.79760132533269,"deliver_item(?item=item_7,?kitting_table=kitting_table_0)",item_7,3,True,"deliver_item(?item=item_7,?kitting_table=kitting_table_0)","deliver_item(?item=item_7,?kitting_table=kitting_table_0)",300.0,"deliver_item(?item=item_7,?kitting_table=kitting_table_0)",1.0,"deliver_item(?item=item_7,?kitting_table=kitting_table_0)",1.0,"deliver_item(?item=item_7,?kitting_table=kitting_table_0)",1.0,"deliver_item(?item=item_7,?kitting_table=kitting_table_0)",1.0,False,False,False,False,False,False,False,False,False,"deliver_item(?item=item_7,?kitting_table=kitting_table_0)",24.083423024705116,realized,0.0,0.0,realized,0.0,0.0,,,,24.083423024705116,,True
s00_on,env_layout0,7,task_committed,counterfactual,False,"deliver_item(?item=item_3,?kitting_table=kitting_table_0)","deliver_item(?item=item_3,?kitting_table=kitting_table_0)",True,False,False,0.644641603667864,70.79760132533269,"deliver_item(?item=item_7,?kitting_table=kitting_table_0)",item_7,3,True,"deliver_item(?item=item_7,?kitting_table=kitting_table_0)","deliver_item(?item=item_7,?kitting_table=kitting_table_0)",400.0,,0.0,,0.0,,0.0,,0.0,True,True,True,False,False,False,False,False,False,"deliver_item(?item=item_7,?kitting_table=kitting_table_0)",24.083423024705116,none:hold_position_violated,,,none:no_feasible_start,,,,,,,,False
s00_on,env_layout0,7,task_committed,counterfactual,False,"deliver_item(?item=item_3,?kitting_table=kitting_table_0)","deliver_item(?item=item_3,?kitting_table=kitting_table_0)",True,False,False,0.644641603667864,70.79760132533269,"deliver_item(?item=item_7,?kitting_table=kitting_table_0)",item_7,3,True,"deliver_item(?item=item_7,?kitting_table=kitting_table_0)","deliver_item(?item=item_7,?kitting_table=kitting_table_0)",600.0,,0.0,,0.0,,0.0,,0.0,True,True,True,False,False,False,False,False,False,"deliver_item(?item=item_7,?kitting_table=kitting_table_0)",24.083423024705116,none:hold_position_violated,,,none:no_feasible_start,,,,,,,,False
s00_on,env_layout0,11,theta_crossed,primary,True,"deliver_item(?item=item_3,?kitting_table=kitting_table_0)","deliver_item(?item=item_3,?kitting_table=kitting_table_0)",True,False,False,0.7683137591159451,66.79760132533269,"deliver_item(?item=item_7,?kitting_table=kitting_table_0)",item_7,3,True,"deliver_item(?item=item_7,?kitting_table=kitting_table_0)","deliver_item(?item=item_7,?kitting_table=kitting_table_0)",5.0,"deliver_item(?item=item_7,?kitting_table=kitting_table_0)",3.0,"deliver_item(?item=item_7,?kitting_table=kitting_table_0)",3.0,"deliver_item(?item=item_7,?kitting_table=kitting_table_0)",3.0,"deliver_item(?item=item_7,?kitting_table=kitting_table_0)",3.0,False,False,False,False,False,False,False,False,False,"deliver_item(?item=item_7,?kitting_table=kitting_table_0)",20.08342302470512,realized,0.0,0.0,realized,0.0,0.0,"deliver_item(?item=item_6,?kitting_table=kitting_table_0)",47.61439336175441,0.0,20.08342302470512,27.53097033704929,True
s00_on,env_layout0,11,theta_crossed,primary,True,"deliver_item(?item=item_3,?kitting_table=kitting_table_0)","deliver_item(?item=item_3,?kitting_table=kitting_table_0)",True,False,False,0.7683137591159451,66.79760132533269,"deliver_item(?item=item_7,?kitting_table=kitting_table_0)",item_7,3,True,"deliver_item(?item=item_7,?kitting_table=kitting_table_0)","deliver_item(?item=item_7,?kitting_table=kitting_table_0)",10.0,"deliver_item(?item=item_7,?kitting_table=kitting_table_0)",3.0,"deliver_item(?item=item_7,?kitting_table=kitting_table_0)",3.0,"deliver_item(?item=item_7,?kitting_table=kitting_table_0)",3.0,"deliver_item(?item=item_7,?kitting_table=kitting_table_0)",3.0,False,False,False,False,False,False,False,False,False,"deliver_item(?item=item_7,?kitting_table=kitting_table_0)",20.08342302470512,realized,0.0,0.0,realized,0.0,0.0,"deliver_item(?item=item_6,?kitting_table=kitting_table_0)",47.61439336175441,0.0,20.08342302470512,27.53097033704929,True
s00_on,env_layout0,11,theta_crossed,primary,True,"deliver_item(?item=item_3,?kitting_table=kitting_table_0)","deliver_item(?item=item_3,?kitting_table=kitting_table_0)",True,False,False,0.7683137591159451,66.79760132533269,"deliver_item(?item=item_7,?kitting_table=kitting_table_0)",item_7,3,True,"deliver_item(?item=item_7,?kitting_table=kitting_table_0)","deliver_item(?item=item_7,?kitting_table=kitting_table_0)",20.0,"deliver_item(?item=item_7,?kitting_table=kitting_table_0)",3.0,"deliver_item(?item=item_7,?kitting_table=kitting_table_0)",3.0,"deliver_item(?item=item_7,?kitting_table=kitting_table_0)",3.0,"deliver_item(?item=item_7,?kitting_table=kitting_table_0)",3.0,False,False,False,False,False,False,False,False,False,"deliver_item(?item=item_7,?kitting_table=kitting_table_0)",20.08342302470512,realized,0.0,0.0,realized,0.0,0.0,"deliver_item(?item=item_6,?kitting_table=kitting_table_0)",47.61439336175441,0.0,20.08342302470512,27.53097033704929,True
s00_on,env_layout0,11,theta_crossed,primary,True,"deliver_item(?item=item_3,?kitting_table=kitting_table_0)","deliver_item(?item=item_3,?kitting_table=kitting_table_0)",True,False,False,0.7683137591159451,66.79760132533269,"deliver_item(?item=item_7,?kitting_table=kitting_table_0)",item_7,3,True,"deliver_item(?item=item_7,?kitting_table=kitting_table_0)","deliver_item(?item=item_7,?kitting_table=kitting_table_0)",30.0,"deliver_item(?item=item_7,?kitting_table=kitting_table_0)",3.0,"deliver_item(?item=item_7,?kitting_table=kitting_table_0)",3.0,"deliver_item(?item=item_7,?kitting_table=kitting_table_0)",3.0,"deliver_item(?item=item_7,?kitting_table=kitting_table_0)",3.0,False,False,False,False,False,False,False,False,False,"deliver_item(?item=item_7,?kitting_table=kitting_table_0)",20.08342302470512,realized,0.0,0.0,realized,0.0,0.0,"deliver_item(?item=item_6,?kitting_table=kitting_table_0)",47.61439336175441,0.0,20.08342302470512,27.53097033704929,True
s00_on,env_layout0,11,theta_crossed,primary,True,"deliver_item(?item=item_3,?kitting_table=kitting_table_0)","deliver_item(?item=item_3,?kitting_table=kitting_table_0)",True,False,False,0.7683137591159451,66.79760132533269,"deliver_item(?item=item_7,?kitting_table=kitting_table_0)",item_7,3,True,"deliver_item(?item=item_7,?kitting_table=kitting_table_0)","deliver_item(?item=item_7,?kitting_table=kitting_table_0)",40.0,"deliver_item(?item=item_7,?kitting_table=kitting_table_0)",3.0,"deliver_item(?item=item_7,?kitting_table=kitting_table_0)",3.0,"deliver_item(?item=item_7,?kitting_table=kitting_table_0)",3.0,"deliver_item(?item=item_7,?kitting_table=kitting_table_0)",3.0,False,False,False,False,False,False,False,False,False,"deliver_item(?item=item_7,?kitting_table=kitting_table_0)",20.08342302470512,realized,0.0,0.0,realized,0.0,0.0,"deliver_item(?item=item_6,?kitting_table=kitting_table_0)",47.61439336175441,0.0,20.08342302470512,27.53097033704929,True
s00_on,env_layout0,11,theta_crossed,primary,True,"deliver_item(?item=item_3,?kitting_table=kitting_table_0)","deliver_item(?item=item_3,?kitting_table=kitting_table_0)",True,False,False,0.7683137591159451,66.79760132533269,"deliver_item(?item=item_7,?kitting_table=kitting_table_0)",item_7,3,True,"deliver_item(?item=item_7,?kitting_table=kitting_table_0)","deliver_item(?item=item_7,?kitting_table=kitting_table_0)",50.0,"deliver_item(?item=item_7,?kitting_table=kitting_table_0)",3.0,"deliver_item(?item=item_7,?kitting_table=kitting_table_0)",3.0,"deliver_item(?item=item_7,?kitting_table=kitting_table_0)",3.0,"deliver_item(?item=item_7,?kitting_table=kitting_table_0)",3.0,False,False,False,False,False,False,False,False,False,"deliver_item(?item=item_7,?kitting_table=kitting_table_0)",20.08342302470512,realized,0.0,0.0,realized,0.0,0.0,"deliver_item(?item=item_6,?kitting_table=kitting_table_0)",47.61439336175441,0.0,20.08342302470512,27.53097033704929,True
s00_on,env_layout0,11,theta_crossed,primary,True,"deliver_item(?item=item_3,?kitting_table=kitting_table_0)","deliver_item(?item=item_3,?kitting_table=kitting_table_0)",True,False,False,0.7683137591159451,66.79760132533269,"deliver_item(?item=item_7,?kitting_table=kitting_table_0)",item_7,3,True,"deliver_item(?item=item_7,?kitting_table=kitting_table_0)","deliver_item(?item=item_7,?kitting_table=kitting_table_0)",75.0,"deliver_item(?item=item_7,?kitting_table=kitting_table_0)",3.0,"deliver_item(?item=item_7,?kitting_table=kitting_table_0)",3.0,"deliver_item(?item=item_7,?kitting_table=kitting_table_0)",3.0,"deliver_item(?item=item_7,?kitting_table=kitting_table_0)",3.0,False,False,False,False,False,False,False,False,False,"deliver_item(?item=item_7,?kitting_table=kitting_table_0)",20.08342302470512,realized,0.0,0.0,realized,0.0,0.0,"deliver_item(?item=item_6,?kitting_table=kitting_table_0)",47.61439336175441,0.0,20.08342302470512,27.53097033704929,True
s00_on,env_layout0,11,theta_crossed,primary,True,"deliver_item(?item=item_3,?kitting_table=kitting_table_0)","deliver_item(?item=item_3,?kitting_table=kitting_table_0)",True,False,False,0.7683137591159451,66.79760132533269,"deliver_item(?item=item_7,?kitting_table=kitting_table_0)",item_7,3,True,"deliver_item(?item=item_7,?kitting_table=kitting_table_0)","deliver_item(?item=item_7,?kitting_table=kitting_table_0)",100.0,"deliver_item(?item=item_7,?kitting_table=kitting_table_0)",3.0,"deliver_item(?item=item_7,?kitting_table=kitting_table_0)",3.0,"deliver_item(?item=item_7,?kitting_table=kitting_table_0)",3.0,"deliver_item(?item=item_7,?kitting_table=kitting_table_0)",3.0,False,False,False,False,False,False,False,False,False,"deliver_item(?item=item_7,?kitting_table=kitting_table_0)",20.08342302470512,realized,0.0,0.0,realized,0.0,0.0,"deliver_item(?item=item_6,?kitting_table=kitting_table_0)",47.61439336175441,0.0,20.08342302470512,27.53097033704929,True
s00_on,env_layout0,11,theta_crossed,primary,True,"deliver_item(?item=item_3,?kitting_table=kitting_table_0)","deliver_item(?item=item_3,?kitting_table=kitting_table_0)",True,False,False,0.7683137591159451,66.79760132533269,"deliver_item(?item=item_7,?kitting_table=kitting_table_0)",item_7,3,True,"deliver_item(?item=item_7,?kitting_table=kitting_table_0)","deliver_item(?item=item_7,?kitting_table=kitting_table_0)",150.0,"deliver_item(?item=item_7,?kitting_table=kitting_table_0)",3.0,"deliver_item(?item=item_7,?kitting_table=kitting_table_0)",3.0,"deliver_item(?item=item_7,?kitting_table=kitting_table_0)",3.0,"deliver_item(?item=item_7,?kitting_table=kitting_table_0)",3.0,False,False,False,False,False,False,False,False,False,"deliver_item(?item=item_7,?kitting_table=kitting_table_0)",20.08342302470512,realized,0.0,0.0,realized,0.0,0.0,"deliver_item(?item=item_6,?kitting_table=kitting_table_0)",47.61439336175441,0.0,20.08342302470512,27.53097033704929,True
s00_on,env_layout0,11,theta_crossed,primary,True,"deliver_item(?item=item_3,?kitting_table=kitting_table_0)","deliver_item(?item=item_3,?kitting_table=kitting_table_0)",True,False,False,0.7683137591159451,66.79760132533269,"deliver_item(?item=item_7,?kitting_table=kitting_table_0)",item_7,3,True,"deliver_item(?item=item_7,?kitting_table=kitting_table_0)","deliver_item(?item=item_7,?kitting_table=kitting_table_0)",200.0,"deliver_item(?item=item_7,?kitting_table=kitting_table_0)",3.0,"deliver_item(?item=item_7,?kitting_table=kitting_table_0)",3.0,"deliver_item(?item=item_7,?kitting_table=kitting_table_0)",3.0,"deliver_item(?item=item_7,?kitting_table=kitting_table_0)",3.0,False,False,False,False,False,False,False,False,False,"deliver_item(?item=item_7,?kitting_table=kitting_table_0)",20.08342302470512,realized,0.0,0.0,realized,0.0,0.0,"deliver_item(?item=item_6,?kitting_table=kitting_table_0)",47.61439336175441,0.0,20.08342302470512,27.53097033704929,True
s00_on,env_layout0,11,theta_crossed,primary,True,"deliver_item(?item=item_3,?kitting_table=kitting_table_0)","deliver_item(?item=item_3,?kitting_table=kitting_table_0)",True,False,False,0.7683137591159451,66.79760132533269,"deliver_item(?item=item_7,?kitting_table=kitting_table_0)",item_7,3,True,"deliver_item(?item=item_7,?kitting_table=kitting_table_0)","deliver_item(?item=item_7,?kitting_table=kitting_table_0)",300.0,"deliver_item(?item=item_7,?kitting_table=kitting_table_0)",1.0,"deliver_item(?item=item_7,?kitting_table=kitting_table_0)",1.0,"deliver_item(?item=item_7,?kitting_table=kitting_table_0)",1.0,"deliver_item(?item=item_7,?kitting_table=kitting_table_0)",1.0,False,False,False,False,False,False,False,False,False,"deliver_item(?item=item_7,?kitting_table=kitting_table_0)",20.08342302470512,realized,0.0,0.0,realized,0.0,0.0,,,,20.08342302470512,,True
s00_on,env_layout0,11,theta_crossed,primary,True,"deliver_item(?item=item_3,?kitting_table=kitting_table_0)","deliver_item(?item=item_3,?kitting_table=kitting_table_0)",True,False,False,0.7683137591159451,66.79760132533269,"deliver_item(?item=item_7,?kitting_table=kitting_table_0)",item_7,3,True,"deliver_item(?item=item_7,?kitting_table=kitting_table_0)","deliver_item(?item=item_7,?kitting_table=kitting_table_0)",400.0,,0.0,,0.0,,0.0,,0.0,True,True,True,False,False,False,False,False,False,"deliver_item(?item=item_7,?kitting_table=kitting_table_0)",20.08342302470512,none:hold_position_violated,,,none:no_feasible_start,,,,,,,,False
s00_on,env_layout0,11,theta_crossed,primary,True,"deliver_item(?item=item_3,?kitting_table=kitting_table_0)","deliver_item(?item=item_3,?kitting_table=kitting_table_0)",True,False,False,0.7683137591159451,66.79760132533269,"deliver_item(?item=item_7,?kitting_table=kitting_table_0)",item_7,3,True,"deliver_item(?item=item_7,?kitting_table=kitting_table_0)","deliver_item(?item=item_7,?kitting_table=kitting_table_0)",600.0,,0.0,,0.0,,0.0,,0.0,True,True,True,False,False,False,False,False,False,"deliver_item(?item=item_7,?kitting_table=kitting_table_0)",20.08342302470512,none:hold_position_violated,,,none:no_feasible_start,,,,,,,,False
s00_on,env_layout0,33,no_current_task,primary,True,"deliver_item(?item=item_3,?kitting_table=kitting_table_0)","deliver_item(?item=item_3,?kitting_table=kitting_table_0)",True,False,False,0.9054580831686632,44.79760132533269,,,2,False,"deliver_item(?item=item_6,?kitting_table=kitting_table_0)","deliver_item(?item=item_6,?kitting_table=kitting_table_0)",5.0,"deliver_item(?item=item_6,?kitting_table=kitting_table_0)",2.0,"deliver_item(?item=item_6,?kitting_table=kitting_table_0)",2.0,"deliver_item(?item=item_6,?kitting_table=kitting_table_0)",2.0,"deliver_item(?item=item_6,?kitting_table=kitting_table_0)",2.0,False,False,False,False,False,False,False,False,False,,,,,,,,,,,,,,
s00_on,env_layout0,33,no_current_task,primary,True,"deliver_item(?item=item_3,?kitting_table=kitting_table_0)","deliver_item(?item=item_3,?kitting_table=kitting_table_0)",True,False,False,0.9054580831686632,44.79760132533269,,,2,False,"deliver_item(?item=item_6,?kitting_table=kitting_table_0)","deliver_item(?item=item_6,?kitting_table=kitting_table_0)",10.0,"deliver_item(?item=item_6,?kitting_table=kitting_table_0)",2.0,"deliver_item(?item=item_6,?kitting_table=kitting_table_0)",2.0,"deliver_item(?item=item_6,?kitting_table=kitting_table_0)",2.0,"deliver_item(?item=item_6,?kitting_table=kitting_table_0)",2.0,False,False,False,False,False,False,False,False,False,,,,,,,,,,,,,,
s00_on,env_layout0,33,no_current_task,primary,True,"deliver_item(?item=item_3,?kitting_table=kitting_table_0)","deliver_item(?item=item_3,?kitting_table=kitting_table_0)",True,False,False,0.9054580831686632,44.79760132533269,,,2,False,"deliver_item(?item=item_6,?kitting_table=kitting_table_0)","deliver_item(?item=item_6,?kitting_table=kitting_table_0)",20.0,"deliver_item(?item=item_6,?kitting_table=kitting_table_0)",2.0,"deliver_item(?item=item_6,?kitting_table=kitting_table_0)",2.0,"deliver_item(?item=item_6,?kitting_table=kitting_table_0)",2.0,"deliver_item(?item=item_6,?kitting_table=kitting_table_0)",2.0,False,False,False,False,False,False,False,False,False,,,,,,,,,,,,,,
s00_on,env_layout0,33,no_current_task,primary,True,"deliver_item(?item=item_3,?kitting_table=kitting_table_0)","deliver_item(?item=item_3,?kitting_table=kitting_table_0)",True,False,False,0.9054580831686632,44.79760132533269,,,2,False,"deliver_item(?item=item_6,?kitting_table=kitting_table_0)","deliver_item(?item=item_6,?kitting_table=kitting_table_0)",30.0,"deliver_item(?item=item_6,?kitting_table=kitting_table_0)",2.0,"deliver_item(?item=item_6,?kitting_table=kitting_table_0)",2.0,"deliver_item(?item=item_6,?kitting_table=kitting_table_0)",2.0,"deliver_item(?item=item_6,?kitting_table=kitting_table_0)",2.0,False,False,False,False,False,False,False,False,False,,,,,,,,,,,,,,
s00_on,env_layout0,33,no_current_task,primary,True,"deliver_item(?item=item_3,?kitting_table=kitting_table_0)","deliver_item(?item=item_3,?kitting_table=kitting_table_0)",True,False,False,0.9054580831686632,44.79760132533269,,,2,False,"deliver_item(?item=item_6,?kitting_table=kitting_table_0)","deliver_item(?item=item_6,?kitting_table=kitting_table_0)",40.0,"deliver_item(?item=item_6,?kitting_table=kitting_table_0)",2.0,"deliver_item(?item=item_6,?kitting_table=kitting_table_0)",2.0,"deliver_item(?item=item_6,?kitting_table=kitting_table_0)",2.0,"deliver_item(?item=item_6,?kitting_table=kitting_table_0)",2.0,False,False,False,False,False,False,False,False,False,,,,,,,,,,,,,,
s00_on,env_layout0,33,no_current_task,primary,True,"deliver_item(?item=item_3,?kitting_table=kitting_table_0)","deliver_item(?item=item_3,?kitting_table=kitting_table_0)",True,False,False,0.9054580831686632,44.79760132533269,,,2,False,"deliver_item(?item=item_6,?kitting_table=kitting_table_0)","deliver_item(?item=item_6,?kitting_table=kitting_table_0)",50.0,"deliver_item(?item=item_6,?kitting_table=kitting_table_0)",2.0,"deliver_item(?item=item_6,?kitting_table=kitting_table_0)",2.0,"deliver_item(?item=item_6,?kitting_table=kitting_table_0)",2.0,"deliver_item(?item=item_6,?kitting_table=kitting_table_0)",2.0,False,False,False,False,False,False,False,False,False,,,,,,,,,,,,,,
s00_on,env_layout0,33,no_current_task,primary,True,"deliver_item(?item=item_3,?kitting_table=kitting_table_0)","deliver_item(?item=item_3,?kitting_table=kitting_table_0)",True,False,False,0.9054580831686632,44.79760132533269,,,2,False,"deliver_item(?item=item_6,?kitting_table=kitting_table_0)","deliver_item(?item=item_6,?kitting_table=kitting_table_0)",75.0,"deliver_item(?item=item_6,?kitting_table=kitting_table_0)",2.0,"deliver_item(?item=item_6,?kitting_table=kitting_table_0)",2.0,"deliver_item(?item=item_6,?kitting_table=kitting_table_0)",2.0,"deliver_item(?item=item_6,?kitting_table=kitting_table_0)",2.0,False,False,False,False,False,False,False,False,False,,,,,,,,,,,,,,
s00_on,env_layout0,33,no_current_task,primary,True,"deliver_item(?item=item_3,?kitting_table=kitting_table_0)","deliver_item(?item=item_3,?kitting_table=kitting_table_0)",True,False,False,0.9054580831686632,44.79760132533269,,,2,False,"deliver_item(?item=item_6,?kitting_table=kitting_table_0)","deliver_item(?item=item_6,?kitting_table=kitting_table_0)",100.0,"deliver_item(?item=item_6,?kitting_table=kitting_table_0)",2.0,"deliver_item(?item=item_6,?kitting_table=kitting_table_0)",2.0,"deliver_item(?item=item_6,?kitting_table=kitting_table_0)",2.0,"deliver_item(?item=item_6,?kitting_table=kitting_table_0)",2.0,False,False,False,False,False,False,False,False,False,,,,,,,,,,,,,,
s00_on,env_layout0,33,no_current_task,primary,True,"deliver_item(?item=item_3,?kitting_table=kitting_table_0)","deliver_item(?item=item_3,?kitting_table=kitting_table_0)",True,False,False,0.9054580831686632,44.79760132533269,,,2,False,"deliver_item(?item=item_6,?kitting_table=kitting_table_0)","deliver_item(?item=item_6,?kitting_table=kitting_table_0)",150.0,"deliver_item(?item=item_4,?kitting_table=kitting_table_0)",1.0,"deliver_item(?item=item_4,?kitting_table=kitting_table_0)",1.0,"deliver_item(?item=item_4,?kitting_table=kitting_table_0)",1.0,"deliver_item(?item=item_4,?kitting_table=kitting_table_0)",1.0,False,False,False,False,True,True,True,True,True,,,,,,,,,,,,,,
s00_on,env_layout0,33,no_current_task,primary,True,"deliver_item(?item=item_3,?kitting_table=kitting_table_0)","deliver_item(?item=item_3,?kitting_table=kitting_table_0)",True,False,False,0.9054580831686632,44.79760132533269,,,2,False,"deliver_item(?item=item_6,?kitting_table=kitting_table_0)","deliver_item(?item=item_6,?kitting_table=kitting_table_0)",200.0,"deliver_item(?item=item_4,?kitting_table=kitting_table_0)",1.0,"deliver_item(?item=item_4,?kitting_table=kitting_table_0)",1.0,"deliver_item(?item=item_4,?kitting_table=kitting_table_0)",1.0,"deliver_item(?item=item_4,?kitting_table=kitting_table_0)",1.0,False,False,False,False,True,True,True,True,True,,,,,,,,,,,,,,
s00_on,env_layout0,33,no_current_task,primary,True,"deliver_item(?item=item_3,?kitting_table=kitting_table_0)","deliver_item(?item=item_3,?kitting_table=kitting_table_0)",True,False,False,0.9054580831686632,44.79760132533269,,,2,False,"deliver_item(?item=item_6,?kitting_table=kitting_table_0)","deliver_item(?item=item_6,?kitting_table=kitting_table_0)",300.0,"deliver_item(?item=item_4,?kitting_table=kitting_table_0)",1.0,"deliver_item(?item=item_4,?kitting_table=kitting_table_0)",1.0,"deliver_item(?item=item_4,?kitting_table=kitting_table_0)",1.0,"deliver_item(?item=item_4,?kitting_table=kitting_table_0)",1.0,False,False,False,False,True,True,True,True,True,,,,,,,,,,,,,,
s00_on,env_layout0,33,no_current_task,primary,True,"deliver_item(?item=item_3,?kitting_table=kitting_table_0)","deliver_item(?item=item_3,?kitting_table=kitting_table_0)",True,False,False,0.9054580831686632,44.79760132533269,,,2,False,"deliver_item(?item=item_6,?kitting_table=kitting_table_0)","deliver_item(?item=item_6,?kitting_table=kitting_table_0)",400.0,,0.0,,0.0,,0.0,,0.0,True,True,True,False,False,False,False,False,False,,,,,,,,,,,,,,
s00_on,env_layout0,33,no_current_task,primary,True,"deliver_item(?item=item_3,?kitting_table=kitting_table_0)","deliver_item(?item=item_3,?kitting_table=kitting_table_0)",True,False,False,0.9054580831686632,44.79760132533269,,,2,False,"deliver_item(?item=item_6,?kitting_table=kitting_table_0)","deliver_item(?item=item_6,?kitting_table=kitting_table_0)",600.0,,0.0,,0.0,,0.0,,0.0,True,True,True,False,False,False,False,False,False,,,,,,,,,,,,,,
s00_on,env_layout0,63,task_committed,primary,True,"deliver_item(?item=item_3,?kitting_table=kitting_table_0)","deliver_item(?item=item_3,?kitting_table=kitting_table_0)",True,False,False,0.9950079939803209,14.909208982206618,"deliver_item(?item=item_6,?kitting_table=kitting_table_0)",item_6,2,True,"deliver_item(?item=item_6,?kitting_table=kitting_table_0)","deliver_item(?item=item_6,?kitting_table=kitting_table_0)",5.0,"deliver_item(?item=item_6,?kitting_table=kitting_table_0)",2.0,"deliver_item(?item=item_6,?kitting_table=kitting_table_0)",2.0,"deliver_item(?item=item_6,?kitting_table=kitting_table_0)",2.0,"deliver_item(?item=item_6,?kitting_table=kitting_table_0)",2.0,False,False,False,False,False,False,False,False,False,"deliver_item(?item=item_6,?kitting_table=kitting_table_0)",30.033705586914504,realized,0.0,0.0,realized,0.0,0.0,"deliver_item(?item=item_4,?kitting_table=kitting_table_0)",76.26544979417903,0.0,30.033705586914504,46.231744207264526,True
s00_on,env_layout0,63,task_committed,primary,True,"deliver_item(?item=item_3,?kitting_table=kitting_table_0)","deliver_item(?item=item_3,?kitting_table=kitting_table_0)",True,False,False,0.9950079939803209,14.909208982206618,"deliver_item(?item=item_6,?kitting_table=kitting_table_0)",item_6,2,True,"deliver_item(?item=item_6,?kitting_table=kitting_table_0)","deliver_item(?item=item_6,?kitting_table=kitting_table_0)",10.0,"deliver_item(?item=item_6,?kitting_table=kitting_table_0)",2.0,"deliver_item(?item=item_6,?kitting_table=kitting_table_0)",2.0,"deliver_item(?item=item_6,?kitting_table=kitting_table_0)",2.0,"deliver_item(?item=item_6,?kitting_table=kitting_table_0)",2.0,False,False,False,False,False,False,False,False,False,"deliver_item(?item=item_6,?kitting_table=kitting_table_0)",30.033705586914504,realized,0.0,0.0,realized,0.0,0.0,"deliver_item(?item=item_4,?kitting_table=kitting_table_0)",76.26544979417903,0.0,30.033705586914504,46.231744207264526,True
s00_on,env_layout0,63,task_committed,primary,True,"deliver_item(?item=item_3,?kitting_table=kitting_table_0)","deliver_item(?item=item_3,?kitting_table=kitting_table_0)",True,False,False,0.9950079939803209,14.909208982206618,"deliver_item(?item=item_6,?kitting_table=kitting_table_0)",item_6,2,True,"deliver_item(?item=item_6,?kitting_table=kitting_table_0)","deliver_item(?item=item_6,?kitting_table=kitting_table_0)",20.0,"deliver_item(?item=item_6,?kitting_table=kitting_table_0)",2.0,"deliver_item(?item=item_6,?kitting_table=kitting_table_0)",2.0,"deliver_item(?item=item_6,?kitting_table=kitting_table_0)",2.0,"deliver_item(?item=item_6,?kitting_table=kitting_table_0)",2.0,False,False,False,False,False,False,False,False,False,"deliver_item(?item=item_6,?kitting_table=kitting_table_0)",30.033705586914504,realized,0.0,0.0,realized,0.0,0.0,"deliver_item(?item=item_4,?kitting_table=kitting_table_0)",76.26544979417903,0.0,30.033705586914504,46.231744207264526,True
s00_on,env_layout0,63,task_committed,primary,True,"deliver_item(?item=item_3,?kitting_table=kitting_table_0)","deliver_item(?item=item_3,?kitting_table=kitting_table_0)",True,False,False,0.9950079939803209,14.909208982206618,"deliver_item(?item=item_6,?kitting_table=kitting_table_0)",item_6,2,True,"deliver_item(?item=item_6,?kitting_table=kitting_table_0)","deliver_item(?item=item_6,?kitting_table=kitting_table_0)",30.0,"deliver_item(?item=item_6,?kitting_table=kitting_table_0)",2.0,"deliver_item(?item=item_6,?kitting_table=kitting_table_0)",2.0,"deliver_item(?item=item_6,?kitting_table=kitting_table_0)",2.0,"deliver_item(?item=item_6,?kitting_table=kitting_table_0)",2.0,False,False,False,False,False,False,False,False,False,"deliver_item(?item=item_6,?kitting_table=kitting_table_0)",30.033705586914504,realized,0.0,0.0,realized,0.0,0.0,"deliver_item(?item=item_4,?kitting_table=kitting_table_0)",76.26544979417903,0.0,30.033705586914504,46.231744207264526,True
s00_on,env_layout0,63,task_committed,primary,True,"deliver_item(?item=item_3,?kitting_table=kitting_table_0)","deliver_item(?item=item_3,?kitting_table=kitting_table_0)",True,False,False,0.9950079939803209,14.909208982206618,"deliver_item(?item=item_6,?kitting_table=kitting_table_0)",item_6,2,True,"deliver_item(?item=item_6,?kitting_table=kitting_table_0)","deliver_item(?item=item_6,?kitting_table=kitting_table_0)",40.0,"deliver_item(?item=item_6,?kitting_table=kitting_table_0)",2.0,"deliver_item(?item=item_6,?kitting_table=kitting_table_0)",2.0,"deliver_item(?item=item_6,?kitting_table=kitting_table_0)",2.0,"deliver_item(?item=item_6,?kitting_table=kitting_table_0)",2.0,False,False,False,False,False,False,False,False,False,"deliver_item(?item=item_6,?kitting_table=kitting_table_0)",30.033705586914504,realized,0.0,0.0,realized,0.0,0.0,"deliver_item(?item=item_4,?kitting_table=kitting_table_0)",76.26544979417903,0.0,30.033705586914504,46.231744207264526,True
s00_on,env_layout0,63,task_committed,primary,True,"deliver_item(?item=item_3,?kitting_table=kitting_table_0)","deliver_item(?item=item_3,?kitting_table=kitting_table_0)",True,False,False,0.9950079939803209,14.909208982206618,"deliver_item(?item=item_6,?kitting_table=kitting_table_0)",item_6,2,True,"deliver_item(?item=item_6,?kitting_table=kitting_table_0)","deliver_item(?item=item_6,?kitting_table=kitting_table_0)",50.0,"deliver_item(?item=item_6,?kitting_table=kitting_table_0)",2.0,"deliver_item(?item=item_6,?kitting_table=kitting_table_0)",2.0,"deliver_item(?item=item_6,?kitting_table=kitting_table_0)",2.0,"deliver_item(?item=item_6,?kitting_table=kitting_table_0)",2.0,False,False,False,False,False,False,False,False,False,"deliver_item(?item=item_6,?kitting_table=kitting_table_0)",30.033705586914504,realized,0.0,0.0,realized,0.0,0.0,"deliver_item(?item=item_4,?kitting_table=kitting_table_0)",76.26544979417903,0.0,30.033705586914504,46.231744207264526,True
s00_on,env_layout0,63,task_committed,primary,True,"deliver_item(?item=item_3,?kitting_table=kitting_table_0)","deliver_item(?item=item_3,?kitting_table=kitting_table_0)",True,False,False,0.9950079939803209,14.909208982206618,"deliver_item(?item=item_6,?kitting_table=kitting_table_0)",item_6,2,True,"deliver_item(?item=item_6,?kitting_table=kitting_table_0)","deliver_item(?item=item_6,?kitting_table=kitting_table_0)",75.0,"deliver_item(?item=item_6,?kitting_table=kitting_table_0)",2.0,"deliver_item(?item=item_6,?kitting_table=kitting_table_0)",2.0,"deliver_item(?item=item_6,?kitting_table=kitting_table_0)",2.0,"deliver_item(?item=item_6,?kitting_table=kitting_table_0)",2.0,False,False,False,False,False,False,False,False,False,"deliver_item(?item=item_6,?kitting_table=kitting_table_0)",30.033705586914504,realized,0.0,0.0,realized,0.0,0.0,"deliver_item(?item=item_4,?kitting_table=kitting_table_0)",76.26544979417903,0.0,30.033705586914504,46.231744207264526,True
s00_on,env_layout0,63,task_committed,primary,True,"deliver_item(?item=item_3,?kitting_table=kitting_table_0)","deliver_item(?item=item_3,?kitting_table=kitting_table_0)",True,False,False,0.9950079939803209,14.909208982206618,"deliver_item(?item=item_6,?kitting_table=kitting_table_0)",item_6,2,True,"deliver_item(?item=item_6,?kitting_table=kitting_table_0)","deliver_item(?item=item_6,?kitting_table=kitting_table_0)",100.0,"deliver_item(?item=item_6,?kitting_table=kitting_table_0)",2.0,"deliver_item(?item=item_6,?kitting_table=kitting_table_0)",2.0,"deliver_item(?item=item_6,?kitting_table=kitting_table_0)",2.0,"deliver_item(?item=item_6,?kitting_table=kitting_table_0)",2.0,False,False,False,False,False,False,False,False,False,"deliver_item(?item=item_6,?kitting_table=kitting_table_0)",30.033705586914504,realized,0.0,0.0,realized,0.0,0.0,"deliver_item(?item=item_4,?kitting_table=kitting_table_0)",76.26544979417903,0.0,30.033705586914504,46.231744207264526,True
s00_on,env_layout0,63,task_committed,primary,True,"deliver_item(?item=item_3,?kitting_table=kitting_table_0)","deliver_item(?item=item_3,?kitting_table=kitting_table_0)",True,False,False,0.9950079939803209,14.909208982206618,"deliver_item(?item=item_6,?kitting_table=kitting_table_0)",item_6,2,True,"deliver_item(?item=item_6,?kitting_table=kitting_table_0)","deliver_item(?item=item_6,?kitting_table=kitting_table_0)",150.0,"deliver_item(?item=item_6,?kitting_table=kitting_table_0)",2.0,"deliver_item(?item=item_6,?kitting_table=kitting_table_0)",2.0,"deliver_item(?item=item_6,?kitting_table=kitting_table_0)",2.0,"deliver_item(?item=item_6,?kitting_table=kitting_table_0)",2.0,False,False,False,False,False,False,False,False,False,"deliver_item(?item=item_6,?kitting_table=kitting_table_0)",30.033705586914504,realized,0.0,0.0,realized,0.0,0.0,"deliver_item(?item=item_4,?kitting_table=kitting_table_0)",76.26544979417903,0.0,30.033705586914504,46.231744207264526,True
s00_on,env_layout0,63,task_committed,primary,True,"deliver_item(?item=item_3,?kitting_table=kitting_table_0)","deliver_item(?item=item_3,?kitting_table=kitting_table_0)",True,False,False,0.9950079939803209,14.909208982206618,"deliver_item(?item=item_6,?kitting_table=kitting_table_0)",item_6,2,True,"deliver_item(?item=item_6,?kitting_table=kitting_table_0)","deliver_item(?item=item_6,?kitting_table=kitting_table_0)",200.0,"deliver_item(?item=item_6,?kitting_table=kitting_table_0)",2.0,"deliver_item(?item=item_6,?kitting_table=kitting_table_0)",2.0,"deliver_item(?item=item_6,?kitting_table=kitting_table_0)",2.0,"deliver_item(?item=item_6,?kitting_table=kitting_table_0)",2.0,False,False,False,False,False,False,False,False,False,"deliver_item(?item=item_6,?kitting_table=kitting_table_0)",30.033705586914504,realized,0.0,0.0,realized,0.0,0.0,"deliver_item(?item=item_4,?kitting_table=kitting_table_0)",76.26544979417903,0.0,30.033705586914504,46.231744207264526,True
s00_on,env_layout0,63,task_committed,primary,True,"deliver_item(?item=item_3,?kitting_table=kitting_table_0)","deliver_item(?item=item_3,?kitting_table=kitting_table_0)",True,False,False,0.9950079939803209,14.909208982206618,"deliver_item(?item=item_6,?kitting_table=kitting_table_0)",item_6,2,True,"deliver_item(?item=item_6,?kitting_table=kitting_table_0)","deliver_item(?item=item_6,?kitting_table=kitting_table_0)",300.0,"deliver_item(?item=item_4,?kitting_table=kitting_table_0)",1.0,"deliver_item(?item=item_6,?kitting_table=kitting_table_0)",2.0,"deliver_item(?item=item_6,?kitting_table=kitting_table_0)",2.0,"deliver_item(?item=item_6,?kitting_table=kitting_table_0)",2.0,False,False,False,False,True,True,False,False,False,"deliver_item(?item=item_6,?kitting_table=kitting_table_0)",30.033705586914504,none:beyond_horizon,,0.88,realized,,,"deliver_item(?item=item_4,?kitting_table=kitting_table_0)",76.26544979417903,0.0,,,False
s00_on,env_layout0,63,task_committed,primary,True,"deliver_item(?item=item_3,?kitting_table=kitting_table_0)","deliver_item(?item=item_3,?kitting_table=kitting_table_0)",True,False,False,0.9950079939803209,14.909208982206618,"deliver_item(?item=item_6,?kitting_table=kitting_table_0)",item_6,2,True,"deliver_item(?item=item_6,?kitting_table=kitting_table_0)","deliver_item(?item=item_6,?kitting_table=kitting_table_0)",400.0,,0.0,,0.0,,0.0,"deliver_item(?item=item_6,?kitting_table=kitting_table_0)",1.0,True,True,True,False,False,False,False,False,False,"deliver_item(?item=item_6,?kitting_table=kitting_table_0)",30.033705586914504,none:beyond_horizon,,,none:no_feasible_start,,,,,,,,False
s00_on,env_layout0,63,task_committed,primary,True,"deliver_item(?item=item_3,?kitting_table=kitting_table_0)","deliver_item(?item=item_3,?kitting_table=kitting_table_0)",True,False,False,0.9950079939803209,14.909208982206618,"deliver_item(?item=item_6,?kitting_table=kitting_table_0)",item_6,2,True,"deliver_item(?item=item_6,?kitting_table=kitting_table_0)","deliver_item(?item=item_6,?kitting_table=kitting_table_0)",600.0,,0.0,,0.0,,0.0,"deliver_item(?item=item_6,?kitting_table=kitting_table_0)",1.0,True,True,True,False,False,False,False,False,False,"deliver_item(?item=item_6,?kitting_table=kitting_table_0)",30.033705586914504,none:beyond_horizon,,,none:no_feasible_start,,,,,,,,False
s00_on,env_layout0,81,theta_crossed,primary,True,"deliver_item(?item=item_2,?kitting_table=kitting_table_0)","deliver_item(?item=item_2,?kitting_table=kitting_table_0)",True,False,False,0.9054545454545454,60.84455443211718,"deliver_item(?item=item_6,?kitting_table=kitting_table_0)",item_6,2,True,"deliver_item(?item=item_6,?kitting_table=kitting_table_0)","deliver_item(?item=item_6,?kitting_table=kitting_table_0)",5.0,"deliver_item(?item=item_6,?kitting_table=kitting_table_0)",2.0,"deliver_item(?item=item_6,?kitting_table=kitting_table_0)",2.0,"deliver_item(?item=item_6,?kitting_table=kitting_table_0)",2.0,"deliver_item(?item=item_6,?kitting_table=kitting_table_0)",2.0,False,False,False,False,False,False,False,False,False,"deliver_item(?item=item_6,?kitting_table=kitting_table_0)",12.033705586914508,realized,0.0,0.0,realized,0.0,0.0,"deliver_item(?item=item_4,?kitting_table=kitting_table_0)",94.26538439007518,0.0,12.033705586914508,82.23167880316068,True
s00_on,env_layout0,81,theta_crossed,primary,True,"deliver_item(?item=item_2,?kitting_table=kitting_table_0)","deliver_item(?item=item_2,?kitting_table=kitting_table_0)",True,False,False,0.9054545454545454,60.84455443211718,"deliver_item(?item=item_6,?kitting_table=kitting_table_0)",item_6,2,True,"deliver_item(?item=item_6,?kitting_table=kitting_table_0)","deliver_item(?item=item_6,?kitting_table=kitting_table_0)",10.0,"deliver_item(?item=item_6,?kitting_table=kitting_table_0)",2.0,"deliver_item(?item=item_6,?kitting_table=kitting_table_0)",2.0,"deliver_item(?item=item_6,?kitting_table=kitting_table_0)",2.0,"deliver_item(?item=item_6,?kitting_table=kitting_table_0)",2.0,False,False,False,False,False,False,False,False,False,"deliver_item(?item=item_6,?kitting_table=kitting_table_0)",12.033705586914508,realized,0.0,0.0,realized,0.0,0.0,"deliver_item(?item=item_4,?kitting_table=kitting_table_0)",94.26538439007518,0.0,12.033705586914508,82.23167880316068,True
s00_on,env_layout0,81,theta_crossed,primary,True,"deliver_item(?item=item_2,?kitting_table=kitting_table_0)","deliver_item(?item=item_2,?kitting_table=kitting_table_0)",True,False,False,0.9054545454545454,60.84455443211718,"deliver_item(?item=item_6,?kitting_table=kitting_table_0)",item_6,2,True,"deliver_item(?item=item_6,?kitting_table=kitting_table_0)","deliver_item(?item=item_6,?kitting_table=kitting_table_0)",20.0,"deliver_item(?item=item_6,?kitting_table=kitting_table_0)",2.0,"deliver_item(?item=item_6,?kitting_table=kitting_table_0)",2.0,"deliver_item(?item=item_6,?kitting_table=kitting_table_0)",2.0,"deliver_item(?item=item_6,?kitting_table=kitting_table_0)",2.0,False,False,False,False,False,False,False,False,False,"deliver_item(?item=item_6,?kitting_table=kitting_table_0)",12.033705586914508,realized,0.0,0.0,realized,0.0,0.0,"deliver_item(?item=item_4,?kitting_table=kitting_table_0)",94.26538439007518,0.0,12.033705586914508,82.23167880316068,True
s00_on,env_layout0,81,theta_crossed,primary,True,"deliver_item(?item=item_2,?kitting_table=kitting_table_0)","deliver_item(?item=item_2,?kitting_table=kitting_table_0)",True,False,False,0.9054545454545454,60.84455443211718,"deliver_item(?item=item_6,?kitting_table=kitting_table_0)",item_6,2,True,"deliver_item(?item=item_6,?kitting_table=kitting_table_0)","deliver_item(?item=item_6,?kitting_table=kitting_table_0)",30.0,"deliver_item(?item=item_6,?kitting_table=kitting_table_0)",2.0,"deliver_item(?item=item_6,?kitting_table=kitting_table_0)",2.0,"deliver_item(?item=item_6,?kitting_table=kitting_table_0)",2.0,"deliver_item(?item=item_6,?kitting_table=kitting_table_0)",2.0,False,False,False,False,False,False,False,False,False,"deliver_item(?item=item_6,?kitting_table=kitting_table_0)",12.033705586914508,realized,0.0,0.0,realized,0.0,0.0,"deliver_item(?item=item_4,?kitting_table=kitting_table_0)",94.26538439007518,0.0,12.033705586914508,82.23167880316068,True
s00_on,env_layout0,81,theta_crossed,primary,True,"deliver_item(?item=item_2,?kitting_table=kitting_table_0)","deliver_item(?item=item_2,?kitting_table=kitting_table_0)",True,False,False,0.9054545454545454,60.84455443211718,"deliver_item(?item=item_6,?kitting_table=kitting_table_0)",item_6,2,True,"deliver_item(?item=item_6,?kitting_table=kitting_table_0)","deliver_item(?item=item_6,?kitting_table=kitting_table_0)",40.0,"deliver_item(?item=item_6,?kitting_table=kitting_table_0)",2.0,"deliver_item(?item=item_6,?kitting_table=kitting_table_0)",2.0,"deliver_item(?item=item_6,?kitting_table=kitting_table_0)",2.0,"deliver_item(?item=item_6,?kitting_table=kitting_table_0)",2.0,False,False,False,False,False,False,False,False,False,"deliver_item(?item=item_6,?kitting_table=kitting_table_0)",12.033705586914508,realized,0.0,0.0,realized,0.0,0.0,"deliver_item(?item=item_4,?kitting_table=kitting_table_0)",94.26538439007518,0.0,12.033705586914508,82.23167880316068,True
s00_on,env_layout0,81,theta_crossed,primary,True,"deliver_item(?item=item_2,?kitting_table=kitting_table_0)","deliver_item(?item=item_2,?kitting_table=kitting_table_0)",True,False,False,0.9054545454545454,60.84455443211718,"deliver_item(?item=item_6,?kitting_table=kitting_table_0)",item_6,2,True,"deliver_item(?item=item_6,?kitting_table=kitting_table_0)","deliver_item(?item=item_6,?kitting_table=kitting_table_0)",50.0,"deliver_item(?item=item_6,?kitting_table=kitting_table_0)",2.0,"deliver_item(?item=item_6,?kitting_table=kitting_table_0)",2.0,"deliver_item(?item=item_6,?kitting_table=kitting_table_0)",2.0,"deliver_item(?item=item_6,?kitting_table=kitting_table_0)",2.0,False,False,False,False,False,False,False,False,False,"deliver_item(?item=item_6,?kitting_table=kitting_table_0)",12.033705586914508,realized,0.0,0.0,realized,0.0,0.0,"deliver_item(?item=item_4,?kitting_table=kitting_table_0)",94.26538439007518,0.0,12.033705586914508,82.23167880316068,True
s00_on,env_layout0,81,theta_crossed,primary,True,"deliver_item(?item=item_2,?kitting_table=kitting_table_0)","deliver_item(?item=item_2,?kitting_table=kitting_table_0)",True,False,False,0.9054545454545454,60.84455443211718,"deliver_item(?item=item_6,?kitting_table=kitting_table_0)",item_6,2,True,"deliver_item(?item=item_6,?kitting_table=kitting_table_0)","deliver_item(?item=item_6,?kitting_table=kitting_table_0)",75.0,"deliver_item(?item=item_6,?kitting_table=kitting_table_0)",2.0,"deliver_item(?item=item_6,?kitting_table=kitting_table_0)",2.0,"deliver_item(?item=item_6,?kitting_table=kitting_table_0)",2.0,"deliver_item(?item=item_6,?kitting_table=kitting_table_0)",2.0,False,False,False,False,False,False,False,False,False,"deliver_item(?item=item_6,?kitting_table=kitting_table_0)",12.033705586914508,realized,0.0,0.0,realized,0.0,0.0,"deliver_item(?item=item_4,?kitting_table=kitting_table_0)",94.26538439007518,0.0,12.033705586914508,82.23167880316068,True
s00_on,env_layout0,81,theta_crossed,primary,True,"deliver_item(?item=item_2,?kitting_table=kitting_table_0)","deliver_item(?item=item_2,?kitting_table=kitting_table_0)",True,False,False,0.9054545454545454,60.84455443211718,"deliver_item(?item=item_6,?kitting_table=kitting_table_0)",item_6,2,True,"deliver_item(?item=item_6,?kitting_table=kitting_table_0)","deliver_item(?item=item_6,?kitting_table=kitting_table_0)",100.0,"deliver_item(?item=item_6,?kitting_table=kitting_table_0)",2.0,"deliver_item(?item=item_6,?kitting_table=kitting_table_0)",2.0,"deliver_item(?item=item_6,?kitting_table=kitting_table_0)",2.0,"deliver_item(?item=item_6,?kitting_table=kitting_table_0)",2.0,False,False,False,False,False,False,False,False,False,"deliver_item(?item=item_6,?kitting_table=kitting_table_0)",12.033705586914508,realized,0.0,0.0,realized,0.0,0.0,"deliver_item(?item=item_4,?kitting_table=kitting_table_0)",94.26538439007518,0.0,12.033705586914508,82.23167880316068,True
s00_on,env_layout0,81,theta_crossed,primary,True,"deliver_item(?item=item_2,?kitting_table=kitting_table_0)","deliver_item(?item=item_2,?kitting_table=kitting_table_0)",True,False,False,0.9054545454545454,60.84455443211718,"deliver_item(?item=item_6,?kitting_table=kitting_table_0)",item_6,2,True,"deliver_item(?item=item_6,?kitting_table=kitting_table_0)","deliver_item(?item=item_6,?kitting_table=kitting_table_0)",150.0,"deliver_item(?item=item_6,?kitting_table=kitting_table_0)",2.0,"deliver_item(?item=item_6,?kitting_table=kitting_table_0)",2.0,"deliver_item(?item=item_6,?kitting_table=kitting_table_0)",2.0,"deliver_item(?item=item_6,?kitting_table=kitting_table_0)",2.0,False,False,False,False,False,False,False,False,False,"deliver_item(?item=item_6,?kitting_table=kitting_table_0)",12.033705586914508,realized,0.0,0.0,realized,0.0,0.0,"deliver_item(?item=item_4,?kitting_table=kitting_table_0)",94.26538439007518,0.0,12.033705586914508,82.23167880316068,True
s00_on,env_layout0,81,theta_crossed,primary,True,"deliver_item(?item=item_2,?kitting_table=kitting_table_0)","deliver_item(?item=item_2,?kitting_table=kitting_table_0)",True,False,False,0.9054545454545454,60.84455443211718,"deliver_item(?item=item_6,?kitting_table=kitting_table_0)",item_6,2,True,"deliver_item(?item=item_6,?kitting_table=kitting_table_0)","deliver_item(?item=item_6,?kitting_table=kitting_table_0)",200.0,"deliver_item(?item=item_6,?kitting_table=kitting_table_0)",2.0,"deliver_item(?item=item_6,?kitting_table=kitting_table_0)",2.0,"deliver_item(?item=item_6,?kitting_table=kitting_table_0)",2.0,"deliver_item(?item=item_6,?kitting_table=kitting_table_0)",2.0,False,False,False,False,False,False,False,False,False,"deliver_item(?item=item_6,?kitting_table=kitting_table_0)",12.033705586914508,realized,8.748035649996078,3.35,realized,0.7269610833348559,0.14377680519882932,"deliver_item(?item=item_4,?kitting_table=kitting_table_0)",94.26538439007518,0.0,20.781741236910584,73.48364315316459,True
s00_on,env_layout0,81,theta_crossed,primary,True,"deliver_item(?item=item_2,?kitting_table=kitting_table_0)","deliver_item(?item=item_2,?kitting_table=kitting_table_0)",True,False,False,0.9054545454545454,60.84455443211718,"deliver_item(?item=item_6,?kitting_table=kitting_table_0)",item_6,2,True,"deliver_item(?item=item_6,?kitting_table=kitting_table_0)","deliver_item(?item=item_6,?kitting_table=kitting_table_0)",300.0,,0.0,,0.0,,0.0,,0.0,True,True,True,False,False,False,False,False,False,"deliver_item(?item=item_6,?kitting_table=kitting_table_0)",12.033705586914508,none:hold_position_violated,,,none:no_feasible_start,,,,,,,,False
s00_on,env_layout0,81,theta_crossed,primary,True,"deliver_item(?item=item_2,?kitting_table=kitting_table_0)","deliver_item(?item=item_2,?kitting_table=kitting_table_0)",True,False,False,0.9054545454545454,60.84455443211718,"deliver_item(?item=item_6,?kitting_table=kitting_table_0)",item_6,2,True,"deliver_item(?item=item_6,?kitting_table=kitting_table_0)","deliver_item(?item=item_6,?kitting_table=kitting_table_0)",400.0,,0.0,,0.0,,0.0,,0.0,True,True,True,False,False,False,False,False,False,"deliver_item(?item=item_6,?kitting_table=kitting_table_0)",12.033705586914508,none:hold_position_violated,,,none:no_feasible_start,,,,,,,,False
s00_on,env_layout0,81,theta_crossed,primary,True,"deliver_item(?item=item_2,?kitting_table=kitting_table_0)","deliver_item(?item=item_2,?kitting_table=kitting_table_0)",True,False,False,0.9054545454545454,60.84455443211718,"deliver_item(?item=item_6,?kitting_table=kitting_table_0)",item_6,2,True,"deliver_item(?item=item_6,?kitting_table=kitting_table_0)","deliver_item(?item=item_6,?kitting_table=kitting_table_0)",600.0,,0.0,,0.0,,0.0,,0.0,True,True,True,False,False,False,False,False,False,"deliver_item(?item=item_6,?kitting_table=kitting_table_0)",12.033705586914508,none:hold_position_violated,,,none:no_feasible_start,,,,,,,,False
s00_on,env_layout0,95,no_current_task,primary,True,"deliver_item(?item=item_2,?kitting_table=kitting_table_0)","deliver_item(?item=item_2,?kitting_table=kitting_table_0)",True,False,False,0.9054545454545455,46.84455443211718,,,1,False,"deliver_item(?item=item_4,?kitting_table=kitting_table_0)","deliver_item(?item=item_4,?kitting_table=kitting_table_0)",5.0,"deliver_item(?item=item_4,?kitting_table=kitting_table_0)",1.0,"deliver_item(?item=item_4,?kitting_table=kitting_table_0)",1.0,"deliver_item(?item=item_4,?kitting_table=kitting_table_0)",1.0,"deliver_item(?item=item_4,?kitting_table=kitting_table_0)",1.0,False,False,False,False,False,False,False,False,False,,,,,,,,,,,,,,
s00_on,env_layout0,95,no_current_task,primary,True,"deliver_item(?item=item_2,?kitting_table=kitting_table_0)","deliver_item(?item=item_2,?kitting_table=kitting_table_0)",True,False,False,0.9054545454545455,46.84455443211718,,,1,False,"deliver_item(?item=item_4,?kitting_table=kitting_table_0)","deliver_item(?item=item_4,?kitting_table=kitting_table_0)",10.0,"deliver_item(?item=item_4,?kitting_table=kitting_table_0)",1.0,"deliver_item(?item=item_4,?kitting_table=kitting_table_0)",1.0,"deliver_item(?item=item_4,?kitting_table=kitting_table_0)",1.0,"deliver_item(?item=item_4,?kitting_table=kitting_table_0)",1.0,False,False,False,False,False,False,False,False,False,,,,,,,,,,,,,,
s00_on,env_layout0,95,no_current_task,primary,True,"deliver_item(?item=item_2,?kitting_table=kitting_table_0)","deliver_item(?item=item_2,?kitting_table=kitting_table_0)",True,False,False,0.9054545454545455,46.84455443211718,,,1,False,"deliver_item(?item=item_4,?kitting_table=kitting_table_0)","deliver_item(?item=item_4,?kitting_table=kitting_table_0)",20.0,"deliver_item(?item=item_4,?kitting_table=kitting_table_0)",1.0,"deliver_item(?item=item_4,?kitting_table=kitting_table_0)",1.0,"deliver_item(?item=item_4,?kitting_table=kitting_table_0)",1.0,"deliver_item(?item=item_4,?kitting_table=kitting_table_0)",1.0,False,False,False,False,False,False,False,False,False,,,,,,,,,,,,,,
s00_on,env_layout0,95,no_current_task,primary,True,"deliver_item(?item=item_2,?kitting_table=kitting_table_0)","deliver_item(?item=item_2,?kitting_table=kitting_table_0)",True,False,False,0.9054545454545455,46.84455443211718,,,1,False,"deliver_item(?item=item_4,?kitting_table=kitting_table_0)","deliver_item(?item=item_4,?kitting_table=kitting_table_0)",30.0,"deliver_item(?item=item_4,?kitting_table=kitting_table_0)",1.0,"deliver_item(?item=item_4,?kitting_table=kitting_table_0)",1.0,"deliver_item(?item=item_4,?kitting_table=kitting_table_0)",1.0,"deliver_item(?item=item_4,?kitting_table=kitting_table_0)",1.0,False,False,False,False,False,False,False,False,False,,,,,,,,,,,,,,
s00_on,env_layout0,95,no_current_task,primary,True,"deliver_item(?item=item_2,?kitting_table=kitting_table_0)","deliver_item(?item=item_2,?kitting_table=kitting_table_0)",True,False,False,0.9054545454545455,46.84455443211718,,,1,False,"deliver_item(?item=item_4,?kitting_table=kitting_table_0)","deliver_item(?item=item_4,?kitting_table=kitting_table_0)",40.0,"deliver_item(?item=item_4,?kitting_table=kitting_table_0)",1.0,"deliver_item(?item=item_4,?kitting_table=kitting_table_0)",1.0,"deliver_item(?item=item_4,?kitting_table=kitting_table_0)",1.0,"deliver_item(?item=item_4,?kitting_table=kitting_table_0)",1.0,False,False,False,False,False,False,False,False,False,,,,,,,,,,,,,,
s00_on,env_layout0,95,no_current_task,primary,True,"deliver_item(?item=item_2,?kitting_table=kitting_table_0)","deliver_item(?item=item_2,?kitting_table=kitting_table_0)",True,False,False,0.9054545454545455,46.84455443211718,,,1,False,"deliver_item(?item=item_4,?kitting_table=kitting_table_0)","deliver_item(?item=item_4,?kitting_table=kitting_table_0)",50.0,"deliver_item(?item=item_4,?kitting_table=kitting_table_0)",1.0,"deliver_item(?item=item_4,?kitting_table=kitting_table_0)",1.0,"deliver_item(?item=item_4,?kitting_table=kitting_table_0)",1.0,"deliver_item(?item=item_4,?kitting_table=kitting_table_0)",1.0,False,False,False,False,False,False,False,False,False,,,,,,,,,,,,,,
s00_on,env_layout0,95,no_current_task,primary,True,"deliver_item(?item=item_2,?kitting_table=kitting_table_0)","deliver_item(?item=item_2,?kitting_table=kitting_table_0)",True,False,False,0.9054545454545455,46.84455443211718,,,1,False,"deliver_item(?item=item_4,?kitting_table=kitting_table_0)","deliver_item(?item=item_4,?kitting_table=kitting_table_0)",75.0,"deliver_item(?item=item_4,?kitting_table=kitting_table_0)",1.0,"deliver_item(?item=item_4,?kitting_table=kitting_table_0)",1.0,"deliver_item(?item=item_4,?kitting_table=kitting_table_0)",1.0,"deliver_item(?item=item_4,?kitting_table=kitting_table_0)",1.0,False,False,False,False,False,False,False,False,False,,,,,,,,,,,,,,
s00_on,env_layout0,95,no_current_task,primary,True,"deliver_item(?item=item_2,?kitting_table=kitting_table_0)","deliver_item(?item=item_2,?kitting_table=kitting_table_0)",True,False,False,0.9054545454545455,46.84455443211718,,,1,False,"deliver_item(?item=item_4,?kitting_table=kitting_table_0)","deliver_item(?item=item_4,?kitting_table=kitting_table_0)",100.0,"deliver_item(?item=item_4,?kitting_table=kitting_table_0)",1.0,"deliver_item(?item=item_4,?kitting_table=kitting_table_0)",1.0,"deliver_item(?item=item_4,?kitting_table=kitting_table_0)",1.0,"deliver_item(?item=item_4,?kitting_table=kitting_table_0)",1.0,False,False,False,False,False,False,False,False,False,,,,,,,,,,,,,,
s00_on,env_layout0,95,no_current_task,primary,True,"deliver_item(?item=item_2,?kitting_table=kitting_table_0)","deliver_item(?item=item_2,?kitting_table=kitting_table_0)",True,False,False,0.9054545454545455,46.84455443211718,,,1,False,"deliver_item(?item=item_4,?kitting_table=kitting_table_0)","deliver_item(?item=item_4,?kitting_table=kitting_table_0)",150.0,,0.0,,0.0,,0.0,,0.0,True,True,True,False,False,False,False,False,False,,,,,,,,,,,,,,
s00_on,env_layout0,95,no_current_task,primary,True,"deliver_item(?item=item_2,?kitting_table=kitting_table_0)","deliver_item(?item=item_2,?kitting_table=kitting_table_0)",True,False,False,0.9054545454545455,46.84455443211718,,,1,False,"deliver_item(?item=item_4,?kitting_table=kitting_table_0)","deliver_item(?item=item_4,?kitting_table=kitting_table_0)",200.0,,0.0,,0.0,,0.0,,0.0,True,True,True,False,False,False,False,False,False,,,,,,,,,,,,,,
s00_on,env_layout0,95,no_current_task,primary,True,"deliver_item(?item=item_2,?kitting_table=kitting_table_0)","deliver_item(?item=item_2,?kitting_table=kitting_table_0)",True,False,False,0.9054545454545455,46.84455443211718,,,1,False,"deliver_item(?item=item_4,?kitting_table=kitting_table_0)","deliver_item(?item=item_4,?kitting_table=kitting_table_0)",300.0,,0.0,,0.0,,0.0,,0.0,True,True,True,False,False,False,False,False,False,,,,,,,,,,,,,,
s00_on,env_layout0,95,no_current_task,primary,True,"deliver_item(?item=item_2,?kitting_table=kitting_table_0)","deliver_item(?item=item_2,?kitting_table=kitting_table_0)",True,False,False,0.9054545454545455,46.84455443211718,,,1,False,"deliver_item(?item=item_4,?kitting_table=kitting_table_0)","deliver_item(?item=item_4,?kitting_table=kitting_table_0)",400.0,,0.0,,0.0,,0.0,,0.0,True,True,True,False,False,False,False,False,False,,,,,,,,,,,,,,
s00_on,env_layout0,95,no_current_task,primary,True,"deliver_item(?item=item_2,?kitting_table=kitting_table_0)","deliver_item(?item=item_2,?kitting_table=kitting_table_0)",True,False,False,0.9054545454545455,46.84455443211718,,,1,False,"deliver_item(?item=item_4,?kitting_table=kitting_table_0)","deliver_item(?item=item_4,?kitting_table=kitting_table_0)",600.0,,0.0,,0.0,,0.0,,0.0,True,True,True,False,False,False,False,False,False,,,,,,,,,,,,,,
s00_on,env_layout0,131,task_committed,primary,True,"deliver_item(?item=item_2,?kitting_table=kitting_table_0)","deliver_item(?item=item_2,?kitting_table=kitting_table_0)",True,False,False,0.995004000995004,11.363712974634295,"deliver_item(?item=item_4,?kitting_table=kitting_table_0)",item_4,1,True,"deliver_item(?item=item_4,?kitting_table=kitting_table_0)","deliver_item(?item=item_4,?kitting_table=kitting_table_0)",5.0,"deliver_item(?item=item_4,?kitting_table=kitting_table_0)",1.0,"deliver_item(?item=item_4,?kitting_table=kitting_table_0)",1.0,"deliver_item(?item=item_4,?kitting_table=kitting_table_0)",1.0,"deliver_item(?item=item_4,?kitting_table=kitting_table_0)",1.0,False,False,False,False,False,False,False,False,False,"deliver_item(?item=item_4,?kitting_table=kitting_table_0)",35.40115194571842,realized,0.0,0.0,realized,0.0,0.0,,,,35.40115194571842,,True
s00_on,env_layout0,131,task_committed,primary,True,"deliver_item(?item=item_2,?kitting_table=kitting_table_0)","deliver_item(?item=item_2,?kitting_table=kitting_table_0)",True,False,False,0.995004000995004,11.363712974634295,"deliver_item(?item=item_4,?kitting_table=kitting_table_0)",item_4,1,True,"deliver_item(?item=item_4,?kitting_table=kitting_table_0)","deliver_item(?item=item_4,?kitting_table=kitting_table_0)",10.0,"deliver_item(?item=item_4,?kitting_table=kitting_table_0)",1.0,"deliver_item(?item=item_4,?kitting_table=kitting_table_0)",1.0,"deliver_item(?item=item_4,?kitting_table=kitting_table_0)",1.0,"deliver_item(?item=item_4,?kitting_table=kitting_table_0)",1.0,False,False,False,False,False,False,False,False,False,"deliver_item(?item=item_4,?kitting_table=kitting_table_0)",35.40115194571842,realized,0.0,0.0,realized,0.0,0.0,,,,35.40115194571842,,True
s00_on,env_layout0,131,task_committed,primary,True,"deliver_item(?item=item_2,?kitting_table=kitting_table_0)","deliver_item(?item=item_2,?kitting_table=kitting_table_0)",True,False,False,0.995004000995004,11.363712974634295,"deliver_item(?item=item_4,?kitting_table=kitting_table_0)",item_4,1,True,"deliver_item(?item=item_4,?kitting_table=kitting_table_0)","deliver_item(?item=item_4,?kitting_table=kitting_table_0)",20.0,"deliver_item(?item=item_4,?kitting_table=kitting_table_0)",1.0,"deliver_item(?item=item_4,?kitting_table=kitting_table_0)",1.0,"deliver_item(?item=item_4,?kitting_table=kitting_table_0)",1.0,"deliver_item(?item=item_4,?kitting_table=kitting_table_0)",1.0,False,False,False,False,False,False,False,False,False,"deliver_item(?item=item_4,?kitting_table=kitting_table_0)",35.40115194571842,realized,0.0,0.0,realized,0.0,0.0,,,,35.40115194571842,,True
s00_on,env_layout0,131,task_committed,primary,True,"deliver_item(?item=item_2,?kitting_table=kitting_table_0)","deliver_item(?item=item_2,?kitting_table=kitting_table_0)",True,False,False,0.995004000995004,11.363712974634295,"deliver_item(?item=item_4,?kitting_table=kitting_table_0)",item_4,1,True,"deliver_item(?item=item_4,?kitting_table=kitting_table_0)","deliver_item(?item=item_4,?kitting_table=kitting_table_0)",30.0,"deliver_item(?item=item_4,?kitting_table=kitting_table_0)",1.0,"deliver_item(?item=item_4,?kitting_table=kitting_table_0)",1.0,"deliver_item(?item=item_4,?kitting_table=kitting_table_0)",1.0,"deliver_item(?item=item_4,?kitting_table=kitting_table_0)",1.0,False,False,False,False,False,False,False,False,False,"deliver_item(?item=item_4,?kitting_table=kitting_table_0)",35.40115194571842,realized,0.0,0.0,realized,0.0,0.0,,,,35.40115194571842,,True
s00_on,env_layout0,131,task_committed,primary,True,"deliver_item(?item=item_2,?kitting_table=kitting_table_0)","deliver_item(?item=item_2,?kitting_table=kitting_table_0)",True,False,False,0.995004000995004,11.363712974634295,"deliver_item(?item=item_4,?kitting_table=kitting_table_0)",item_4,1,True,"deliver_item(?item=item_4,?kitting_table=kitting_table_0)","deliver_item(?item=item_4,?kitting_table=kitting_table_0)",40.0,"deliver_item(?item=item_4,?kitting_table=kitting_table_0)",1.0,"deliver_item(?item=item_4,?kitting_table=kitting_table_0)",1.0,"deliver_item(?item=item_4,?kitting_table=kitting_table_0)",1.0,"deliver_item(?item=item_4,?kitting_table=kitting_table_0)",1.0,False,False,False,False,False,False,False,False,False,"deliver_item(?item=item_4,?kitting_table=kitting_table_0)",35.40115194571842,realized,0.0,0.0,realized,0.0,0.0,,,,35.40115194571842,,True
s00_on,env_layout0,131,task_committed,primary,True,"deliver_item(?item=item_2,?kitting_table=kitting_table_0)","deliver_item(?item=item_2,?kitting_table=kitting_table_0)",True,False,False,0.995004000995004,11.363712974634295,"deliver_item(?item=item_4,?kitting_table=kitting_table_0)",item_4,1,True,"deliver_item(?item=item_4,?kitting_table=kitting_table_0)","deliver_item(?item=item_4,?kitting_table=kitting_table_0)",50.0,"deliver_item(?item=item_4,?kitting_table=kitting_table_0)",1.0,"deliver_item(?item=item_4,?kitting_table=kitting_table_0)",1.0,"deliver_item(?item=item_4,?kitting_table=kitting_table_0)",1.0,"deliver_item(?item=item_4,?kitting_table=kitting_table_0)",1.0,False,False,False,False,False,False,False,False,False,"deliver_item(?item=item_4,?kitting_table=kitting_table_0)",35.40115194571842,realized,0.0,0.0,realized,0.0,0.0,,,,35.40115194571842,,True
s00_on,env_layout0,131,task_committed,primary,True,"deliver_item(?item=item_2,?kitting_table=kitting_table_0)","deliver_item(?item=item_2,?kitting_table=kitting_table_0)",True,False,False,0.995004000995004,11.363712974634295,"deliver_item(?item=item_4,?kitting_table=kitting_table_0)",item_4,1,True,"deliver_item(?item=item_4,?kitting_table=kitting_table_0)","deliver_item(?item=item_4,?kitting_table=kitting_table_0)",75.0,"deliver_item(?item=item_4,?kitting_table=kitting_table_0)",1.0,"deliver_item(?item=item_4,?kitting_table=kitting_table_0)",1.0,"deliver_item(?item=item_4,?kitting_table=kitting_table_0)",1.0,"deliver_item(?item=item_4,?kitting_table=kitting_table_0)",1.0,False,False,False,False,False,False,False,False,False,"deliver_item(?item=item_4,?kitting_table=kitting_table_0)",35.40115194571842,realized,0.0,0.0,realized,0.0,0.0,,,,35.40115194571842,,True
s00_on,env_layout0,131,task_committed,primary,True,"deliver_item(?item=item_2,?kitting_table=kitting_table_0)","deliver_item(?item=item_2,?kitting_table=kitting_table_0)",True,False,False,0.995004000995004,11.363712974634295,"deliver_item(?item=item_4,?kitting_table=kitting_table_0)",item_4,1,True,"deliver_item(?item=item_4,?kitting_table=kitting_table_0)","deliver_item(?item=item_4,?kitting_table=kitting_table_0)",100.0,"deliver_item(?item=item_4,?kitting_table=kitting_table_0)",1.0,"deliver_item(?item=item_4,?kitting_table=kitting_table_0)",1.0,"deliver_item(?item=item_4,?kitting_table=kitting_table_0)",1.0,"deliver_item(?item=item_4,?kitting_table=kitting_table_0)",1.0,False,False,False,False,False,False,False,False,False,"deliver_item(?item=item_4,?kitting_table=kitting_table_0)",35.40115194571842,realized,0.0,0.0,realized,0.0,0.0,,,,35.40115194571842,,True
s00_on,env_layout0,131,task_committed,primary,True,"deliver_item(?item=item_2,?kitting_table=kitting_table_0)","deliver_item(?item=item_2,?kitting_table=kitting_table_0)",True,False,False,0.995004000995004,11.363712974634295,"deliver_item(?item=item_4,?kitting_table=kitting_table_0)",item_4,1,True,"deliver_item(?item=item_4,?kitting_table=kitting_table_0)","deliver_item(?item=item_4,?kitting_table=kitting_table_0)",150.0,"deliver_item(?item=item_4,?kitting_table=kitting_table_0)",1.0,"deliver_item(?item=item_4,?kitting_table=kitting_table_0)",1.0,"deliver_item(?item=item_4,?kitting_table=kitting_table_0)",1.0,"deliver_item(?item=item_4,?kitting_table=kitting_table_0)",1.0,False,False,False,False,False,False,False,False,False,"deliver_item(?item=item_4,?kitting_table=kitting_table_0)",35.40115194571842,realized,0.0,0.0,realized,0.0,0.0,,,,35.40115194571842,,True
s00_on,env_layout0,131,task_committed,primary,True,"deliver_item(?item=item_2,?kitting_table=kitting_table_0)","deliver_item(?item=item_2,?kitting_table=kitting_table_0)",True,False,False,0.995004000995004,11.363712974634295,"deliver_item(?item=item_4,?kitting_table=kitting_table_0)",item_4,1,True,"deliver_item(?item=item_4,?kitting_table=kitting_table_0)","deliver_item(?item=item_4,?kitting_table=kitting_table_0)",200.0,"deliver_item(?item=item_4,?kitting_table=kitting_table_0)",1.0,"deliver_item(?item=item_4,?kitting_table=kitting_table_0)",1.0,"deliver_item(?item=item_4,?kitting_table=kitting_table_0)",1.0,"deliver_item(?item=item_4,?kitting_table=kitting_table_0)",1.0,False,False,False,False,False,False,False,False,False,"deliver_item(?item=item_4,?kitting_table=kitting_table_0)",35.40115194571842,realized,0.0,0.0,realized,0.0,0.0,,,,35.40115194571842,,True
s00_on,env_layout0,131,task_committed,primary,True,"deliver_item(?item=item_2,?kitting_table=kitting_table_0)","deliver_item(?item=item_2,?kitting_table=kitting_table_0)",True,False,False,0.995004000995004,11.363712974634295,"deliver_item(?item=item_4,?kitting_table=kitting_table_0)",item_4,1,True,"deliver_item(?item=item_4,?kitting_table=kitting_table_0)","deliver_item(?item=item_4,?kitting_table=kitting_table_0)",300.0,"deliver_item(?item=item_4,?kitting_table=kitting_table_0)",1.0,"deliver_item(?item=item_4,?kitting_table=kitting_table_0)",1.0,"deliver_item(?item=item_4,?kitting_table=kitting_table_0)",1.0,"deliver_item(?item=item_4,?kitting_table=kitting_table_0)",1.0,False,False,False,False,False,False,False,False,False,"deliver_item(?item=item_4,?kitting_table=kitting_table_0)",35.40115194571842,realized,0.0,0.0,realized,0.0,0.0,,,,35.40115194571842,,True
s00_on,env_layout0,131,task_committed,primary,True,"deliver_item(?item=item_2,?kitting_table=kitting_table_0)","deliver_item(?item=item_2,?kitting_table=kitting_table_0)",True,False,False,0.995004000995004,11.363712974634295,"deliver_item(?item=item_4,?kitting_table=kitting_table_0)",item_4,1,True,"deliver_item(?item=item_4,?kitting_table=kitting_table_0)","deliver_item(?item=item_4,?kitting_table=kitting_table_0)",400.0,"deliver_item(?item=item_4,?kitting_table=kitting_table_0)",1.0,"deliver_item(?item=item_4,?kitting_table=kitting_table_0)",1.0,"deliver_item(?item=item_4,?kitting_table=kitting_table_0)",1.0,"deliver_item(?item=item_4,?kitting_table=kitting_table_0)",1.0,False,False,False,False,False,False,False,False,False,"deliver_item(?item=item_4,?kitting_table=kitting_table_0)",35.40115194571842,realized,0.0,0.0,realized,0.0,0.0,,,,35.40115194571842,,True
s00_on,env_layout0,131,task_committed,primary,True,"deliver_item(?item=item_2,?kitting_table=kitting_table_0)","deliver_item(?item=item_2,?kitting_table=kitting_table_0)",True,False,False,0.995004000995004,11.363712974634295,"deliver_item(?item=item_4,?kitting_table=kitting_table_0)",item_4,1,True,"deliver_item(?item=item_4,?kitting_table=kitting_table_0)","deliver_item(?item=item_4,?kitting_table=kitting_table_0)",600.0,,0.0,,0.0,,0.0,"deliver_item(?item=item_4,?kitting_table=kitting_table_0)",1.0,True,True,True,False,False,False,False,False,False,"deliver_item(?item=item_4,?kitting_table=kitting_table_0)",35.40115194571842,none:beyond_horizon,,,none:no_feasible_start,,,,,,,,False
s20_off,env_layout2,0,no_current_task,counterfactual,False,"deliver_item(?item=item_3,?kitting_table=kitting_table_0)","deliver_item(?item=item_3,?kitting_table=kitting_table_0)",True,False,False,0.20595219235101708,54.3145460808265,,,3,False,"deliver_item(?item=item_4,?kitting_table=kitting_table_0)","deliver_item(?item=item_4,?kitting_table=kitting_table_0)",5.0,"deliver_item(?item=item_6,?kitting_table=kitting_table_0)",2.0,"deliver_item(?item=item_6,?kitting_table=kitting_table_0)",2.0,"deliver_item(?item=item_4,?kitting_table=kitting_table_0)",3.0,"deliver_item(?item=item_6,?kitting_table=kitting_table_0)",2.0,False,False,False,False,True,True,True,False,True,,,,,,,,,,,,,,
s20_off,env_layout2,0,no_current_task,counterfactual,False,"deliver_item(?item=item_3,?kitting_table=kitting_table_0)","deliver_item(?item=item_3,?kitting_table=kitting_table_0)",True,False,False,0.20595219235101708,54.3145460808265,,,3,False,"deliver_item(?item=item_4,?kitting_table=kitting_table_0)","deliver_item(?item=item_4,?kitting_table=kitting_table_0)",10.0,"deliver_item(?item=item_6,?kitting_table=kitting_table_0)",2.0,"deliver_item(?item=item_6,?kitting_table=kitting_table_0)",2.0,"deliver_item(?item=item_4,?kitting_table=kitting_table_0)",3.0,"deliver_item(?item=item_6,?kitting_table=kitting_table_0)",2.0,False,False,False,False,True,True,True,False,True,,,,,,,,,,,,,,
s20_off,env_layout2,0,no_current_task,counterfactual,False,"deliver_item(?item=item_3,?kitting_table=kitting_table_0)","deliver_item(?item=item_3,?kitting_table=kitting_table_0)",True,False,False,0.20595219235101708,54.3145460808265,,,3,False,"deliver_item(?item=item_4,?kitting_table=kitting_table_0)","deliver_item(?item=item_4,?kitting_table=kitting_table_0)",20.0,"deliver_item(?item=item_6,?kitting_table=kitting_table_0)",3.0,"deliver_item(?item=item_4,?kitting_table=kitting_table_0)",3.0,"deliver_item(?item=item_4,?kitting_table=kitting_table_0)",3.0,"deliver_item(?item=item_6,?kitting_table=kitting_table_0)",3.0,False,False,False,False,True,True,False,False,True,,,,,,,,,,,,,,
s20_off,env_layout2,0,no_current_task,counterfactual,False,"deliver_item(?item=item_3,?kitting_table=kitting_table_0)","deliver_item(?item=item_3,?kitting_table=kitting_table_0)",True,False,False,0.20595219235101708,54.3145460808265,,,3,False,"deliver_item(?item=item_4,?kitting_table=kitting_table_0)","deliver_item(?item=item_4,?kitting_table=kitting_table_0)",30.0,"deliver_item(?item=item_6,?kitting_table=kitting_table_0)",3.0,"deliver_item(?item=item_4,?kitting_table=kitting_table_0)",3.0,"deliver_item(?item=item_4,?kitting_table=kitting_table_0)",3.0,"deliver_item(?item=item_6,?kitting_table=kitting_table_0)",3.0,False,False,False,False,True,True,False,False,True,,,,,,,,,,,,,,
s20_off,env_layout2,0,no_current_task,counterfactual,False,"deliver_item(?item=item_3,?kitting_table=kitting_table_0)","deliver_item(?item=item_3,?kitting_table=kitting_table_0)",True,False,False,0.20595219235101708,54.3145460808265,,,3,False,"deliver_item(?item=item_4,?kitting_table=kitting_table_0)","deliver_item(?item=item_4,?kitting_table=kitting_table_0)",40.0,"deliver_item(?item=item_6,?kitting_table=kitting_table_0)",3.0,"deliver_item(?item=item_4,?kitting_table=kitting_table_0)",3.0,"deliver_item(?item=item_4,?kitting_table=kitting_table_0)",3.0,"deliver_item(?item=item_6,?kitting_table=kitting_table_0)",3.0,False,False,False,False,True,True,False,False,True,,,,,,,,,,,,,,
s20_off,env_layout2,0,no_current_task,counterfactual,False,"deliver_item(?item=item_3,?kitting_table=kitting_table_0)","deliver_item(?item=item_3,?kitting_table=kitting_table_0)",True,False,False,0.20595219235101708,54.3145460808265,,,3,False,"deliver_item(?item=item_4,?kitting_table=kitting_table_0)","deliver_item(?item=item_4,?kitting_table=kitting_table_0)",50.0,"deliver_item(?item=item_6,?kitting_table=kitting_table_0)",3.0,"deliver_item(?item=item_4,?kitting_table=kitting_table_0)",3.0,"deliver_item(?item=item_4,?kitting_table=kitting_table_0)",3.0,"deliver_item(?item=item_6,?kitting_table=kitting_table_0)",3.0,False,False,False,False,True,True,False,False,True,,,,,,,,,,,,,,
s20_off,env_layout2,0,no_current_task,counterfactual,False,"deliver_item(?item=item_3,?kitting_table=kitting_table_0)","deliver_item(?item=item_3,?kitting_table=kitting_table_0)",True,False,False,0.20595219235101708,54.3145460808265,,,3,False,"deliver_item(?item=item_4,?kitting_table=kitting_table_0)","deliver_item(?item=item_4,?kitting_table=kitting_table_0)",75.0,"deliver_item(?item=item_6,?kitting_table=kitting_table_0)",3.0,"deliver_item(?item=item_4,?kitting_table=kitting_table_0)",3.0,"deliver_item(?item=item_4,?kitting_table=kitting_table_0)",3.0,"deliver_item(?item=item_6,?kitting_table=kitting_table_0)",3.0,False,False,False,False,True,True,False,False,True,,,,,,,,,,,,,,
s20_off,env_layout2,0,no_current_task,counterfactual,False,"deliver_item(?item=item_3,?kitting_table=kitting_table_0)","deliver_item(?item=item_3,?kitting_table=kitting_table_0)",True,False,False,0.20595219235101708,54.3145460808265,,,3,False,"deliver_item(?item=item_4,?kitting_table=kitting_table_0)","deliver_item(?item=item_4,?kitting_table=kitting_table_0)",100.0,"deliver_item(?item=item_6,?kitting_table=kitting_table_0)",3.0,"deliver_item(?item=item_4,?kitting_table=kitting_table_0)",3.0,"deliver_item(?item=item_4,?kitting_table=kitting_table_0)",3.0,"deliver_item(?item=item_6,?kitting_table=kitting_table_0)",3.0,False,False,False,False,True,True,False,False,True,,,,,,,,,,,,,,
s20_off,env_layout2,0,no_current_task,counterfactual,False,"deliver_item(?item=item_3,?kitting_table=kitting_table_0)","deliver_item(?item=item_3,?kitting_table=kitting_table_0)",True,False,False,0.20595219235101708,54.3145460808265,,,3,False,"deliver_item(?item=item_4,?kitting_table=kitting_table_0)","deliver_item(?item=item_4,?kitting_table=kitting_table_0)",150.0,"deliver_item(?item=item_6,?kitting_table=kitting_table_0)",2.0,"deliver_item(?item=item_6,?kitting_table=kitting_table_0)",2.0,"deliver_item(?item=item_4,?kitting_table=kitting_table_0)",3.0,"deliver_item(?item=item_6,?kitting_table=kitting_table_0)",2.0,False,False,False,False,True,True,True,False,True,,,,,,,,,,,,,,
s20_off,env_layout2,0,no_current_task,counterfactual,False,"deliver_item(?item=item_3,?kitting_table=kitting_table_0)","deliver_item(?item=item_3,?kitting_table=kitting_table_0)",True,False,False,0.20595219235101708,54.3145460808265,,,3,False,"deliver_item(?item=item_4,?kitting_table=kitting_table_0)","deliver_item(?item=item_4,?kitting_table=kitting_table_0)",200.0,"deliver_item(?item=item_6,?kitting_table=kitting_table_0)",3.0,"deliver_item(?item=item_4,?kitting_table=kitting_table_0)",3.0,"deliver_item(?item=item_4,?kitting_table=kitting_table_0)",3.0,"deliver_item(?item=item_6,?kitting_table=kitting_table_0)",3.0,False,False,False,False,True,True,False,False,True,,,,,,,,,,,,,,
s20_off,env_layout2,0,no_current_task,counterfactual,False,"deliver_item(?item=item_3,?kitting_table=kitting_table_0)","deliver_item(?item=item_3,?kitting_table=kitting_table_0)",True,False,False,0.20595219235101708,54.3145460808265,,,3,False,"deliver_item(?item=item_4,?kitting_table=kitting_table_0)","deliver_item(?item=item_4,?kitting_table=kitting_table_0)",300.0,"deliver_item(?item=item_6,?kitting_table=kitting_table_0)",3.0,"deliver_item(?item=item_6,?kitting_table=kitting_table_0)",3.0,"deliver_item(?item=item_6,?kitting_table=kitting_table_0)",3.0,"deliver_item(?item=item_6,?kitting_table=kitting_table_0)",3.0,False,False,False,False,True,True,True,True,True,,,,,,,,,,,,,,
s20_off,env_layout2,0,no_current_task,counterfactual,False,"deliver_item(?item=item_3,?kitting_table=kitting_table_0)","deliver_item(?item=item_3,?kitting_table=kitting_table_0)",True,False,False,0.20595219235101708,54.3145460808265,,,3,False,"deliver_item(?item=item_4,?kitting_table=kitting_table_0)","deliver_item(?item=item_4,?kitting_table=kitting_table_0)",400.0,"deliver_item(?item=item_4,?kitting_table=kitting_table_0)",2.0,"deliver_item(?item=item_4,?kitting_table=kitting_table_0)",3.0,"deliver_item(?item=item_4,?kitting_table=kitting_table_0)",3.0,"deliver_item(?item=item_4,?kitting_table=kitting_table_0)",3.0,False,False,False,False,False,False,False,False,False,,,,,,,,,,,,,,
s20_off,env_layout2,0,no_current_task,counterfactual,False,"deliver_item(?item=item_3,?kitting_table=kitting_table_0)","deliver_item(?item=item_3,?kitting_table=kitting_table_0)",True,False,False,0.20595219235101708,54.3145460808265,,,3,False,"deliver_item(?item=item_4,?kitting_table=kitting_table_0)","deliver_item(?item=item_4,?kitting_table=kitting_table_0)",600.0,,0.0,,0.0,,0.0,,0.0,True,True,True,False,False,False,False,False,False,,,,,,,,,,,,,,
s20_off,env_layout2,20,theta_crossed,primary,True,"deliver_item(?item=item_3,?kitting_table=kitting_table_0)","deliver_item(?item=item_3,?kitting_table=kitting_table_0)",True,False,False,0.849552284278074,34.3145460808265,"deliver_item(?item=item_4,?kitting_table=kitting_table_0)",,3,True,"deliver_item(?item=item_6,?kitting_table=kitting_table_0)","deliver_item(?item=item_4,?kitting_table=kitting_table_0)",5.0,"deliver_item(?item=item_6,?kitting_table=kitting_table_0)",2.0,"deliver_item(?item=item_6,?kitting_table=kitting_table_0)",2.0,"deliver_item(?item=item_4,?kitting_table=kitting_table_0)",3.0,"deliver_item(?item=item_6,?kitting_table=kitting_table_0)",2.0,False,False,False,True,False,True,True,False,True,"deliver_item(?item=item_4,?kitting_table=kitting_table_0)",33.5154392492244,none:hold_position_violated,,,none:no_feasible_start,,,"deliver_item(?item=item_6,?kitting_table=kitting_table_0)",56.132408510641135,0.0,,,False
s20_off,env_layout2,20,theta_crossed,primary,True,"deliver_item(?item=item_3,?kitting_table=kitting_table_0)","deliver_item(?item=item_3,?kitting_table=kitting_table_0)",True,False,False,0.849552284278074,34.3145460808265,"deliver_item(?item=item_4,?kitting_table=kitting_table_0)",,3,True,"deliver_item(?item=item_6,?kitting_table=kitting_table_0)","deliver_item(?item=item_4,?kitting_table=kitting_table_0)",10.0,"deliver_item(?item=item_6,?kitting_table=kitting_table_0)",2.0,"deliver_item(?item=item_6,?kitting_table=kitting_table_0)",2.0,"deliver_item(?item=item_4,?kitting_table=kitting_table_0)",3.0,"deliver_item(?item=item_6,?kitting_table=kitting_table_0)",2.0,False,False,False,True,False,True,True,False,True,"deliver_item(?item=item_4,?kitting_table=kitting_table_0)",33.5154392492244,none:hold_position_violated,,,none:no_feasible_start,,,"deliver_item(?item=item_6,?kitting_table=kitting_table_0)",56.132408510641135,0.0,,,False
s20_off,env_layout2,20,theta_crossed,primary,True,"deliver_item(?item=item_3,?kitting_table=kitting_table_0)","deliver_item(?item=item_3,?kitting_table=kitting_table_0)",True,False,False,0.849552284278074,34.3145460808265,"deliver_item(?item=item_4,?kitting_table=kitting_table_0)",,3,True,"deliver_item(?item=item_6,?kitting_table=kitting_table_0)","deliver_item(?item=item_4,?kitting_table=kitting_table_0)",20.0,"deliver_item(?item=item_6,?kitting_table=kitting_table_0)",3.0,"deliver_item(?item=item_4,?kitting_table=kitting_table_0)",3.0,"deliver_item(?item=item_4,?kitting_table=kitting_table_0)",3.0,"deliver_item(?item=item_6,?kitting_table=kitting_table_0)",3.0,False,False,False,True,False,True,False,False,True,"deliver_item(?item=item_4,?kitting_table=kitting_table_0)",33.5154392492244,realized,29.154759474226505,2.7999999999999408,realized,0.8698904184853012,0.849632671973969,"deliver_item(?item=item_6,?kitting_table=kitting_table_0)",56.132408510641135,0.0,62.67019872345091,-6.5377902128097745,False
s20_off,env_layout2,20,theta_crossed,primary,True,"deliver_item(?item=item_3,?kitting_table=kitting_table_0)","deliver_item(?item=item_3,?kitting_table=kitting_table_0)",True,False,False,0.849552284278074,34.3145460808265,"deliver_item(?item=item_4,?kitting_table=kitting_table_0)",,3,True,"deliver_item(?item=item_6,?kitting_table=kitting_table_0)","deliver_item(?item=item_4,?kitting_table=kitting_table_0)",30.0,"deliver_item(?item=item_6,?kitting_table=kitting_table_0)",3.0,"deliver_item(?item=item_4,?kitting_table=kitting_table_0)",3.0,"deliver_item(?item=item_4,?kitting_table=kitting_table_0)",3.0,"deliver_item(?item=item_6,?kitting_table=kitting_table_0)",3.0,False,False,False,True,False,True,False,False,True,"deliver_item(?item=item_4,?kitting_table=kitting_table_0)",33.5154392492244,realized,29.154759474226505,3.29999999999993,realized,0.8698904184853012,0.849632671973969,"deliver_item(?item=item_6,?kitting_table=kitting_table_0)",56.132408510641135,0.0,62.67019872345091,-6.5377902128097745,False
s20_off,env_layout2,20,theta_crossed,primary,True,"deliver_item(?item=item_3,?kitting_table=kitting_table_0)","deliver_item(?item=item_3,?kitting_table=kitting_table_0)",True,False,False,0.849552284278074,34.3145460808265,"deliver_item(?item=item_4,?kitting_table=kitting_table_0)",,3,True,"deliver_item(?item=item_6,?kitting_table=kitting_table_0)","deliver_item(?item=item_4,?kitting_table=kitting_table_0)",40.0,"deliver_item(?item=item_6,?kitting_table=kitting_table_0)",3.0,"deliver_item(?item=item_4,?kitting_table=kitting_table_0)",3.0,"deliver_item(?item=item_4,?kitting_table=kitting_table_0)",3.0,"deliver_item(?item=item_6,?kitting_table=kitting_table_0)",3.0,False,False,False,True,False,True,False,False,True,"deliver_item(?item=item_4,?kitting_table=kitting_table_0)",33.5154392492244,realized,29.154759474226505,3.7999999999999194,realized,0.8698904184853012,0.849632671973969,"deliver_item(?item=item_6,?kitting_table=kitting_table_0)",56.132408510641135,0.0,62.67019872345091,-6.5377902128097745,False
s20_off,env_layout2,20,theta_crossed,primary,True,"deliver_item(?item=item_3,?kitting_table=kitting_table_0)","deliver_item(?item=item_3,?kitting_table=kitting_table_0)",True,False,False,0.849552284278074,34.3145460808265,"deliver_item(?item=item_4,?kitting_table=kitting_table_0)",,3,True,"deliver_item(?item=item_6,?kitting_table=kitting_table_0)","deliver_item(?item=item_4,?kitting_table=kitting_table_0)",50.0,"deliver_item(?item=item_6,?kitting_table=kitting_table_0)",3.0,"deliver_item(?item=item_4,?kitting_table=kitting_table_0)",3.0,"deliver_item(?item=item_4,?kitting_table=kitting_table_0)",3.0,"deliver_item(?item=item_6,?kitting_table=kitting_table_0)",3.0,False,False,False,True,False,True,False,False,True,"deliver_item(?item=item_4,?kitting_table=kitting_table_0)",33.5154392492244,realized,29.154759474226505,4.299999999999908,realized,0.8698904184853012,0.849632671973969,"deliver_item(?item=item_6,?kitting_table=kitting_table_0)",56.132408510641135,0.0,62.67019872345091,-6.5377902128097745,False
s20_off,env_layout2,20,theta_crossed,primary,True,"deliver_item(?item=item_3,?kitting_table=kitting_table_0)","deliver_item(?item=item_3,?kitting_table=kitting_table_0)",True,False,False,0.849552284278074,34.3145460808265,"deliver_item(?item=item_4,?kitting_table=kitting_table_0)",,3,True,"deliver_item(?item=item_6,?kitting_table=kitting_table_0)","deliver_item(?item=item_4,?kitting_table=kitting_table_0)",75.0,"deliver_item(?item=item_6,?kitting_table=kitting_table_0)",3.0,"deliver_item(?item=item_4,?kitting_table=kitting_table_0)",3.0,"deliver_item(?item=item_4,?kitting_table=kitting_table_0)",3.0,"deliver_item(?item=item_6,?kitting_table=kitting_table_0)",3.0,False,False,False,True,False,True,False,False,True,"deliver_item(?item=item_4,?kitting_table=kitting_table_0)",33.5154392492244,realized,29.154759474226505,5.549999999999882,realized,0.8698904184853012,0.849632671973969,"deliver_item(?item=item_6,?kitting_table=kitting_table_0)",56.132408510641135,0.0,62.67019872345091,-6.5377902128097745,False
s20_off,env_layout2,20,theta_crossed,primary,True,"deliver_item(?item=item_3,?kitting_table=kitting_table_0)","deliver_item(?item=item_3,?kitting_table=kitting_table_0)",True,False,False,0.849552284278074,34.3145460808265,"deliver_item(?item=item_4,?kitting_table=kitting_table_0)",,3,True,"deliver_item(?item=item_6,?kitting_table=kitting_table_0)","deliver_item(?item=item_4,?kitting_table=kitting_table_0)",100.0,"deliver_item(?item=item_6,?kitting_table=kitting_table_0)",3.0,"deliver_item(?item=item_4,?kitting_table=kitting_table_0)",3.0,"deliver_item(?item=item_4,?kitting_table=kitting_table_0)",3.0,"deliver_item(?item=item_6,?kitting_table=kitting_table_0)",3.0,False,False,False,True,False,True,False,False,True,"deliver_item(?item=item_4,?kitting_table=kitting_table_0)",33.5154392492244,realized,29.154759474226505,6.799999999999855,realized,0.8698904184853012,0.849632671973969,"deliver_item(?item=item_6,?kitting_table=kitting_table_0)",56.132408510641135,0.0,62.67019872345091,-6.5377902128097745,False
s20_off,env_layout2,20,theta_crossed,primary,True,"deliver_item(?item=item_3,?kitting_table=kitting_table_0)","deliver_item(?item=item_3,?kitting_table=kitting_table_0)",True,False,False,0.849552284278074,34.3145460808265,"deliver_item(?item=item_4,?kitting_table=kitting_table_0)",,3,True,"deliver_item(?item=item_6,?kitting_table=kitting_table_0)","deliver_item(?item=item_4,?kitting_table=kitting_table_0)",150.0,"deliver_item(?item=item_6,?kitting_table=kitting_table_0)",2.0,"deliver_item(?item=item_6,?kitting_table=kitting_table_0)",2.0,"deliver_item(?item=item_4,?kitting_table=kitting_table_0)",3.0,"deliver_item(?item=item_6,?kitting_table=kitting_table_0)",2.0,False,False,False,True,False,True,True,False,True,"deliver_item(?item=item_4,?kitting_table=kitting_table_0)",33.5154392492244,none:hold_position_violated,,,none:no_feasible_start,,,"deliver_item(?item=item_6,?kitting_table=kitting_table_0)",56.132408510641135,0.0,,,False
s20_off,env_layout2,20,theta_crossed,primary,True,"deliver_item(?item=item_3,?kitting_table=kitting_table_0)","deliver_item(?item=item_3,?kitting_table=kitting_table_0)",True,False,False,0.849552284278074,34.3145460808265,"deliver_item(?item=item_4,?kitting_table=kitting_table_0)",,3,True,"deliver_item(?item=item_6,?kitting_table=kitting_table_0)","deliver_item(?item=item_4,?kitting_table=kitting_table_0)",200.0,,0.0,,0.0,,0.0,,0.0,True,True,True,True,False,False,False,False,False,"deliver_item(?item=item_4,?kitting_table=kitting_table_0)",33.5154392492244,none:hold_position_violated,,,none:no_feasible_start,,,,,,,,False
s20_off,env_layout2,20,theta_crossed,primary,True,"deliver_item(?item=item_3,?kitting_table=kitting_table_0)","deliver_item(?item=item_3,?kitting_table=kitting_table_0)",True,False,False,0.849552284278074,34.3145460808265,"deliver_item(?item=item_4,?kitting_table=kitting_table_0)",,3,True,"deliver_item(?item=item_6,?kitting_table=kitting_table_0)","deliver_item(?item=item_4,?kitting_table=kitting_table_0)",300.0,,0.0,,0.0,,0.0,,0.0,True,True,True,True,False,False,False,False,False,"deliver_item(?item=item_4,?kitting_table=kitting_table_0)",33.5154392492244,none:hold_position_violated,,,none:no_feasible_start,,,,,,,,False
s20_off,env_layout2,20,theta_crossed,primary,True,"deliver_item(?item=item_3,?kitting_table=kitting_table_0)","deliver_item(?item=item_3,?kitting_table=kitting_table_0)",True,False,False,0.849552284278074,34.3145460808265,"deliver_item(?item=item_4,?kitting_table=kitting_table_0)",,3,True,"deliver_item(?item=item_6,?kitting_table=kitting_table_0)","deliver_item(?item=item_4,?kitting_table=kitting_table_0)",400.0,,0.0,,0.0,,0.0,,0.0,True,True,True,True,False,False,False,False,False,"deliver_item(?item=item_4,?kitting_table=kitting_table_0)",33.5154392492244,none:hold_position_violated,,,none:no_feasible_start,,,,,,,,False
s20_off,env_layout2,20,theta_crossed,primary,True,"deliver_item(?item=item_3,?kitting_table=kitting_table_0)","deliver_item(?item=item_3,?kitting_table=kitting_table_0)",True,False,False,0.849552284278074,34.3145460808265,"deliver_item(?item=item_4,?kitting_table=kitting_table_0)",,3,True,"deliver_item(?item=item_6,?kitting_table=kitting_table_0)","deliver_item(?item=item_4,?kitting_table=kitting_table_0)",600.0,,0.0,,0.0,,0.0,,0.0,True,True,True,True,False,False,False,False,False,"deliver_item(?item=item_4,?kitting_table=kitting_table_0)",33.5154392492244,none:hold_position_violated,,,none:no_feasible_start,,,,,,,,False
s20_off,env_layout2,24,theta_crossed,primary,True,"deliver_item(?item=item_3,?kitting_table=kitting_table_0)","deliver_item(?item=item_3,?kitting_table=kitting_table_0)",True,False,False,0.8559891707385731,29.74272195676042,"deliver_item(?item=item_6,?kitting_table=kitting_table_0)",,3,True,"deliver_item(?item=item_4,?kitting_table=kitting_table_0)","deliver_item(?item=item_4,?kitting_table=kitting_table_0)",5.0,"deliver_item(?item=item_4,?kitting_table=kitting_table_0)",3.0,"deliver_item(?item=item_4,?kitting_table=kitting_table_0)",3.0,"deliver_item(?item=item_4,?kitting_table=kitting_table_0)",3.0,"deliver_item(?item=item_4,?kitting_table=kitting_table_0)",3.0,False,False,False,False,False,False,False,False,False,"deliver_item(?item=item_6,?kitting_table=kitting_table_0)",52.132408510641135,realized,0.0,0.0,realized,0.0,0.0,"deliver_item(?item=item_4,?kitting_table=kitting_table_0)",35.02267733320279,0.0,52.132408510641135,-17.10973117743834,False
s20_off,env_layout2,24,theta_crossed,primary,True,"deliver_item(?item=item_3,?kitting_table=kitting_table_0)","deliver_item(?item=item_3,?kitting_table=kitting_table_0)",True,False,False,0.8559891707385731,29.74272195676042,"deliver_item(?item=item_6,?kitting_table=kitting_table_0)",,3,True,"deliver_item(?item=item_4,?kitting_table=kitting_table_0)","deliver_item(?item=item_4,?kitting_table=kitting_table_0)",10.0,"deliver_item(?item=item_4,?kitting_table=kitting_table_0)",3.0,"deliver_item(?item=item_4,?kitting_table=kitting_table_0)",3.0,"deliver_item(?item=item_4,?kitting_table=kitting_table_0)",3.0,"deliver_item(?item=item_4,?kitting_table=kitting_table_0)",3.0,False,False,False,False,False,False,False,False,False,"deliver_item(?item=item_6,?kitting_table=kitting_table_0)",52.132408510641135,realized,0.0,0.0,realized,0.0,0.0,"deliver_item(?item=item_4,?kitting_table=kitting_table_0)",35.02267733320279,0.0,52.132408510641135,-17.10973117743834,False
s20_off,env_layout2,24,theta_crossed,primary,True,"deliver_item(?item=item_3,?kitting_table=kitting_table_0)","deliver_item(?item=item_3,?kitting_table=kitting_table_0)",True,False,False,0.8559891707385731,29.74272195676042,"deliver_item(?item=item_6,?kitting_table=kitting_table_0)",,3,True,"deliver_item(?item=item_4,?kitting_table=kitting_table_0)","deliver_item(?item=item_4,?kitting_table=kitting_table_0)",20.0,"deliver_item(?item=item_4,?kitting_table=kitting_table_0)",3.0,"deliver_item(?item=item_4,?kitting_table=kitting_table_0)",3.0,"deliver_item(?item=item_4,?kitting_table=kitting_table_0)",3.0,"deliver_item(?item=item_4,?kitting_table=kitting_table_0)",3.0,False,False,False,False,False,False,False,False,False,"deliver_item(?item=item_6,?kitting_table=kitting_table_0)",52.132408510641135,realized,0.0,0.0,realized,0.0,0.0,"deliver_item(?item=item_4,?kitting_table=kitting_table_0)",35.02267733320279,0.0,52.132408510641135,-17.10973117743834,False
s20_off,env_layout2,24,theta_crossed,primary,True,"deliver_item(?item=item_3,?kitting_table=kitting_table_0)","deliver_item(?item=item_3,?kitting_table=kitting_table_0)",True,False,False,0.8559891707385731,29.74272195676042,"deliver_item(?item=item_6,?kitting_table=kitting_table_0)",,3,True,"deliver_item(?item=item_4,?kitting_table=kitting_table_0)","deliver_item(?item=item_4,?kitting_table=kitting_table_0)",30.0,"deliver_item(?item=item_4,?kitting_table=kitting_table_0)",3.0,"deliver_item(?item=item_4,?kitting_table=kitting_table_0)",3.0,"deliver_item(?item=item_4,?kitting_table=kitting_table_0)",3.0,"deliver_item(?item=item_4,?kitting_table=kitting_table_0)",3.0,False,False,False,False,False,False,False,False,False,"deliver_item(?item=item_6,?kitting_table=kitting_table_0)",52.132408510641135,realized,0.0,0.0,realized,0.0,0.0,"deliver_item(?item=item_4,?kitting_table=kitting_table_0)",35.02267733320279,0.0,52.132408510641135,-17.10973117743834,False
s20_off,env_layout2,24,theta_crossed,primary,True,"deliver_item(?item=item_3,?kitting_table=kitting_table_0)","deliver_item(?item=item_3,?kitting_table=kitting_table_0)",True,False,False,0.8559891707385731,29.74272195676042,"deliver_item(?item=item_6,?kitting_table=kitting_table_0)",,3,True,"deliver_item(?item=item_4,?kitting_table=kitting_table_0)","deliver_item(?item=item_4,?kitting_table=kitting_table_0)",40.0,"deliver_item(?item=item_4,?kitting_table=kitting_table_0)",3.0,"deliver_item(?item=item_4,?kitting_table=kitting_table_0)",3.0,"deliver_item(?item=item_4,?kitting_table=kitting_table_0)",3.0,"deliver_item(?item=item_4,?kitting_table=kitting_table_0)",3.0,False,False,False,False,False,False,False,False,False,"deliver_item(?item=item_6,?kitting_table=kitting_table_0)",52.132408510641135,realized,0.0,0.0,realized,0.0,0.0,"deliver_item(?item=item_4,?kitting_table=kitting_table_0)",35.02267733320279,0.0,52.132408510641135,-17.10973117743834,False
s20_off,env_layout2,24,theta_crossed,primary,True,"deliver_item(?item=item_3,?kitting_table=kitting_table_0)","deliver_item(?item=item_3,?kitting_table=kitting_table_0)",True,False,False,0.8559891707385731,29.74272195676042,"deliver_item(?item=item_6,?kitting_table=kitting_table_0)",,3,True,"deliver_item(?item=item_4,?kitting_table=kitting_table_0)","deliver_item(?item=item_4,?kitting_table=kitting_table_0)",50.0,"deliver_item(?item=item_4,?kitting_table=kitting_table_0)",3.0,"deliver_item(?item=item_4,?kitting_table=kitting_table_0)",3.0,"deliver_item(?item=item_4,?kitting_table=kitting_table_0)",3.0,"deliver_item(?item=item_4,?kitting_table=kitting_table_0)",3.0,False,False,False,False,False,False,False,False,False,"deliver_item(?item=item_6,?kitting_table=kitting_table_0)",52.132408510641135,realized,0.0,0.0,realized,0.0,0.0,"deliver_item(?item=item_4,?kitting_table=kitting_table_0)",35.02267733320279,0.0,52.132408510641135,-17.10973117743834,False
s20_off,env_layout2,24,theta_crossed,primary,True,"deliver_item(?item=item_3,?kitting_table=kitting_table_0)","deliver_item(?item=item_3,?kitting_table=kitting_table_0)",True,False,False,0.8559891707385731,29.74272195676042,"deliver_item(?item=item_6,?kitting_table=kitting_table_0)",,3,True,"deliver_item(?item=item_4,?kitting_table=kitting_table_0)","deliver_item(?item=item_4,?kitting_table=kitting_table_0)",75.0,"deliver_item(?item=item_4,?kitting_table=kitting_table_0)",3.0,"deliver_item(?item=item_4,?kitting_table=kitting_table_0)",3.0,"deliver_item(?item=item_4,?kitting_table=kitting_table_0)",3.0,"deliver_item(?item=item_4,?kitting_table=kitting_table_0)",3.0,False,False,False,False,False,False,False,False,False,"deliver_item(?item=item_6,?kitting_table=kitting_table_0)",52.132408510641135,realized,0.0,0.0,realized,0.0,0.0,"deliver_item(?item=item_4,?kitting_table=kitting_table_0)",35.02267733320279,0.0,52.132408510641135,-17.10973117743834,False
s20_off,env_layout2,24,theta_crossed,primary,True,"deliver_item(?item=item_3,?kitting_table=kitting_table_0)","deliver_item(?item=item_3,?kitting_table=kitting_table_0)",True,False,False,0.8559891707385731,29.74272195676042,"deliver_item(?item=item_6,?kitting_table=kitting_table_0)",,3,True,"deliver_item(?item=item_4,?kitting_table=kitting_table_0)","deliver_item(?item=item_4,?kitting_table=kitting_table_0)",100.0,"deliver_item(?item=item_6,?kitting_table=kitting_table_0)",2.0,"deliver_item(?item=item_4,?kitting_table=kitting_table_0)",3.0,"deliver_item(?item=item_4,?kitting_table=kitting_table_0)",3.0,"deliver_item(?item=item_4,?kitting_table=kitting_table_0)",3.0,False,False,False,False,True,True,False,False,False,"deliver_item(?item=item_6,?kitting_table=kitting_table_0)",52.132408510641135,realized,0.0,0.0,realized,0.0,0.0,"deliver_item(?item=item_7,?kitting_table=kitting_table_0)",88.63427887239169,0.0,52.132408510641135,36.501870361750555,True
s20_off,env_layout2,24,theta_crossed,primary,True,"deliver_item(?item=item_3,?kitting_table=kitting_table_0)","deliver_item(?item=item_3,?kitting_table=kitting_table_0)",True,False,False,0.8559891707385731,29.74272195676042,"deliver_item(?item=item_6,?kitting_table=kitting_table_0)",,3,True,"deliver_item(?item=item_4,?kitting_table=kitting_table_0)","deliver_item(?item=item_4,?kitting_table=kitting_table_0)",150.0,"deliver_item(?item=item_6,?kitting_table=kitting_table_0)",2.0,"deliver_item(?item=item_4,?kitting_table=kitting_table_0)",3.0,"deliver_item(?item=item_4,?kitting_table=kitting_table_0)",3.0,"deliver_item(?item=item_4,?kitting_table=kitting_table_0)",3.0,False,False,False,False,True,True,False,False,False,"deliver_item(?item=item_6,?kitting_table=kitting_table_0)",52.132408510641135,realized,0.0,0.0,realized,0.0,0.0,"deliver_item(?item=item_7,?kitting_table=kitting_table_0)",88.63427887239169,0.0,52.132408510641135,36.501870361750555,True
s20_off,env_layout2,24,theta_crossed,primary,True,"deliver_item(?item=item_3,?kitting_table=kitting_table_0)","deliver_item(?item=item_3,?kitting_table=kitting_table_0)",True,False,False,0.8559891707385731,29.74272195676042,"deliver_item(?item=item_6,?kitting_table=kitting_table_0)",,3,True,"deliver_item(?item=item_4,?kitting_table=kitting_table_0)","deliver_item(?item=item_4,?kitting_table=kitting_table_0)",200.0,"deliver_item(?item=item_6,?kitting_table=kitting_table_0)",2.0,"deliver_item(?item=item_4,?kitting_table=kitting_table_0)",3.0,"deliver_item(?item=item_4,?kitting_table=kitting_table_0)",3.0,"deliver_item(?item=item_4,?kitting_table=kitting_table_0)",3.0,False,False,False,False,True,True,False,False,False,"deliver_item(?item=item_6,?kitting_table=kitting_table_0)",52.132408510641135,realized,0.0,0.0,realized,0.0,0.0,"deliver_item(?item=item_7,?kitting_table=kitting_table_0)",96.97740319440607,8.34312432201437,52.132408510641135,44.84499468376493,True
s20_off,env_layout2,24,theta_crossed,primary,True,"deliver_item(?item=item_3,?kitting_table=kitting_table_0)","deliver_item(?item=item_3,?kitting_table=kitting_table_0)",True,False,False,0.8559891707385731,29.74272195676042,"deliver_item(?item=item_6,?kitting_table=kitting_table_0)",,3,True,"deliver_item(?item=item_4,?kitting_table=kitting_table_0)","deliver_item(?item=item_4,?kitting_table=kitting_table_0)",300.0,,0.0,,0.0,,0.0,,0.0,True,True,True,False,False,False,False,False,False,"deliver_item(?item=item_6,?kitting_table=kitting_table_0)",52.132408510641135,none:hold_position_violated,,,none:no_feasible_start,,,,,,,,False
s20_off,env_layout2,24,theta_crossed,primary,True,"deliver_item(?item=item_3,?kitting_table=kitting_table_0)","deliver_item(?item=item_3,?kitting_table=kitting_table_0)",True,False,False,0.8559891707385731,29.74272195676042,"deliver_item(?item=item_6,?kitting_table=kitting_table_0)",,3,True,"deliver_item(?item=item_4,?kitting_table=kitting_table_0)","deliver_item(?item=item_4,?kitting_table=kitting_table_0)",400.0,,0.0,,0.0,,0.0,,0.0,True,True,True,False,False,False,False,False,False,"deliver_item(?item=item_6,?kitting_table=kitting_table_0)",52.132408510641135,none:hold_position_violated,,,none:no_feasible_start,,,,,,,,False
s20_off,env_layout2,24,theta_crossed,primary,True,"deliver_item(?item=item_3,?kitting_table=kitting_table_0)","deliver_item(?item=item_3,?kitting_table=kitting_table_0)",True,False,False,0.8559891707385731,29.74272195676042,"deliver_item(?item=item_6,?kitting_table=kitting_table_0)",,3,True,"deliver_item(?item=item_4,?kitting_table=kitting_table_0)","deliver_item(?item=item_4,?kitting_table=kitting_table_0)",600.0,,0.0,,0.0,,0.0,,0.0,True,True,True,False,False,False,False,False,False,"deliver_item(?item=item_6,?kitting_table=kitting_table_0)",52.132408510641135,none:hold_position_violated,,,none:no_feasible_start,,,,,,,,False
s20_off,env_layout2,29,task_committed,counterfactual,False,"deliver_item(?item=item_3,?kitting_table=kitting_table_0)","deliver_item(?item=item_3,?kitting_table=kitting_table_0)",True,False,False,0.7102214682207048,24.742721956760427,"deliver_item(?item=item_4,?kitting_table=kitting_table_0)",item_4,3,True,"deliver_item(?item=item_4,?kitting_table=kitting_table_0)","deliver_item(?item=item_4,?kitting_table=kitting_table_0)",5.0,"deliver_item(?item=item_4,?kitting_table=kitting_table_0)",3.0,"deliver_item(?item=item_4,?kitting_table=kitting_table_0)",3.0,"deliver_item(?item=item_4,?kitting_table=kitting_table_0)",3.0,"deliver_item(?item=item_4,?kitting_table=kitting_table_0)",3.0,False,False,False,False,False,False,False,False,False,"deliver_item(?item=item_4,?kitting_table=kitting_table_0)",30.75512482294979,realized,0.0,0.0,realized,0.0,0.0,"deliver_item(?item=item_6,?kitting_table=kitting_table_0)",57.3709665261181,0.0,30.75512482294979,26.615841703168314,True
s20_off,env_layout2,29,task_committed,counterfactual,False,"deliver_item(?item=item_3,?kitting_table=kitting_table_0)","deliver_item(?item=item_3,?kitting_table=kitting_table_0)",True,False,False,0.7102214682207048,24.742721956760427,"deliver_item(?item=item_4,?kitting_table=kitting_table_0)",item_4,3,True,"deliver_item(?item=item_4,?kitting_table=kitting_table_0)","deliver_item(?item=item_4,?kitting_table=kitting_table_0)",10.0,"deliver_item(?item=item_4,?kitting_table=kitting_table_0)",3.0,"deliver_item(?item=item_4,?kitting_table=kitting_table_0)",3.0,"deliver_item(?item=item_4,?kitting_table=kitting_table_0)",3.0,"deliver_item(?item=item_4,?kitting_table=kitting_table_0)",3.0,False,False,False,False,False,False,False,False,False,"deliver_item(?item=item_4,?kitting_table=kitting_table_0)",30.75512482294979,realized,0.0,0.0,realized,0.0,0.0,"deliver_item(?item=item_6,?kitting_table=kitting_table_0)",57.3709665261181,0.0,30.75512482294979,26.615841703168314,True
s20_off,env_layout2,29,task_committed,counterfactual,False,"deliver_item(?item=item_3,?kitting_table=kitting_table_0)","deliver_item(?item=item_3,?kitting_table=kitting_table_0)",True,False,False,0.7102214682207048,24.742721956760427,"deliver_item(?item=item_4,?kitting_table=kitting_table_0)",item_4,3,True,"deliver_item(?item=item_4,?kitting_table=kitting_table_0)","deliver_item(?item=item_4,?kitting_table=kitting_table_0)",20.0,"deliver_item(?item=item_4,?kitting_table=kitting_table_0)",3.0,"deliver_item(?item=item_4,?kitting_table=kitting_table_0)",3.0,"deliver_item(?item=item_4,?kitting_table=kitting_table_0)",3.0,"deliver_item(?item=item_4,?kitting_table=kitting_table_0)",3.0,False,False,False,False,False,False,False,False,False,"deliver_item(?item=item_4,?kitting_table=kitting_table_0)",30.75512482294979,realized,0.0,0.0,realized,0.0,0.0,"deliver_item(?item=item_6,?kitting_table=kitting_table_0)",57.3709665261181,0.0,30.75512482294979,26.615841703168314,True
s20_off,env_layout2,29,task_committed,counterfactual,False,"deliver_item(?item=item_3,?kitting_table=kitting_table_0)","deliver_item(?item=item_3,?kitting_table=kitting_table_0)",True,False,False,0.7102214682207048,24.742721956760427,"deliver_item(?item=item_4,?kitting_table=kitting_table_0)",item_4,3,True,"deliver_item(?item=item_4,?kitting_table=kitting_table_0)","deliver_item(?item=item_4,?kitting_table=kitting_table_0)",30.0,"deliver_item(?item=item_4,?kitting_table=kitting_table_0)",3.0,"deliver_item(?item=item_4,?kitting_table=kitting_table_0)",3.0,"deliver_item(?item=item_4,?kitting_table=kitting_table_0)",3.0,"deliver_item(?item=item_4,?kitting_table=kitting_table_0)",3.0,False,False,False,False,False,False,False,False,False,"deliver_item(?item=item_4,?kitting_table=kitting_table_0)",30.75512482294979,realized,0.0,0.0,realized,0.0,0.0,"deliver_item(?item=item_6,?kitting_table=kitting_table_0)",57.3709665261181,0.0,30.75512482294979,26.615841703168314,True
s20_off,env_layout2,29,task_committed,counterfactual,False,"deliver_item(?item=item_3,?kitting_table=kitting_table_0)","deliver_item(?item=item_3,?kitting_table=kitting_table_0)",True,False,False,0.7102214682207048,24.742721956760427,"deliver_item(?item=item_4,?kitting_table=kitting_table_0)",item_4,3,True,"deliver_item(?item=item_4,?kitting_table=kitting_table_0)","deliver_item(?item=item_4,?kitting_table=kitting_table_0)",40.0,"deliver_item(?item=item_4,?kitting_table=kitting_table_0)",3.0,"deliver_item(?item=item_4,?kitting_table=kitting_table_0)",3.0,"deliver_item(?item=item_4,?kitting_table=kitting_table_0)",3.0,"deliver_item(?item=item_4,?kitting_table=kitting_table_0)",3.0,False,False,False,False,False,False,False,False,False,"deliver_item(?item=item_4,?kitting_table=kitting_table_0)",30.75512482294979,realized,0.0,0.0,realized,0.0,0.0,"deliver_item(?item=item_6,?kitting_table=kitting_table_0)",57.3709665261181,0.0,30.75512482294979,26.615841703168314,True
s20_off,env_layout2,29,task_committed,counterfactual,False,"deliver_item(?item=item_3,?kitting_table=kitting_table_0)","deliver_item(?item=item_3,?kitting_table=kitting_table_0)",True,False,False,0.7102214682207048,24.742721956760427,"deliver_item(?item=item_4,?kitting_table=kitting_table_0)",item_4,3,True,"deliver_item(?item=item_4,?kitting_table=kitting_table_0)","deliver_item(?item=item_4,?kitting_table=kitting_table_0)",50.0,"deliver_item(?item=item_4,?kitting_table=kitting_table_0)",3.0,"deliver_item(?item=item_4,?kitting_table=kitting_table_0)",3.0,"deliver_item(?item=item_4,?kitting_table=kitting_table_0)",3.0,"deliver_item(?item=item_4,?kitting_table=kitting_table_0)",3.0,False,False,False,False,False,False,False,False,False,"deliver_item(?item=item_4,?kitting_table=kitting_table_0)",30.75512482294979,realized,0.0,0.0,realized,0.0,0.0,"deliver_item(?item=item_6,?kitting_table=kitting_table_0)",57.3709665261181,0.0,30.75512482294979,26.615841703168314,True
s20_off,env_layout2,29,task_committed,counterfactual,False,"deliver_item(?item=item_3,?kitting_table=kitting_table_0)","deliver_item(?item=item_3,?kitting_table=kitting_table_0)",True,False,False,0.7102214682207048,24.742721956760427,"deliver_item(?item=item_4,?kitting_table=kitting_table_0)",item_4,3,True,"deliver_item(?item=item_4,?kitting_table=kitting_table_0)","deliver_item(?item=item_4,?kitting_table=kitting_table_0)",75.0,"deliver_item(?item=item_4,?kitting_table=kitting_table_0)",3.0,"deliver_item(?item=item_4,?kitting_table=kitting_table_0)",3.0,"deliver_item(?item=item_4,?kitting_table=kitting_table_0)",3.0,"deliver_item(?item=item_4,?kitting_table=kitting_table_0)",3.0,False,False,False,False,False,False,False,False,False,"deliver_item(?item=item_4,?kitting_table=kitting_table_0)",30.75512482294979,realized,0.0,0.0,realized,0.0,0.0,"deliver_item(?item=item_6,?kitting_table=kitting_table_0)",57.3709665261181,0.0,30.75512482294979,26.615841703168314,True
s20_off,env_layout2,29,task_committed,counterfactual,False,"deliver_item(?item=item_3,?kitting_table=kitting_table_0)","deliver_item(?item=item_3,?kitting_table=kitting_table_0)",True,False,False,0.7102214682207048,24.742721956760427,"deliver_item(?item=item_4,?kitting_table=kitting_table_0)",item_4,3,True,"deliver_item(?item=item_4,?kitting_table=kitting_table_0)","deliver_item(?item=item_4,?kitting_table=kitting_table_0)",100.0,"deliver_item(?item=item_4,?kitting_table=kitting_table_0)",3.0,"deliver_item(?item=item_4,?kitting_table=kitting_table_0)",3.0,"deliver_item(?item=item_4,?kitting_table=kitting_table_0)",3.0,"deliver_item(?item=item_4,?kitting_table=kitting_table_0)",3.0,False,False,False,False,False,False,False,False,False,"deliver_item(?item=item_4,?kitting_table=kitting_table_0)",30.75512482294979,realized,0.0,0.0,realized,0.0,0.0,"deliver_item(?item=item_6,?kitting_table=kitting_table_0)",57.3709665261181,0.0,30.75512482294979,26.615841703168314,True
s20_off,env_layout2,29,task_committed,counterfactual,False,"deliver_item(?item=item_3,?kitting_table=kitting_table_0)","deliver_item(?item=item_3,?kitting_table=kitting_table_0)",True,False,False,0.7102214682207048,24.742721956760427,"deliver_item(?item=item_4,?kitting_table=kitting_table_0)",item_4,3,True,"deliver_item(?item=item_4,?kitting_table=kitting_table_0)","deliver_item(?item=item_4,?kitting_table=kitting_table_0)",150.0,"deliver_item(?item=item_6,?kitting_table=kitting_table_0)",2.0,"deliver_item(?item=item_4,?kitting_table=kitting_table_0)",3.0,"deliver_item(?item=item_4,?kitting_table=kitting_table_0)",3.0,"deliver_item(?item=item_4,?kitting_table=kitting_table_0)",3.0,False,False,False,False,True,True,False,False,False,"deliver_item(?item=item_4,?kitting_table=kitting_table_0)",30.75512482294979,none:beyond_horizon,,2.49,realized,,,"deliver_item(?item=item_6,?kitting_table=kitting_table_0)",57.3709665261181,0.0,,,False
s20_off,env_layout2,29,task_committed,counterfactual,False,"deliver_item(?item=item_3,?kitting_table=kitting_table_0)","deliver_item(?item=item_3,?kitting_table=kitting_table_0)",True,False,False,0.7102214682207048,24.742721956760427,"deliver_item(?item=item_4,?kitting_table=kitting_table_0)",item_4,3,True,"deliver_item(?item=item_4,?kitting_table=kitting_table_0)","deliver_item(?item=item_4,?kitting_table=kitting_table_0)",200.0,,0.0,,0.0,,0.0,"deliver_item(?item=item_4,?kitting_table=kitting_table_0)",1.0,True,True,True,False,False,False,False,False,False,"deliver_item(?item=item_4,?kitting_table=kitting_table_0)",30.75512482294979,none:beyond_horizon,,,none:no_feasible_start,,,,,,,,False
s20_off,env_layout2,29,task_committed,counterfactual,False,"deliver_item(?item=item_3,?kitting_table=kitting_table_0)","deliver_item(?item=item_3,?kitting_table=kitting_table_0)",True,False,False,0.7102214682207048,24.742721956760427,"deliver_item(?item=item_4,?kitting_table=kitting_table_0)",item_4,3,True,"deliver_item(?item=item_4,?kitting_table=kitting_table_0)","deliver_item(?item=item_4,?kitting_table=kitting_table_0)",300.0,,0.0,,0.0,,0.0,"deliver_item(?item=item_4,?kitting_table=kitting_table_0)",1.0,True,True,True,False,False,False,False,False,False,"deliver_item(?item=item_4,?kitting_table=kitting_table_0)",30.75512482294979,none:beyond_horizon,,,none:no_feasible_start,,,,,,,,False
s20_off,env_layout2,29,task_committed,counterfactual,False,"deliver_item(?item=item_3,?kitting_table=kitting_table_0)","deliver_item(?item=item_3,?kitting_table=kitting_table_0)",True,False,False,0.7102214682207048,24.742721956760427,"deliver_item(?item=item_4,?kitting_table=kitting_table_0)",item_4,3,True,"deliver_item(?item=item_4,?kitting_table=kitting_table_0)","deliver_item(?item=item_4,?kitting_table=kitting_table_0)",400.0,,0.0,,0.0,,0.0,"deliver_item(?item=item_4,?kitting_table=kitting_table_0)",1.0,True,True,True,False,False,False,False,False,False,"deliver_item(?item=item_4,?kitting_table=kitting_table_0)",30.75512482294979,none:beyond_horizon,,,none:no_feasible_start,,,,,,,,False
s20_off,env_layout2,29,task_committed,counterfactual,False,"deliver_item(?item=item_3,?kitting_table=kitting_table_0)","deliver_item(?item=item_3,?kitting_table=kitting_table_0)",True,False,False,0.7102214682207048,24.742721956760427,"deliver_item(?item=item_4,?kitting_table=kitting_table_0)",item_4,3,True,"deliver_item(?item=item_4,?kitting_table=kitting_table_0)","deliver_item(?item=item_4,?kitting_table=kitting_table_0)",600.0,,0.0,,0.0,,0.0,"deliver_item(?item=item_4,?kitting_table=kitting_table_0)",1.0,True,True,True,False,False,False,False,False,False,"deliver_item(?item=item_4,?kitting_table=kitting_table_0)",30.75512482294979,none:beyond_horizon,,,none:no_feasible_start,,,,,,,,False
s20_off,env_layout2,30,theta_crossed,primary,True,"deliver_item(?item=item_3,?kitting_table=kitting_table_0)","deliver_item(?item=item_3,?kitting_table=kitting_table_0)",True,False,False,0.777428345281739,23.742721956760423,"deliver_item(?item=item_4,?kitting_table=kitting_table_0)",item_4,3,True,"deliver_item(?item=item_4,?kitting_table=kitting_table_0)","deliver_item(?item=item_4,?kitting_table=kitting_table_0)",5.0,"deliver_item(?item=item_4,?kitting_table=kitting_table_0)",3.0,"deliver_item(?item=item_4,?kitting_table=kitting_table_0)",3.0,"deliver_item(?item=item_4,?kitting_table=kitting_table_0)",3.0,"deliver_item(?item=item_4,?kitting_table=kitting_table_0)",3.0,False,False,False,False,False,False,False,False,False,"deliver_item(?item=item_4,?kitting_table=kitting_table_0)",29.75512482294979,realized,0.0,0.0,realized,0.0,0.0,"deliver_item(?item=item_6,?kitting_table=kitting_table_0)",57.23745195202068,0.0,29.75512482294979,27.48232712907089,True
s20_off,env_layout2,30,theta_crossed,primary,True,"deliver_item(?item=item_3,?kitting_table=kitting_table_0)","deliver_item(?item=item_3,?kitting_table=kitting_table_0)",True,False,False,0.777428345281739,23.742721956760423,"deliver_item(?item=item_4,?kitting_table=kitting_table_0)",item_4,3,True,"deliver_item(?item=item_4,?kitting_table=kitting_table_0)","deliver_item(?item=item_4,?kitting_table=kitting_table_0)",10.0,"deliver_item(?item=item_4,?kitting_table=kitting_table_0)",3.0,"deliver_item(?item=item_4,?kitting_table=kitting_table_0)",3.0,"deliver_item(?item=item_4,?kitting_table=kitting_table_0)",3.0,"deliver_item(?item=item_4,?kitting_table=kitting_table_0)",3.0,False,False,False,False,False,False,False,False,False,"deliver_item(?item=item_4,?kitting_table=kitting_table_0)",29.75512482294979,realized,0.0,0.0,realized,0.0,0.0,"deliver_item(?item=item_6,?kitting_table=kitting_table_0)",57.23745195202068,0.0,29.75512482294979,27.48232712907089,True
s20_off,env_layout2,30,theta_crossed,primary,True,"deliver_item(?item=item_3,?kitting_table=kitting_table_0)","deliver_item(?item=item_3,?kitting_table=kitting_table_0)",True,False,False,0.777428345281739,23.742721956760423,"deliver_item(?item=item_4,?kitting_table=kitting_table_0)",item_4,3,True,"deliver_item(?item=item_4,?kitting_table=kitting_table_0)","deliver_item(?item=item_4,?kitting_table=kitting_table_0)",20.0,"deliver_item(?item=item_4,?kitting_table=kitting_table_0)",3.0,"deliver_item(?item=item_4,?kitting_table=kitting_table_0)",3.0,"deliver_item(?item=item_4,?kitting_table=kitting_table_0)",3.0,"deliver_item(?item=item_4,?kitting_table=kitting_table_0)",3.0,False,False,False,False,False,False,False,False,False,"deliver_item(?item=item_4,?kitting_table=kitting_table_0)",29.75512482294979,realized,0.0,0.0,realized,0.0,0.0,"deliver_item(?item=item_6,?kitting_table=kitting_table_0)",57.23745195202068,0.0,29.75512482294979,27.48232712907089,True
s20_off,env_layout2,30,theta_crossed,primary,True,"deliver_item(?item=item_3,?kitting_table=kitting_table_0)","deliver_item(?item=item_3,?kitting_table=kitting_table_0)",True,False,False,0.777428345281739,23.742721956760423,"deliver_item(?item=item_4,?kitting_table=kitting_table_0)",item_4,3,True,"deliver_item(?item=item_4,?kitting_table=kitting_table_0)","deliver_item(?item=item_4,?kitting_table=kitting_table_0)",30.0,"deliver_item(?item=item_4,?kitting_table=kitting_table_0)",3.0,"deliver_item(?item=item_4,?kitting_table=kitting_table_0)",3.0,"deliver_item(?item=item_4,?kitting_table=kitting_table_0)",3.0,"deliver_item(?item=item_4,?kitting_table=kitting_table_0)",3.0,False,False,False,False,False,False,False,False,False,"deliver_item(?item=item_4,?kitting_table=kitting_table_0)",29.75512482294979,realized,0.0,0.0,realized,0.0,0.0,"deliver_item(?item=item_6,?kitting_table=kitting_table_0)",57.23745195202068,0.0,29.75512482294979,27.48232712907089,True
s20_off,env_layout2,30,theta_crossed,primary,True,"deliver_item(?item=item_3,?kitting_table=kitting_table_0)","deliver_item(?item=item_3,?kitting_table=kitting_table_0)",True,False,False,0.777428345281739,23.742721956760423,"deliver_item(?item=item_4,?kitting_table=kitting_table_0)",item_4,3,True,"deliver_item(?item=item_4,?kitting_table=kitting_table_0)","deliver_item(?item=item_4,?kitting_table=kitting_table_0)",40.0,"deliver_item(?item=item_4,?kitting_table=kitting_table_0)",3.0,"deliver_item(?item=item_4,?kitting_table=kitting_table_0)",3.0,"deliver_item(?item=item_4,?kitting_table=kitting_table_0)",3.0,"deliver_item(?item=item_4,?kitting_table=kitting_table_0)",3.0,False,False,False,False,False,False,False,False,False,"deliver_item(?item=item_4,?kitting_table=kitting_table_0)",29.75512482294979,realized,0.0,0.0,realized,0.0,0.0,"deliver_item(?item=item_6,?kitting_table=kitting_table_0)",57.23745195202068,0.0,29.75512482294979,27.48232712907089,True
s20_off,env_layout2,30,theta_crossed,primary,True,"deliver_item(?item=item_3,?kitting_table=kitting_table_0)","deliver_item(?item=item_3,?kitting_table=kitting_table_0)",True,False,False,0.777428345281739,23.742721956760423,"deliver_item(?item=item_4,?kitting_table=kitting_table_0)",item_4,3,True,"deliver_item(?item=item_4,?kitting_table=kitting_table_0)","deliver_item(?item=item_4,?kitting_table=kitting_table_0)",50.0,"deliver_item(?item=item_4,?kitting_table=kitting_table_0)",3.0,"deliver_item(?item=item_4,?kitting_table=kitting_table_0)",3.0,"deliver_item(?item=item_4,?kitting_table=kitting_table_0)",3.0,"deliver_item(?item=item_4,?kitting_table=kitting_table_0)",3.0,False,False,False,False,False,False,False,False,False,"deliver_item(?item=item_4,?kitting_table=kitting_table_0)",29.75512482294979,realized,0.0,0.0,realized,0.0,0.0,"deliver_item(?item=item_6,?kitting_table=kitting_table_0)",57.23745195202068,0.0,29.75512482294979,27.48232712907089,True
s20_off,env_layout2,30,theta_crossed,primary,True,"deliver_item(?item=item_3,?kitting_table=kitting_table_0)","deliver_item(?item=item_3,?kitting_table=kitting_table_0)",True,False,False,0.777428345281739,23.742721956760423,"deliver_item(?item=item_4,?kitting_table=kitting_table_0)",item_4,3,True,"deliver_item(?item=item_4,?kitting_table=kitting_table_0)","deliver_item(?item=item_4,?kitting_table=kitting_table_0)",75.0,"deliver_item(?item=item_4,?kitting_table=kitting_table_0)",3.0,"deliver_item(?item=item_4,?kitting_table=kitting_table_0)",3.0,"deliver_item(?item=item_4,?kitting_table=kitting_table_0)",3.0,"deliver_item(?item=item_4,?kitting_table=kitting_table_0)",3.0,False,False,False,False,False,False,False,False,False,"deliver_item(?item=item_4,?kitting_table=kitting_table_0)",29.75512482294979,realized,0.0,0.0,realized,0.0,0.0,"deliver_item(?item=item_6,?kitting_table=kitting_table_0)",57.23745195202068,0.0,29.75512482294979,27.48232712907089,True
s20_off,env_layout2,30,theta_crossed,primary,True,"deliver_item(?item=item_3,?kitting_table=kitting_table_0)","deliver_item(?item=item_3,?kitting_table=kitting_table_0)",True,False,False,0.777428345281739,23.742721956760423,"deliver_item(?item=item_4,?kitting_table=kitting_table_0)",item_4,3,True,"deliver_item(?item=item_4,?kitting_table=kitting_table_0)","deliver_item(?item=item_4,?kitting_table=kitting_table_0)",100.0,"deliver_item(?item=item_4,?kitting_table=kitting_table_0)",3.0,"deliver_item(?item=item_4,?kitting_table=kitting_table_0)",3.0,"deliver_item(?item=item_4,?kitting_table=kitting_table_0)",3.0,"deliver_item(?item=item_4,?kitting_table=kitting_table_0)",3.0,False,False,False,False,False,False,False,False,False,"deliver_item(?item=item_4,?kitting_table=kitting_table_0)",29.75512482294979,realized,0.0,0.0,realized,0.0,0.0,"deliver_item(?item=item_6,?kitting_table=kitting_table_0)",57.23745195202068,0.0,29.75512482294979,27.48232712907089,True
s20_off,env_layout2,30,theta_crossed,primary,True,"deliver_item(?item=item_3,?kitting_table=kitting_table_0)","deliver_item(?item=item_3,?kitting_table=kitting_table_0)",True,False,False,0.777428345281739,23.742721956760423,"deliver_item(?item=item_4,?kitting_table=kitting_table_0)",item_4,3,True,"deliver_item(?item=item_4,?kitting_table=kitting_table_0)","deliver_item(?item=item_4,?kitting_table=kitting_table_0)",150.0,"deliver_item(?item=item_6,?kitting_table=kitting_table_0)",2.0,"deliver_item(?item=item_4,?kitting_table=kitting_table_0)",3.0,"deliver_item(?item=item_4,?kitting_table=kitting_table_0)",3.0,"deliver_item(?item=item_4,?kitting_table=kitting_table_0)",3.0,False,False,False,False,True,True,False,False,False,"deliver_item(?item=item_4,?kitting_table=kitting_table_0)",29.75512482294979,none:beyond_horizon,,2.49,realized,,,"deliver_item(?item=item_6,?kitting_table=kitting_table_0)",57.23745195202068,0.0,,,False
s20_off,env_layout2,30,theta_crossed,primary,True,"deliver_item(?item=item_3,?kitting_table=kitting_table_0)","deliver_item(?item=item_3,?kitting_table=kitting_table_0)",True,False,False,0.777428345281739,23.742721956760423,"deliver_item(?item=item_4,?kitting_table=kitting_table_0)",item_4,3,True,"deliver_item(?item=item_4,?kitting_table=kitting_table_0)","deliver_item(?item=item_4,?kitting_table=kitting_table_0)",200.0,,0.0,,0.0,,0.0,"deliver_item(?item=item_4,?kitting_table=kitting_table_0)",1.0,True,True,True,False,False,False,False,False,False,"deliver_item(?item=item_4,?kitting_table=kitting_table_0)",29.75512482294979,none:beyond_horizon,,,none:no_feasible_start,,,,,,,,False
s20_off,env_layout2,30,theta_crossed,primary,True,"deliver_item(?item=item_3,?kitting_table=kitting_table_0)","deliver_item(?item=item_3,?kitting_table=kitting_table_0)",True,False,False,0.777428345281739,23.742721956760423,"deliver_item(?item=item_4,?kitting_table=kitting_table_0)",item_4,3,True,"deliver_item(?item=item_4,?kitting_table=kitting_table_0)","deliver_item(?item=item_4,?kitting_table=kitting_table_0)",300.0,,0.0,,0.0,,0.0,"deliver_item(?item=item_4,?kitting_table=kitting_table_0)",1.0,True,True,True,False,False,False,False,False,False,"deliver_item(?item=item_4,?kitting_table=kitting_table_0)",29.75512482294979,none:beyond_horizon,,,none:no_feasible_start,,,,,,,,False
s20_off,env_layout2,30,theta_crossed,primary,True,"deliver_item(?item=item_3,?kitting_table=kitting_table_0)","deliver_item(?item=item_3,?kitting_table=kitting_table_0)",True,False,False,0.777428345281739,23.742721956760423,"deliver_item(?item=item_4,?kitting_table=kitting_table_0)",item_4,3,True,"deliver_item(?item=item_4,?kitting_table=kitting_table_0)","deliver_item(?item=item_4,?kitting_table=kitting_table_0)",400.0,,0.0,,0.0,,0.0,"deliver_item(?item=item_4,?kitting_table=kitting_table_0)",1.0,True,True,True,False,False,False,False,False,False,"deliver_item(?item=item_4,?kitting_table=kitting_table_0)",29.75512482294979,none:beyond_horizon,,,none:no_feasible_start,,,,,,,,False
s20_off,env_layout2,30,theta_crossed,primary,True,"deliver_item(?item=item_3,?kitting_table=kitting_table_0)","deliver_item(?item=item_3,?kitting_table=kitting_table_0)",True,False,False,0.777428345281739,23.742721956760423,"deliver_item(?item=item_4,?kitting_table=kitting_table_0)",item_4,3,True,"deliver_item(?item=item_4,?kitting_table=kitting_table_0)","deliver_item(?item=item_4,?kitting_table=kitting_table_0)",600.0,,0.0,,0.0,,0.0,"deliver_item(?item=item_4,?kitting_table=kitting_table_0)",1.0,True,True,True,False,False,False,False,False,False,"deliver_item(?item=item_4,?kitting_table=kitting_table_0)",29.75512482294979,none:beyond_horizon,,,none:no_feasible_start,,,,,,,,False
s20_off,env_layout2,62,no_current_task,counterfactual,False,"deliver_item(?item=item_2,?kitting_table=kitting_table_0)","deliver_item(?item=item_2,?kitting_table=kitting_table_0)",True,False,False,0.3811515438410458,59.597999239901064,,,2,False,"deliver_item(?item=item_6,?kitting_table=kitting_table_0)","deliver_item(?item=item_6,?kitting_table=kitting_table_0)",5.0,"deliver_item(?item=item_6,?kitting_table=kitting_table_0)",2.0,"deliver_item(?item=item_6,?kitting_table=kitting_table_0)",2.0,"deliver_item(?item=item_6,?kitting_table=kitting_table_0)",2.0,"deliver_item(?item=item_6,?kitting_table=kitting_table_0)",2.0,False,False,False,False,False,False,False,False,False,,,,,,,,,,,,,,
s20_off,env_layout2,62,no_current_task,counterfactual,False,"deliver_item(?item=item_2,?kitting_table=kitting_table_0)","deliver_item(?item=item_2,?kitting_table=kitting_table_0)",True,False,False,0.3811515438410458,59.597999239901064,,,2,False,"deliver_item(?item=item_6,?kitting_table=kitting_table_0)","deliver_item(?item=item_6,?kitting_table=kitting_table_0)",10.0,"deliver_item(?item=item_6,?kitting_table=kitting_table_0)",2.0,"deliver_item(?item=item_6,?kitting_table=kitting_table_0)",2.0,"deliver_item(?item=item_6,?kitting_table=kitting_table_0)",2.0,"deliver_item(?item=item_6,?kitting_table=kitting_table_0)",2.0,False,False,False,False,False,False,False,False,False,,,,,,,,,,,,,,
s20_off,env_layout2,62,no_current_task,counterfactual,False,"deliver_item(?item=item_2,?kitting_table=kitting_table_0)","deliver_item(?item=item_2,?kitting_table=kitting_table_0)",True,False,False,0.3811515438410458,59.597999239901064,,,2,False,"deliver_item(?item=item_6,?kitting_table=kitting_table_0)","deliver_item(?item=item_6,?kitting_table=kitting_table_0)",20.0,"deliver_item(?item=item_6,?kitting_table=kitting_table_0)",2.0,"deliver_item(?item=item_6,?kitting_table=kitting_table_0)",2.0,"deliver_item(?item=item_6,?kitting_table=kitting_table_0)",2.0,"deliver_item(?item=item_6,?kitting_table=kitting_table_0)",2.0,False,False,False,False,False,False,False,False,False,,,,,,,,,,,,,,
s20_off,env_layout2,62,no_current_task,counterfactual,False,"deliver_item(?item=item_2,?kitting_table=kitting_table_0)","deliver_item(?item=item_2,?kitting_table=kitting_table_0)",True,False,False,0.3811515438410458,59.597999239901064,,,2,False,"deliver_item(?item=item_6,?kitting_table=kitting_table_0)","deliver_item(?item=item_6,?kitting_table=kitting_table_0)",30.0,"deliver_item(?item=item_6,?kitting_table=kitting_table_0)",2.0,"deliver_item(?item=item_6,?kitting_table=kitting_table_0)",2.0,"deliver_item(?item=item_6,?kitting_table=kitting_table_0)",2.0,"deliver_item(?item=item_6,?kitting_table=kitting_table_0)",2.0,False,False,False,False,False,False,False,False,False,,,,,,,,,,,,,,
s20_off,env_layout2,62,no_current_task,counterfactual,False,"deliver_item(?item=item_2,?kitting_table=kitting_table_0)","deliver_item(?item=item_2,?kitting_table=kitting_table_0)",True,False,False,0.3811515438410458,59.597999239901064,,,2,False,"deliver_item(?item=item_6,?kitting_table=kitting_table_0)","deliver_item(?item=item_6,?kitting_table=kitting_table_0)",40.0,"deliver_item(?item=item_6,?kitting_table=kitting_table_0)",2.0,"deliver_item(?item=item_6,?kitting_table=kitting_table_0)",2.0,"deliver_item(?item=item_6,?kitting_table=kitting_table_0)",2.0,"deliver_item(?item=item_6,?kitting_table=kitting_table_0)",2.0,False,False,False,False,False,False,False,False,False,,,,,,,,,,,,,,
s20_off,env_layout2,62,no_current_task,counterfactual,False,"deliver_item(?item=item_2,?kitting_table=kitting_table_0)","deliver_item(?item=item_2,?kitting_table=kitting_table_0)",True,False,False,0.3811515438410458,59.597999239901064,,,2,False,"deliver_item(?item=item_6,?kitting_table=kitting_table_0)","deliver_item(?item=item_6,?kitting_table=kitting_table_0)",50.0,"deliver_item(?item=item_6,?kitting_table=kitting_table_0)",2.0,"deliver_item(?item=item_6,?kitting_table=kitting_table_0)",2.0,"deliver_item(?item=item_6,?kitting_table=kitting_table_0)",2.0,"deliver_item(?item=item_6,?kitting_table=kitting_table_0)",2.0,False,False,False,False,False,False,False,False,False,,,,,,,,,,,,,,
s20_off,env_layout2,62,no_current_task,counterfactual,False,"deliver_item(?item=item_2,?kitting_table=kitting_table_0)","deliver_item(?item=item_2,?kitting_table=kitting_table_0)",True,False,False,0.3811515438410458,59.597999239901064,,,2,False,"deliver_item(?item=item_6,?kitting_table=kitting_table_0)","deliver_item(?item=item_6,?kitting_table=kitting_table_0)",75.0,"deliver_item(?item=item_6,?kitting_table=kitting_table_0)",2.0,"deliver_item(?item=item_6,?kitting_table=kitting_table_0)",2.0,"deliver_item(?item=item_6,?kitting_table=kitting_table_0)",2.0,"deliver_item(?item=item_6,?kitting_table=kitting_table_0)",2.0,False,False,False,False,False,False,False,False,False,,,,,,,,,,,,,,
s20_off,env_layout2,62,no_current_task,counterfactual,False,"deliver_item(?item=item_2,?kitting_table=kitting_table_0)","deliver_item(?item=item_2,?kitting_table=kitting_table_0)",True,False,False,0.3811515438410458,59.597999239901064,,,2,False,"deliver_item(?item=item_6,?kitting_table=kitting_table_0)","deliver_item(?item=item_6,?kitting_table=kitting_table_0)",100.0,"deliver_item(?item=item_6,?kitting_table=kitting_table_0)",1.0,"deliver_item(?item=item_6,?kitting_table=kitting_table_0)",1.0,"deliver_item(?item=item_6,?kitting_table=kitting_table_0)",1.0,"deliver_item(?item=item_6,?kitting_table=kitting_table_0)",1.0,False,False,False,False,False,False,False,False,False,,,,,,,,,,,,,,
s20_off,env_layout2,62,no_current_task,counterfactual,False,"deliver_item(?item=item_2,?kitting_table=kitting_table_0)","deliver_item(?item=item_2,?kitting_table=kitting_table_0)",True,False,False,0.3811515438410458,59.597999239901064,,,2,False,"deliver_item(?item=item_6,?kitting_table=kitting_table_0)","deliver_item(?item=item_6,?kitting_table=kitting_table_0)",150.0,,0.0,,0.0,,0.0,,0.0,True,True,True,False,False,False,False,False,False,,,,,,,,,,,,,,
s20_off,env_layout2,62,no_current_task,counterfactual,False,"deliver_item(?item=item_2,?kitting_table=kitting_table_0)","deliver_item(?item=item_2,?kitting_table=kitting_table_0)",True,False,False,0.3811515438410458,59.597999239901064,,,2,False,"deliver_item(?item=item_6,?kitting_table=kitting_table_0)","deliver_item(?item=item_6,?kitting_table=kitting_table_0)",200.0,,0.0,,0.0,,0.0,,0.0,True,True,True,False,False,False,False,False,False,,,,,,,,,,,,,,
s20_off,env_layout2,62,no_current_task,counterfactual,False,"deliver_item(?item=item_2,?kitting_table=kitting_table_0)","deliver_item(?item=item_2,?kitting_table=kitting_table_0)",True,False,False,0.3811515438410458,59.597999239901064,,,2,False,"deliver_item(?item=item_6,?kitting_table=kitting_table_0)","deliver_item(?item=item_6,?kitting_table=kitting_table_0)",300.0,,0.0,,0.0,,0.0,,0.0,True,True,True,False,False,False,False,False,False,,,,,,,,,,,,,,
s20_off,env_layout2,62,no_current_task,counterfactual,False,"deliver_item(?item=item_2,?kitting_table=kitting_table_0)","deliver_item(?item=item_2,?kitting_table=kitting_table_0)",True,False,False,0.3811515438410458,59.597999239901064,,,2,False,"deliver_item(?item=item_6,?kitting_table=kitting_table_0)","deliver_item(?item=item_6,?kitting_table=kitting_table_0)",400.0,,0.0,,0.0,,0.0,,0.0,True,True,True,False,False,False,False,False,False,,,,,,,,,,,,,,
s20_off,env_layout2,62,no_current_task,counterfactual,False,"deliver_item(?item=item_2,?kitting_table=kitting_table_0)","deliver_item(?item=item_2,?kitting_table=kitting_table_0)",True,False,False,0.3811515438410458,59.597999239901064,,,2,False,"deliver_item(?item=item_6,?kitting_table=kitting_table_0)","deliver_item(?item=item_6,?kitting_table=kitting_table_0)",600.0,,0.0,,0.0,,0.0,,0.0,True,True,True,False,False,False,False,False,False,,,,,,,,,,,,,,
s20_off,env_layout2,87,theta_crossed,primary,True,"deliver_item(?item=item_2,?kitting_table=kitting_table_0)","deliver_item(?item=item_2,?kitting_table=kitting_table_0)",True,False,False,0.9066840677160811,34.59799923990107,"deliver_item(?item=item_6,?kitting_table=kitting_table_0)",,2,True,"deliver_item(?item=item_6,?kitting_table=kitting_table_0)","deliver_item(?item=item_6,?kitting_table=kitting_table_0)",5.0,"deliver_item(?item=item_6,?kitting_table=kitting_table_0)",2.0,"deliver_item(?item=item_6,?kitting_table=kitting_table_0)",2.0,"deliver_item(?item=item_6,?kitting_table=kitting_table_0)",2.0,"deliver_item(?item=item_6,?kitting_table=kitting_table_0)",2.0,False,False,False,False,False,False,False,False,False,"deliver_item(?item=item_6,?kitting_table=kitting_table_0)",58.25436828335445,realized,0.0,0.0,realized,0.0,0.0,"deliver_item(?item=item_7,?kitting_table=kitting_table_0)",87.55508514008804,0.0,58.25436828335445,29.300716856733587,True
s20_off,env_layout2,87,theta_crossed,primary,True,"deliver_item(?item=item_2,?kitting_table=kitting_table_0)","deliver_item(?item=item_2,?kitting_table=kitting_table_0)",True,False,False,0.9066840677160811,34.59799923990107,"deliver_item(?item=item_6,?kitting_table=kitting_table_0)",,2,True,"deliver_item(?item=item_6,?kitting_table=kitting_table_0)","deliver_item(?item=item_6,?kitting_table=kitting_table_0)",10.0,"deliver_item(?item=item_6,?kitting_table=kitting_table_0)",2.0,"deliver_item(?item=item_6,?kitting_table=kitting_table_0)",2.0,"deliver_item(?item=item_6,?kitting_table=kitting_table_0)",2.0,"deliver_item(?item=item_6,?kitting_table=kitting_table_0)",2.0,False,False,False,False,False,False,False,False,False,"deliver_item(?item=item_6,?kitting_table=kitting_table_0)",58.25436828335445,realized,0.0,0.0,realized,0.0,0.0,"deliver_item(?item=item_7,?kitting_table=kitting_table_0)",87.55508514008804,0.0,58.25436828335445,29.300716856733587,True
s20_off,env_layout2,87,theta_crossed,primary,True,"deliver_item(?item=item_2,?kitting_table=kitting_table_0)","deliver_item(?item=item_2,?kitting_table=kitting_table_0)",True,False,False,0.9066840677160811,34.59799923990107,"deliver_item(?item=item_6,?kitting_table=kitting_table_0)",,2,True,"deliver_item(?item=item_6,?kitting_table=kitting_table_0)","deliver_item(?item=item_6,?kitting_table=kitting_table_0)",20.0,"deliver_item(?item=item_6,?kitting_table=kitting_table_0)",2.0,"deliver_item(?item=item_6,?kitting_table=kitting_table_0)",2.0,"deliver_item(?item=item_6,?kitting_table=kitting_table_0)",2.0,"deliver_item(?item=item_6,?kitting_table=kitting_table_0)",2.0,False,False,False,False,False,False,False,False,False,"deliver_item(?item=item_6,?kitting_table=kitting_table_0)",58.25436828335445,realized,0.0,0.0,realized,0.0,0.0,"deliver_item(?item=item_7,?kitting_table=kitting_table_0)",87.55508514008804,0.0,58.25436828335445,29.300716856733587,True
s20_off,env_layout2,87,theta_crossed,primary,True,"deliver_item(?item=item_2,?kitting_table=kitting_table_0)","deliver_item(?item=item_2,?kitting_table=kitting_table_0)",True,False,False,0.9066840677160811,34.59799923990107,"deliver_item(?item=item_6,?kitting_table=kitting_table_0)",,2,True,"deliver_item(?item=item_6,?kitting_table=kitting_table_0)","deliver_item(?item=item_6,?kitting_table=kitting_table_0)",30.0,"deliver_item(?item=item_6,?kitting_table=kitting_table_0)",2.0,"deliver_item(?item=item_6,?kitting_table=kitting_table_0)",2.0,"deliver_item(?item=item_6,?kitting_table=kitting_table_0)",2.0,"deliver_item(?item=item_6,?kitting_table=kitting_table_0)",2.0,False,False,False,False,False,False,False,False,False,"deliver_item(?item=item_6,?kitting_table=kitting_table_0)",58.25436828335445,realized,0.0,0.0,realized,0.0,0.0,"deliver_item(?item=item_7,?kitting_table=kitting_table_0)",87.55508514008804,0.0,58.25436828335445,29.300716856733587,True
s20_off,env_layout2,87,theta_crossed,primary,True,"deliver_item(?item=item_2,?kitting_table=kitting_table_0)","deliver_item(?item=item_2,?kitting_table=kitting_table_0)",True,False,False,0.9066840677160811,34.59799923990107,"deliver_item(?item=item_6,?kitting_table=kitting_table_0)",,2,True,"deliver_item(?item=item_6,?kitting_table=kitting_table_0)","deliver_item(?item=item_6,?kitting_table=kitting_table_0)",40.0,"deliver_item(?item=item_6,?kitting_table=kitting_table_0)",2.0,"deliver_item(?item=item_6,?kitting_table=kitting_table_0)",2.0,"deliver_item(?item=item_6,?kitting_table=kitting_table_0)",2.0,"deliver_item(?item=item_6,?kitting_table=kitting_table_0)",2.0,False,False,False,False,False,False,False,False,False,"deliver_item(?item=item_6,?kitting_table=kitting_table_0)",58.25436828335445,realized,0.0,0.0,realized,0.0,0.0,"deliver_item(?item=item_7,?kitting_table=kitting_table_0)",87.55508514008804,0.0,58.25436828335445,29.300716856733587,True
s20_off,env_layout2,87,theta_crossed,primary,True,"deliver_item(?item=item_2,?kitting_table=kitting_table_0)","deliver_item(?item=item_2,?kitting_table=kitting_table_0)",True,False,False,0.9066840677160811,34.59799923990107,"deliver_item(?item=item_6,?kitting_table=kitting_table_0)",,2,True,"deliver_item(?item=item_6,?kitting_table=kitting_table_0)","deliver_item(?item=item_6,?kitting_table=kitting_table_0)",50.0,"deliver_item(?item=item_6,?kitting_table=kitting_table_0)",2.0,"deliver_item(?item=item_6,?kitting_table=kitting_table_0)",2.0,"deliver_item(?item=item_6,?kitting_table=kitting_table_0)",2.0,"deliver_item(?item=item_6,?kitting_table=kitting_table_0)",2.0,False,False,False,False,False,False,False,False,False,"deliver_item(?item=item_6,?kitting_table=kitting_table_0)",58.25436828335445,realized,0.0,0.0,realized,0.0,0.0,"deliver_item(?item=item_7,?kitting_table=kitting_table_0)",87.55508514008804,0.0,58.25436828335445,29.300716856733587,True
s20_off,env_layout2,87,theta_crossed,primary,True,"deliver_item(?item=item_2,?kitting_table=kitting_table_0)","deliver_item(?item=item_2,?kitting_table=kitting_table_0)",True,False,False,0.9066840677160811,34.59799923990107,"deliver_item(?item=item_6,?kitting_table=kitting_table_0)",,2,True,"deliver_item(?item=item_6,?kitting_table=kitting_table_0)","deliver_item(?item=item_6,?kitting_table=kitting_table_0)",75.0,"deliver_item(?item=item_6,?kitting_table=kitting_table_0)",2.0,"deliver_item(?item=item_6,?kitting_table=kitting_table_0)",2.0,"deliver_item(?item=item_6,?kitting_table=kitting_table_0)",2.0,"deliver_item(?item=item_6,?kitting_table=kitting_table_0)",2.0,False,False,False,False,False,False,False,False,False,"deliver_item(?item=item_6,?kitting_table=kitting_table_0)",58.25436828335445,realized,0.0,0.0,realized,0.0,0.0,"deliver_item(?item=item_7,?kitting_table=kitting_table_0)",87.55508514008804,0.0,58.25436828335445,29.300716856733587,True
s20_off,env_layout2,87,theta_crossed,primary,True,"deliver_item(?item=item_2,?kitting_table=kitting_table_0)","deliver_item(?item=item_2,?kitting_table=kitting_table_0)",True,False,False,0.9066840677160811,34.59799923990107,"deliver_item(?item=item_6,?kitting_table=kitting_table_0)",,2,True,"deliver_item(?item=item_6,?kitting_table=kitting_table_0)","deliver_item(?item=item_6,?kitting_table=kitting_table_0)",100.0,"deliver_item(?item=item_6,?kitting_table=kitting_table_0)",2.0,"deliver_item(?item=item_6,?kitting_table=kitting_table_0)",2.0,"deliver_item(?item=item_6,?kitting_table=kitting_table_0)",2.0,"deliver_item(?item=item_6,?kitting_table=kitting_table_0)",2.0,False,False,False,False,False,False,False,False,False,"deliver_item(?item=item_6,?kitting_table=kitting_table_0)",58.25436828335445,realized,0.0,0.0,realized,0.0,0.0,"deliver_item(?item=item_7,?kitting_table=kitting_table_0)",87.55508514008804,0.0,58.25436828335445,29.300716856733587,True
s20_off,env_layout2,87,theta_crossed,primary,True,"deliver_item(?item=item_2,?kitting_table=kitting_table_0)","deliver_item(?item=item_2,?kitting_table=kitting_table_0)",True,False,False,0.9066840677160811,34.59799923990107,"deliver_item(?item=item_6,?kitting_table=kitting_table_0)",,2,True,"deliver_item(?item=item_6,?kitting_table=kitting_table_0)","deliver_item(?item=item_6,?kitting_table=kitting_table_0)",150.0,"deliver_item(?item=item_6,?kitting_table=kitting_table_0)",2.0,"deliver_item(?item=item_6,?kitting_table=kitting_table_0)",2.0,"deliver_item(?item=item_6,?kitting_table=kitting_table_0)",2.0,"deliver_item(?item=item_6,?kitting_table=kitting_table_0)",2.0,False,False,False,False,False,False,False,False,False,"deliver_item(?item=item_6,?kitting_table=kitting_table_0)",58.25436828335445,realized,0.0,0.0,realized,0.0,0.0,"deliver_item(?item=item_7,?kitting_table=kitting_table_0)",87.55508514008804,0.0,58.25436828335445,29.300716856733587,True
s20_off,env_layout2,87,theta_crossed,primary,True,"deliver_item(?item=item_2,?kitting_table=kitting_table_0)","deliver_item(?item=item_2,?kitting_table=kitting_table_0)",True,False,False,0.9066840677160811,34.59799923990107,"deliver_item(?item=item_6,?kitting_table=kitting_table_0)",,2,True,"deliver_item(?item=item_6,?kitting_table=kitting_table_0)","deliver_item(?item=item_6,?kitting_table=kitting_table_0)",200.0,"deliver_item(?item=item_6,?kitting_table=kitting_table_0)",2.0,"deliver_item(?item=item_6,?kitting_table=kitting_table_0)",2.0,"deliver_item(?item=item_6,?kitting_table=kitting_table_0)",2.0,"deliver_item(?item=item_6,?kitting_table=kitting_table_0)",2.0,False,False,False,False,False,False,False,False,False,"deliver_item(?item=item_6,?kitting_table=kitting_table_0)",58.25436828335445,realized,0.0,0.0,realized,0.0,0.0,"deliver_item(?item=item_7,?kitting_table=kitting_table_0)",87.55508514008804,0.0,58.25436828335445,29.300716856733587,True
s20_off,env_layout2,87,theta_crossed,primary,True,"deliver_item(?item=item_2,?kitting_table=kitting_table_0)","deliver_item(?item=item_2,?kitting_table=kitting_table_0)",True,False,False,0.9066840677160811,34.59799923990107,"deliver_item(?item=item_6,?kitting_table=kitting_table_0)",,2,True,"deliver_item(?item=item_6,?kitting_table=kitting_table_0)","deliver_item(?item=item_6,?kitting_table=kitting_table_0)",300.0,"deliver_item(?item=item_6,?kitting_table=kitting_table_0)",2.0,"deliver_item(?item=item_6,?kitting_table=kitting_table_0)",2.0,"deliver_item(?item=item_6,?kitting_table=kitting_table_0)",2.0,"deliver_item(?item=item_6,?kitting_table=kitting_table_0)",2.0,False,False,False,False,False,False,False,False,False,"deliver_item(?item=item_6,?kitting_table=kitting_table_0)",58.25436828335445,realized,0.0,0.0,realized,0.0,0.0,"deliver_item(?item=item_7,?kitting_table=kitting_table_0)",87.55508514008804,0.0,58.25436828335445,29.300716856733587,True
s20_off,env_layout2,87,theta_crossed,primary,True,"deliver_item(?item=item_2,?kitting_table=kitting_table_0)","deliver_item(?item=item_2,?kitting_table=kitting_table_0)",True,False,False,0.9066840677160811,34.59799923990107,"deliver_item(?item=item_6,?kitting_table=kitting_table_0)",,2,True,"deliver_item(?item=item_6,?kitting_table=kitting_table_0)","deliver_item(?item=item_6,?kitting_table=kitting_table_0)",400.0,"deliver_item(?item=item_6,?kitting_table=kitting_table_0)",2.0,"deliver_item(?item=item_6,?kitting_table=kitting_table_0)",2.0,"deliver_item(?item=item_6,?kitting_table=kitting_table_0)",2.0,"deliver_item(?item=item_6,?kitting_table=kitting_table_0)",2.0,False,False,False,False,False,False,False,False,False,"deliver_item(?item=item_6,?kitting_table=kitting_table_0)",58.25436828335445,realized,0.0,0.0,realized,0.0,0.0,"deliver_item(?item=item_7,?kitting_table=kitting_table_0)",108.95991790607613,21.404832765988083,58.25436828335445,50.705549622721676,True
s20_off,env_layout2,87,theta_crossed,primary,True,"deliver_item(?item=item_2,?kitting_table=kitting_table_0)","deliver_item(?item=item_2,?kitting_table=kitting_table_0)",True,False,False,0.9066840677160811,34.59799923990107,"deliver_item(?item=item_6,?kitting_table=kitting_table_0)",,2,True,"deliver_item(?item=item_6,?kitting_table=kitting_table_0)","deliver_item(?item=item_6,?kitting_table=kitting_table_0)",600.0,,0.0,"deliver_item(?item=item_6,?kitting_table=kitting_table_0)",1.0,"deliver_item(?item=item_6,?kitting_table=kitting_table_0)",1.0,"deliver_item(?item=item_6,?kitting_table=kitting_table_0)",1.0,True,False,False,False,False,False,False,False,False,"deliver_item(?item=item_6,?kitting_table=kitting_table_0)",58.25436828335445,none:beyond_horizon,,7.350000000001149,realized,,,,,,,,False
s20_off,env_layout2,91,theta_crossed,primary,True,"deliver_item(?item=item_2,?kitting_table=kitting_table_0)","deliver_item(?item=item_2,?kitting_table=kitting_table_0)",True,False,False,0.9140902348733666,31.43334988386916,"deliver_item(?item=item_6,?kitting_table=kitting_table_0)",,2,True,"deliver_item(?item=item_6,?kitting_table=kitting_table_0)","deliver_item(?item=item_6,?kitting_table=kitting_table_0)",5.0,"deliver_item(?item=item_6,?kitting_table=kitting_table_0)",2.0,"deliver_item(?item=item_6,?kitting_table=kitting_table_0)",2.0,"deliver_item(?item=item_6,?kitting_table=kitting_table_0)",2.0,"deliver_item(?item=item_6,?kitting_table=kitting_table_0)",2.0,False,False,False,False,False,False,False,False,False,"deliver_item(?item=item_6,?kitting_table=kitting_table_0)",54.25436828335445,realized,0.0,0.0,realized,0.0,0.0,"deliver_item(?item=item_7,?kitting_table=kitting_table_0)",88.67054108171729,0.0,54.25436828335445,34.41617279836284,True
s20_off,env_layout2,91,theta_crossed,primary,True,"deliver_item(?item=item_2,?kitting_table=kitting_table_0)","deliver_item(?item=item_2,?kitting_table=kitting_table_0)",True,False,False,0.9140902348733666,31.43334988386916,"deliver_item(?item=item_6,?kitting_table=kitting_table_0)",,2,True,"deliver_item(?item=item_6,?kitting_table=kitting_table_0)","deliver_item(?item=item_6,?kitting_table=kitting_table_0)",10.0,"deliver_item(?item=item_6,?kitting_table=kitting_table_0)",2.0,"deliver_item(?item=item_6,?kitting_table=kitting_table_0)",2.0,"deliver_item(?item=item_6,?kitting_table=kitting_table_0)",2.0,"deliver_item(?item=item_6,?kitting_table=kitting_table_0)",2.0,False,False,False,False,False,False,False,False,False,"deliver_item(?item=item_6,?kitting_table=kitting_table_0)",54.25436828335445,realized,0.0,0.0,realized,0.0,0.0,"deliver_item(?item=item_7,?kitting_table=kitting_table_0)",88.67054108171729,0.0,54.25436828335445,34.41617279836284,True
s20_off,env_layout2,91,theta_crossed,primary,True,"deliver_item(?item=item_2,?kitting_table=kitting_table_0)","deliver_item(?item=item_2,?kitting_table=kitting_table_0)",True,False,False,0.9140902348733666,31.43334988386916,"deliver_item(?item=item_6,?kitting_table=kitting_table_0)",,2,True,"deliver_item(?item=item_6,?kitting_table=kitting_table_0)","deliver_item(?item=item_6,?kitting_table=kitting_table_0)",20.0,"deliver_item(?item=item_6,?kitting_table=kitting_table_0)",2.0,"deliver_item(?item=item_6,?kitting_table=kitting_table_0)",2.0,"deliver_item(?item=item_6,?kitting_table=kitting_table_0)",2.0,"deliver_item(?item=item_6,?kitting_table=kitting_table_0)",2.0,False,False,False,False,False,False,False,False,False,"deliver_item(?item=item_6,?kitting_table=kitting_table_0)",54.25436828335445,realized,0.0,0.0,realized,0.0,0.0,"deliver_item(?item=item_7,?kitting_table=kitting_table_0)",88.67054108171729,0.0,54.25436828335445,34.41617279836284,True
s20_off,env_layout2,91,theta_crossed,primary,True,"deliver_item(?item=item_2,?kitting_table=kitting_table_0)","deliver_item(?item=item_2,?kitting_table=kitting_table_0)",True,False,False,0.9140902348733666,31.43334988386916,"deliver_item(?item=item_6,?kitting_table=kitting_table_0)",,2,True,"deliver_item(?item=item_6,?kitting_table=kitting_table_0)","deliver_item(?item=item_6,?kitting_table=kitting_table_0)",30.0,"deliver_item(?item=item_6,?kitting_table=kitting_table_0)",2.0,"deliver_item(?item=item_6,?kitting_table=kitting_table_0)",2.0,"deliver_item(?item=item_6,?kitting_table=kitting_table_0)",2.0,"deliver_item(?item=item_6,?kitting_table=kitting_table_0)",2.0,False,False,False,False,False,False,False,False,False,"deliver_item(?item=item_6,?kitting_table=kitting_table_0)",54.25436828335445,realized,0.0,0.0,realized,0.0,0.0,"deliver_item(?item=item_7,?kitting_table=kitting_table_0)",88.67054108171729,0.0,54.25436828335445,34.41617279836284,True
s20_off,env_layout2,91,theta_crossed,primary,True,"deliver_item(?item=item_2,?kitting_table=kitting_table_0)","deliver_item(?item=item_2,?kitting_table=kitting_table_0)",True,False,False,0.9140902348733666,31.43334988386916,"deliver_item(?item=item_6,?kitting_table=kitting_table_0)",,2,True,"deliver_item(?item=item_6,?kitting_table=kitting_table_0)","deliver_item(?item=item_6,?kitting_table=kitting_table_0)",40.0,"deliver_item(?item=item_6,?kitting_table=kitting_table_0)",2.0,"deliver_item(?item=item_6,?kitting_table=kitting_table_0)",2.0,"deliver_item(?item=item_6,?kitting_table=kitting_table_0)",2.0,"deliver_item(?item=item_6,?kitting_table=kitting_table_0)",2.0,False,False,False,False,False,False,False,False,False,"deliver_item(?item=item_6,?kitting_table=kitting_table_0)",54.25436828335445,realized,0.0,0.0,realized,0.0,0.0,"deliver_item(?item=item_7,?kitting_table=kitting_table_0)",88.67054108171729,0.0,54.25436828335445,34.41617279836284,True
s20_off,env_layout2,91,theta_crossed,primary,True,"deliver_item(?item=item_2,?kitting_table=kitting_table_0)","deliver_item(?item=item_2,?kitting_table=kitting_table_0)",True,False,False,0.9140902348733666,31.43334988386916,"deliver_item(?item=item_6,?kitting_table=kitting_table_0)",,2,True,"deliver_item(?item=item_6,?kitting_table=kitting_table_0)","deliver_item(?item=item_6,?kitting_table=kitting_table_0)",50.0,"deliver_item(?item=item_6,?kitting_table=kitting_table_0)",2.0,"deliver_item(?item=item_6,?kitting_table=kitting_table_0)",2.0,"deliver_item(?item=item_6,?kitting_table=kitting_table_0)",2.0,"deliver_item(?item=item_6,?kitting_table=kitting_table_0)",2.0,False,False,False,False,False,False,False,False,False,"deliver_item(?item=item_6,?kitting_table=kitting_table_0)",54.25436828335445,realized,0.0,0.0,realized,0.0,0.0,"deliver_item(?item=item_7,?kitting_table=kitting_table_0)",88.67054108171729,0.0,54.25436828335445,34.41617279836284,True
s20_off,env_layout2,91,theta_crossed,primary,True,"deliver_item(?item=item_2,?kitting_table=kitting_table_0)","deliver_item(?item=item_2,?kitting_table=kitting_table_0)",True,False,False,0.9140902348733666,31.43334988386916,"deliver_item(?item=item_6,?kitting_table=kitting_table_0)",,2,True,"deliver_item(?item=item_6,?kitting_table=kitting_table_0)","deliver_item(?item=item_6,?kitting_table=kitting_table_0)",75.0,"deliver_item(?item=item_6,?kitting_table=kitting_table_0)",2.0,"deliver_item(?item=item_6,?kitting_table=kitting_table_0)",2.0,"deliver_item(?item=item_6,?kitting_table=kitting_table_0)",2.0,"deliver_item(?item=item_6,?kitting_table=kitting_table_0)",2.0,False,False,False,False,False,False,False,False,False,"deliver_item(?item=item_6,?kitting_table=kitting_table_0)",54.25436828335445,realized,0.0,0.0,realized,0.0,0.0,"deliver_item(?item=item_7,?kitting_table=kitting_table_0)",88.67054108171729,0.0,54.25436828335445,34.41617279836284,True
s20_off,env_layout2,91,theta_crossed,primary,True,"deliver_item(?item=item_2,?kitting_table=kitting_table_0)","deliver_item(?item=item_2,?kitting_table=kitting_table_0)",True,False,False,0.9140902348733666,31.43334988386916,"deliver_item(?item=item_6,?kitting_table=kitting_table_0)",,2,True,"deliver_item(?item=item_6,?kitting_table=kitting_table_0)","deliver_item(?item=item_6,?kitting_table=kitting_table_0)",100.0,"deliver_item(?item=item_6,?kitting_table=kitting_table_0)",2.0,"deliver_item(?item=item_6,?kitting_table=kitting_table_0)",2.0,"deliver_item(?item=item_6,?kitting_table=kitting_table_0)",2.0,"deliver_item(?item=item_6,?kitting_table=kitting_table_0)",2.0,False,False,False,False,False,False,False,False,False,"deliver_item(?item=item_6,?kitting_table=kitting_table_0)",54.25436828335445,realized,0.0,0.0,realized,0.0,0.0,"deliver_item(?item=item_7,?kitting_table=kitting_table_0)",88.67054108171729,0.0,54.25436828335445,34.41617279836284,True
s20_off,env_layout2,91,theta_crossed,primary,True,"deliver_item(?item=item_2,?kitting_table=kitting_table_0)","deliver_item(?item=item_2,?kitting_table=kitting_table_0)",True,False,False,0.9140902348733666,31.43334988386916,"deliver_item(?item=item_6,?kitting_table=kitting_table_0)",,2,True,"deliver_item(?item=item_6,?kitting_table=kitting_table_0)","deliver_item(?item=item_6,?kitting_table=kitting_table_0)",150.0,"deliver_item(?item=item_6,?kitting_table=kitting_table_0)",2.0,"deliver_item(?item=item_6,?kitting_table=kitting_table_0)",2.0,"deliver_item(?item=item_6,?kitting_table=kitting_table_0)",2.0,"deliver_item(?item=item_6,?kitting_table=kitting_table_0)",2.0,False,False,False,False,False,False,False,False,False,"deliver_item(?item=item_6,?kitting_table=kitting_table_0)",54.25436828335445,realized,0.0,0.0,realized,0.0,0.0,"deliver_item(?item=item_7,?kitting_table=kitting_table_0)",88.67054108171729,0.0,54.25436828335445,34.41617279836284,True
s20_off,env_layout2,91,theta_crossed,primary,True,"deliver_item(?item=item_2,?kitting_table=kitting_table_0)","deliver_item(?item=item_2,?kitting_table=kitting_table_0)",True,False,False,0.9140902348733666,31.43334988386916,"deliver_item(?item=item_6,?kitting_table=kitting_table_0)",,2,True,"deliver_item(?item=item_6,?kitting_table=kitting_table_0)","deliver_item(?item=item_6,?kitting_table=kitting_table_0)",200.0,"deliver_item(?item=item_6,?kitting_table=kitting_table_0)",2.0,"deliver_item(?item=item_6,?kitting_table=kitting_table_0)",2.0,"deliver_item(?item=item_6,?kitting_table=kitting_table_0)",2.0,"deliver_item(?item=item_6,?kitting_table=kitting_table_0)",2.0,False,False,False,False,False,False,False,False,False,"deliver_item(?item=item_6,?kitting_table=kitting_table_0)",54.25436828335445,realized,0.0,0.0,realized,0.0,0.0,"deliver_item(?item=item_7,?kitting_table=kitting_table_0)",88.67054108171729,0.0,54.25436828335445,34.41617279836284,True
s20_off,env_layout2,91,theta_crossed,primary,True,"deliver_item(?item=item_2,?kitting_table=kitting_table_0)","deliver_item(?item=item_2,?kitting_table=kitting_table_0)",True,False,False,0.9140902348733666,31.43334988386916,"deliver_item(?item=item_6,?kitting_table=kitting_table_0)",,2,True,"deliver_item(?item=item_6,?kitting_table=kitting_table_0)","deliver_item(?item=item_6,?kitting_table=kitting_table_0)",300.0,"deliver_item(?item=item_6,?kitting_table=kitting_table_0)",2.0,"deliver_item(?item=item_6,?kitting_table=kitting_table_0)",2.0,"deliver_item(?item=item_6,?kitting_table=kitting_table_0)",2.0,"deliver_item(?item=item_6,?kitting_table=kitting_table_0)",2.0,False,False,False,False,False,False,False,False,False,"deliver_item(?item=item_6,?kitting_table=kitting_table_0)",54.25436828335445,realized,0.0,0.0,realized,0.0,0.0,"deliver_item(?item=item_7,?kitting_table=kitting_table_0)",88.67054108171729,0.0,54.25436828335445,34.41617279836284,True
s20_off,env_layout2,91,theta_crossed,primary,True,"deliver_item(?item=item_2,?kitting_table=kitting_table_0)","deliver_item(?item=item_2,?kitting_table=kitting_table_0)",True,False,False,0.9140902348733666,31.43334988386916,"deliver_item(?item=item_6,?kitting_table=kitting_table_0)",,2,True,"deliver_item(?item=item_6,?kitting_table=kitting_table_0)","deliver_item(?item=item_6,?kitting_table=kitting_table_0)",400.0,"deliver_item(?item=item_6,?kitting_table=kitting_table_0)",2.0,"deliver_item(?item=item_6,?kitting_table=kitting_table_0)",2.0,"deliver_item(?item=item_6,?kitting_table=kitting_table_0)",2.0,"deliver_item(?item=item_6,?kitting_table=kitting_table_0)",2.0,False,False,False,False,False,False,False,False,False,"deliver_item(?item=item_6,?kitting_table=kitting_table_0)",54.25436828335445,realized,0.0,0.0,realized,0.0,0.0,"deliver_item(?item=item_7,?kitting_table=kitting_table_0)",88.67054108171729,0.0,54.25436828335445,34.41617279836284,True
s20_off,env_layout2,91,theta_crossed,primary,True,"deliver_item(?item=item_2,?kitting_table=kitting_table_0)","deliver_item(?item=item_2,?kitting_table=kitting_table_0)",True,False,False,0.9140902348733666,31.43334988386916,"deliver_item(?item=item_6,?kitting_table=kitting_table_0)",,2,True,"deliver_item(?item=item_6,?kitting_table=kitting_table_0)","deliver_item(?item=item_6,?kitting_table=kitting_table_0)",600.0,,0.0,"deliver_item(?item=item_6,?kitting_table=kitting_table_0)",1.0,"deliver_item(?item=item_6,?kitting_table=kitting_table_0)",1.0,"deliver_item(?item=item_6,?kitting_table=kitting_table_0)",1.0,True,False,False,False,False,False,False,False,False,"deliver_item(?item=item_6,?kitting_table=kitting_table_0)",54.25436828335445,none:beyond_horizon,,8.179999999999827,realized,,,,,,,,False
s20_off,env_layout2,95,theta_crossed,primary,True,"deliver_item(?item=item_2,?kitting_table=kitting_table_0)","deliver_item(?item=item_2,?kitting_table=kitting_table_0)",True,False,False,0.7655264368924152,27.43334988386916,"deliver_item(?item=item_6,?kitting_table=kitting_table_0)",,2,True,"deliver_item(?item=item_6,?kitting_table=kitting_table_0)","deliver_item(?item=item_6,?kitting_table=kitting_table_0)",5.0,"deliver_item(?item=item_6,?kitting_table=kitting_table_0)",2.0,"deliver_item(?item=item_6,?kitting_table=kitting_table_0)",2.0,"deliver_item(?item=item_6,?kitting_table=kitting_table_0)",2.0,"deliver_item(?item=item_6,?kitting_table=kitting_table_0)",2.0,False,False,False,False,False,False,False,False,False,"deliver_item(?item=item_6,?kitting_table=kitting_table_0)",50.25436828335445,realized,0.0,0.0,realized,0.0,0.0,"deliver_item(?item=item_7,?kitting_table=kitting_table_0)",90.11968142990689,0.0,50.25436828335445,39.86531314655244,True
s20_off,env_layout2,95,theta_crossed,primary,True,"deliver_item(?item=item_2,?kitting_table=kitting_table_0)","deliver_item(?item=item_2,?kitting_table=kitting_table_0)",True,False,False,0.7655264368924152,27.43334988386916,"deliver_item(?item=item_6,?kitting_table=kitting_table_0)",,2,True,"deliver_item(?item=item_6,?kitting_table=kitting_table_0)","deliver_item(?item=item_6,?kitting_table=kitting_table_0)",10.0,"deliver_item(?item=item_6,?kitting_table=kitting_table_0)",2.0,"deliver_item(?item=item_6,?kitting_table=kitting_table_0)",2.0,"deliver_item(?item=item_6,?kitting_table=kitting_table_0)",2.0,"deliver_item(?item=item_6,?kitting_table=kitting_table_0)",2.0,False,False,False,False,False,False,False,False,False,"deliver_item(?item=item_6,?kitting_table=kitting_table_0)",50.25436828335445,realized,0.0,0.0,realized,0.0,0.0,"deliver_item(?item=item_7,?kitting_table=kitting_table_0)",90.11968142990689,0.0,50.25436828335445,39.86531314655244,True
s20_off,env_layout2,95,theta_crossed,primary,True,"deliver_item(?item=item_2,?kitting_table=kitting_table_0)","deliver_item(?item=item_2,?kitting_table=kitting_table_0)",True,False,False,0.7655264368924152,27.43334988386916,"deliver_item(?item=item_6,?kitting_table=kitting_table_0)",,2,True,"deliver_item(?item=item_6,?kitting_table=kitting_table_0)","deliver_item(?item=item_6,?kitting_table=kitting_table_0)",20.0,"deliver_item(?item=item_6,?kitting_table=kitting_table_0)",2.0,"deliver_item(?item=item_6,?kitting_table=kitting_table_0)",2.0,"deliver_item(?item=item_6,?kitting_table=kitting_table_0)",2.0,"deliver_item(?item=item_6,?kitting_table=kitting_table_0)",2.0,False,False,False,False,False,False,False,False,False,"deliver_item(?item=item_6,?kitting_table=kitting_table_0)",50.25436828335445,realized,0.0,0.0,realized,0.0,0.0,"deliver_item(?item=item_7,?kitting_table=kitting_table_0)",90.11968142990689,0.0,50.25436828335445,39.86531314655244,True
s20_off,env_layout2,95,theta_crossed,primary,True,"deliver_item(?item=item_2,?kitting_table=kitting_table_0)","deliver_item(?item=item_2,?kitting_table=kitting_table_0)",True,False,False,0.7655264368924152,27.43334988386916,"deliver_item(?item=item_6,?kitting_table=kitting_table_0)",,2,True,"deliver_item(?item=item_6,?kitting_table=kitting_table_0)","deliver_item(?item=item_6,?kitting_table=kitting_table_0)",30.0,"deliver_item(?item=item_6,?kitting_table=kitting_table_0)",2.0,"deliver_item(?item=item_6,?kitting_table=kitting_table_0)",2.0,"deliver_item(?item=item_6,?kitting_table=kitting_table_0)",2.0,"deliver_item(?item=item_6,?kitting_table=kitting_table_0)",2.0,False,False,False,False,False,False,False,False,False,"deliver_item(?item=item_6,?kitting_table=kitting_table_0)",50.25436828335445,realized,0.0,0.0,realized,0.0,0.0,"deliver_item(?item=item_7,?kitting_table=kitting_table_0)",90.11968142990689,0.0,50.25436828335445,39.86531314655244,True
s20_off,env_layout2,95,theta_crossed,primary,True,"deliver_item(?item=item_2,?kitting_table=kitting_table_0)","deliver_item(?item=item_2,?kitting_table=kitting_table_0)",True,False,False,0.7655264368924152,27.43334988386916,"deliver_item(?item=item_6,?kitting_table=kitting_table_0)",,2,True,"deliver_item(?item=item_6,?kitting_table=kitting_table_0)","deliver_item(?item=item_6,?kitting_table=kitting_table_0)",40.0,"deliver_item(?item=item_6,?kitting_table=kitting_table_0)",2.0,"deliver_item(?item=item_6,?kitting_table=kitting_table_0)",2.0,"deliver_item(?item=item_6,?kitting_table=kitting_table_0)",2.0,"deliver_item(?item=item_6,?kitting_table=kitting_table_0)",2.0,False,False,False,False,False,False,False,False,False,"deliver_item(?item=item_6,?kitting_table=kitting_table_0)",50.25436828335445,realized,0.0,0.0,realized,0.0,0.0,"deliver_item(?item=item_7,?kitting_table=kitting_table_0)",90.11968142990689,0.0,50.25436828335445,39.86531314655244,True
s20_off,env_layout2,95,theta_crossed,primary,True,"deliver_item(?item=item_2,?kitting_table=kitting_table_0)","deliver_item(?item=item_2,?kitting_table=kitting_table_0)",True,False,False,0.7655264368924152,27.43334988386916,"deliver_item(?item=item_6,?kitting_table=kitting_table_0)",,2,True,"deliver_item(?item=item_6,?kitting_table=kitting_table_0)","deliver_item(?item=item_6,?kitting_table=kitting_table_0)",50.0,"deliver_item(?item=item_6,?kitting_table=kitting_table_0)",2.0,"deliver_item(?item=item_6,?kitting_table=kitting_table_0)",2.0,"deliver_item(?item=item_6,?kitting_table=kitting_table_0)",2.0,"deliver_item(?item=item_6,?kitting_table=kitting_table_0)",2.0,False,False,False,False,False,False,False,False,False,"deliver_item(?item=item_6,?kitting_table=kitting_table_0)",50.25436828335445,realized,0.0,0.0,realized,0.0,0.0,"deliver_item(?item=item_7,?kitting_table=kitting_table_0)",90.11968142990689,0.0,50.25436828335445,39.86531314655244,True
s20_off,env_layout2,95,theta_crossed,primary,True,"deliver_item(?item=item_2,?kitting_table=kitting_table_0)","deliver_item(?item=item_2,?kitting_table=kitting_table_0)",True,False,False,0.7655264368924152,27.43334988386916,"deliver_item(?item=item_6,?kitting_table=kitting_table_0)",,2,True,"deliver_item(?item=item_6,?kitting_table=kitting_table_0)","deliver_item(?item=item_6,?kitting_table=kitting_table_0)",75.0,"deliver_item(?item=item_6,?kitting_table=kitting_table_0)",2.0,"deliver_item(?item=item_6,?kitting_table=kitting_table_0)",2.0,"deliver_item(?item=item_6,?kitting_table=kitting_table_0)",2.0,"deliver_item(?item=item_6,?kitting_table=kitting_table_0)",2.0,False,False,False,False,False,False,False,False,False,"deliver_item(?item=item_6,?kitting_table=kitting_table_0)",50.25436828335445,realized,0.0,0.0,realized,0.0,0.0,"deliver_item(?item=item_7,?kitting_table=kitting_table_0)",90.11968142990689,0.0,50.25436828335445,39.86531314655244,True
s20_off,env_layout2,95,theta_crossed,primary,True,"deliver_item(?item=item_2,?kitting_table=kitting_table_0)","deliver_item(?item=item_2,?kitting_table=kitting_table_0)",True,False,False,0.7655264368924152,27.43334988386916,"deliver_item(?item=item_6,?kitting_table=kitting_table_0)",,2,True,"deliver_item(?item=item_6,?kitting_table=kitting_table_0)","deliver_item(?item=item_6,?kitting_table=kitting_table_0)",100.0,"deliver_item(?item=item_6,?kitting_table=kitting_table_0)",2.0,"deliver_item(?item=item_6,?kitting_table=kitting_table_0)",2.0,"deliver_item(?item=item_6,?kitting_table=kitting_table_0)",2.0,"deliver_item(?item=item_6,?kitting_table=kitting_table_0)",2.0,False,False,False,False,False,False,False,False,False,"deliver_item(?item=item_6,?kitting_table=kitting_table_0)",50.25436828335445,realized,0.0,0.0,realized,0.0,0.0,"deliver_item(?item=item_7,?kitting_table=kitting_table_0)",90.11968142990689,0.0,50.25436828335445,39.86531314655244,True
s20_off,env_layout2,95,theta_crossed,primary,True,"deliver_item(?item=item_2,?kitting_table=kitting_table_0)","deliver_item(?item=item_2,?kitting_table=kitting_table_0)",True,False,False,0.7655264368924152,27.43334988386916,"deliver_item(?item=item_6,?kitting_table=kitting_table_0)",,2,True,"deliver_item(?item=item_6,?kitting_table=kitting_table_0)","deliver_item(?item=item_6,?kitting_table=kitting_table_0)",150.0,"deliver_item(?item=item_6,?kitting_table=kitting_table_0)",2.0,"deliver_item(?item=item_6,?kitting_table=kitting_table_0)",2.0,"deliver_item(?item=item_6,?kitting_table=kitting_table_0)",2.0,"deliver_item(?item=item_6,?kitting_table=kitting_table_0)",2.0,False,False,False,False,False,False,False,False,False,"deliver_item(?item=item_6,?kitting_table=kitting_table_0)",50.25436828335445,realized,0.0,0.0,realized,0.0,0.0,"deliver_item(?item=item_7,?kitting_table=kitting_table_0)",90.11968142990689,0.0,50.25436828335445,39.86531314655244,True
s20_off,env_layout2,95,theta_crossed,primary,True,"deliver_item(?item=item_2,?kitting_table=kitting_table_0)","deliver_item(?item=item_2,?kitting_table=kitting_table_0)",True,False,False,0.7655264368924152,27.43334988386916,"deliver_item(?item=item_6,?kitting_table=kitting_table_0)",,2,True,"deliver_item(?item=item_6,?kitting_table=kitting_table_0)","deliver_item(?item=item_6,?kitting_table=kitting_table_0)",200.0,"deliver_item(?item=item_6,?kitting_table=kitting_table_0)",2.0,"deliver_item(?item=item_6,?kitting_table=kitting_table_0)",2.0,"deliver_item(?item=item_6,?kitting_table=kitting_table_0)",2.0,"deliver_item(?item=item_6,?kitting_table=kitting_table_0)",2.0,False,False,False,False,False,False,False,False,False,"deliver_item(?item=item_6,?kitting_table=kitting_table_0)",50.25436828335445,realized,0.0,0.0,realized,0.0,0.0,"deliver_item(?item=item_7,?kitting_table=kitting_table_0)",90.11968142990689,0.0,50.25436828335445,39.86531314655244,True
s20_off,env_layout2,95,theta_crossed,primary,True,"deliver_item(?item=item_2,?kitting_table=kitting_table_0)","deliver_item(?item=item_2,?kitting_table=kitting_table_0)",True,False,False,0.7655264368924152,27.43334988386916,"deliver_item(?item=item_6,?kitting_table=kitting_table_0)",,2,True,"deliver_item(?item=item_6,?kitting_table=kitting_table_0)","deliver_item(?item=item_6,?kitting_table=kitting_table_0)",300.0,"deliver_item(?item=item_6,?kitting_table=kitting_table_0)",2.0,"deliver_item(?item=item_6,?kitting_table=kitting_table_0)",2.0,"deliver_item(?item=item_6,?kitting_table=kitting_table_0)",2.0,"deliver_item(?item=item_6,?kitting_table=kitting_table_0)",2.0,False,False,False,False,False,False,False,False,False,"deliver_item(?item=item_6,?kitting_table=kitting_table_0)",50.25436828335445,realized,0.0,0.0,realized,0.0,0.0,"deliver_item(?item=item_7,?kitting_table=kitting_table_0)",90.11968142990689,0.0,50.25436828335445,39.86531314655244,True
s20_off,env_layout2,95,theta_crossed,primary,True,"deliver_item(?item=item_2,?kitting_table=kitting_table_0)","deliver_item(?item=item_2,?kitting_table=kitting_table_0)",True,False,False,0.7655264368924152,27.43334988386916,"deliver_item(?item=item_6,?kitting_table=kitting_table_0)",,2,True,"deliver_item(?item=item_6,?kitting_table=kitting_table_0)","deliver_item(?item=item_6,?kitting_table=kitting_table_0)",400.0,"deliver_item(?item=item_6,?kitting_table=kitting_table_0)",2.0,"deliver_item(?item=item_6,?kitting_table=kitting_table_0)",2.0,"deliver_item(?item=item_6,?kitting_table=kitting_table_0)",2.0,"deliver_item(?item=item_6,?kitting_table=kitting_table_0)",2.0,False,False,False,False,False,False,False,False,False,"deliver_item(?item=item_6,?kitting_table=kitting_table_0)",50.25436828335445,realized,0.0,0.0,realized,0.0,0.0,"deliver_item(?item=item_7,?kitting_table=kitting_table_0)",90.11968142990689,0.0,50.25436828335445,39.86531314655244,True
s20_off,env_layout2,95,theta_crossed,primary,True,"deliver_item(?item=item_2,?kitting_table=kitting_table_0)","deliver_item(?item=item_2,?kitting_table=kitting_table_0)",True,False,False,0.7655264368924152,27.43334988386916,"deliver_item(?item=item_6,?kitting_table=kitting_table_0)",,2,True,"deliver_item(?item=item_6,?kitting_table=kitting_table_0)","deliver_item(?item=item_6,?kitting_table=kitting_table_0)",600.0,"deliver_item(?item=item_7,?kitting_table=kitting_table_0)",1.0,"deliver_item(?item=item_6,?kitting_table=kitting_table_0)",2.0,"deliver_item(?item=item_6,?kitting_table=kitting_table_0)",2.0,"deliver_item(?item=item_6,?kitting_table=kitting_table_0)",2.0,False,False,False,False,True,True,False,False,False,"deliver_item(?item=item_6,?kitting_table=kitting_table_0)",50.25436828335445,none:beyond_horizon,,8.179999999999824,realized,,,"deliver_item(?item=item_7,?kitting_table=kitting_table_0)",113.46780374618753,23.34812231628064,,,False
s20_off,env_layout2,103,task_committed,primary,True,"deliver_item(?item=item_2,?kitting_table=kitting_table_0)","deliver_item(?item=item_2,?kitting_table=kitting_table_0)",True,False,False,0.9816447288267522,19.433349883869163,"deliver_item(?item=item_6,?kitting_table=kitting_table_0)",item_6,2,True,"deliver_item(?item=item_6,?kitting_table=kitting_table_0)","deliver_item(?item=item_6,?kitting_table=kitting_table_0)",5.0,"deliver_item(?item=item_6,?kitting_table=kitting_table_0)",2.0,"deliver_item(?item=item_6,?kitting_table=kitting_table_0)",2.0,"deliver_item(?item=item_6,?kitting_table=kitting_table_0)",2.0,"deliver_item(?item=item_6,?kitting_table=kitting_table_0)",2.0,False,False,False,False,False,False,False,False,False,"deliver_item(?item=item_6,?kitting_table=kitting_table_0)",40.75173105176642,realized,0.0,0.0,realized,0.0,0.0,"deliver_item(?item=item_7,?kitting_table=kitting_table_0)",95.74589176390938,0.0,40.75173105176642,54.994160712142964,True
s20_off,env_layout2,103,task_committed,primary,True,"deliver_item(?item=item_2,?kitting_table=kitting_table_0)","deliver_item(?item=item_2,?kitting_table=kitting_table_0)",True,False,False,0.9816447288267522,19.433349883869163,"deliver_item(?item=item_6,?kitting_table=kitting_table_0)",item_6,2,True,"deliver_item(?item=item_6,?kitting_table=kitting_table_0)","deliver_item(?item=item_6,?kitting_table=kitting_table_0)",10.0,"deliver_item(?item=item_6,?kitting_table=kitting_table_0)",2.0,"deliver_item(?item=item_6,?kitting_table=kitting_table_0)",2.0,"deliver_item(?item=item_6,?kitting_table=kitting_table_0)",2.0,"deliver_item(?item=item_6,?kitting_table=kitting_table_0)",2.0,False,False,False,False,False,False,False,False,False,"deliver_item(?item=item_6,?kitting_table=kitting_table_0)",40.75173105176642,realized,0.0,0.0,realized,0.0,0.0,"deliver_item(?item=item_7,?kitting_table=kitting_table_0)",95.74589176390938,0.0,40.75173105176642,54.994160712142964,True
s20_off,env_layout2,103,task_committed,primary,True,"deliver_item(?item=item_2,?kitting_table=kitting_table_0)","deliver_item(?item=item_2,?kitting_table=kitting_table_0)",True,False,False,0.9816447288267522,19.433349883869163,"deliver_item(?item=item_6,?kitting_table=kitting_table_0)",item_6,2,True,"deliver_item(?item=item_6,?kitting_table=kitting_table_0)","deliver_item(?item=item_6,?kitting_table=kitting_table_0)",20.0,"deliver_item(?item=item_6,?kitting_table=kitting_table_0)",2.0,"deliver_item(?item=item_6,?kitting_table=kitting_table_0)",2.0,"deliver_item(?item=item_6,?kitting_table=kitting_table_0)",2.0,"deliver_item(?item=item_6,?kitting_table=kitting_table_0)",2.0,False,False,False,False,False,False,False,False,False,"deliver_item(?item=item_6,?kitting_table=kitting_table_0)",40.75173105176642,realized,0.0,0.0,realized,0.0,0.0,"deliver_item(?item=item_7,?kitting_table=kitting_table_0)",95.74589176390938,0.0,40.75173105176642,54.994160712142964,True
s20_off,env_layout2,103,task_committed,primary,True,"deliver_item(?item=item_2,?kitting_table=kitting_table_0)","deliver_item(?item=item_2,?kitting_table=kitting_table_0)",True,False,False,0.9816447288267522,19.433349883869163,"deliver_item(?item=item_6,?kitting_table=kitting_table_0)",item_6,2,True,"deliver_item(?item=item_6,?kitting_table=kitting_table_0)","deliver_item(?item=item_6,?kitting_table=kitting_table_0)",30.0,"deliver_item(?item=item_6,?kitting_table=kitting_table_0)",2.0,"deliver_item(?item=item_6,?kitting_table=kitting_table_0)",2.0,"deliver_item(?item=item_6,?kitting_table=kitting_table_0)",2.0,"deliver_item(?item=item_6,?kitting_table=kitting_table_0)",2.0,False,False,False,False,False,False,False,False,False,"deliver_item(?item=item_6,?kitting_table=kitting_table_0)",40.75173105176642,realized,0.0,0.0,realized,0.0,0.0,"deliver_item(?item=item_7,?kitting_table=kitting_table_0)",95.74589176390938,0.0,40.75173105176642,54.994160712142964,True
s20_off,env_layout2,103,task_committed,primary,True,"deliver_item(?item=item_2,?kitting_table=kitting_table_0)","deliver_item(?item=item_2,?kitting_table=kitting_table_0)",True,False,False,0.9816447288267522,19.433349883869163,"deliver_item(?item=item_6,?kitting_table=kitting_table_0)",item_6,2,True,"deliver_item(?item=item_6,?kitting_table=kitting_table_0)","deliver_item(?item=item_6,?kitting_table=kitting_table_0)",40.0,"deliver_item(?item=item_6,?kitting_table=kitting_table_0)",2.0,"deliver_item(?item=item_6,?kitting_table=kitting_table_0)",2.0,"deliver_item(?item=item_6,?kitting_table=kitting_table_0)",2.0,"deliver_item(?item=item_6,?kitting_table=kitting_table_0)",2.0,False,False,False,False,False,False,False,False,False,"deliver_item(?item=item_6,?kitting_table=kitting_table_0)",40.75173105176642,realized,0.0,0.0,realized,0.0,0.0,"deliver_item(?item=item_7,?kitting_table=kitting_table_0)",95.74589176390938,0.0,40.75173105176642,54.994160712142964,True
s20_off,env_layout2,103,task_committed,primary,True,"deliver_item(?item=item_2,?kitting_table=kitting_table_0)","deliver_item(?item=item_2,?kitting_table=kitting_table_0)",True,False,False,0.9816447288267522,19.433349883869163,"deliver_item(?item=item_6,?kitting_table=kitting_table_0)",item_6,2,True,"deliver_item(?item=item_6,?kitting_table=kitting_table_0)","deliver_item(?item=item_6,?kitting_table=kitting_table_0)",50.0,"deliver_item(?item=item_6,?kitting_table=kitting_table_0)",2.0,"deliver_item(?item=item_6,?kitting_table=kitting_table_0)",2.0,"deliver_item(?item=item_6,?kitting_table=kitting_table_0)",2.0,"deliver_item(?item=item_6,?kitting_table=kitting_table_0)",2.0,False,False,False,False,False,False,False,False,False,"deliver_item(?item=item_6,?kitting_table=kitting_table_0)",40.75173105176642,realized,0.0,0.0,realized,0.0,0.0,"deliver_item(?item=item_7,?kitting_table=kitting_table_0)",95.74589176390938,0.0,40.75173105176642,54.994160712142964,True
s20_off,env_layout2,103,task_committed,primary,True,"deliver_item(?item=item_2,?kitting_table=kitting_table_0)","deliver_item(?item=item_2,?kitting_table=kitting_table_0)",True,False,False,0.9816447288267522,19.433349883869163,"deliver_item(?item=item_6,?kitting_table=kitting_table_0)",item_6,2,True,"deliver_item(?item=item_6,?kitting_table=kitting_table_0)","deliver_item(?item=item_6,?kitting_table=kitting_table_0)",75.0,"deliver_item(?item=item_6,?kitting_table=kitting_table_0)",2.0,"deliver_item(?item=item_6,?kitting_table=kitting_table_0)",2.0,"deliver_item(?item=item_6,?kitting_table=kitting_table_0)",2.0,"deliver_item(?item=item_6,?kitting_table=kitting_table_0)",2.0,False,False,False,False,False,False,False,False,False,"deliver_item(?item=item_6,?kitting_table=kitting_table_0)",40.75173105176642,realized,0.0,0.0,realized,0.0,0.0,"deliver_item(?item=item_7,?kitting_table=kitting_table_0)",95.74589176390938,0.0,40.75173105176642,54.994160712142964,True
s20_off,env_layout2,103,task_committed,primary,True,"deliver_item(?item=item_2,?kitting_table=kitting_table_0)","deliver_item(?item=item_2,?kitting_table=kitting_table_0)",True,False,False,0.9816447288267522,19.433349883869163,"deliver_item(?item=item_6,?kitting_table=kitting_table_0)",item_6,2,True,"deliver_item(?item=item_6,?kitting_table=kitting_table_0)","deliver_item(?item=item_6,?kitting_table=kitting_table_0)",100.0,"deliver_item(?item=item_6,?kitting_table=kitting_table_0)",2.0,"deliver_item(?item=item_6,?kitting_table=kitting_table_0)",2.0,"deliver_item(?item=item_6,?kitting_table=kitting_table_0)",2.0,"deliver_item(?item=item_6,?kitting_table=kitting_table_0)",2.0,False,False,False,False,False,False,False,False,False,"deliver_item(?item=item_6,?kitting_table=kitting_table_0)",40.75173105176642,realized,0.0,0.0,realized,0.0,0.0,"deliver_item(?item=item_7,?kitting_table=kitting_table_0)",95.74589176390938,0.0,40.75173105176642,54.994160712142964,True
s20_off,env_layout2,103,task_committed,primary,True,"deliver_item(?item=item_2,?kitting_table=kitting_table_0)","deliver_item(?item=item_2,?kitting_table=kitting_table_0)",True,False,False,0.9816447288267522,19.433349883869163,"deliver_item(?item=item_6,?kitting_table=kitting_table_0)",item_6,2,True,"deliver_item(?item=item_6,?kitting_table=kitting_table_0)","deliver_item(?item=item_6,?kitting_table=kitting_table_0)",150.0,"deliver_item(?item=item_6,?kitting_table=kitting_table_0)",2.0,"deliver_item(?item=item_6,?kitting_table=kitting_table_0)",2.0,"deliver_item(?item=item_6,?kitting_table=kitting_table_0)",2.0,"deliver_item(?item=item_6,?kitting_table=kitting_table_0)",2.0,False,False,False,False,False,False,False,False,False,"deliver_item(?item=item_6,?kitting_table=kitting_table_0)",40.75173105176642,realized,0.0,0.0,realized,0.0,0.0,"deliver_item(?item=item_7,?kitting_table=kitting_table_0)",95.74589176390938,0.0,40.75173105176642,54.994160712142964,True
s20_off,env_layout2,103,task_committed,primary,True,"deliver_item(?item=item_2,?kitting_table=kitting_table_0)","deliver_item(?item=item_2,?kitting_table=kitting_table_0)",True,False,False,0.9816447288267522,19.433349883869163,"deliver_item(?item=item_6,?kitting_table=kitting_table_0)",item_6,2,True,"deliver_item(?item=item_6,?kitting_table=kitting_table_0)","deliver_item(?item=item_6,?kitting_table=kitting_table_0)",200.0,"deliver_item(?item=item_6,?kitting_table=kitting_table_0)",2.0,"deliver_item(?item=item_6,?kitting_table=kitting_table_0)",2.0,"deliver_item(?item=item_6,?kitting_table=kitting_table_0)",2.0,"deliver_item(?item=item_6,?kitting_table=kitting_table_0)",2.0,False,False,False,False,False,False,False,False,False,"deliver_item(?item=item_6,?kitting_table=kitting_table_0)",40.75173105176642,realized,0.0,0.0,realized,0.0,0.0,"deliver_item(?item=item_7,?kitting_table=kitting_table_0)",95.74589176390938,0.0,40.75173105176642,54.994160712142964,True
s20_off,env_layout2,103,task_committed,primary,True,"deliver_item(?item=item_2,?kitting_table=kitting_table_0)","deliver_item(?item=item_2,?kitting_table=kitting_table_0)",True,False,False,0.9816447288267522,19.433349883869163,"deliver_item(?item=item_6,?kitting_table=kitting_table_0)",item_6,2,True,"deliver_item(?item=item_6,?kitting_table=kitting_table_0)","deliver_item(?item=item_6,?kitting_table=kitting_table_0)",300.0,"deliver_item(?item=item_6,?kitting_table=kitting_table_0)",2.0,"deliver_item(?item=item_6,?kitting_table=kitting_table_0)",2.0,"deliver_item(?item=item_6,?kitting_table=kitting_table_0)",2.0,"deliver_item(?item=item_6,?kitting_table=kitting_table_0)",2.0,False,False,False,False,False,False,False,False,False,"deliver_item(?item=item_6,?kitting_table=kitting_table_0)",40.75173105176642,realized,0.0,0.0,realized,0.0,0.0,"deliver_item(?item=item_7,?kitting_table=kitting_table_0)",95.74589176390938,0.0,40.75173105176642,54.994160712142964,True
s20_off,env_layout2,103,task_committed,primary,True,"deliver_item(?item=item_2,?kitting_table=kitting_table_0)","deliver_item(?item=item_2,?kitting_table=kitting_table_0)",True,False,False,0.9816447288267522,19.433349883869163,"deliver_item(?item=item_6,?kitting_table=kitting_table_0)",item_6,2,True,"deliver_item(?item=item_6,?kitting_table=kitting_table_0)","deliver_item(?item=item_6,?kitting_table=kitting_table_0)",400.0,"deliver_item(?item=item_6,?kitting_table=kitting_table_0)",2.0,"deliver_item(?item=item_6,?kitting_table=kitting_table_0)",2.0,"deliver_item(?item=item_6,?kitting_table=kitting_table_0)",2.0,"deliver_item(?item=item_6,?kitting_table=kitting_table_0)",2.0,False,False,False,False,False,False,False,False,False,"deliver_item(?item=item_6,?kitting_table=kitting_table_0)",40.75173105176642,realized,0.0,0.0,realized,0.0,0.0,"deliver_item(?item=item_7,?kitting_table=kitting_table_0)",95.74589176390938,0.0,40.75173105176642,54.994160712142964,True
s20_off,env_layout2,103,task_committed,primary,True,"deliver_item(?item=item_2,?kitting_table=kitting_table_0)","deliver_item(?item=item_2,?kitting_table=kitting_table_0)",True,False,False,0.9816447288267522,19.433349883869163,"deliver_item(?item=item_6,?kitting_table=kitting_table_0)",item_6,2,True,"deliver_item(?item=item_6,?kitting_table=kitting_table_0)","deliver_item(?item=item_6,?kitting_table=kitting_table_0)",600.0,"deliver_item(?item=item_7,?kitting_table=kitting_table_0)",1.0,"deliver_item(?item=item_6,?kitting_table=kitting_table_0)",2.0,"deliver_item(?item=item_6,?kitting_table=kitting_table_0)",2.0,"deliver_item(?item=item_6,?kitting_table=kitting_table_0)",2.0,False,False,False,False,True,True,False,False,False,"deliver_item(?item=item_6,?kitting_table=kitting_table_0)",40.75173105176642,none:beyond_horizon,,9.69,realized,,,"deliver_item(?item=item_7,?kitting_table=kitting_table_0)",95.74589176390938,0.0,,,False
s20_off,env_layout2,146,no_current_task,counterfactual,False,"deliver_item(?item=item_7,?kitting_table=kitting_table_0)",,False,True,False,0.498,88.04420529702574,,,1,False,"deliver_item(?item=item_7,?kitting_table=kitting_table_0)","deliver_item(?item=item_7,?kitting_table=kitting_table_0)",5.0,"deliver_item(?item=item_7,?kitting_table=kitting_table_0)",1.0,"deliver_item(?item=item_7,?kitting_table=kitting_table_0)",1.0,"deliver_item(?item=item_7,?kitting_table=kitting_table_0)",1.0,"deliver_item(?item=item_7,?kitting_table=kitting_table_0)",1.0,False,False,False,False,False,False,False,False,False,,,,,,,,,,,,,,
s20_off,env_layout2,146,no_current_task,counterfactual,False,"deliver_item(?item=item_7,?kitting_table=kitting_table_0)",,False,True,False,0.498,88.04420529702574,,,1,False,"deliver_item(?item=item_7,?kitting_table=kitting_table_0)","deliver_item(?item=item_7,?kitting_table=kitting_table_0)",10.0,"deliver_item(?item=item_7,?kitting_table=kitting_table_0)",1.0,"deliver_item(?item=item_7,?kitting_table=kitting_table_0)",1.0,"deliver_item(?item=item_7,?kitting_table=kitting_table_0)",1.0,"deliver_item(?item=item_7,?kitting_table=kitting_table_0)",1.0,False,False,False,False,False,False,False,False,False,,,,,,,,,,,,,,
s20_off,env_layout2,146,no_current_task,counterfactual,False,"deliver_item(?item=item_7,?kitting_table=kitting_table_0)",,False,True,False,0.498,88.04420529702574,,,1,False,"deliver_item(?item=item_7,?kitting_table=kitting_table_0)","deliver_item(?item=item_7,?kitting_table=kitting_table_0)",20.0,,0.0,,0.0,,0.0,,0.0,True,True,True,False,False,False,False,False,False,,,,,,,,,,,,,,
s20_off,env_layout2,146,no_current_task,counterfactual,False,"deliver_item(?item=item_7,?kitting_table=kitting_table_0)",,False,True,False,0.498,88.04420529702574,,,1,False,"deliver_item(?item=item_7,?kitting_table=kitting_table_0)","deliver_item(?item=item_7,?kitting_table=kitting_table_0)",30.0,,0.0,,0.0,,0.0,,0.0,True,True,True,False,False,False,False,False,False,,,,,,,,,,,,,,
s20_off,env_layout2,146,no_current_task,counterfactual,False,"deliver_item(?item=item_7,?kitting_table=kitting_table_0)",,False,True,False,0.498,88.04420529702574,,,1,False,"deliver_item(?item=item_7,?kitting_table=kitting_table_0)","deliver_item(?item=item_7,?kitting_table=kitting_table_0)",40.0,,0.0,,0.0,,0.0,,0.0,True,True,True,False,False,False,False,False,False,,,,,,,,,,,,,,
s20_off,env_layout2,146,no_current_task,counterfactual,False,"deliver_item(?item=item_7,?kitting_table=kitting_table_0)",,False,True,False,0.498,88.04420529702574,,,1,False,"deliver_item(?item=item_7,?kitting_table=kitting_table_0)","deliver_item(?item=item_7,?kitting_table=kitting_table_0)",50.0,,0.0,,0.0,,0.0,,0.0,True,True,True,False,False,False,False,False,False,,,,,,,,,,,,,,
s20_off,env_layout2,146,no_current_task,counterfactual,False,"deliver_item(?item=item_7,?kitting_table=kitting_table_0)",,False,True,False,0.498,88.04420529702574,,,1,False,"deliver_item(?item=item_7,?kitting_table=kitting_table_0)","deliver_item(?item=item_7,?kitting_table=kitting_table_0)",75.0,,0.0,,0.0,,0.0,,0.0,True,True,True,False,False,False,False,False,False,,,,,,,,,,,,,,
s20_off,env_layout2,146,no_current_task,counterfactual,False,"deliver_item(?item=item_7,?kitting_table=kitting_table_0)",,False,True,False,0.498,88.04420529702574,,,1,False,"deliver_item(?item=item_7,?kitting_table=kitting_table_0)","deliver_item(?item=item_7,?kitting_table=kitting_table_0)",100.0,,0.0,,0.0,,0.0,,0.0,True,True,True,False,False,False,False,False,False,,,,,,,,,,,,,,
s20_off,env_layout2,146,no_current_task,counterfactual,False,"deliver_item(?item=item_7,?kitting_table=kitting_table_0)",,False,True,False,0.498,88.04420529702574,,,1,False,"deliver_item(?item=item_7,?kitting_table=kitting_table_0)","deliver_item(?item=item_7,?kitting_table=kitting_table_0)",150.0,,0.0,,0.0,,0.0,,0.0,True,True,True,False,False,False,False,False,False,,,,,,,,,,,,,,
s20_off,env_layout2,146,no_current_task,counterfactual,False,"deliver_item(?item=item_7,?kitting_table=kitting_table_0)",,False,True,False,0.498,88.04420529702574,,,1,False,"deliver_item(?item=item_7,?kitting_table=kitting_table_0)","deliver_item(?item=item_7,?kitting_table=kitting_table_0)",200.0,,0.0,,0.0,,0.0,,0.0,True,True,True,False,False,False,False,False,False,,,,,,,,,,,,,,
s20_off,env_layout2,146,no_current_task,counterfactual,False,"deliver_item(?item=item_7,?kitting_table=kitting_table_0)",,False,True,False,0.498,88.04420529702574,,,1,False,"deliver_item(?item=item_7,?kitting_table=kitting_table_0)","deliver_item(?item=item_7,?kitting_table=kitting_table_0)",300.0,,0.0,,0.0,,0.0,,0.0,True,True,True,False,False,False,False,False,False,,,,,,,,,,,,,,
s20_off,env_layout2,146,no_current_task,counterfactual,False,"deliver_item(?item=item_7,?kitting_table=kitting_table_0)",,False,True,False,0.498,88.04420529702574,,,1,False,"deliver_item(?item=item_7,?kitting_table=kitting_table_0)","deliver_item(?item=item_7,?kitting_table=kitting_table_0)",400.0,,0.0,,0.0,,0.0,,0.0,True,True,True,False,False,False,False,False,False,,,,,,,,,,,,,,
s20_off,env_layout2,146,no_current_task,counterfactual,False,"deliver_item(?item=item_7,?kitting_table=kitting_table_0)",,False,True,False,0.498,88.04420529702574,,,1,False,"deliver_item(?item=item_7,?kitting_table=kitting_table_0)","deliver_item(?item=item_7,?kitting_table=kitting_table_0)",600.0,,0.0,,0.0,,0.0,,0.0,True,True,True,False,False,False,False,False,False,,,,,,,,,,,,,,
s20_off,env_layout2,190,task_committed,counterfactual,False,"deliver_item(?item=item_7,?kitting_table=kitting_table_0)",,False,True,False,0.498,85.1194926528207,"deliver_item(?item=item_7,?kitting_table=kitting_table_0)",item_7,1,True,"deliver_item(?item=item_7,?kitting_table=kitting_table_0)","deliver_item(?item=item_7,?kitting_table=kitting_table_0)",5.0,,0.0,,0.0,,0.0,,0.0,True,True,True,False,False,False,False,False,False,"deliver_item(?item=item_7,?kitting_table=kitting_table_0)",43.26971985466541,none:hold_position_violated,,,none:no_feasible_start,,,,,,,,False
s20_off,env_layout2,190,task_committed,counterfactual,False,"deliver_item(?item=item_7,?kitting_table=kitting_table_0)",,False,True,False,0.498,85.1194926528207,"deliver_item(?item=item_7,?kitting_table=kitting_table_0)",item_7,1,True,"deliver_item(?item=item_7,?kitting_table=kitting_table_0)","deliver_item(?item=item_7,?kitting_table=kitting_table_0)",10.0,,0.0,,0.0,,0.0,,0.0,True,True,True,False,False,False,False,False,False,"deliver_item(?item=item_7,?kitting_table=kitting_table_0)",43.26971985466541,none:hold_position_violated,,,none:no_feasible_start,,,,,,,,False
s20_off,env_layout2,190,task_committed,counterfactual,False,"deliver_item(?item=item_7,?kitting_table=kitting_table_0)",,False,True,False,0.498,85.1194926528207,"deliver_item(?item=item_7,?kitting_table=kitting_table_0)",item_7,1,True,"deliver_item(?item=item_7,?kitting_table=kitting_table_0)","deliver_item(?item=item_7,?kitting_table=kitting_table_0)",20.0,,0.0,,0.0,,0.0,,0.0,True,True,True,False,False,False,False,False,False,"deliver_item(?item=item_7,?kitting_table=kitting_table_0)",43.26971985466541,none:hold_position_violated,,,none:no_feasible_start,,,,,,,,False
s20_off,env_layout2,190,task_committed,counterfactual,False,"deliver_item(?item=item_7,?kitting_table=kitting_table_0)",,False,True,False,0.498,85.1194926528207,"deliver_item(?item=item_7,?kitting_table=kitting_table_0)",item_7,1,True,"deliver_item(?item=item_7,?kitting_table=kitting_table_0)","deliver_item(?item=item_7,?kitting_table=kitting_table_0)",30.0,,0.0,,0.0,,0.0,,0.0,True,True,True,False,False,False,False,False,False,"deliver_item(?item=item_7,?kitting_table=kitting_table_0)",43.26971985466541,none:hold_position_violated,,,none:no_feasible_start,,,,,,,,False
s20_off,env_layout2,190,task_committed,counterfactual,False,"deliver_item(?item=item_7,?kitting_table=kitting_table_0)",,False,True,False,0.498,85.1194926528207,"deliver_item(?item=item_7,?kitting_table=kitting_table_0)",item_7,1,True,"deliver_item(?item=item_7,?kitting_table=kitting_table_0)","deliver_item(?item=item_7,?kitting_table=kitting_table_0)",40.0,,0.0,,0.0,,0.0,,0.0,True,True,True,False,False,False,False,False,False,"deliver_item(?item=item_7,?kitting_table=kitting_table_0)",43.26971985466541,none:hold_position_violated,,,none:no_feasible_start,,,,,,,,False
s20_off,env_layout2,190,task_committed,counterfactual,False,"deliver_item(?item=item_7,?kitting_table=kitting_table_0)",,False,True,False,0.498,85.1194926528207,"deliver_item(?item=item_7,?kitting_table=kitting_table_0)",item_7,1,True,"deliver_item(?item=item_7,?kitting_table=kitting_table_0)","deliver_item(?item=item_7,?kitting_table=kitting_table_0)",50.0,,0.0,,0.0,,0.0,,0.0,True,True,True,False,False,False,False,False,False,"deliver_item(?item=item_7,?kitting_table=kitting_table_0)",43.26971985466541,none:hold_position_violated,,,none:no_feasible_start,,,,,,,,False
s20_off,env_layout2,190,task_committed,counterfactual,False,"deliver_item(?item=item_7,?kitting_table=kitting_table_0)",,False,True,False,0.498,85.1194926528207,"deliver_item(?item=item_7,?kitting_table=kitting_table_0)",item_7,1,True,"deliver_item(?item=item_7,?kitting_table=kitting_table_0)","deliver_item(?item=item_7,?kitting_table=kitting_table_0)",75.0,,0.0,,0.0,,0.0,,0.0,True,True,True,False,False,False,False,False,False,"deliver_item(?item=item_7,?kitting_table=kitting_table_0)",43.26971985466541,none:hold_position_violated,,,none:no_feasible_start,,,,,,,,False
s20_off,env_layout2,190,task_committed,counterfactual,False,"deliver_item(?item=item_7,?kitting_table=kitting_table_0)",,False,True,False,0.498,85.1194926528207,"deliver_item(?item=item_7,?kitting_table=kitting_table_0)",item_7,1,True,"deliver_item(?item=item_7,?kitting_table=kitting_table_0)","deliver_item(?item=item_7,?kitting_table=kitting_table_0)",100.0,,0.0,,0.0,,0.0,,0.0,True,True,True,False,False,False,False,False,False,"deliver_item(?item=item_7,?kitting_table=kitting_table_0)",43.26971985466541,none:hold_position_violated,,,none:no_feasible_start,,,,,,,,False
s20_off,env_layout2,190,task_committed,counterfactual,False,"deliver_item(?item=item_7,?kitting_table=kitting_table_0)",,False,True,False,0.498,85.1194926528207,"deliver_item(?item=item_7,?kitting_table=kitting_table_0)",item_7,1,True,"deliver_item(?item=item_7,?kitting_table=kitting_table_0)","deliver_item(?item=item_7,?kitting_table=kitting_table_0)",150.0,,0.0,,0.0,,0.0,,0.0,True,True,True,False,False,False,False,False,False,"deliver_item(?item=item_7,?kitting_table=kitting_table_0)",43.26971985466541,none:hold_position_violated,,,none:no_feasible_start,,,,,,,,False
s20_off,env_layout2,190,task_committed,counterfactual,False,"deliver_item(?item=item_7,?kitting_table=kitting_table_0)",,False,True,False,0.498,85.1194926528207,"deliver_item(?item=item_7,?kitting_table=kitting_table_0)",item_7,1,True,"deliver_item(?item=item_7,?kitting_table=kitting_table_0)","deliver_item(?item=item_7,?kitting_table=kitting_table_0)",200.0,,0.0,,0.0,,0.0,,0.0,True,True,True,False,False,False,False,False,False,"deliver_item(?item=item_7,?kitting_table=kitting_table_0)",43.26971985466541,none:hold_position_violated,,,none:no_feasible_start,,,,,,,,False
s20_off,env_layout2,190,task_committed,counterfactual,False,"deliver_item(?item=item_7,?kitting_table=kitting_table_0)",,False,True,False,0.498,85.1194926528207,"deliver_item(?item=item_7,?kitting_table=kitting_table_0)",item_7,1,True,"deliver_item(?item=item_7,?kitting_table=kitting_table_0)","deliver_item(?item=item_7,?kitting_table=kitting_table_0)",300.0,,0.0,,0.0,,0.0,,0.0,True,True,True,False,False,False,False,False,False,"deliver_item(?item=item_7,?kitting_table=kitting_table_0)",43.26971985466541,none:hold_position_violated,,,none:no_feasible_start,,,,,,,,False
s20_off,env_layout2,190,task_committed,counterfactual,False,"deliver_item(?item=item_7,?kitting_table=kitting_table_0)",,False,True,False,0.498,85.1194926528207,"deliver_item(?item=item_7,?kitting_table=kitting_table_0)",item_7,1,True,"deliver_item(?item=item_7,?kitting_table=kitting_table_0)","deliver_item(?item=item_7,?kitting_table=kitting_table_0)",400.0,,0.0,,0.0,,0.0,,0.0,True,True,True,False,False,False,False,False,False,"deliver_item(?item=item_7,?kitting_table=kitting_table_0)",43.26971985466541,none:hold_position_violated,,,none:no_feasible_start,,,,,,,,False
s20_off,env_layout2,190,task_committed,counterfactual,False,"deliver_item(?item=item_7,?kitting_table=kitting_table_0)",,False,True,False,0.498,85.1194926528207,"deliver_item(?item=item_7,?kitting_table=kitting_table_0)",item_7,1,True,"deliver_item(?item=item_7,?kitting_table=kitting_table_0)","deliver_item(?item=item_7,?kitting_table=kitting_table_0)",600.0,,0.0,,0.0,,0.0,,0.0,True,True,True,False,False,False,False,False,False,"deliver_item(?item=item_7,?kitting_table=kitting_table_0)",43.26971985466541,none:hold_position_violated,,,none:no_feasible_start,,,,,,,,False
s20_on,env_layout2,0,no_current_task,counterfactual,False,"deliver_item(?item=item_3,?kitting_table=kitting_table_0)","deliver_item(?item=item_3,?kitting_table=kitting_table_0)",True,False,False,0.5081816800738409,54.3145460808265,,,3,False,"deliver_item(?item=item_4,?kitting_table=kitting_table_0)","deliver_item(?item=item_4,?kitting_table=kitting_table_0)",5.0,"deliver_item(?item=item_6,?kitting_table=kitting_table_0)",2.0,"deliver_item(?item=item_6,?kitting_table=kitting_table_0)",2.0,"deliver_item(?item=item_4,?kitting_table=kitting_table_0)",3.0,"deliver_item(?item=item_6,?kitting_table=kitting_table_0)",2.0,False,False,False,False,True,True,True,False,True,,,,,,,,,,,,,,
s20_on,env_layout2,0,no_current_task,counterfactual,False,"deliver_item(?item=item_3,?kitting_table=kitting_table_0)","deliver_item(?item=item_3,?kitting_table=kitting_table_0)",True,False,False,0.5081816800738409,54.3145460808265,,,3,False,"deliver_item(?item=item_4,?kitting_table=kitting_table_0)","deliver_item(?item=item_4,?kitting_table=kitting_table_0)",10.0,"deliver_item(?item=item_6,?kitting_table=kitting_table_0)",2.0,"deliver_item(?item=item_6,?kitting_table=kitting_table_0)",2.0,"deliver_item(?item=item_4,?kitting_table=kitting_table_0)",3.0,"deliver_item(?item=item_6,?kitting_table=kitting_table_0)",2.0,False,False,False,False,True,True,True,False,True,,,,,,,,,,,,,,
s20_on,env_layout2,0,no_current_task,counterfactual,False,"deliver_item(?item=item_3,?kitting_table=kitting_table_0)","deliver_item(?item=item_3,?kitting_table=kitting_table_0)",True,False,False,0.5081816800738409,54.3145460808265,,,3,False,"deliver_item(?item=item_4,?kitting_table=kitting_table_0)","deliver_item(?item=item_4,?kitting_table=kitting_table_0)",20.0,"deliver_item(?item=item_6,?kitting_table=kitting_table_0)",3.0,"deliver_item(?item=item_4,?kitting_table=kitting_table_0)",3.0,"deliver_item(?item=item_4,?kitting_table=kitting_table_0)",3.0,"deliver_item(?item=item_6,?kitting_table=kitting_table_0)",3.0,False,False,False,False,True,True,False,False,True,,,,,,,,,,,,,,
s20_on,env_layout2,0,no_current_task,counterfactual,False,"deliver_item(?item=item_3,?kitting_table=kitting_table_0)","deliver_item(?item=item_3,?kitting_table=kitting_table_0)",True,False,False,0.5081816800738409,54.3145460808265,,,3,False,"deliver_item(?item=item_4,?kitting_table=kitting_table_0)","deliver_item(?item=item_4,?kitting_table=kitting_table_0)",30.0,"deliver_item(?item=item_6,?kitting_table=kitting_table_0)",3.0,"deliver_item(?item=item_4,?kitting_table=kitting_table_0)",3.0,"deliver_item(?item=item_4,?kitting_table=kitting_table_0)",3.0,"deliver_item(?item=item_6,?kitting_table=kitting_table_0)",3.0,False,False,False,False,True,True,False,False,True,,,,,,,,,,,,,,
s20_on,env_layout2,0,no_current_task,counterfactual,False,"deliver_item(?item=item_3,?kitting_table=kitting_table_0)","deliver_item(?item=item_3,?kitting_table=kitting_table_0)",True,False,False,0.5081816800738409,54.3145460808265,,,3,False,"deliver_item(?item=item_4,?kitting_table=kitting_table_0)","deliver_item(?item=item_4,?kitting_table=kitting_table_0)",40.0,"deliver_item(?item=item_6,?kitting_table=kitting_table_0)",3.0,"deliver_item(?item=item_4,?kitting_table=kitting_table_0)",3.0,"deliver_item(?item=item_4,?kitting_table=kitting_table_0)",3.0,"deliver_item(?item=item_6,?kitting_table=kitting_table_0)",3.0,False,False,False,False,True,True,False,False,True,,,,,,,,,,,,,,
s20_on,env_layout2,0,no_current_task,counterfactual,False,"deliver_item(?item=item_3,?kitting_table=kitting_table_0)","deliver_item(?item=item_3,?kitting_table=kitting_table_0)",True,False,False,0.5081816800738409,54.3145460808265,,,3,False,"deliver_item(?item=item_4,?kitting_table=kitting_table_0)","deliver_item(?item=item_4,?kitting_table=kitting_table_0)",50.0,"deliver_item(?item=item_6,?kitting_table=kitting_table_0)",3.0,"deliver_item(?item=item_4,?kitting_table=kitting_table_0)",3.0,"deliver_item(?item=item_4,?kitting_table=kitting_table_0)",3.0,"deliver_item(?item=item_6,?kitting_table=kitting_table_0)",3.0,False,False,False,False,True,True,False,False,True,,,,,,,,,,,,,,
s20_on,env_layout2,0,no_current_task,counterfactual,False,"deliver_item(?item=item_3,?kitting_table=kitting_table_0)","deliver_item(?item=item_3,?kitting_table=kitting_table_0)",True,False,False,0.5081816800738409,54.3145460808265,,,3,False,"deliver_item(?item=item_4,?kitting_table=kitting_table_0)","deliver_item(?item=item_4,?kitting_table=kitting_table_0)",75.0,"deliver_item(?item=item_6,?kitting_table=kitting_table_0)",3.0,"deliver_item(?item=item_4,?kitting_table=kitting_table_0)",3.0,"deliver_item(?item=item_4,?kitting_table=kitting_table_0)",3.0,"deliver_item(?item=item_6,?kitting_table=kitting_table_0)",3.0,False,False,False,False,True,True,False,False,True,,,,,,,,,,,,,,
s20_on,env_layout2,0,no_current_task,counterfactual,False,"deliver_item(?item=item_3,?kitting_table=kitting_table_0)","deliver_item(?item=item_3,?kitting_table=kitting_table_0)",True,False,False,0.5081816800738409,54.3145460808265,,,3,False,"deliver_item(?item=item_4,?kitting_table=kitting_table_0)","deliver_item(?item=item_4,?kitting_table=kitting_table_0)",100.0,"deliver_item(?item=item_6,?kitting_table=kitting_table_0)",3.0,"deliver_item(?item=item_4,?kitting_table=kitting_table_0)",3.0,"deliver_item(?item=item_4,?kitting_table=kitting_table_0)",3.0,"deliver_item(?item=item_6,?kitting_table=kitting_table_0)",3.0,False,False,False,False,True,True,False,False,True,,,,,,,,,,,,,,
s20_on,env_layout2,0,no_current_task,counterfactual,False,"deliver_item(?item=item_3,?kitting_table=kitting_table_0)","deliver_item(?item=item_3,?kitting_table=kitting_table_0)",True,False,False,0.5081816800738409,54.3145460808265,,,3,False,"deliver_item(?item=item_4,?kitting_table=kitting_table_0)","deliver_item(?item=item_4,?kitting_table=kitting_table_0)",150.0,"deliver_item(?item=item_6,?kitting_table=kitting_table_0)",2.0,"deliver_item(?item=item_6,?kitting_table=kitting_table_0)",2.0,"deliver_item(?item=item_4,?kitting_table=kitting_table_0)",3.0,"deliver_item(?item=item_6,?kitting_table=kitting_table_0)",2.0,False,False,False,False,True,True,True,False,True,,,,,,,,,,,,,,
s20_on,env_layout2,0,no_current_task,counterfactual,False,"deliver_item(?item=item_3,?kitting_table=kitting_table_0)","deliver_item(?item=item_3,?kitting_table=kitting_table_0)",True,False,False,0.5081816800738409,54.3145460808265,,,3,False,"deliver_item(?item=item_4,?kitting_table=kitting_table_0)","deliver_item(?item=item_4,?kitting_table=kitting_table_0)",200.0,"deliver_item(?item=item_6,?kitting_table=kitting_table_0)",3.0,"deliver_item(?item=item_4,?kitting_table=kitting_table_0)",3.0,"deliver_item(?item=item_4,?kitting_table=kitting_table_0)",3.0,"deliver_item(?item=item_6,?kitting_table=kitting_table_0)",3.0,False,False,False,False,True,True,False,False,True,,,,,,,,,,,,,,
s20_on,env_layout2,0,no_current_task,counterfactual,False,"deliver_item(?item=item_3,?kitting_table=kitting_table_0)","deliver_item(?item=item_3,?kitting_table=kitting_table_0)",True,False,False,0.5081816800738409,54.3145460808265,,,3,False,"deliver_item(?item=item_4,?kitting_table=kitting_table_0)","deliver_item(?item=item_4,?kitting_table=kitting_table_0)",300.0,"deliver_item(?item=item_6,?kitting_table=kitting_table_0)",3.0,"deliver_item(?item=item_6,?kitting_table=kitting_table_0)",3.0,"deliver_item(?item=item_6,?kitting_table=kitting_table_0)",3.0,"deliver_item(?item=item_6,?kitting_table=kitting_table_0)",3.0,False,False,False,False,True,True,True,True,True,,,,,,,,,,,,,,
s20_on,env_layout2,0,no_current_task,counterfactual,False,"deliver_item(?item=item_3,?kitting_table=kitting_table_0)","deliver_item(?item=item_3,?kitting_table=kitting_table_0)",True,False,False,0.5081816800738409,54.3145460808265,,,3,False,"deliver_item(?item=item_4,?kitting_table=kitting_table_0)","deliver_item(?item=item_4,?kitting_table=kitting_table_0)",400.0,"deliver_item(?item=item_4,?kitting_table=kitting_table_0)",2.0,"deliver_item(?item=item_4,?kitting_table=kitting_table_0)",3.0,"deliver_item(?item=item_4,?kitting_table=kitting_table_0)",3.0,"deliver_item(?item=item_4,?kitting_table=kitting_table_0)",3.0,False,False,False,False,False,False,False,False,False,,,,,,,,,,,,,,
s20_on,env_layout2,0,no_current_task,counterfactual,False,"deliver_item(?item=item_3,?kitting_table=kitting_table_0)","deliver_item(?item=item_3,?kitting_table=kitting_table_0)",True,False,False,0.5081816800738409,54.3145460808265,,,3,False,"deliver_item(?item=item_4,?kitting_table=kitting_table_0)","deliver_item(?item=item_4,?kitting_table=kitting_table_0)",600.0,,0.0,,0.0,,0.0,,0.0,True,True,True,False,False,False,False,False,False,,,,,,,,,,,,,,
s20_on,env_layout2,6,theta_crossed,primary,True,"deliver_item(?item=item_3,?kitting_table=kitting_table_0)","deliver_item(?item=item_3,?kitting_table=kitting_table_0)",True,False,False,0.7641607972410028,48.3145460808265,"deliver_item(?item=item_4,?kitting_table=kitting_table_0)",,3,True,"deliver_item(?item=item_6,?kitting_table=kitting_table_0)","deliver_item(?item=item_4,?kitting_table=kitting_table_0)",5.0,"deliver_item(?item=item_6,?kitting_table=kitting_table_0)",2.0,"deliver_item(?item=item_6,?kitting_table=kitting_table_0)",2.0,"deliver_item(?item=item_4,?kitting_table=kitting_table_0)",3.0,"deliver_item(?item=item_6,?kitting_table=kitting_table_0)",2.0,False,False,False,True,False,True,True,False,True,"deliver_item(?item=item_4,?kitting_table=kitting_table_0)",47.5154392492244,none:hold_position_violated,,,none:no_feasible_start,,,"deliver_item(?item=item_6,?kitting_table=kitting_table_0)",65.29854209002949,0.0,,,False
s20_on,env_layout2,6,theta_crossed,primary,True,"deliver_item(?item=item_3,?kitting_table=kitting_table_0)","deliver_item(?item=item_3,?kitting_table=kitting_table_0)",True,False,False,0.7641607972410028,48.3145460808265,"deliver_item(?item=item_4,?kitting_table=kitting_table_0)",,3,True,"deliver_item(?item=item_6,?kitting_table=kitting_table_0)","deliver_item(?item=item_4,?kitting_table=kitting_table_0)",10.0,"deliver_item(?item=item_6,?kitting_table=kitting_table_0)",2.0,"deliver_item(?item=item_6,?kitting_table=kitting_table_0)",2.0,"deliver_item(?item=item_4,?kitting_table=kitting_table_0)",3.0,"deliver_item(?item=item_6,?kitting_table=kitting_table_0)",2.0,False,False,False,True,False,True,True,False,True,"deliver_item(?item=item_4,?kitting_table=kitting_table_0)",47.5154392492244,none:hold_position_violated,,,none:no_feasible_start,,,"deliver_item(?item=item_6,?kitting_table=kitting_table_0)",65.29854209002949,0.0,,,False
s20_on,env_layout2,6,theta_crossed,primary,True,"deliver_item(?item=item_3,?kitting_table=kitting_table_0)","deliver_item(?item=item_3,?kitting_table=kitting_table_0)",True,False,False,0.7641607972410028,48.3145460808265,"deliver_item(?item=item_4,?kitting_table=kitting_table_0)",,3,True,"deliver_item(?item=item_6,?kitting_table=kitting_table_0)","deliver_item(?item=item_4,?kitting_table=kitting_table_0)",20.0,"deliver_item(?item=item_6,?kitting_table=kitting_table_0)",3.0,"deliver_item(?item=item_4,?kitting_table=kitting_table_0)",3.0,"deliver_item(?item=item_4,?kitting_table=kitting_table_0)",3.0,"deliver_item(?item=item_6,?kitting_table=kitting_table_0)",3.0,False,False,False,True,False,True,False,False,True,"deliver_item(?item=item_4,?kitting_table=kitting_table_0)",47.5154392492244,realized,29.154759474226502,2.8000000000004377,realized,0.6135849722719842,0.6034364769867203,"deliver_item(?item=item_6,?kitting_table=kitting_table_0)",65.29854209002949,0.0,76.67019872345091,-11.371656633421424,False
s20_on,env_layout2,6,theta_crossed,primary,True,"deliver_item(?item=item_3,?kitting_table=kitting_table_0)","deliver_item(?item=item_3,?kitting_table=kitting_table_0)",True,False,False,0.7641607972410028,48.3145460808265,"deliver_item(?item=item_4,?kitting_table=kitting_table_0)",,3,True,"deliver_item(?item=item_6,?kitting_table=kitting_table_0)","deliver_item(?item=item_4,?kitting_table=kitting_table_0)",30.0,"deliver_item(?item=item_6,?kitting_table=kitting_table_0)",3.0,"deliver_item(?item=item_4,?kitting_table=kitting_table_0)",3.0,"deliver_item(?item=item_4,?kitting_table=kitting_table_0)",3.0,"deliver_item(?item=item_6,?kitting_table=kitting_table_0)",3.0,False,False,False,True,False,True,False,False,True,"deliver_item(?item=item_4,?kitting_table=kitting_table_0)",47.5154392492244,realized,29.154759474226502,3.300000000000516,realized,0.6135849722719842,0.6034364769867203,"deliver_item(?item=item_6,?kitting_table=kitting_table_0)",65.29854209002949,0.0,76.67019872345091,-11.371656633421424,False
s20_on,env_layout2,6,theta_crossed,primary,True,"deliver_item(?item=item_3,?kitting_table=kitting_table_0)","deliver_item(?item=item_3,?kitting_table=kitting_table_0)",True,False,False,0.7641607972410028,48.3145460808265,"deliver_item(?item=item_4,?kitting_table=kitting_table_0)",,3,True,"deliver_item(?item=item_6,?kitting_table=kitting_table_0)","deliver_item(?item=item_4,?kitting_table=kitting_table_0)",40.0,"deliver_item(?item=item_6,?kitting_table=kitting_table_0)",3.0,"deliver_item(?item=item_4,?kitting_table=kitting_table_0)",3.0,"deliver_item(?item=item_4,?kitting_table=kitting_table_0)",3.0,"deliver_item(?item=item_6,?kitting_table=kitting_table_0)",3.0,False,False,False,True,False,True,False,False,True,"deliver_item(?item=item_4,?kitting_table=kitting_table_0)",47.5154392492244,realized,29.154759474226502,3.800000000000594,realized,0.6135849722719842,0.6034364769867203,"deliver_item(?item=item_6,?kitting_table=kitting_table_0)",65.29854209002949,0.0,76.67019872345091,-11.371656633421424,False
s20_on,env_layout2,6,theta_crossed,primary,True,"deliver_item(?item=item_3,?kitting_table=kitting_table_0)","deliver_item(?item=item_3,?kitting_table=kitting_table_0)",True,False,False,0.7641607972410028,48.3145460808265,"deliver_item(?item=item_4,?kitting_table=kitting_table_0)",,3,True,"deliver_item(?item=item_6,?kitting_table=kitting_table_0)","deliver_item(?item=item_4,?kitting_table=kitting_table_0)",50.0,"deliver_item(?item=item_6,?kitting_table=kitting_table_0)",3.0,"deliver_item(?item=item_4,?kitting_table=kitting_table_0)",3.0,"deliver_item(?item=item_4,?kitting_table=kitting_table_0)",3.0,"deliver_item(?item=item_6,?kitting_table=kitting_table_0)",3.0,False,False,False,True,False,True,False,False,True,"deliver_item(?item=item_4,?kitting_table=kitting_table_0)",47.5154392492244,realized,29.154759474226502,4.300000000000672,realized,0.6135849722719842,0.6034364769867203,"deliver_item(?item=item_6,?kitting_table=kitting_table_0)",65.29854209002949,0.0,76.67019872345091,-11.371656633421424,False
s20_on,env_layout2,6,theta_crossed,primary,True,"deliver_item(?item=item_3,?kitting_table=kitting_table_0)","deliver_item(?item=item_3,?kitting_table=kitting_table_0)",True,False,False,0.7641607972410028,48.3145460808265,"deliver_item(?item=item_4,?kitting_table=kitting_table_0)",,3,True,"deliver_item(?item=item_6,?kitting_table=kitting_table_0)","deliver_item(?item=item_4,?kitting_table=kitting_table_0)",75.0,"deliver_item(?item=item_6,?kitting_table=kitting_table_0)",3.0,"deliver_item(?item=item_4,?kitting_table=kitting_table_0)",3.0,"deliver_item(?item=item_4,?kitting_table=kitting_table_0)",3.0,"deliver_item(?item=item_6,?kitting_table=kitting_table_0)",3.0,False,False,False,True,False,True,False,False,True,"deliver_item(?item=item_4,?kitting_table=kitting_table_0)",47.5154392492244,realized,29.154759474226502,5.550000000000868,realized,0.6135849722719842,0.6034364769867203,"deliver_item(?item=item_6,?kitting_table=kitting_table_0)",65.29854209002949,0.0,76.67019872345091,-11.371656633421424,False
s20_on,env_layout2,6,theta_crossed,primary,True,"deliver_item(?item=item_3,?kitting_table=kitting_table_0)","deliver_item(?item=item_3,?kitting_table=kitting_table_0)",True,False,False,0.7641607972410028,48.3145460808265,"deliver_item(?item=item_4,?kitting_table=kitting_table_0)",,3,True,"deliver_item(?item=item_6,?kitting_table=kitting_table_0)","deliver_item(?item=item_4,?kitting_table=kitting_table_0)",100.0,"deliver_item(?item=item_6,?kitting_table=kitting_table_0)",3.0,"deliver_item(?item=item_4,?kitting_table=kitting_table_0)",3.0,"deliver_item(?item=item_4,?kitting_table=kitting_table_0)",3.0,"deliver_item(?item=item_6,?kitting_table=kitting_table_0)",3.0,False,False,False,True,False,True,False,False,True,"deliver_item(?item=item_4,?kitting_table=kitting_table_0)",47.5154392492244,realized,29.154759474226502,6.800000000001063,realized,0.6135849722719842,0.6034364769867203,"deliver_item(?item=item_6,?kitting_table=kitting_table_0)",65.29854209002949,0.0,76.67019872345091,-11.371656633421424,False
s20_on,env_layout2,6,theta_crossed,primary,True,"deliver_item(?item=item_3,?kitting_table=kitting_table_0)","deliver_item(?item=item_3,?kitting_table=kitting_table_0)",True,False,False,0.7641607972410028,48.3145460808265,"deliver_item(?item=item_4,?kitting_table=kitting_table_0)",,3,True,"deliver_item(?item=item_6,?kitting_table=kitting_table_0)","deliver_item(?item=item_4,?kitting_table=kitting_table_0)",150.0,"deliver_item(?item=item_6,?kitting_table=kitting_table_0)",2.0,"deliver_item(?item=item_6,?kitting_table=kitting_table_0)",2.0,"deliver_item(?item=item_4,?kitting_table=kitting_table_0)",3.0,"deliver_item(?item=item_6,?kitting_table=kitting_table_0)",2.0,False,False,False,True,False,True,True,False,True,"deliver_item(?item=item_4,?kitting_table=kitting_table_0)",47.5154392492244,none:hold_position_violated,,,none:no_feasible_start,,,"deliver_item(?item=item_6,?kitting_table=kitting_table_0)",65.29854209002949,0.0,,,False
s20_on,env_layout2,6,theta_crossed,primary,True,"deliver_item(?item=item_3,?kitting_table=kitting_table_0)","deliver_item(?item=item_3,?kitting_table=kitting_table_0)",True,False,False,0.7641607972410028,48.3145460808265,"deliver_item(?item=item_4,?kitting_table=kitting_table_0)",,3,True,"deliver_item(?item=item_6,?kitting_table=kitting_table_0)","deliver_item(?item=item_4,?kitting_table=kitting_table_0)",200.0,"deliver_item(?item=item_4,?kitting_table=kitting_table_0)",3.0,"deliver_item(?item=item_4,?kitting_table=kitting_table_0)",3.0,"deliver_item(?item=item_4,?kitting_table=kitting_table_0)",3.0,"deliver_item(?item=item_4,?kitting_table=kitting_table_0)",3.0,False,False,False,True,True,False,False,False,False,"deliver_item(?item=item_4,?kitting_table=kitting_table_0)",47.5154392492244,realized,16.360679774997898,11.98,realized,0.3443234458842755,0.3386284484102933,"deliver_item(?item=item_6,?kitting_table=kitting_table_0)",65.29854209002949,0.0,63.8761190242223,1.4224230658071875,True
s20_on,env_layout2,6,theta_crossed,primary,True,"deliver_item(?item=item_3,?kitting_table=kitting_table_0)","deliver_item(?item=item_3,?kitting_table=kitting_table_0)",True,False,False,0.7641607972410028,48.3145460808265,"deliver_item(?item=item_4,?kitting_table=kitting_table_0)",,3,True,"deliver_item(?item=item_6,?kitting_table=kitting_table_0)","deliver_item(?item=item_4,?kitting_table=kitting_table_0)",300.0,"deliver_item(?item=item_6,?kitting_table=kitting_table_0)",3.0,"deliver_item(?item=item_6,?kitting_table=kitting_table_0)",3.0,"deliver_item(?item=item_6,?kitting_table=kitting_table_0)",3.0,"deliver_item(?item=item_6,?kitting_table=kitting_table_0)",3.0,False,False,False,True,False,True,True,True,True,"deliver_item(?item=item_4,?kitting_table=kitting_table_0)",47.5154392492244,realized,32.38297275488737,25.46,realized,0.6815252740279774,0.6702530683143159,"deliver_item(?item=item_6,?kitting_table=kitting_table_0)",65.29854209002949,0.0,79.89841200411178,-14.59986991408229,False
s20_on,env_layout2,6,theta_crossed,primary,True,"deliver_item(?item=item_3,?kitting_table=kitting_table_0)","deliver_item(?item=item_3,?kitting_table=kitting_table_0)",True,False,False,0.7641607972410028,48.3145460808265,"deliver_item(?item=item_4,?kitting_table=kitting_table_0)",,3,True,"deliver_item(?item=item_6,?kitting_table=kitting_table_0)","deliver_item(?item=item_4,?kitting_table=kitting_table_0)",400.0,,0.0,,0.0,,0.0,,0.0,True,True,True,True,False,False,False,False,False,"deliver_item(?item=item_4,?kitting_table=kitting_table_0)",47.5154392492244,none:hold_position_violated,,,none:no_feasible_start,,,,,,,,False
s20_on,env_layout2,6,theta_crossed,primary,True,"deliver_item(?item=item_3,?kitting_table=kitting_table_0)","deliver_item(?item=item_3,?kitting_table=kitting_table_0)",True,False,False,0.7641607972410028,48.3145460808265,"deliver_item(?item=item_4,?kitting_table=kitting_table_0)",,3,True,"deliver_item(?item=item_6,?kitting_table=kitting_table_0)","deliver_item(?item=item_4,?kitting_table=kitting_table_0)",600.0,,0.0,,0.0,,0.0,,0.0,True,True,True,True,False,False,False,False,False,"deliver_item(?item=item_4,?kitting_table=kitting_table_0)",47.5154392492244,none:hold_position_violated,,,none:no_feasible_start,,,,,,,,False
s20_on,env_layout2,29,task_committed,primary,True,"deliver_item(?item=item_3,?kitting_table=kitting_table_0)","deliver_item(?item=item_3,?kitting_table=kitting_table_0)",True,False,False,0.9950073372434829,24.742721956760427,"deliver_item(?item=item_6,?kitting_table=kitting_table_0)",item_6,3,True,"deliver_item(?item=item_6,?kitting_table=kitting_table_0)","deliver_item(?item=item_6,?kitting_table=kitting_table_0)",5.0,"deliver_item(?item=item_6,?kitting_table=kitting_table_0)",3.0,"deliver_item(?item=item_6,?kitting_table=kitting_table_0)",3.0,"deliver_item(?item=item_6,?kitting_table=kitting_table_0)",3.0,"deliver_item(?item=item_6,?kitting_table=kitting_table_0)",3.0,False,False,False,False,False,False,False,False,False,"deliver_item(?item=item_6,?kitting_table=kitting_table_0)",40.89407988454162,realized,0.0,0.0,realized,0.0,0.0,"deliver_item(?item=item_4,?kitting_table=kitting_table_0)",45.95025289711418,0.0,40.89407988454162,5.056173012572565,True
s20_on,env_layout2,29,task_committed,primary,True,"deliver_item(?item=item_3,?kitting_table=kitting_table_0)","deliver_item(?item=item_3,?kitting_table=kitting_table_0)",True,False,False,0.9950073372434829,24.742721956760427,"deliver_item(?item=item_6,?kitting_table=kitting_table_0)",item_6,3,True,"deliver_item(?item=item_6,?kitting_table=kitting_table_0)","deliver_item(?item=item_6,?kitting_table=kitting_table_0)",10.0,"deliver_item(?item=item_6,?kitting_table=kitting_table_0)",3.0,"deliver_item(?item=item_6,?kitting_table=kitting_table_0)",3.0,"deliver_item(?item=item_6,?kitting_table=kitting_table_0)",3.0,"deliver_item(?item=item_6,?kitting_table=kitting_table_0)",3.0,False,False,False,False,False,False,False,False,False,"deliver_item(?item=item_6,?kitting_table=kitting_table_0)",40.89407988454162,realized,0.0,0.0,realized,0.0,0.0,"deliver_item(?item=item_4,?kitting_table=kitting_table_0)",45.95025289711418,0.0,40.89407988454162,5.056173012572565,True
s20_on,env_layout2,29,task_committed,primary,True,"deliver_item(?item=item_3,?kitting_table=kitting_table_0)","deliver_item(?item=item_3,?kitting_table=kitting_table_0)",True,False,False,0.9950073372434829,24.742721956760427,"deliver_item(?item=item_6,?kitting_table=kitting_table_0)",item_6,3,True,"deliver_item(?item=item_6,?kitting_table=kitting_table_0)","deliver_item(?item=item_6,?kitting_table=kitting_table_0)",20.0,"deliver_item(?item=item_6,?kitting_table=kitting_table_0)",3.0,"deliver_item(?item=item_6,?kitting_table=kitting_table_0)",3.0,"deliver_item(?item=item_6,?kitting_table=kitting_table_0)",3.0,"deliver_item(?item=item_6,?kitting_table=kitting_table_0)",3.0,False,False,False,False,False,False,False,False,False,"deliver_item(?item=item_6,?kitting_table=kitting_table_0)",40.89407988454162,realized,0.0,0.0,realized,0.0,0.0,"deliver_item(?item=item_4,?kitting_table=kitting_table_0)",45.95025289711418,0.0,40.89407988454162,5.056173012572565,True
s20_on,env_layout2,29,task_committed,primary,True,"deliver_item(?item=item_3,?kitting_table=kitting_table_0)","deliver_item(?item=item_3,?kitting_table=kitting_table_0)",True,False,False,0.9950073372434829,24.742721956760427,"deliver_item(?item=item_6,?kitting_table=kitting_table_0)",item_6,3,True,"deliver_item(?item=item_6,?kitting_table=kitting_table_0)","deliver_item(?item=item_6,?kitting_table=kitting_table_0)",30.0,"deliver_item(?item=item_6,?kitting_table=kitting_table_0)",3.0,"deliver_item(?item=item_6,?kitting_table=kitting_table_0)",3.0,"deliver_item(?item=item_6,?kitting_table=kitting_table_0)",3.0,"deliver_item(?item=item_6,?kitting_table=kitting_table_0)",3.0,False,False,False,False,False,False,False,False,False,"deliver_item(?item=item_6,?kitting_table=kitting_table_0)",40.89407988454162,realized,0.0,0.0,realized,0.0,0.0,"deliver_item(?item=item_4,?kitting_table=kitting_table_0)",45.95025289711418,0.0,40.89407988454162,5.056173012572565,True
s20_on,env_layout2,29,task_committed,primary,True,"deliver_item(?item=item_3,?kitting_table=kitting_table_0)","deliver_item(?item=item_3,?kitting_table=kitting_table_0)",True,False,False,0.9950073372434829,24.742721956760427,"deliver_item(?item=item_6,?kitting_table=kitting_table_0)",item_6,3,True,"deliver_item(?item=item_6,?kitting_table=kitting_table_0)","deliver_item(?item=item_6,?kitting_table=kitting_table_0)",40.0,"deliver_item(?item=item_6,?kitting_table=kitting_table_0)",3.0,"deliver_item(?item=item_6,?kitting_table=kitting_table_0)",3.0,"deliver_item(?item=item_6,?kitting_table=kitting_table_0)",3.0,"deliver_item(?item=item_6,?kitting_table=kitting_table_0)",3.0,False,False,False,False,False,False,False,False,False,"deliver_item(?item=item_6,?kitting_table=kitting_table_0)",40.89407988454162,realized,0.0,0.0,realized,0.0,0.0,"deliver_item(?item=item_4,?kitting_table=kitting_table_0)",45.95025289711418,0.0,40.89407988454162,5.056173012572565,True
s20_on,env_layout2,29,task_committed,primary,True,"deliver_item(?item=item_3,?kitting_table=kitting_table_0)","deliver_item(?item=item_3,?kitting_table=kitting_table_0)",True,False,False,0.9950073372434829,24.742721956760427,"deliver_item(?item=item_6,?kitting_table=kitting_table_0)",item_6,3,True,"deliver_item(?item=item_6,?kitting_table=kitting_table_0)","deliver_item(?item=item_6,?kitting_table=kitting_table_0)",50.0,"deliver_item(?item=item_6,?kitting_table=kitting_table_0)",3.0,"deliver_item(?item=item_6,?kitting_table=kitting_table_0)",3.0,"deliver_item(?item=item_6,?kitting_table=kitting_table_0)",3.0,"deliver_item(?item=item_6,?kitting_table=kitting_table_0)",3.0,False,False,False,False,False,False,False,False,False,"deliver_item(?item=item_6,?kitting_table=kitting_table_0)",40.89407988454162,realized,0.0,0.0,realized,0.0,0.0,"deliver_item(?item=item_4,?kitting_table=kitting_table_0)",45.95025289711418,0.0,40.89407988454162,5.056173012572565,True
s20_on,env_layout2,29,task_committed,primary,True,"deliver_item(?item=item_3,?kitting_table=kitting_table_0)","deliver_item(?item=item_3,?kitting_table=kitting_table_0)",True,False,False,0.9950073372434829,24.742721956760427,"deliver_item(?item=item_6,?kitting_table=kitting_table_0)",item_6,3,True,"deliver_item(?item=item_6,?kitting_table=kitting_table_0)","deliver_item(?item=item_6,?kitting_table=kitting_table_0)",75.0,"deliver_item(?item=item_6,?kitting_table=kitting_table_0)",3.0,"deliver_item(?item=item_6,?kitting_table=kitting_table_0)",3.0,"deliver_item(?item=item_6,?kitting_table=kitting_table_0)",3.0,"deliver_item(?item=item_6,?kitting_table=kitting_table_0)",3.0,False,False,False,False,False,False,False,False,False,"deliver_item(?item=item_6,?kitting_table=kitting_table_0)",40.89407988454162,realized,0.0,0.0,realized,0.0,0.0,"deliver_item(?item=item_4,?kitting_table=kitting_table_0)",45.95025289711418,0.0,40.89407988454162,5.056173012572565,True
s20_on,env_layout2,29,task_committed,primary,True,"deliver_item(?item=item_3,?kitting_table=kitting_table_0)","deliver_item(?item=item_3,?kitting_table=kitting_table_0)",True,False,False,0.9950073372434829,24.742721956760427,"deliver_item(?item=item_6,?kitting_table=kitting_table_0)",item_6,3,True,"deliver_item(?item=item_6,?kitting_table=kitting_table_0)","deliver_item(?item=item_6,?kitting_table=kitting_table_0)",100.0,"deliver_item(?item=item_6,?kitting_table=kitting_table_0)",3.0,"deliver_item(?item=item_6,?kitting_table=kitting_table_0)",3.0,"deliver_item(?item=item_6,?kitting_table=kitting_table_0)",3.0,"deliver_item(?item=item_6,?kitting_table=kitting_table_0)",3.0,False,False,False,False,False,False,False,False,False,"deliver_item(?item=item_6,?kitting_table=kitting_table_0)",40.89407988454162,realized,0.0,0.0,realized,0.0,0.0,"deliver_item(?item=item_4,?kitting_table=kitting_table_0)",45.95025289711418,0.0,40.89407988454162,5.056173012572565,True
s20_on,env_layout2,29,task_committed,primary,True,"deliver_item(?item=item_3,?kitting_table=kitting_table_0)","deliver_item(?item=item_3,?kitting_table=kitting_table_0)",True,False,False,0.9950073372434829,24.742721956760427,"deliver_item(?item=item_6,?kitting_table=kitting_table_0)",item_6,3,True,"deliver_item(?item=item_6,?kitting_table=kitting_table_0)","deliver_item(?item=item_6,?kitting_table=kitting_table_0)",150.0,"deliver_item(?item=item_6,?kitting_table=kitting_table_0)",3.0,"deliver_item(?item=item_6,?kitting_table=kitting_table_0)",3.0,"deliver_item(?item=item_6,?kitting_table=kitting_table_0)",3.0,"deliver_item(?item=item_6,?kitting_table=kitting_table_0)",3.0,False,False,False,False,False,False,False,False,False,"deliver_item(?item=item_6,?kitting_table=kitting_table_0)",40.89407988454162,realized,0.0,0.0,realized,0.0,0.0,"deliver_item(?item=item_4,?kitting_table=kitting_table_0)",45.95025289711418,0.0,40.89407988454162,5.056173012572565,True
s20_on,env_layout2,29,task_committed,primary,True,"deliver_item(?item=item_3,?kitting_table=kitting_table_0)","deliver_item(?item=item_3,?kitting_table=kitting_table_0)",True,False,False,0.9950073372434829,24.742721956760427,"deliver_item(?item=item_6,?kitting_table=kitting_table_0)",item_6,3,True,"deliver_item(?item=item_6,?kitting_table=kitting_table_0)","deliver_item(?item=item_6,?kitting_table=kitting_table_0)",200.0,"deliver_item(?item=item_6,?kitting_table=kitting_table_0)",3.0,"deliver_item(?item=item_6,?kitting_table=kitting_table_0)",3.0,"deliver_item(?item=item_6,?kitting_table=kitting_table_0)",3.0,"deliver_item(?item=item_6,?kitting_table=kitting_table_0)",3.0,False,False,False,False,False,False,False,False,False,"deliver_item(?item=item_6,?kitting_table=kitting_table_0)",40.89407988454162,realized,0.0,0.0,realized,0.0,0.0,"deliver_item(?item=item_4,?kitting_table=kitting_table_0)",45.95025289711418,0.0,40.89407988454162,5.056173012572565,True
s20_on,env_layout2,29,task_committed,primary,True,"deliver_item(?item=item_3,?kitting_table=kitting_table_0)","deliver_item(?item=item_3,?kitting_table=kitting_table_0)",True,False,False,0.9950073372434829,24.742721956760427,"deliver_item(?item=item_6,?kitting_table=kitting_table_0)",item_6,3,True,"deliver_item(?item=item_6,?kitting_table=kitting_table_0)","deliver_item(?item=item_6,?kitting_table=kitting_table_0)",300.0,"deliver_item(?item=item_6,?kitting_table=kitting_table_0)",3.0,"deliver_item(?item=item_6,?kitting_table=kitting_table_0)",3.0,"deliver_item(?item=item_6,?kitting_table=kitting_table_0)",3.0,"deliver_item(?item=item_6,?kitting_table=kitting_table_0)",3.0,False,False,False,False,False,False,False,False,False,"deliver_item(?item=item_6,?kitting_table=kitting_table_0)",40.89407988454162,realized,0.0,0.0,realized,0.0,0.0,"deliver_item(?item=item_4,?kitting_table=kitting_table_0)",45.95025289711418,0.0,40.89407988454162,5.056173012572565,True
s20_on,env_layout2,29,task_committed,primary,True,"deliver_item(?item=item_3,?kitting_table=kitting_table_0)","deliver_item(?item=item_3,?kitting_table=kitting_table_0)",True,False,False,0.9950073372434829,24.742721956760427,"deliver_item(?item=item_6,?kitting_table=kitting_table_0)",item_6,3,True,"deliver_item(?item=item_6,?kitting_table=kitting_table_0)","deliver_item(?item=item_6,?kitting_table=kitting_table_0)",400.0,"deliver_item(?item=item_4,?kitting_table=kitting_table_0)",2.0,"deliver_item(?item=item_6,?kitting_table=kitting_table_0)",3.0,"deliver_item(?item=item_6,?kitting_table=kitting_table_0)",3.0,"deliver_item(?item=item_6,?kitting_table=kitting_table_0)",3.0,False,False,False,False,True,True,False,False,False,"deliver_item(?item=item_6,?kitting_table=kitting_table_0)",40.89407988454162,none:beyond_horizon,,4.8500000000000005,realized,,,"deliver_item(?item=item_4,?kitting_table=kitting_table_0)",45.95025289711418,0.0,,,False
s20_on,env_layout2,29,task_committed,primary,True,"deliver_item(?item=item_3,?kitting_table=kitting_table_0)","deliver_item(?item=item_3,?kitting_table=kitting_table_0)",True,False,False,0.9950073372434829,24.742721956760427,"deliver_item(?item=item_6,?kitting_table=kitting_table_0)",item_6,3,True,"deliver_item(?item=item_6,?kitting_table=kitting_table_0)","deliver_item(?item=item_6,?kitting_table=kitting_table_0)",600.0,,0.0,,0.0,,0.0,"deliver_item(?item=item_6,?kitting_table=kitting_table_0)",1.0,True,True,True,False,False,False,False,False,False,"deliver_item(?item=item_6,?kitting_table=kitting_table_0)",40.89407988454162,none:beyond_horizon,,,none:no_feasible_start,,,,,,,,False
s20_on,env_layout2,57,theta_crossed,primary,True,"deliver_item(?item=item_2,?kitting_table=kitting_table_0)","deliver_item(?item=item_2,?kitting_table=kitting_table_0)",True,False,False,0.9054545454545454,64.59799923990107,"deliver_item(?item=item_6,?kitting_table=kitting_table_0)",item_6,3,True,"deliver_item(?item=item_6,?kitting_table=kitting_table_0)","deliver_item(?item=item_6,?kitting_table=kitting_table_0)",5.0,"deliver_item(?item=item_6,?kitting_table=kitting_table_0)",3.0,"deliver_item(?item=item_6,?kitting_table=kitting_table_0)",3.0,"deliver_item(?item=item_6,?kitting_table=kitting_table_0)",3.0,"deliver_item(?item=item_6,?kitting_table=kitting_table_0)",3.0,False,False,False,False,False,False,False,False,False,"deliver_item(?item=item_6,?kitting_table=kitting_table_0)",12.894079884541616,realized,0.0,0.0,realized,0.0,0.0,"deliver_item(?item=item_4,?kitting_table=kitting_table_0)",73.76602494807585,0.0,12.894079884541616,60.871945063534234,True
s20_on,env_layout2,57,theta_crossed,primary,True,"deliver_item(?item=item_2,?kitting_table=kitting_table_0)","deliver_item(?item=item_2,?kitting_table=kitting_table_0)",True,False,False,0.9054545454545454,64.59799923990107,"deliver_item(?item=item_6,?kitting_table=kitting_table_0)",item_6,3,True,"deliver_item(?item=item_6,?kitting_table=kitting_table_0)","deliver_item(?item=item_6,?kitting_table=kitting_table_0)",10.0,"deliver_item(?item=item_6,?kitting_table=kitting_table_0)",3.0,"deliver_item(?item=item_6,?kitting_table=kitting_table_0)",3.0,"deliver_item(?item=item_6,?kitting_table=kitting_table_0)",3.0,"deliver_item(?item=item_6,?kitting_table=kitting_table_0)",3.0,False,False,False,False,False,False,False,False,False,"deliver_item(?item=item_6,?kitting_table=kitting_table_0)",12.894079884541616,realized,0.0,0.0,realized,0.0,0.0,"deliver_item(?item=item_4,?kitting_table=kitting_table_0)",73.76602494807585,0.0,12.894079884541616,60.871945063534234,True
s20_on,env_layout2,57,theta_crossed,primary,True,"deliver_item(?item=item_2,?kitting_table=kitting_table_0)","deliver_item(?item=item_2,?kitting_table=kitting_table_0)",True,False,False,0.9054545454545454,64.59799923990107,"deliver_item(?item=item_6,?kitting_table=kitting_table_0)",item_6,3,True,"deliver_item(?item=item_6,?kitting_table=kitting_table_0)","deliver_item(?item=item_6,?kitting_table=kitting_table_0)",20.0,"deliver_item(?item=item_6,?kitting_table=kitting_table_0)",3.0,"deliver_item(?item=item_6,?kitting_table=kitting_table_0)",3.0,"deliver_item(?item=item_6,?kitting_table=kitting_table_0)",3.0,"deliver_item(?item=item_6,?kitting_table=kitting_table_0)",3.0,False,False,False,False,False,False,False,False,False,"deliver_item(?item=item_6,?kitting_table=kitting_table_0)",12.894079884541616,realized,0.0,0.0,realized,0.0,0.0,"deliver_item(?item=item_4,?kitting_table=kitting_table_0)",73.76602494807585,0.0,12.894079884541616,60.871945063534234,True
s20_on,env_layout2,57,theta_crossed,primary,True,"deliver_item(?item=item_2,?kitting_table=kitting_table_0)","deliver_item(?item=item_2,?kitting_table=kitting_table_0)",True,False,False,0.9054545454545454,64.59799923990107,"deliver_item(?item=item_6,?kitting_table=kitting_table_0)",item_6,3,True,"deliver_item(?item=item_6,?kitting_table=kitting_table_0)","deliver_item(?item=item_6,?kitting_table=kitting_table_0)",30.0,"deliver_item(?item=item_6,?kitting_table=kitting_table_0)",3.0,"deliver_item(?item=item_6,?kitting_table=kitting_table_0)",3.0,"deliver_item(?item=item_6,?kitting_table=kitting_table_0)",3.0,"deliver_item(?item=item_6,?kitting_table=kitting_table_0)",3.0,False,False,False,False,False,False,False,False,False,"deliver_item(?item=item_6,?kitting_table=kitting_table_0)",12.894079884541616,realized,0.0,0.0,realized,0.0,0.0,"deliver_item(?item=item_4,?kitting_table=kitting_table_0)",73.76602494807585,0.0,12.894079884541616,60.871945063534234,True
s20_on,env_layout2,57,theta_crossed,primary,True,"deliver_item(?item=item_2,?kitting_table=kitting_table_0)","deliver_item(?item=item_2,?kitting_table=kitting_table_0)",True,False,False,0.9054545454545454,64.59799923990107,"deliver_item(?item=item_6,?kitting_table=kitting_table_0)",item_6,3,True,"deliver_item(?item=item_6,?kitting_table=kitting_table_0)","deliver_item(?item=item_6,?kitting_table=kitting_table_0)",40.0,"deliver_item(?item=item_6,?kitting_table=kitting_table_0)",3.0,"deliver_item(?item=item_6,?kitting_table=kitting_table_0)",3.0,"deliver_item(?item=item_6,?kitting_table=kitting_table_0)",3.0,"deliver_item(?item=item_6,?kitting_table=kitting_table_0)",3.0,False,False,False,False,False,False,False,False,False,"deliver_item(?item=item_6,?kitting_table=kitting_table_0)",12.894079884541616,realized,0.0,0.0,realized,0.0,0.0,"deliver_item(?item=item_4,?kitting_table=kitting_table_0)",73.76602494807585,0.0,12.894079884541616,60.871945063534234,True
s20_on,env_layout2,57,theta_crossed,primary,True,"deliver_item(?item=item_2,?kitting_table=kitting_table_0)","deliver_item(?item=item_2,?kitting_table=kitting_table_0)",True,False,False,0.9054545454545454,64.59799923990107,"deliver_item(?item=item_6,?kitting_table=kitting_table_0)",item_6,3,True,"deliver_item(?item=item_6,?kitting_table=kitting_table_0)","deliver_item(?item=item_6,?kitting_table=kitting_table_0)",50.0,"deliver_item(?item=item_6,?kitting_table=kitting_table_0)",3.0,"deliver_item(?item=item_6,?kitting_table=kitting_table_0)",3.0,"deliver_item(?item=item_6,?kitting_table=kitting_table_0)",3.0,"deliver_item(?item=item_6,?kitting_table=kitting_table_0)",3.0,False,False,False,False,False,False,False,False,False,"deliver_item(?item=item_6,?kitting_table=kitting_table_0)",12.894079884541616,realized,0.0,0.0,realized,0.0,0.0,"deliver_item(?item=item_4,?kitting_table=kitting_table_0)",73.76602494807585,0.0,12.894079884541616,60.871945063534234,True
s20_on,env_layout2,57,theta_crossed,primary,True,"deliver_item(?item=item_2,?kitting_table=kitting_table_0)","deliver_item(?item=item_2,?kitting_table=kitting_table_0)",True,False,False,0.9054545454545454,64.59799923990107,"deliver_item(?item=item_6,?kitting_table=kitting_table_0)",item_6,3,True,"deliver_item(?item=item_6,?kitting_table=kitting_table_0)","deliver_item(?item=item_6,?kitting_table=kitting_table_0)",75.0,"deliver_item(?item=item_6,?kitting_table=kitting_table_0)",3.0,"deliver_item(?item=item_6,?kitting_table=kitting_table_0)",3.0,"deliver_item(?item=item_6,?kitting_table=kitting_table_0)",3.0,"deliver_item(?item=item_6,?kitting_table=kitting_table_0)",3.0,False,False,False,False,False,False,False,False,False,"deliver_item(?item=item_6,?kitting_table=kitting_table_0)",12.894079884541616,realized,0.0,0.0,realized,0.0,0.0,"deliver_item(?item=item_4,?kitting_table=kitting_table_0)",73.76602494807585,0.0,12.894079884541616,60.871945063534234,True
s20_on,env_layout2,57,theta_crossed,primary,True,"deliver_item(?item=item_2,?kitting_table=kitting_table_0)","deliver_item(?item=item_2,?kitting_table=kitting_table_0)",True,False,False,0.9054545454545454,64.59799923990107,"deliver_item(?item=item_6,?kitting_table=kitting_table_0)",item_6,3,True,"deliver_item(?item=item_6,?kitting_table=kitting_table_0)","deliver_item(?item=item_6,?kitting_table=kitting_table_0)",100.0,"deliver_item(?item=item_6,?kitting_table=kitting_table_0)",3.0,"deliver_item(?item=item_6,?kitting_table=kitting_table_0)",3.0,"deliver_item(?item=item_6,?kitting_table=kitting_table_0)",3.0,"deliver_item(?item=item_6,?kitting_table=kitting_table_0)",3.0,False,False,False,False,False,False,False,False,False,"deliver_item(?item=item_6,?kitting_table=kitting_table_0)",12.894079884541616,realized,0.0,0.0,realized,0.0,0.0,"deliver_item(?item=item_4,?kitting_table=kitting_table_0)",73.76602494807585,0.0,12.894079884541616,60.871945063534234,True
s20_on,env_layout2,57,theta_crossed,primary,True,"deliver_item(?item=item_2,?kitting_table=kitting_table_0)","deliver_item(?item=item_2,?kitting_table=kitting_table_0)",True,False,False,0.9054545454545454,64.59799923990107,"deliver_item(?item=item_6,?kitting_table=kitting_table_0)",item_6,3,True,"deliver_item(?item=item_6,?kitting_table=kitting_table_0)","deliver_item(?item=item_6,?kitting_table=kitting_table_0)",150.0,"deliver_item(?item=item_6,?kitting_table=kitting_table_0)",3.0,"deliver_item(?item=item_6,?kitting_table=kitting_table_0)",3.0,"deliver_item(?item=item_6,?kitting_table=kitting_table_0)",3.0,"deliver_item(?item=item_6,?kitting_table=kitting_table_0)",3.0,False,False,False,False,False,False,False,False,False,"deliver_item(?item=item_6,?kitting_table=kitting_table_0)",12.894079884541616,realized,0.0,0.0,realized,0.0,0.0,"deliver_item(?item=item_4,?kitting_table=kitting_table_0)",73.76602494807585,0.0,12.894079884541616,60.871945063534234,True
s20_on,env_layout2,57,theta_crossed,primary,True,"deliver_item(?item=item_2,?kitting_table=kitting_table_0)","deliver_item(?item=item_2,?kitting_table=kitting_table_0)",True,False,False,0.9054545454545454,64.59799923990107,"deliver_item(?item=item_6,?kitting_table=kitting_table_0)",item_6,3,True,"deliver_item(?item=item_6,?kitting_table=kitting_table_0)","deliver_item(?item=item_6,?kitting_table=kitting_table_0)",200.0,"deliver_item(?item=item_6,?kitting_table=kitting_table_0)",2.0,"deliver_item(?item=item_6,?kitting_table=kitting_table_0)",3.0,"deliver_item(?item=item_6,?kitting_table=kitting_table_0)",3.0,"deliver_item(?item=item_6,?kitting_table=kitting_table_0)",3.0,False,False,False,False,False,False,False,False,False,"deliver_item(?item=item_6,?kitting_table=kitting_table_0)",12.894079884541616,realized,8.907926677547705,3.2800000000000002,realized,0.69085400100764,0.13789787272614834,"deliver_item(?item=item_7,?kitting_table=kitting_table_0)",123.6058376215461,0.0,21.80200656208932,101.80383105945678,True
s20_on,env_layout2,57,theta_crossed,primary,True,"deliver_item(?item=item_2,?kitting_table=kitting_table_0)","deliver_item(?item=item_2,?kitting_table=kitting_table_0)",True,False,False,0.9054545454545454,64.59799923990107,"deliver_item(?item=item_6,?kitting_table=kitting_table_0)",item_6,3,True,"deliver_item(?item=item_6,?kitting_table=kitting_table_0)","deliver_item(?item=item_6,?kitting_table=kitting_table_0)",300.0,,0.0,,0.0,,0.0,,0.0,True,True,True,False,False,False,False,False,False,"deliver_item(?item=item_6,?kitting_table=kitting_table_0)",12.894079884541616,none:hold_position_violated,,,none:no_feasible_start,,,,,,,,False
s20_on,env_layout2,57,theta_crossed,primary,True,"deliver_item(?item=item_2,?kitting_table=kitting_table_0)","deliver_item(?item=item_2,?kitting_table=kitting_table_0)",True,False,False,0.9054545454545454,64.59799923990107,"deliver_item(?item=item_6,?kitting_table=kitting_table_0)",item_6,3,True,"deliver_item(?item=item_6,?kitting_table=kitting_table_0)","deliver_item(?item=item_6,?kitting_table=kitting_table_0)",400.0,,0.0,,0.0,,0.0,,0.0,True,True,True,False,False,False,False,False,False,"deliver_item(?item=item_6,?kitting_table=kitting_table_0)",12.894079884541616,none:hold_position_violated,,,none:no_feasible_start,,,,,,,,False
s20_on,env_layout2,57,theta_crossed,primary,True,"deliver_item(?item=item_2,?kitting_table=kitting_table_0)","deliver_item(?item=item_2,?kitting_table=kitting_table_0)",True,False,False,0.9054545454545454,64.59799923990107,"deliver_item(?item=item_6,?kitting_table=kitting_table_0)",item_6,3,True,"deliver_item(?item=item_6,?kitting_table=kitting_table_0)","deliver_item(?item=item_6,?kitting_table=kitting_table_0)",600.0,,0.0,,0.0,,0.0,,0.0,True,True,True,False,False,False,False,False,False,"deliver_item(?item=item_6,?kitting_table=kitting_table_0)",12.894079884541616,none:hold_position_violated,,,none:no_feasible_start,,,,,,,,False
s20_on,env_layout2,72,no_current_task,primary,True,"deliver_item(?item=item_2,?kitting_table=kitting_table_0)","deliver_item(?item=item_2,?kitting_table=kitting_table_0)",True,False,False,0.9054545454545454,49.597999239901064,,,2,False,"deliver_item(?item=item_4,?kitting_table=kitting_table_0)","deliver_item(?item=item_4,?kitting_table=kitting_table_0)",5.0,"deliver_item(?item=item_4,?kitting_table=kitting_table_0)",2.0,"deliver_item(?item=item_4,?kitting_table=kitting_table_0)",2.0,"deliver_item(?item=item_4,?kitting_table=kitting_table_0)",2.0,"deliver_item(?item=item_4,?kitting_table=kitting_table_0)",2.0,False,False,False,False,False,False,False,False,False,,,,,,,,,,,,,,
s20_on,env_layout2,72,no_current_task,primary,True,"deliver_item(?item=item_2,?kitting_table=kitting_table_0)","deliver_item(?item=item_2,?kitting_table=kitting_table_0)",True,False,False,0.9054545454545454,49.597999239901064,,,2,False,"deliver_item(?item=item_4,?kitting_table=kitting_table_0)","deliver_item(?item=item_4,?kitting_table=kitting_table_0)",10.0,"deliver_item(?item=item_4,?kitting_table=kitting_table_0)",2.0,"deliver_item(?item=item_4,?kitting_table=kitting_table_0)",2.0,"deliver_item(?item=item_4,?kitting_table=kitting_table_0)",2.0,"deliver_item(?item=item_4,?kitting_table=kitting_table_0)",2.0,False,False,False,False,False,False,False,False,False,,,,,,,,,,,,,,
s20_on,env_layout2,72,no_current_task,primary,True,"deliver_item(?item=item_2,?kitting_table=kitting_table_0)","deliver_item(?item=item_2,?kitting_table=kitting_table_0)",True,False,False,0.9054545454545454,49.597999239901064,,,2,False,"deliver_item(?item=item_4,?kitting_table=kitting_table_0)","deliver_item(?item=item_4,?kitting_table=kitting_table_0)",20.0,"deliver_item(?item=item_4,?kitting_table=kitting_table_0)",2.0,"deliver_item(?item=item_4,?kitting_table=kitting_table_0)",2.0,"deliver_item(?item=item_4,?kitting_table=kitting_table_0)",2.0,"deliver_item(?item=item_4,?kitting_table=kitting_table_0)",2.0,False,False,False,False,False,False,False,False,False,,,,,,,,,,,,,,
s20_on,env_layout2,72,no_current_task,primary,True,"deliver_item(?item=item_2,?kitting_table=kitting_table_0)","deliver_item(?item=item_2,?kitting_table=kitting_table_0)",True,False,False,0.9054545454545454,49.597999239901064,,,2,False,"deliver_item(?item=item_4,?kitting_table=kitting_table_0)","deliver_item(?item=item_4,?kitting_table=kitting_table_0)",30.0,"deliver_item(?item=item_4,?kitting_table=kitting_table_0)",2.0,"deliver_item(?item=item_4,?kitting_table=kitting_table_0)",2.0,"deliver_item(?item=item_4,?kitting_table=kitting_table_0)",2.0,"deliver_item(?item=item_4,?kitting_table=kitting_table_0)",2.0,False,False,False,False,False,False,False,False,False,,,,,,,,,,,,,,
s20_on,env_layout2,72,no_current_task,primary,True,"deliver_item(?item=item_2,?kitting_table=kitting_table_0)","deliver_item(?item=item_2,?kitting_table=kitting_table_0)",True,False,False,0.9054545454545454,49.597999239901064,,,2,False,"deliver_item(?item=item_4,?kitting_table=kitting_table_0)","deliver_item(?item=item_4,?kitting_table=kitting_table_0)",40.0,"deliver_item(?item=item_4,?kitting_table=kitting_table_0)",2.0,"deliver_item(?item=item_4,?kitting_table=kitting_table_0)",2.0,"deliver_item(?item=item_4,?kitting_table=kitting_table_0)",2.0,"deliver_item(?item=item_4,?kitting_table=kitting_table_0)",2.0,False,False,False,False,False,False,False,False,False,,,,,,,,,,,,,,
s20_on,env_layout2,72,no_current_task,primary,True,"deliver_item(?item=item_2,?kitting_table=kitting_table_0)","deliver_item(?item=item_2,?kitting_table=kitting_table_0)",True,False,False,0.9054545454545454,49.597999239901064,,,2,False,"deliver_item(?item=item_4,?kitting_table=kitting_table_0)","deliver_item(?item=item_4,?kitting_table=kitting_table_0)",50.0,"deliver_item(?item=item_4,?kitting_table=kitting_table_0)",2.0,"deliver_item(?item=item_4,?kitting_table=kitting_table_0)",2.0,"deliver_item(?item=item_4,?kitting_table=kitting_table_0)",2.0,"deliver_item(?item=item_4,?kitting_table=kitting_table_0)",2.0,False,False,False,False,False,False,False,False,False,,,,,,,,,,,,,,
s20_on,env_layout2,72,no_current_task,primary,True,"deliver_item(?item=item_2,?kitting_table=kitting_table_0)","deliver_item(?item=item_2,?kitting_table=kitting_table_0)",True,False,False,0.9054545454545454,49.597999239901064,,,2,False,"deliver_item(?item=item_4,?kitting_table=kitting_table_0)","deliver_item(?item=item_4,?kitting_table=kitting_table_0)",75.0,"deliver_item(?item=item_4,?kitting_table=kitting_table_0)",1.0,"deliver_item(?item=item_4,?kitting_table=kitting_table_0)",1.0,"deliver_item(?item=item_4,?kitting_table=kitting_table_0)",1.0,"deliver_item(?item=item_4,?kitting_table=kitting_table_0)",1.0,False,False,False,False,False,False,False,False,False,,,,,,,,,,,,,,
s20_on,env_layout2,72,no_current_task,primary,True,"deliver_item(?item=item_2,?kitting_table=kitting_table_0)","deliver_item(?item=item_2,?kitting_table=kitting_table_0)",True,False,False,0.9054545454545454,49.597999239901064,,,2,False,"deliver_item(?item=item_4,?kitting_table=kitting_table_0)","deliver_item(?item=item_4,?kitting_table=kitting_table_0)",100.0,"deliver_item(?item=item_4,?kitting_table=kitting_table_0)",1.0,"deliver_item(?item=item_4,?kitting_table=kitting_table_0)",1.0,"deliver_item(?item=item_4,?kitting_table=kitting_table_0)",1.0,"deliver_item(?item=item_4,?kitting_table=kitting_table_0)",1.0,False,False,False,False,False,False,False,False,False,,,,,,,,,,,,,,
s20_on,env_layout2,72,no_current_task,primary,True,"deliver_item(?item=item_2,?kitting_table=kitting_table_0)","deliver_item(?item=item_2,?kitting_table=kitting_table_0)",True,False,False,0.9054545454545454,49.597999239901064,,,2,False,"deliver_item(?item=item_4,?kitting_table=kitting_table_0)","deliver_item(?item=item_4,?kitting_table=kitting_table_0)",150.0,"deliver_item(?item=item_4,?kitting_table=kitting_table_0)",1.0,"deliver_item(?item=item_4,?kitting_table=kitting_table_0)",1.0,"deliver_item(?item=item_4,?kitting_table=kitting_table_0)",1.0,"deliver_item(?item=item_4,?kitting_table=kitting_table_0)",1.0,False,False,False,False,False,False,False,False,False,,,,,,,,,,,,,,
s20_on,env_layout2,72,no_current_task,primary,True,"deliver_item(?item=item_2,?kitting_table=kitting_table_0)","deliver_item(?item=item_2,?kitting_table=kitting_table_0)",True,False,False,0.9054545454545454,49.597999239901064,,,2,False,"deliver_item(?item=item_4,?kitting_table=kitting_table_0)","deliver_item(?item=item_4,?kitting_table=kitting_table_0)",200.0,,0.0,"deliver_item(?item=item_4,?kitting_table=kitting_table_0)",1.0,"deliver_item(?item=item_4,?kitting_table=kitting_table_0)",1.0,"deliver_item(?item=item_4,?kitting_table=kitting_table_0)",1.0,True,False,False,False,False,False,False,False,False,,,,,,,,,,,,,,
s20_on,env_layout2,72,no_current_task,primary,True,"deliver_item(?item=item_2,?kitting_table=kitting_table_0)","deliver_item(?item=item_2,?kitting_table=kitting_table_0)",True,False,False,0.9054545454545454,49.597999239901064,,,2,False,"deliver_item(?item=item_4,?kitting_table=kitting_table_0)","deliver_item(?item=item_4,?kitting_table=kitting_table_0)",300.0,,0.0,"deliver_item(?item=item_4,?kitting_table=kitting_table_0)",1.0,"deliver_item(?item=item_4,?kitting_table=kitting_table_0)",1.0,"deliver_item(?item=item_4,?kitting_table=kitting_table_0)",1.0,True,False,False,False,False,False,False,False,False,,,,,,,,,,,,,,
s20_on,env_layout2,72,no_current_task,primary,True,"deliver_item(?item=item_2,?kitting_table=kitting_table_0)","deliver_item(?item=item_2,?kitting_table=kitting_table_0)",True,False,False,0.9054545454545454,49.597999239901064,,,2,False,"deliver_item(?item=item_4,?kitting_table=kitting_table_0)","deliver_item(?item=item_4,?kitting_table=kitting_table_0)",400.0,,0.0,,0.0,,0.0,,0.0,True,True,True,False,False,False,False,False,False,,,,,,,,,,,,,,
s20_on,env_layout2,72,no_current_task,primary,True,"deliver_item(?item=item_2,?kitting_table=kitting_table_0)","deliver_item(?item=item_2,?kitting_table=kitting_table_0)",True,False,False,0.9054545454545454,49.597999239901064,,,2,False,"deliver_item(?item=item_4,?kitting_table=kitting_table_0)","deliver_item(?item=item_4,?kitting_table=kitting_table_0)",600.0,,0.0,,0.0,,0.0,,0.0,True,True,True,False,False,False,False,False,False,,,,,,,,,,,,,,
s20_on,env_layout2,101,task_committed,primary,True,"deliver_item(?item=item_2,?kitting_table=kitting_table_0)","deliver_item(?item=item_2,?kitting_table=kitting_table_0)",True,False,False,0.995004000995004,21.43334988386916,"deliver_item(?item=item_4,?kitting_table=kitting_table_0)",item_4,2,True,"deliver_item(?item=item_4,?kitting_table=kitting_table_0)","deliver_item(?item=item_4,?kitting_table=kitting_table_0)",5.0,"deliver_item(?item=item_4,?kitting_table=kitting_table_0)",2.0,"deliver_item(?item=item_4,?kitting_table=kitting_table_0)",2.0,"deliver_item(?item=item_4,?kitting_table=kitting_table_0)",2.0,"deliver_item(?item=item_4,?kitting_table=kitting_table_0)",2.0,False,False,False,False,False,False,False,False,False,"deliver_item(?item=item_4,?kitting_table=kitting_table_0)",28.88608856123175,realized,0.0,0.0,realized,0.0,0.0,"deliver_item(?item=item_7,?kitting_table=kitting_table_0)",87.52929234026033,0.0,28.88608856123175,58.643203779028575,True
s20_on,env_layout2,101,task_committed,primary,True,"deliver_item(?item=item_2,?kitting_table=kitting_table_0)","deliver_item(?item=item_2,?kitting_table=kitting_table_0)",True,False,False,0.995004000995004,21.43334988386916,"deliver_item(?item=item_4,?kitting_table=kitting_table_0)",item_4,2,True,"deliver_item(?item=item_4,?kitting_table=kitting_table_0)","deliver_item(?item=item_4,?kitting_table=kitting_table_0)",10.0,"deliver_item(?item=item_4,?kitting_table=kitting_table_0)",2.0,"deliver_item(?item=item_4,?kitting_table=kitting_table_0)",2.0,"deliver_item(?item=item_4,?kitting_table=kitting_table_0)",2.0,"deliver_item(?item=item_4,?kitting_table=kitting_table_0)",2.0,False,False,False,False,False,False,False,False,False,"deliver_item(?item=item_4,?kitting_table=kitting_table_0)",28.88608856123175,realized,0.0,0.0,realized,0.0,0.0,"deliver_item(?item=item_7,?kitting_table=kitting_table_0)",87.52929234026033,0.0,28.88608856123175,58.643203779028575,True
s20_on,env_layout2,101,task_committed,primary,True,"deliver_item(?item=item_2,?kitting_table=kitting_table_0)","deliver_item(?item=item_2,?kitting_table=kitting_table_0)",True,False,False,0.995004000995004,21.43334988386916,"deliver_item(?item=item_4,?kitting_table=kitting_table_0)",item_4,2,True,"deliver_item(?item=item_4,?kitting_table=kitting_table_0)","deliver_item(?item=item_4,?kitting_table=kitting_table_0)",20.0,"deliver_item(?item=item_4,?kitting_table=kitting_table_0)",2.0,"deliver_item(?item=item_4,?kitting_table=kitting_table_0)",2.0,"deliver_item(?item=item_4,?kitting_table=kitting_table_0)",2.0,"deliver_item(?item=item_4,?kitting_table=kitting_table_0)",2.0,False,False,False,False,False,False,False,False,False,"deliver_item(?item=item_4,?kitting_table=kitting_table_0)",28.88608856123175,realized,0.0,0.0,realized,0.0,0.0,"deliver_item(?item=item_7,?kitting_table=kitting_table_0)",87.52929234026033,0.0,28.88608856123175,58.643203779028575,True
s20_on,env_layout2,101,task_committed,primary,True,"deliver_item(?item=item_2,?kitting_table=kitting_table_0)","deliver_item(?item=item_2,?kitting_table=kitting_table_0)",True,False,False,0.995004000995004,21.43334988386916,"deliver_item(?item=item_4,?kitting_table=kitting_table_0)",item_4,2,True,"deliver_item(?item=item_4,?kitting_table=kitting_table_0)","deliver_item(?item=item_4,?kitting_table=kitting_table_0)",30.0,"deliver_item(?item=item_4,?kitting_table=kitting_table_0)",2.0,"deliver_item(?item=item_4,?kitting_table=kitting_table_0)",2.0,"deliver_item(?item=item_4,?kitting_table=kitting_table_0)",2.0,"deliver_item(?item=item_4,?kitting_table=kitting_table_0)",2.0,False,False,False,False,False,False,False,False,False,"deliver_item(?item=item_4,?kitting_table=kitting_table_0)",28.88608856123175,realized,0.0,0.0,realized,0.0,0.0,"deliver_item(?item=item_7,?kitting_table=kitting_table_0)",87.52929234026033,0.0,28.88608856123175,58.643203779028575,True
s20_on,env_layout2,101,task_committed,primary,True,"deliver_item(?item=item_2,?kitting_table=kitting_table_0)","deliver_item(?item=item_2,?kitting_table=kitting_table_0)",True,False,False,0.995004000995004,21.43334988386916,"deliver_item(?item=item_4,?kitting_table=kitting_table_0)",item_4,2,True,"deliver_item(?item=item_4,?kitting_table=kitting_table_0)","deliver_item(?item=item_4,?kitting_table=kitting_table_0)",40.0,"deliver_item(?item=item_4,?kitting_table=kitting_table_0)",2.0,"deliver_item(?item=item_4,?kitting_table=kitting_table_0)",2.0,"deliver_item(?item=item_4,?kitting_table=kitting_table_0)",2.0,"deliver_item(?item=item_4,?kitting_table=kitting_table_0)",2.0,False,False,False,False,False,False,False,False,False,"deliver_item(?item=item_4,?kitting_table=kitting_table_0)",28.88608856123175,realized,0.0,0.0,realized,0.0,0.0,"deliver_item(?item=item_7,?kitting_table=kitting_table_0)",87.52929234026033,0.0,28.88608856123175,58.643203779028575,True
s20_on,env_layout2,101,task_committed,primary,True,"deliver_item(?item=item_2,?kitting_table=kitting_table_0)","deliver_item(?item=item_2,?kitting_table=kitting_table_0)",True,False,False,0.995004000995004,21.43334988386916,"deliver_item(?item=item_4,?kitting_table=kitting_table_0)",item_4,2,True,"deliver_item(?item=item_4,?kitting_table=kitting_table_0)","deliver_item(?item=item_4,?kitting_table=kitting_table_0)",50.0,"deliver_item(?item=item_4,?kitting_table=kitting_table_0)",2.0,"deliver_item(?item=item_4,?kitting_table=kitting_table_0)",2.0,"deliver_item(?item=item_4,?kitting_table=kitting_table_0)",2.0,"deliver_item(?item=item_4,?kitting_table=kitting_table_0)",2.0,False,False,False,False,False,False,False,False,False,"deliver_item(?item=item_4,?kitting_table=kitting_table_0)",28.88608856123175,realized,0.0,0.0,realized,0.0,0.0,"deliver_item(?item=item_7,?kitting_table=kitting_table_0)",87.52929234026033,0.0,28.88608856123175,58.643203779028575,True
s20_on,env_layout2,101,task_committed,primary,True,"deliver_item(?item=item_2,?kitting_table=kitting_table_0)","deliver_item(?item=item_2,?kitting_table=kitting_table_0)",True,False,False,0.995004000995004,21.43334988386916,"deliver_item(?item=item_4,?kitting_table=kitting_table_0)",item_4,2,True,"deliver_item(?item=item_4,?kitting_table=kitting_table_0)","deliver_item(?item=item_4,?kitting_table=kitting_table_0)",75.0,"deliver_item(?item=item_4,?kitting_table=kitting_table_0)",2.0,"deliver_item(?item=item_4,?kitting_table=kitting_table_0)",2.0,"deliver_item(?item=item_4,?kitting_table=kitting_table_0)",2.0,"deliver_item(?item=item_4,?kitting_table=kitting_table_0)",2.0,False,False,False,False,False,False,False,False,False,"deliver_item(?item=item_4,?kitting_table=kitting_table_0)",28.88608856123175,realized,0.0,0.0,realized,0.0,0.0,"deliver_item(?item=item_7,?kitting_table=kitting_table_0)",87.52929234026033,0.0,28.88608856123175,58.643203779028575,True
s20_on,env_layout2,101,task_committed,primary,True,"deliver_item(?item=item_2,?kitting_table=kitting_table_0)","deliver_item(?item=item_2,?kitting_table=kitting_table_0)",True,False,False,0.995004000995004,21.43334988386916,"deliver_item(?item=item_4,?kitting_table=kitting_table_0)",item_4,2,True,"deliver_item(?item=item_4,?kitting_table=kitting_table_0)","deliver_item(?item=item_4,?kitting_table=kitting_table_0)",100.0,"deliver_item(?item=item_4,?kitting_table=kitting_table_0)",2.0,"deliver_item(?item=item_4,?kitting_table=kitting_table_0)",2.0,"deliver_item(?item=item_4,?kitting_table=kitting_table_0)",2.0,"deliver_item(?item=item_4,?kitting_table=kitting_table_0)",2.0,False,False,False,False,False,False,False,False,False,"deliver_item(?item=item_4,?kitting_table=kitting_table_0)",28.88608856123175,realized,0.0,0.0,realized,0.0,0.0,"deliver_item(?item=item_7,?kitting_table=kitting_table_0)",87.52929234026033,0.0,28.88608856123175,58.643203779028575,True
s20_on,env_layout2,101,task_committed,primary,True,"deliver_item(?item=item_2,?kitting_table=kitting_table_0)","deliver_item(?item=item_2,?kitting_table=kitting_table_0)",True,False,False,0.995004000995004,21.43334988386916,"deliver_item(?item=item_4,?kitting_table=kitting_table_0)",item_4,2,True,"deliver_item(?item=item_4,?kitting_table=kitting_table_0)","deliver_item(?item=item_4,?kitting_table=kitting_table_0)",150.0,"deliver_item(?item=item_7,?kitting_table=kitting_table_0)",1.0,"deliver_item(?item=item_4,?kitting_table=kitting_table_0)",2.0,"deliver_item(?item=item_4,?kitting_table=kitting_table_0)",2.0,"deliver_item(?item=item_4,?kitting_table=kitting_table_0)",2.0,False,False,False,False,True,True,False,False,False,"deliver_item(?item=item_4,?kitting_table=kitting_table_0)",28.88608856123175,none:beyond_horizon,,1.05,realized,,,"deliver_item(?item=item_7,?kitting_table=kitting_table_0)",87.52929234026033,0.0,,,False
s20_on,env_layout2,101,task_committed,primary,True,"deliver_item(?item=item_2,?kitting_table=kitting_table_0)","deliver_item(?item=item_2,?kitting_table=kitting_table_0)",True,False,False,0.995004000995004,21.43334988386916,"deliver_item(?item=item_4,?kitting_table=kitting_table_0)",item_4,2,True,"deliver_item(?item=item_4,?kitting_table=kitting_table_0)","deliver_item(?item=item_4,?kitting_table=kitting_table_0)",200.0,"deliver_item(?item=item_7,?kitting_table=kitting_table_0)",1.0,"deliver_item(?item=item_4,?kitting_table=kitting_table_0)",2.0,"deliver_item(?item=item_4,?kitting_table=kitting_table_0)",2.0,"deliver_item(?item=item_4,?kitting_table=kitting_table_0)",2.0,False,False,False,False,True,True,False,False,False,"deliver_item(?item=item_4,?kitting_table=kitting_table_0)",28.88608856123175,none:beyond_horizon,,3.5500000000000003,realized,,,"deliver_item(?item=item_7,?kitting_table=kitting_table_0)",87.52929234026033,0.0,,,False
s20_on,env_layout2,101,task_committed,primary,True,"deliver_item(?item=item_2,?kitting_table=kitting_table_0)","deliver_item(?item=item_2,?kitting_table=kitting_table_0)",True,False,False,0.995004000995004,21.43334988386916,"deliver_item(?item=item_4,?kitting_table=kitting_table_0)",item_4,2,True,"deliver_item(?item=item_4,?kitting_table=kitting_table_0)","deliver_item(?item=item_4,?kitting_table=kitting_table_0)",300.0,"deliver_item(?item=item_7,?kitting_table=kitting_table_0)",1.0,"deliver_item(?item=item_4,?kitting_table=kitting_table_0)",2.0,"deliver_item(?item=item_4,?kitting_table=kitting_table_0)",2.0,"deliver_item(?item=item_4,?kitting_table=kitting_table_0)",2.0,False,False,False,False,True,True,False,False,False,"deliver_item(?item=item_4,?kitting_table=kitting_table_0)",28.88608856123175,none:beyond_horizon,,8.55,realized,,,"deliver_item(?item=item_7,?kitting_table=kitting_table_0)",87.52929234026033,0.0,,,False
s20_on,env_layout2,101,task_committed,primary,True,"deliver_item(?item=item_2,?kitting_table=kitting_table_0)","deliver_item(?item=item_2,?kitting_table=kitting_table_0)",True,False,False,0.995004000995004,21.43334988386916,"deliver_item(?item=item_4,?kitting_table=kitting_table_0)",item_4,2,True,"deliver_item(?item=item_4,?kitting_table=kitting_table_0)","deliver_item(?item=item_4,?kitting_table=kitting_table_0)",400.0,"deliver_item(?item=item_7,?kitting_table=kitting_table_0)",1.0,"deliver_item(?item=item_4,?kitting_table=kitting_table_0)",2.0,"deliver_item(?item=item_4,?kitting_table=kitting_table_0)",2.0,"deliver_item(?item=item_4,?kitting_table=kitting_table_0)",2.0,False,False,False,False,True,True,False,False,False,"deliver_item(?item=item_4,?kitting_table=kitting_table_0)",28.88608856123175,none:beyond_horizon,,13.55,realized,,,"deliver_item(?item=item_7,?kitting_table=kitting_table_0)",87.52929234026033,0.0,,,False
s20_on,env_layout2,101,task_committed,primary,True,"deliver_item(?item=item_2,?kitting_table=kitting_table_0)","deliver_item(?item=item_2,?kitting_table=kitting_table_0)",True,False,False,0.995004000995004,21.43334988386916,"deliver_item(?item=item_4,?kitting_table=kitting_table_0)",item_4,2,True,"deliver_item(?item=item_4,?kitting_table=kitting_table_0)","deliver_item(?item=item_4,?kitting_table=kitting_table_0)",600.0,,0.0,,0.0,,0.0,"deliver_item(?item=item_4,?kitting_table=kitting_table_0)",1.0,True,True,True,False,False,False,False,False,False,"deliver_item(?item=item_4,?kitting_table=kitting_table_0)",28.88608856123175,none:beyond_horizon,,,none:no_feasible_start,,,,,,,,False
s20_on,env_layout2,132,no_current_task,none,False,unknown,,False,True,False,0.995,,,,1,False,"deliver_item(?item=item_7,?kitting_table=kitting_table_0)","deliver_item(?item=item_7,?kitting_table=kitting_table_0)",,,,,,,,,,,,,,,,,,,,,,,,,,,,,,,,
s20_on,env_layout2,176,task_committed,none,False,unknown,,False,True,False,0.995,,"deliver_item(?item=item_7,?kitting_table=kitting_table_0)",item_7,1,True,"deliver_item(?item=item_7,?kitting_table=kitting_table_0)","deliver_item(?item=item_7,?kitting_table=kitting_table_0)",,,,,,,,,,,,,,,,,,,,,,,,,,,,,,,,
s30_off,env_layout3,0,no_current_task,counterfactual,False,"deliver_item(?item=item_3,?kitting_table=kitting_table_0)","deliver_item(?item=item_3,?kitting_table=kitting_table_0)",True,False,False,0.20075600015414385,74.05492465137188,,,2,False,"deliver_item(?item=item_4,?kitting_table=kitting_table_0)","deliver_item(?item=item_4,?kitting_table=kitting_table_0)",5.0,"deliver_item(?item=item_2,?kitting_table=kitting_table_0)",1.0,"deliver_item(?item=item_4,?kitting_table=kitting_table_0)",2.0,"deliver_item(?item=item_4,?kitting_table=kitting_table_0)",2.0,"deliver_item(?item=item_4,?kitting_table=kitting_table_0)",2.0,False,False,False,False,True,True,False,False,False,,,,,,,,,,,,,,
s30_off,env_layout3,0,no_current_task,counterfactual,False,"deliver_item(?item=item_3,?kitting_table=kitting_table_0)","deliver_item(?item=item_3,?kitting_table=kitting_table_0)",True,False,False,0.20075600015414385,74.05492465137188,,,2,False,"deliver_item(?item=item_4,?kitting_table=kitting_table_0)","deliver_item(?item=item_4,?kitting_table=kitting_table_0)",10.0,"deliver_item(?item=item_2,?kitting_table=kitting_table_0)",1.0,"deliver_item(?item=item_4,?kitting_table=kitting_table_0)",2.0,"deliver_item(?item=item_4,?kitting_table=kitting_table_0)",2.0,"deliver_item(?item=item_4,?kitting_table=kitting_table_0)",2.0,False,False,False,False,True,True,False,False,False,,,,,,,,,,,,,,
s30_off,env_layout3,0,no_current_task,counterfactual,False,"deliver_item(?item=item_3,?kitting_table=kitting_table_0)","deliver_item(?item=item_3,?kitting_table=kitting_table_0)",True,False,False,0.20075600015414385,74.05492465137188,,,2,False,"deliver_item(?item=item_4,?kitting_table=kitting_table_0)","deliver_item(?item=item_4,?kitting_table=kitting_table_0)",20.0,"deliver_item(?item=item_2,?kitting_table=kitting_table_0)",2.0,"deliver_item(?item=item_4,?kitting_table=kitting_table_0)",2.0,"deliver_item(?item=item_4,?kitting_table=kitting_table_0)",2.0,"deliver_item(?item=item_2,?kitting_table=kitting_table_0)",2.0,False,False,False,False,True,True,False,False,True,,,,,,,,,,,,,,
s30_off,env_layout3,0,no_current_task,counterfactual,False,"deliver_item(?item=item_3,?kitting_table=kitting_table_0)","deliver_item(?item=item_3,?kitting_table=kitting_table_0)",True,False,False,0.20075600015414385,74.05492465137188,,,2,False,"deliver_item(?item=item_4,?kitting_table=kitting_table_0)","deliver_item(?item=item_4,?kitting_table=kitting_table_0)",30.0,"deliver_item(?item=item_2,?kitting_table=kitting_table_0)",2.0,"deliver_item(?item=item_4,?kitting_table=kitting_table_0)",2.0,"deliver_item(?item=item_4,?kitting_table=kitting_table_0)",2.0,"deliver_item(?item=item_2,?kitting_table=kitting_table_0)",2.0,False,False,False,False,True,True,False,False,True,,,,,,,,,,,,,,
s30_off,env_layout3,0,no_current_task,counterfactual,False,"deliver_item(?item=item_3,?kitting_table=kitting_table_0)","deliver_item(?item=item_3,?kitting_table=kitting_table_0)",True,False,False,0.20075600015414385,74.05492465137188,,,2,False,"deliver_item(?item=item_4,?kitting_table=kitting_table_0)","deliver_item(?item=item_4,?kitting_table=kitting_table_0)",40.0,"deliver_item(?item=item_2,?kitting_table=kitting_table_0)",2.0,"deliver_item(?item=item_4,?kitting_table=kitting_table_0)",2.0,"deliver_item(?item=item_4,?kitting_table=kitting_table_0)",2.0,"deliver_item(?item=item_2,?kitting_table=kitting_table_0)",2.0,False,False,False,False,True,True,False,False,True,,,,,,,,,,,,,,
s30_off,env_layout3,0,no_current_task,counterfactual,False,"deliver_item(?item=item_3,?kitting_table=kitting_table_0)","deliver_item(?item=item_3,?kitting_table=kitting_table_0)",True,False,False,0.20075600015414385,74.05492465137188,,,2,False,"deliver_item(?item=item_4,?kitting_table=kitting_table_0)","deliver_item(?item=item_4,?kitting_table=kitting_table_0)",50.0,"deliver_item(?item=item_2,?kitting_table=kitting_table_0)",2.0,"deliver_item(?item=item_4,?kitting_table=kitting_table_0)",2.0,"deliver_item(?item=item_4,?kitting_table=kitting_table_0)",2.0,"deliver_item(?item=item_2,?kitting_table=kitting_table_0)",2.0,False,False,False,False,True,True,False,False,True,,,,,,,,,,,,,,
s30_off,env_layout3,0,no_current_task,counterfactual,False,"deliver_item(?item=item_3,?kitting_table=kitting_table_0)","deliver_item(?item=item_3,?kitting_table=kitting_table_0)",True,False,False,0.20075600015414385,74.05492465137188,,,2,False,"deliver_item(?item=item_4,?kitting_table=kitting_table_0)","deliver_item(?item=item_4,?kitting_table=kitting_table_0)",75.0,"deliver_item(?item=item_4,?kitting_table=kitting_table_0)",2.0,"deliver_item(?item=item_4,?kitting_table=kitting_table_0)",2.0,"deliver_item(?item=item_4,?kitting_table=kitting_table_0)",2.0,"deliver_item(?item=item_4,?kitting_table=kitting_table_0)",2.0,False,False,False,False,False,False,False,False,False,,,,,,,,,,,,,,
s30_off,env_layout3,0,no_current_task,counterfactual,False,"deliver_item(?item=item_3,?kitting_table=kitting_table_0)","deliver_item(?item=item_3,?kitting_table=kitting_table_0)",True,False,False,0.20075600015414385,74.05492465137188,,,2,False,"deliver_item(?item=item_4,?kitting_table=kitting_table_0)","deliver_item(?item=item_4,?kitting_table=kitting_table_0)",100.0,"deliver_item(?item=item_4,?kitting_table=kitting_table_0)",2.0,"deliver_item(?item=item_4,?kitting_table=kitting_table_0)",2.0,"deliver_item(?item=item_4,?kitting_table=kitting_table_0)",2.0,"deliver_item(?item=item_4,?kitting_table=kitting_table_0)",2.0,False,False,False,False,False,False,False,False,False,,,,,,,,,,,,,,
s30_off,env_layout3,0,no_current_task,counterfactual,False,"deliver_item(?item=item_3,?kitting_table=kitting_table_0)","deliver_item(?item=item_3,?kitting_table=kitting_table_0)",True,False,False,0.20075600015414385,74.05492465137188,,,2,False,"deliver_item(?item=item_4,?kitting_table=kitting_table_0)","deliver_item(?item=item_4,?kitting_table=kitting_table_0)",150.0,"deliver_item(?item=item_2,?kitting_table=kitting_table_0)",2.0,"deliver_item(?item=item_4,?kitting_table=kitting_table_0)",2.0,"deliver_item(?item=item_4,?kitting_table=kitting_table_0)",2.0,"deliver_item(?item=item_2,?kitting_table=kitting_table_0)",2.0,False,False,False,False,True,True,False,False,True,,,,,,,,,,,,,,
s30_off,env_layout3,0,no_current_task,counterfactual,False,"deliver_item(?item=item_3,?kitting_table=kitting_table_0)","deliver_item(?item=item_3,?kitting_table=kitting_table_0)",True,False,False,0.20075600015414385,74.05492465137188,,,2,False,"deliver_item(?item=item_4,?kitting_table=kitting_table_0)","deliver_item(?item=item_4,?kitting_table=kitting_table_0)",200.0,"deliver_item(?item=item_4,?kitting_table=kitting_table_0)",2.0,"deliver_item(?item=item_4,?kitting_table=kitting_table_0)",2.0,"deliver_item(?item=item_4,?kitting_table=kitting_table_0)",2.0,"deliver_item(?item=item_4,?kitting_table=kitting_table_0)",2.0,False,False,False,False,False,False,False,False,False,,,,,,,,,,,,,,
s30_off,env_layout3,0,no_current_task,counterfactual,False,"deliver_item(?item=item_3,?kitting_table=kitting_table_0)","deliver_item(?item=item_3,?kitting_table=kitting_table_0)",True,False,False,0.20075600015414385,74.05492465137188,,,2,False,"deliver_item(?item=item_4,?kitting_table=kitting_table_0)","deliver_item(?item=item_4,?kitting_table=kitting_table_0)",300.0,,0.0,"deliver_item(?item=item_2,?kitting_table=kitting_table_0)",1.0,"deliver_item(?item=item_2,?kitting_table=kitting_table_0)",1.0,,0.0,True,False,False,False,False,False,True,True,False,,,,,,,,,,,,,,
s30_off,env_layout3,0,no_current_task,counterfactual,False,"deliver_item(?item=item_3,?kitting_table=kitting_table_0)","deliver_item(?item=item_3,?kitting_table=kitting_table_0)",True,False,False,0.20075600015414385,74.05492465137188,,,2,False,"deliver_item(?item=item_4,?kitting_table=kitting_table_0)","deliver_item(?item=item_4,?kitting_table=kitting_table_0)",400.0,,0.0,,0.0,,0.0,,0.0,True,True,True,False,False,False,False,False,False,,,,,,,,,,,,,,
s30_off,env_layout3,0,no_current_task,counterfactual,False,"deliver_item(?item=item_3,?kitting_table=kitting_table_0)","deliver_item(?item=item_3,?kitting_table=kitting_table_0)",True,False,False,0.20075600015414385,74.05492465137188,,,2,False,"deliver_item(?item=item_4,?kitting_table=kitting_table_0)","deliver_item(?item=item_4,?kitting_table=kitting_table_0)",600.0,,0.0,,0.0,,0.0,,0.0,True,True,True,False,False,False,False,False,False,,,,,,,,,,,,,,
s30_off,env_layout3,28,theta_crossed,primary,True,"deliver_item(?item=item_3,?kitting_table=kitting_table_0)","deliver_item(?item=item_3,?kitting_table=kitting_table_0)",True,False,False,0.7746218698102085,46.05492465137188,"deliver_item(?item=item_4,?kitting_table=kitting_table_0)",,2,True,"deliver_item(?item=item_2,?kitting_table=kitting_table_0)","deliver_item(?item=item_4,?kitting_table=kitting_table_0)",5.0,"deliver_item(?item=item_2,?kitting_table=kitting_table_0)",1.0,"deliver_item(?item=item_4,?kitting_table=kitting_table_0)",2.0,"deliver_item(?item=item_4,?kitting_table=kitting_table_0)",2.0,"deliver_item(?item=item_4,?kitting_table=kitting_table_0)",2.0,False,False,False,True,False,True,False,False,False,"deliver_item(?item=item_4,?kitting_table=kitting_table_0)",47.05492465137188,none:beyond_horizon,,0.24999999999999467,realized,,,"deliver_item(?item=item_2,?kitting_table=kitting_table_0)",59.22984553501192,0.0,,,False
s30_off,env_layout3,28,theta_crossed,primary,True,"deliver_item(?item=item_3,?kitting_table=kitting_table_0)","deliver_item(?item=item_3,?kitting_table=kitting_table_0)",True,False,False,0.7746218698102085,46.05492465137188,"deliver_item(?item=item_4,?kitting_table=kitting_table_0)",,2,True,"deliver_item(?item=item_2,?kitting_table=kitting_table_0)","deliver_item(?item=item_4,?kitting_table=kitting_table_0)",10.0,"deliver_item(?item=item_2,?kitting_table=kitting_table_0)",1.0,"deliver_item(?item=item_4,?kitting_table=kitting_table_0)",2.0,"deliver_item(?item=item_4,?kitting_table=kitting_table_0)",2.0,"deliver_item(?item=item_4,?kitting_table=kitting_table_0)",2.0,False,False,False,True,False,True,False,False,False,"deliver_item(?item=item_4,?kitting_table=kitting_table_0)",47.05492465137188,none:beyond_horizon,,0.49999999999998934,realized,,,"deliver_item(?item=item_2,?kitting_table=kitting_table_0)",59.22984553501192,0.0,,,False
s30_off,env_layout3,28,theta_crossed,primary,True,"deliver_item(?item=item_3,?kitting_table=kitting_table_0)","deliver_item(?item=item_3,?kitting_table=kitting_table_0)",True,False,False,0.7746218698102085,46.05492465137188,"deliver_item(?item=item_4,?kitting_table=kitting_table_0)",,2,True,"deliver_item(?item=item_2,?kitting_table=kitting_table_0)","deliver_item(?item=item_4,?kitting_table=kitting_table_0)",20.0,"deliver_item(?item=item_2,?kitting_table=kitting_table_0)",1.0,"deliver_item(?item=item_4,?kitting_table=kitting_table_0)",2.0,"deliver_item(?item=item_4,?kitting_table=kitting_table_0)",2.0,"deliver_item(?item=item_4,?kitting_table=kitting_table_0)",2.0,False,False,False,True,False,True,False,False,False,"deliver_item(?item=item_4,?kitting_table=kitting_table_0)",47.05492465137188,none:beyond_horizon,,0.9999999999999787,realized,,,"deliver_item(?item=item_2,?kitting_table=kitting_table_0)",59.22984553501192,0.0,,,False
s30_off,env_layout3,28,theta_crossed,primary,True,"deliver_item(?item=item_3,?kitting_table=kitting_table_0)","deliver_item(?item=item_3,?kitting_table=kitting_table_0)",True,False,False,0.7746218698102085,46.05492465137188,"deliver_item(?item=item_4,?kitting_table=kitting_table_0)",,2,True,"deliver_item(?item=item_2,?kitting_table=kitting_table_0)","deliver_item(?item=item_4,?kitting_table=kitting_table_0)",30.0,"deliver_item(?item=item_2,?kitting_table=kitting_table_0)",1.0,"deliver_item(?item=item_4,?kitting_table=kitting_table_0)",2.0,"deliver_item(?item=item_4,?kitting_table=kitting_table_0)",2.0,"deliver_item(?item=item_4,?kitting_table=kitting_table_0)",2.0,False,False,False,True,False,True,False,False,False,"deliver_item(?item=item_4,?kitting_table=kitting_table_0)",47.05492465137188,none:beyond_horizon,,1.499999999999968,realized,,,"deliver_item(?item=item_2,?kitting_table=kitting_table_0)",59.22984553501192,0.0,,,False
s30_off,env_layout3,28,theta_crossed,primary,True,"deliver_item(?item=item_3,?kitting_table=kitting_table_0)","deliver_item(?item=item_3,?kitting_table=kitting_table_0)",True,False,False,0.7746218698102085,46.05492465137188,"deliver_item(?item=item_4,?kitting_table=kitting_table_0)",,2,True,"deliver_item(?item=item_2,?kitting_table=kitting_table_0)","deliver_item(?item=item_4,?kitting_table=kitting_table_0)",40.0,"deliver_item(?item=item_2,?kitting_table=kitting_table_0)",1.0,"deliver_item(?item=item_4,?kitting_table=kitting_table_0)",2.0,"deliver_item(?item=item_4,?kitting_table=kitting_table_0)",2.0,"deliver_item(?item=item_4,?kitting_table=kitting_table_0)",2.0,False,False,False,True,False,True,False,False,False,"deliver_item(?item=item_4,?kitting_table=kitting_table_0)",47.05492465137188,none:beyond_horizon,,1.9999999999999574,realized,,,"deliver_item(?item=item_2,?kitting_table=kitting_table_0)",59.22984553501192,0.0,,,False
s30_off,env_layout3,28,theta_crossed,primary,True,"deliver_item(?item=item_3,?kitting_table=kitting_table_0)","deliver_item(?item=item_3,?kitting_table=kitting_table_0)",True,False,False,0.7746218698102085,46.05492465137188,"deliver_item(?item=item_4,?kitting_table=kitting_table_0)",,2,True,"deliver_item(?item=item_2,?kitting_table=kitting_table_0)","deliver_item(?item=item_4,?kitting_table=kitting_table_0)",50.0,"deliver_item(?item=item_2,?kitting_table=kitting_table_0)",1.0,"deliver_item(?item=item_4,?kitting_table=kitting_table_0)",2.0,"deliver_item(?item=item_4,?kitting_table=kitting_table_0)",2.0,"deliver_item(?item=item_4,?kitting_table=kitting_table_0)",2.0,False,False,False,True,False,True,False,False,False,"deliver_item(?item=item_4,?kitting_table=kitting_table_0)",47.05492465137188,none:beyond_horizon,,2.4999999999999467,realized,,,"deliver_item(?item=item_2,?kitting_table=kitting_table_0)",59.22984553501192,0.0,,,False
s30_off,env_layout3,28,theta_crossed,primary,True,"deliver_item(?item=item_3,?kitting_table=kitting_table_0)","deliver_item(?item=item_3,?kitting_table=kitting_table_0)",True,False,False,0.7746218698102085,46.05492465137188,"deliver_item(?item=item_4,?kitting_table=kitting_table_0)",,2,True,"deliver_item(?item=item_2,?kitting_table=kitting_table_0)","deliver_item(?item=item_4,?kitting_table=kitting_table_0)",75.0,"deliver_item(?item=item_2,?kitting_table=kitting_table_0)",1.0,"deliver_item(?item=item_4,?kitting_table=kitting_table_0)",2.0,"deliver_item(?item=item_4,?kitting_table=kitting_table_0)",2.0,"deliver_item(?item=item_4,?kitting_table=kitting_table_0)",2.0,False,False,False,True,False,True,False,False,False,"deliver_item(?item=item_4,?kitting_table=kitting_table_0)",47.05492465137188,none:beyond_horizon,,3.74999999999992,realized,,,"deliver_item(?item=item_2,?kitting_table=kitting_table_0)",59.22984553501192,0.0,,,False
s30_off,env_layout3,28,theta_crossed,primary,True,"deliver_item(?item=item_3,?kitting_table=kitting_table_0)","deliver_item(?item=item_3,?kitting_table=kitting_table_0)",True,False,False,0.7746218698102085,46.05492465137188,"deliver_item(?item=item_4,?kitting_table=kitting_table_0)",,2,True,"deliver_item(?item=item_2,?kitting_table=kitting_table_0)","deliver_item(?item=item_4,?kitting_table=kitting_table_0)",100.0,"deliver_item(?item=item_2,?kitting_table=kitting_table_0)",1.0,"deliver_item(?item=item_4,?kitting_table=kitting_table_0)",2.0,"deliver_item(?item=item_4,?kitting_table=kitting_table_0)",2.0,"deliver_item(?item=item_4,?kitting_table=kitting_table_0)",2.0,False,False,False,True,False,True,False,False,False,"deliver_item(?item=item_4,?kitting_table=kitting_table_0)",47.05492465137188,none:beyond_horizon,,4.999999999999893,realized,,,"deliver_item(?item=item_2,?kitting_table=kitting_table_0)",59.22984553501192,0.0,,,False
s30_off,env_layout3,28,theta_crossed,primary,True,"deliver_item(?item=item_3,?kitting_table=kitting_table_0)","deliver_item(?item=item_3,?kitting_table=kitting_table_0)",True,False,False,0.7746218698102085,46.05492465137188,"deliver_item(?item=item_4,?kitting_table=kitting_table_0)",,2,True,"deliver_item(?item=item_2,?kitting_table=kitting_table_0)","deliver_item(?item=item_4,?kitting_table=kitting_table_0)",150.0,,0.0,,0.0,,0.0,,0.0,True,True,True,True,False,False,False,False,False,"deliver_item(?item=item_4,?kitting_table=kitting_table_0)",47.05492465137188,none:hold_position_violated,,,none:no_feasible_start,,,,,,,,False
s30_off,env_layout3,28,theta_crossed,primary,True,"deliver_item(?item=item_3,?kitting_table=kitting_table_0)","deliver_item(?item=item_3,?kitting_table=kitting_table_0)",True,False,False,0.7746218698102085,46.05492465137188,"deliver_item(?item=item_4,?kitting_table=kitting_table_0)",,2,True,"deliver_item(?item=item_2,?kitting_table=kitting_table_0)","deliver_item(?item=item_4,?kitting_table=kitting_table_0)",200.0,,0.0,,0.0,,0.0,,0.0,True,True,True,True,False,False,False,False,False,"deliver_item(?item=item_4,?kitting_table=kitting_table_0)",47.05492465137188,none:hold_position_violated,,,none:no_feasible_start,,,,,,,,False
s30_off,env_layout3,28,theta_crossed,primary,True,"deliver_item(?item=item_3,?kitting_table=kitting_table_0)","deliver_item(?item=item_3,?kitting_table=kitting_table_0)",True,False,False,0.7746218698102085,46.05492465137188,"deliver_item(?item=item_4,?kitting_table=kitting_table_0)",,2,True,"deliver_item(?item=item_2,?kitting_table=kitting_table_0)","deliver_item(?item=item_4,?kitting_table=kitting_table_0)",300.0,,0.0,,0.0,,0.0,,0.0,True,True,True,True,False,False,False,False,False,"deliver_item(?item=item_4,?kitting_table=kitting_table_0)",47.05492465137188,none:hold_position_violated,,,none:no_feasible_start,,,,,,,,False
s30_off,env_layout3,28,theta_crossed,primary,True,"deliver_item(?item=item_3,?kitting_table=kitting_table_0)","deliver_item(?item=item_3,?kitting_table=kitting_table_0)",True,False,False,0.7746218698102085,46.05492465137188,"deliver_item(?item=item_4,?kitting_table=kitting_table_0)",,2,True,"deliver_item(?item=item_2,?kitting_table=kitting_table_0)","deliver_item(?item=item_4,?kitting_table=kitting_table_0)",400.0,,0.0,,0.0,,0.0,,0.0,True,True,True,True,False,False,False,False,False,"deliver_item(?item=item_4,?kitting_table=kitting_table_0)",47.05492465137188,none:hold_position_violated,,,none:no_feasible_start,,,,,,,,False
s30_off,env_layout3,28,theta_crossed,primary,True,"deliver_item(?item=item_3,?kitting_table=kitting_table_0)","deliver_item(?item=item_3,?kitting_table=kitting_table_0)",True,False,False,0.7746218698102085,46.05492465137188,"deliver_item(?item=item_4,?kitting_table=kitting_table_0)",,2,True,"deliver_item(?item=item_2,?kitting_table=kitting_table_0)","deliver_item(?item=item_4,?kitting_table=kitting_table_0)",600.0,,0.0,,0.0,,0.0,,0.0,True,True,True,True,False,False,False,False,False,"deliver_item(?item=item_4,?kitting_table=kitting_table_0)",47.05492465137188,none:hold_position_violated,,,none:no_feasible_start,,,,,,,,False
s30_off,env_layout3,48,task_committed,primary,True,"deliver_item(?item=item_3,?kitting_table=kitting_table_0)","deliver_item(?item=item_3,?kitting_table=kitting_table_0)",True,False,False,0.9949617392281593,26.036371282360808,"deliver_item(?item=item_2,?kitting_table=kitting_table_0)",item_2,2,True,"deliver_item(?item=item_2,?kitting_table=kitting_table_0)","deliver_item(?item=item_2,?kitting_table=kitting_table_0)",5.0,"deliver_item(?item=item_2,?kitting_table=kitting_table_0)",2.0,"deliver_item(?item=item_2,?kitting_table=kitting_table_0)",2.0,"deliver_item(?item=item_2,?kitting_table=kitting_table_0)",2.0,"deliver_item(?item=item_2,?kitting_table=kitting_table_0)",2.0,False,False,False,False,False,False,False,False,False,"deliver_item(?item=item_2,?kitting_table=kitting_table_0)",38.2581343420807,realized,0.0,0.0,realized,0.0,0.0,"deliver_item(?item=item_4,?kitting_table=kitting_table_0)",48.07267800066616,0.0,38.2581343420807,9.814543658585457,True
s30_off,env_layout3,48,task_committed,primary,True,"deliver_item(?item=item_3,?kitting_table=kitting_table_0)","deliver_item(?item=item_3,?kitting_table=kitting_table_0)",True,False,False,0.9949617392281593,26.036371282360808,"deliver_item(?item=item_2,?kitting_table=kitting_table_0)",item_2,2,True,"deliver_item(?item=item_2,?kitting_table=kitting_table_0)","deliver_item(?item=item_2,?kitting_table=kitting_table_0)",10.0,"deliver_item(?item=item_2,?kitting_table=kitting_table_0)",2.0,"deliver_item(?item=item_2,?kitting_table=kitting_table_0)",2.0,"deliver_item(?item=item_2,?kitting_table=kitting_table_0)",2.0,"deliver_item(?item=item_2,?kitting_table=kitting_table_0)",2.0,False,False,False,False,False,False,False,False,False,"deliver_item(?item=item_2,?kitting_table=kitting_table_0)",38.2581343420807,realized,0.0,0.0,realized,0.0,0.0,"deliver_item(?item=item_4,?kitting_table=kitting_table_0)",48.07267800066616,0.0,38.2581343420807,9.814543658585457,True
s30_off,env_layout3,48,task_committed,primary,True,"deliver_item(?item=item_3,?kitting_table=kitting_table_0)","deliver_item(?item=item_3,?kitting_table=kitting_table_0)",True,False,False,0.9949617392281593,26.036371282360808,"deliver_item(?item=item_2,?kitting_table=kitting_table_0)",item_2,2,True,"deliver_item(?item=item_2,?kitting_table=kitting_table_0)","deliver_item(?item=item_2,?kitting_table=kitting_table_0)",20.0,"deliver_item(?item=item_2,?kitting_table=kitting_table_0)",2.0,"deliver_item(?item=item_2,?kitting_table=kitting_table_0)",2.0,"deliver_item(?item=item_2,?kitting_table=kitting_table_0)",2.0,"deliver_item(?item=item_2,?kitting_table=kitting_table_0)",2.0,False,False,False,False,False,False,False,False,False,"deliver_item(?item=item_2,?kitting_table=kitting_table_0)",38.2581343420807,realized,0.0,0.0,realized,0.0,0.0,"deliver_item(?item=item_4,?kitting_table=kitting_table_0)",48.07267800066616,0.0,38.2581343420807,9.814543658585457,True
s30_off,env_layout3,48,task_committed,primary,True,"deliver_item(?item=item_3,?kitting_table=kitting_table_0)","deliver_item(?item=item_3,?kitting_table=kitting_table_0)",True,False,False,0.9949617392281593,26.036371282360808,"deliver_item(?item=item_2,?kitting_table=kitting_table_0)",item_2,2,True,"deliver_item(?item=item_2,?kitting_table=kitting_table_0)","deliver_item(?item=item_2,?kitting_table=kitting_table_0)",30.0,"deliver_item(?item=item_2,?kitting_table=kitting_table_0)",2.0,"deliver_item(?item=item_2,?kitting_table=kitting_table_0)",2.0,"deliver_item(?item=item_2,?kitting_table=kitting_table_0)",2.0,"deliver_item(?item=item_2,?kitting_table=kitting_table_0)",2.0,False,False,False,False,False,False,False,False,False,"deliver_item(?item=item_2,?kitting_table=kitting_table_0)",38.2581343420807,realized,0.0,0.0,realized,0.0,0.0,"deliver_item(?item=item_4,?kitting_table=kitting_table_0)",48.07267800066616,0.0,38.2581343420807,9.814543658585457,True
s30_off,env_layout3,48,task_committed,primary,True,"deliver_item(?item=item_3,?kitting_table=kitting_table_0)","deliver_item(?item=item_3,?kitting_table=kitting_table_0)",True,False,False,0.9949617392281593,26.036371282360808,"deliver_item(?item=item_2,?kitting_table=kitting_table_0)",item_2,2,True,"deliver_item(?item=item_2,?kitting_table=kitting_table_0)","deliver_item(?item=item_2,?kitting_table=kitting_table_0)",40.0,"deliver_item(?item=item_2,?kitting_table=kitting_table_0)",2.0,"deliver_item(?item=item_2,?kitting_table=kitting_table_0)",2.0,"deliver_item(?item=item_2,?kitting_table=kitting_table_0)",2.0,"deliver_item(?item=item_2,?kitting_table=kitting_table_0)",2.0,False,False,False,False,False,False,False,False,False,"deliver_item(?item=item_2,?kitting_table=kitting_table_0)",38.2581343420807,realized,0.0,0.0,realized,0.0,0.0,"deliver_item(?item=item_4,?kitting_table=kitting_table_0)",48.07267800066616,0.0,38.2581343420807,9.814543658585457,True
s30_off,env_layout3,48,task_committed,primary,True,"deliver_item(?item=item_3,?kitting_table=kitting_table_0)","deliver_item(?item=item_3,?kitting_table=kitting_table_0)",True,False,False,0.9949617392281593,26.036371282360808,"deliver_item(?item=item_2,?kitting_table=kitting_table_0)",item_2,2,True,"deliver_item(?item=item_2,?kitting_table=kitting_table_0)","deliver_item(?item=item_2,?kitting_table=kitting_table_0)",50.0,"deliver_item(?item=item_2,?kitting_table=kitting_table_0)",2.0,"deliver_item(?item=item_2,?kitting_table=kitting_table_0)",2.0,"deliver_item(?item=item_2,?kitting_table=kitting_table_0)",2.0,"deliver_item(?item=item_2,?kitting_table=kitting_table_0)",2.0,False,False,False,False,False,False,False,False,False,"deliver_item(?item=item_2,?kitting_table=kitting_table_0)",38.2581343420807,realized,0.0,0.0,realized,0.0,0.0,"deliver_item(?item=item_4,?kitting_table=kitting_table_0)",48.07267800066616,0.0,38.2581343420807,9.814543658585457,True
s30_off,env_layout3,48,task_committed,primary,True,"deliver_item(?item=item_3,?kitting_table=kitting_table_0)","deliver_item(?item=item_3,?kitting_table=kitting_table_0)",True,False,False,0.9949617392281593,26.036371282360808,"deliver_item(?item=item_2,?kitting_table=kitting_table_0)",item_2,2,True,"deliver_item(?item=item_2,?kitting_table=kitting_table_0)","deliver_item(?item=item_2,?kitting_table=kitting_table_0)",75.0,"deliver_item(?item=item_2,?kitting_table=kitting_table_0)",2.0,"deliver_item(?item=item_2,?kitting_table=kitting_table_0)",2.0,"deliver_item(?item=item_2,?kitting_table=kitting_table_0)",2.0,"deliver_item(?item=item_2,?kitting_table=kitting_table_0)",2.0,False,False,False,False,False,False,False,False,False,"deliver_item(?item=item_2,?kitting_table=kitting_table_0)",38.2581343420807,realized,0.0,0.0,realized,0.0,0.0,"deliver_item(?item=item_4,?kitting_table=kitting_table_0)",48.07267800066616,0.0,38.2581343420807,9.814543658585457,True
s30_off,env_layout3,48,task_committed,primary,True,"deliver_item(?item=item_3,?kitting_table=kitting_table_0)","deliver_item(?item=item_3,?kitting_table=kitting_table_0)",True,False,False,0.9949617392281593,26.036371282360808,"deliver_item(?item=item_2,?kitting_table=kitting_table_0)",item_2,2,True,"deliver_item(?item=item_2,?kitting_table=kitting_table_0)","deliver_item(?item=item_2,?kitting_table=kitting_table_0)",100.0,"deliver_item(?item=item_2,?kitting_table=kitting_table_0)",2.0,"deliver_item(?item=item_2,?kitting_table=kitting_table_0)",2.0,"deliver_item(?item=item_2,?kitting_table=kitting_table_0)",2.0,"deliver_item(?item=item_2,?kitting_table=kitting_table_0)",2.0,False,False,False,False,False,False,False,False,False,"deliver_item(?item=item_2,?kitting_table=kitting_table_0)",38.2581343420807,realized,0.0,0.0,realized,0.0,0.0,"deliver_item(?item=item_4,?kitting_table=kitting_table_0)",48.07267800066616,0.0,38.2581343420807,9.814543658585457,True
s30_off,env_layout3,48,task_committed,primary,True,"deliver_item(?item=item_3,?kitting_table=kitting_table_0)","deliver_item(?item=item_3,?kitting_table=kitting_table_0)",True,False,False,0.9949617392281593,26.036371282360808,"deliver_item(?item=item_2,?kitting_table=kitting_table_0)",item_2,2,True,"deliver_item(?item=item_2,?kitting_table=kitting_table_0)","deliver_item(?item=item_2,?kitting_table=kitting_table_0)",150.0,"deliver_item(?item=item_2,?kitting_table=kitting_table_0)",2.0,"deliver_item(?item=item_2,?kitting_table=kitting_table_0)",2.0,"deliver_item(?item=item_2,?kitting_table=kitting_table_0)",2.0,"deliver_item(?item=item_2,?kitting_table=kitting_table_0)",2.0,False,False,False,False,False,False,False,False,False,"deliver_item(?item=item_2,?kitting_table=kitting_table_0)",38.2581343420807,realized,0.0,0.0,realized,0.0,0.0,"deliver_item(?item=item_4,?kitting_table=kitting_table_0)",48.07267800066616,0.0,38.2581343420807,9.814543658585457,True
s30_off,env_layout3,48,task_committed,primary,True,"deliver_item(?item=item_3,?kitting_table=kitting_table_0)","deliver_item(?item=item_3,?kitting_table=kitting_table_0)",True,False,False,0.9949617392281593,26.036371282360808,"deliver_item(?item=item_2,?kitting_table=kitting_table_0)",item_2,2,True,"deliver_item(?item=item_2,?kitting_table=kitting_table_0)","deliver_item(?item=item_2,?kitting_table=kitting_table_0)",200.0,"deliver_item(?item=item_2,?kitting_table=kitting_table_0)",2.0,"deliver_item(?item=item_2,?kitting_table=kitting_table_0)",2.0,"deliver_item(?item=item_2,?kitting_table=kitting_table_0)",2.0,"deliver_item(?item=item_2,?kitting_table=kitting_table_0)",2.0,False,False,False,False,False,False,False,False,False,"deliver_item(?item=item_2,?kitting_table=kitting_table_0)",38.2581343420807,realized,0.0,0.0,realized,0.0,0.0,"deliver_item(?item=item_4,?kitting_table=kitting_table_0)",48.07267800066616,0.0,38.2581343420807,9.814543658585457,True
s30_off,env_layout3,48,task_committed,primary,True,"deliver_item(?item=item_3,?kitting_table=kitting_table_0)","deliver_item(?item=item_3,?kitting_table=kitting_table_0)",True,False,False,0.9949617392281593,26.036371282360808,"deliver_item(?item=item_2,?kitting_table=kitting_table_0)",item_2,2,True,"deliver_item(?item=item_2,?kitting_table=kitting_table_0)","deliver_item(?item=item_2,?kitting_table=kitting_table_0)",300.0,"deliver_item(?item=item_4,?kitting_table=kitting_table_0)",1.0,"deliver_item(?item=item_2,?kitting_table=kitting_table_0)",2.0,"deliver_item(?item=item_2,?kitting_table=kitting_table_0)",2.0,"deliver_item(?item=item_2,?kitting_table=kitting_table_0)",2.0,False,False,False,False,True,True,False,False,False,"deliver_item(?item=item_2,?kitting_table=kitting_table_0)",38.2581343420807,none:beyond_horizon,,3.7800000000000002,realized,,,"deliver_item(?item=item_4,?kitting_table=kitting_table_0)",48.07267800066616,0.0,,,False
s30_off,env_layout3,48,task_committed,primary,True,"deliver_item(?item=item_3,?kitting_table=kitting_table_0)","deliver_item(?item=item_3,?kitting_table=kitting_table_0)",True,False,False,0.9949617392281593,26.036371282360808,"deliver_item(?item=item_2,?kitting_table=kitting_table_0)",item_2,2,True,"deliver_item(?item=item_2,?kitting_table=kitting_table_0)","deliver_item(?item=item_2,?kitting_table=kitting_table_0)",400.0,"deliver_item(?item=item_4,?kitting_table=kitting_table_0)",1.0,"deliver_item(?item=item_2,?kitting_table=kitting_table_0)",2.0,"deliver_item(?item=item_2,?kitting_table=kitting_table_0)",2.0,"deliver_item(?item=item_2,?kitting_table=kitting_table_0)",2.0,False,False,False,False,True,True,False,False,False,"deliver_item(?item=item_2,?kitting_table=kitting_table_0)",38.2581343420807,none:beyond_horizon,,8.78,realized,,,"deliver_item(?item=item_4,?kitting_table=kitting_table_0)",48.07267800066616,0.0,,,False
s30_off,env_layout3,48,task_committed,primary,True,"deliver_item(?item=item_3,?kitting_table=kitting_table_0)","deliver_item(?item=item_3,?kitting_table=kitting_table_0)",True,False,False,0.9949617392281593,26.036371282360808,"deliver_item(?item=item_2,?kitting_table=kitting_table_0)",item_2,2,True,"deliver_item(?item=item_2,?kitting_table=kitting_table_0)","deliver_item(?item=item_2,?kitting_table=kitting_table_0)",600.0,,0.0,,0.0,,0.0,"deliver_item(?item=item_2,?kitting_table=kitting_table_0)",1.0,True,True,True,False,False,False,False,False,False,"deliver_item(?item=item_2,?kitting_table=kitting_table_0)",38.2581343420807,none:beyond_horizon,,,none:no_feasible_start,,,,,,,,False
s30_off,env_layout3,87,theta_crossed,primary,True,"deliver_item(?item=item_7,?kitting_table=kitting_table_0)","deliver_item(?item=item_7,?kitting_table=kitting_table_0)",True,False,False,0.7626708509874183,33.113494665429926,"deliver_item(?item=item_2,?kitting_table=kitting_table_0)",,1,False,"deliver_item(?item=item_4,?kitting_table=kitting_table_0)","deliver_item(?item=item_4,?kitting_table=kitting_table_0)",5.0,"deliver_item(?item=item_4,?kitting_table=kitting_table_0)",1.0,"deliver_item(?item=item_4,?kitting_table=kitting_table_0)",1.0,"deliver_item(?item=item_4,?kitting_table=kitting_table_0)",1.0,"deliver_item(?item=item_4,?kitting_table=kitting_table_0)",1.0,False,False,False,False,False,False,False,False,False,,,,,,,,,,,,,,
s30_off,env_layout3,87,theta_crossed,primary,True,"deliver_item(?item=item_7,?kitting_table=kitting_table_0)","deliver_item(?item=item_7,?kitting_table=kitting_table_0)",True,False,False,0.7626708509874183,33.113494665429926,"deliver_item(?item=item_2,?kitting_table=kitting_table_0)",,1,False,"deliver_item(?item=item_4,?kitting_table=kitting_table_0)","deliver_item(?item=item_4,?kitting_table=kitting_table_0)",10.0,"deliver_item(?item=item_4,?kitting_table=kitting_table_0)",1.0,"deliver_item(?item=item_4,?kitting_table=kitting_table_0)",1.0,"deliver_item(?item=item_4,?kitting_table=kitting_table_0)",1.0,"deliver_item(?item=item_4,?kitting_table=kitting_table_0)",1.0,False,False,False,False,False,False,False,False,False,,,,,,,,,,,,,,
s30_off,env_layout3,87,theta_crossed,primary,True,"deliver_item(?item=item_7,?kitting_table=kitting_table_0)","deliver_item(?item=item_7,?kitting_table=kitting_table_0)",True,False,False,0.7626708509874183,33.113494665429926,"deliver_item(?item=item_2,?kitting_table=kitting_table_0)",,1,False,"deliver_item(?item=item_4,?kitting_table=kitting_table_0)","deliver_item(?item=item_4,?kitting_table=kitting_table_0)",20.0,"deliver_item(?item=item_4,?kitting_table=kitting_table_0)",1.0,"deliver_item(?item=item_4,?kitting_table=kitting_table_0)",1.0,"deliver_item(?item=item_4,?kitting_table=kitting_table_0)",1.0,"deliver_item(?item=item_4,?kitting_table=kitting_table_0)",1.0,False,False,False,False,False,False,False,False,False,,,,,,,,,,,,,,
s30_off,env_layout3,87,theta_crossed,primary,True,"deliver_item(?item=item_7,?kitting_table=kitting_table_0)","deliver_item(?item=item_7,?kitting_table=kitting_table_0)",True,False,False,0.7626708509874183,33.113494665429926,"deliver_item(?item=item_2,?kitting_table=kitting_table_0)",,1,False,"deliver_item(?item=item_4,?kitting_table=kitting_table_0)","deliver_item(?item=item_4,?kitting_table=kitting_table_0)",30.0,"deliver_item(?item=item_4,?kitting_table=kitting_table_0)",1.0,"deliver_item(?item=item_4,?kitting_table=kitting_table_0)",1.0,"deliver_item(?item=item_4,?kitting_table=kitting_table_0)",1.0,"deliver_item(?item=item_4,?kitting_table=kitting_table_0)",1.0,False,False,False,False,False,False,False,False,False,,,,,,,,,,,,,,
s30_off,env_layout3,87,theta_crossed,primary,True,"deliver_item(?item=item_7,?kitting_table=kitting_table_0)","deliver_item(?item=item_7,?kitting_table=kitting_table_0)",True,False,False,0.7626708509874183,33.113494665429926,"deliver_item(?item=item_2,?kitting_table=kitting_table_0)",,1,False,"deliver_item(?item=item_4,?kitting_table=kitting_table_0)","deliver_item(?item=item_4,?kitting_table=kitting_table_0)",40.0,"deliver_item(?item=item_4,?kitting_table=kitting_table_0)",1.0,"deliver_item(?item=item_4,?kitting_table=kitting_table_0)",1.0,"deliver_item(?item=item_4,?kitting_table=kitting_table_0)",1.0,"deliver_item(?item=item_4,?kitting_table=kitting_table_0)",1.0,False,False,False,False,False,False,False,False,False,,,,,,,,,,,,,,
s30_off,env_layout3,87,theta_crossed,primary,True,"deliver_item(?item=item_7,?kitting_table=kitting_table_0)","deliver_item(?item=item_7,?kitting_table=kitting_table_0)",True,False,False,0.7626708509874183,33.113494665429926,"deliver_item(?item=item_2,?kitting_table=kitting_table_0)",,1,False,"deliver_item(?item=item_4,?kitting_table=kitting_table_0)","deliver_item(?item=item_4,?kitting_table=kitting_table_0)",50.0,"deliver_item(?item=item_4,?kitting_table=kitting_table_0)",1.0,"deliver_item(?item=item_4,?kitting_table=kitting_table_0)",1.0,"deliver_item(?item=item_4,?kitting_table=kitting_table_0)",1.0,"deliver_item(?item=item_4,?kitting_table=kitting_table_0)",1.0,False,False,False,False,False,False,False,False,False,,,,,,,,,,,,,,
s30_off,env_layout3,87,theta_crossed,primary,True,"deliver_item(?item=item_7,?kitting_table=kitting_table_0)","deliver_item(?item=item_7,?kitting_table=kitting_table_0)",True,False,False,0.7626708509874183,33.113494665429926,"deliver_item(?item=item_2,?kitting_table=kitting_table_0)",,1,False,"deliver_item(?item=item_4,?kitting_table=kitting_table_0)","deliver_item(?item=item_4,?kitting_table=kitting_table_0)",75.0,"deliver_item(?item=item_4,?kitting_table=kitting_table_0)",1.0,"deliver_item(?item=item_4,?kitting_table=kitting_table_0)",1.0,"deliver_item(?item=item_4,?kitting_table=kitting_table_0)",1.0,"deliver_item(?item=item_4,?kitting_table=kitting_table_0)",1.0,False,False,False,False,False,False,False,False,False,,,,,,,,,,,,,,
s30_off,env_layout3,87,theta_crossed,primary,True,"deliver_item(?item=item_7,?kitting_table=kitting_table_0)","deliver_item(?item=item_7,?kitting_table=kitting_table_0)",True,False,False,0.7626708509874183,33.113494665429926,"deliver_item(?item=item_2,?kitting_table=kitting_table_0)",,1,False,"deliver_item(?item=item_4,?kitting_table=kitting_table_0)","deliver_item(?item=item_4,?kitting_table=kitting_table_0)",100.0,"deliver_item(?item=item_4,?kitting_table=kitting_table_0)",1.0,"deliver_item(?item=item_4,?kitting_table=kitting_table_0)",1.0,"deliver_item(?item=item_4,?kitting_table=kitting_table_0)",1.0,"deliver_item(?item=item_4,?kitting_table=kitting_table_0)",1.0,False,False,False,False,False,False,False,False,False,,,,,,,,,,,,,,
s30_off,env_layout3,87,theta_crossed,primary,True,"deliver_item(?item=item_7,?kitting_table=kitting_table_0)","deliver_item(?item=item_7,?kitting_table=kitting_table_0)",True,False,False,0.7626708509874183,33.113494665429926,"deliver_item(?item=item_2,?kitting_table=kitting_table_0)",,1,False,"deliver_item(?item=item_4,?kitting_table=kitting_table_0)","deliver_item(?item=item_4,?kitting_table=kitting_table_0)",150.0,"deliver_item(?item=item_4,?kitting_table=kitting_table_0)",1.0,"deliver_item(?item=item_4,?kitting_table=kitting_table_0)",1.0,"deliver_item(?item=item_4,?kitting_table=kitting_table_0)",1.0,"deliver_item(?item=item_4,?kitting_table=kitting_table_0)",1.0,False,False,False,False,False,False,False,False,False,,,,,,,,,,,,,,
s30_off,env_layout3,87,theta_crossed,primary,True,"deliver_item(?item=item_7,?kitting_table=kitting_table_0)","deliver_item(?item=item_7,?kitting_table=kitting_table_0)",True,False,False,0.7626708509874183,33.113494665429926,"deliver_item(?item=item_2,?kitting_table=kitting_table_0)",,1,False,"deliver_item(?item=item_4,?kitting_table=kitting_table_0)","deliver_item(?item=item_4,?kitting_table=kitting_table_0)",200.0,"deliver_item(?item=item_4,?kitting_table=kitting_table_0)",1.0,"deliver_item(?item=item_4,?kitting_table=kitting_table_0)",1.0,"deliver_item(?item=item_4,?kitting_table=kitting_table_0)",1.0,"deliver_item(?item=item_4,?kitting_table=kitting_table_0)",1.0,False,False,False,False,False,False,False,False,False,,,,,,,,,,,,,,
s30_off,env_layout3,87,theta_crossed,primary,True,"deliver_item(?item=item_7,?kitting_table=kitting_table_0)","deliver_item(?item=item_7,?kitting_table=kitting_table_0)",True,False,False,0.7626708509874183,33.113494665429926,"deliver_item(?item=item_2,?kitting_table=kitting_table_0)",,1,False,"deliver_item(?item=item_4,?kitting_table=kitting_table_0)","deliver_item(?item=item_4,?kitting_table=kitting_table_0)",300.0,,0.0,,0.0,,0.0,,0.0,True,True,True,False,False,False,False,False,False,,,,,,,,,,,,,,
s30_off,env_layout3,87,theta_crossed,primary,True,"deliver_item(?item=item_7,?kitting_table=kitting_table_0)","deliver_item(?item=item_7,?kitting_table=kitting_table_0)",True,False,False,0.7626708509874183,33.113494665429926,"deliver_item(?item=item_2,?kitting_table=kitting_table_0)",,1,False,"deliver_item(?item=item_4,?kitting_table=kitting_table_0)","deliver_item(?item=item_4,?kitting_table=kitting_table_0)",400.0,,0.0,,0.0,,0.0,,0.0,True,True,True,False,False,False,False,False,False,,,,,,,,,,,,,,
s30_off,env_layout3,87,theta_crossed,primary,True,"deliver_item(?item=item_7,?kitting_table=kitting_table_0)","deliver_item(?item=item_7,?kitting_table=kitting_table_0)",True,False,False,0.7626708509874183,33.113494665429926,"deliver_item(?item=item_2,?kitting_table=kitting_table_0)",,1,False,"deliver_item(?item=item_4,?kitting_table=kitting_table_0)","deliver_item(?item=item_4,?kitting_table=kitting_table_0)",600.0,,0.0,,0.0,,0.0,,0.0,True,True,True,False,False,False,False,False,False,,,,,,,,,,,,,,
s30_off,env_layout3,121,task_committed,counterfactual,False,"deliver_item(?item=item_4,?kitting_table=kitting_table_0)","deliver_item(?item=item_7,?kitting_table=kitting_table_0)",False,False,False,0.3323333333333333,68.410944843684,"deliver_item(?item=item_4,?kitting_table=kitting_table_0)",item_4,1,True,"deliver_item(?item=item_4,?kitting_table=kitting_table_0)","deliver_item(?item=item_4,?kitting_table=kitting_table_0)",5.0,"deliver_item(?item=item_4,?kitting_table=kitting_table_0)",1.0,"deliver_item(?item=item_4,?kitting_table=kitting_table_0)",1.0,"deliver_item(?item=item_4,?kitting_table=kitting_table_0)",1.0,"deliver_item(?item=item_4,?kitting_table=kitting_table_0)",1.0,False,False,False,False,False,False,False,False,False,"deliver_item(?item=item_4,?kitting_table=kitting_table_0)",34.22136938200966,realized,0.0,0.0,realized,0.0,0.0,,,,34.22136938200966,,True
s30_off,env_layout3,121,task_committed,counterfactual,False,"deliver_item(?item=item_4,?kitting_table=kitting_table_0)","deliver_item(?item=item_7,?kitting_table=kitting_table_0)",False,False,False,0.3323333333333333,68.410944843684,"deliver_item(?item=item_4,?kitting_table=kitting_table_0)",item_4,1,True,"deliver_item(?item=item_4,?kitting_table=kitting_table_0)","deliver_item(?item=item_4,?kitting_table=kitting_table_0)",10.0,,0.0,,0.0,,0.0,,0.0,True,True,True,False,False,False,False,False,False,"deliver_item(?item=item_4,?kitting_table=kitting_table_0)",34.22136938200966,none:hold_position_violated,,,none:no_feasible_start,,,,,,,,False
s30_off,env_layout3,121,task_committed,counterfactual,False,"deliver_item(?item=item_4,?kitting_table=kitting_table_0)","deliver_item(?item=item_7,?kitting_table=kitting_table_0)",False,False,False,0.3323333333333333,68.410944843684,"deliver_item(?item=item_4,?kitting_table=kitting_table_0)",item_4,1,True,"deliver_item(?item=item_4,?kitting_table=kitting_table_0)","deliver_item(?item=item_4,?kitting_table=kitting_table_0)",20.0,,0.0,,0.0,,0.0,,0.0,True,True,True,False,False,False,False,False,False,"deliver_item(?item=item_4,?kitting_table=kitting_table_0)",34.22136938200966,none:hold_position_violated,,,none:no_feasible_start,,,,,,,,False
s30_off,env_layout3,121,task_committed,counterfactual,False,"deliver_item(?item=item_4,?kitting_table=kitting_table_0)","deliver_item(?item=item_7,?kitting_table=kitting_table_0)",False,False,False,0.3323333333333333,68.410944843684,"deliver_item(?item=item_4,?kitting_table=kitting_table_0)",item_4,1,True,"deliver_item(?item=item_4,?kitting_table=kitting_table_0)","deliver_item(?item=item_4,?kitting_table=kitting_table_0)",30.0,,0.0,,0.0,,0.0,,0.0,True,True,True,False,False,False,False,False,False,"deliver_item(?item=item_4,?kitting_table=kitting_table_0)",34.22136938200966,none:hold_position_violated,,,none:no_feasible_start,,,,,,,,False
s30_off,env_layout3,121,task_committed,counterfactual,False,"deliver_item(?item=item_4,?kitting_table=kitting_table_0)","deliver_item(?item=item_7,?kitting_table=kitting_table_0)",False,False,False,0.3323333333333333,68.410944843684,"deliver_item(?item=item_4,?kitting_table=kitting_table_0)",item_4,1,True,"deliver_item(?item=item_4,?kitting_table=kitting_table_0)","deliver_item(?item=item_4,?kitting_table=kitting_table_0)",40.0,,0.0,,0.0,,0.0,,0.0,True,True,True,False,False,False,False,False,False,"deliver_item(?item=item_4,?kitting_table=kitting_table_0)",34.22136938200966,none:hold_position_violated,,,none:no_feasible_start,,,,,,,,False
s30_off,env_layout3,121,task_committed,counterfactual,False,"deliver_item(?item=item_4,?kitting_table=kitting_table_0)","deliver_item(?item=item_7,?kitting_table=kitting_table_0)",False,False,False,0.3323333333333333,68.410944843684,"deliver_item(?item=item_4,?kitting_table=kitting_table_0)",item_4,1,True,"deliver_item(?item=item_4,?kitting_table=kitting_table_0)","deliver_item(?item=item_4,?kitting_table=kitting_table_0)",50.0,,0.0,,0.0,,0.0,,0.0,True,True,True,False,False,False,False,False,False,"deliver_item(?item=item_4,?kitting_table=kitting_table_0)",34.22136938200966,none:hold_position_violated,,,none:no_feasible_start,,,,,,,,False
s30_off,env_layout3,121,task_committed,counterfactual,False,"deliver_item(?item=item_4,?kitting_table=kitting_table_0)","deliver_item(?item=item_7,?kitting_table=kitting_table_0)",False,False,False,0.3323333333333333,68.410944843684,"deliver_item(?item=item_4,?kitting_table=kitting_table_0)",item_4,1,True,"deliver_item(?item=item_4,?kitting_table=kitting_table_0)","deliver_item(?item=item_4,?kitting_table=kitting_table_0)",75.0,,0.0,,0.0,,0.0,,0.0,True,True,True,False,False,False,False,False,False,"deliver_item(?item=item_4,?kitting_table=kitting_table_0)",34.22136938200966,none:hold_position_violated,,,none:no_feasible_start,,,,,,,,False
s30_off,env_layout3,121,task_committed,counterfactual,False,"deliver_item(?item=item_4,?kitting_table=kitting_table_0)","deliver_item(?item=item_7,?kitting_table=kitting_table_0)",False,False,False,0.3323333333333333,68.410944843684,"deliver_item(?item=item_4,?kitting_table=kitting_table_0)",item_4,1,True,"deliver_item(?item=item_4,?kitting_table=kitting_table_0)","deliver_item(?item=item_4,?kitting_table=kitting_table_0)",100.0,,0.0,,0.0,,0.0,,0.0,True,True,True,False,False,False,False,False,False,"deliver_item(?item=item_4,?kitting_table=kitting_table_0)",34.22136938200966,none:hold_position_violated,,,none:no_feasible_start,,,,,,,,False
s30_off,env_layout3,121,task_committed,counterfactual,False,"deliver_item(?item=item_4,?kitting_table=kitting_table_0)","deliver_item(?item=item_7,?kitting_table=kitting_table_0)",False,False,False,0.3323333333333333,68.410944843684,"deliver_item(?item=item_4,?kitting_table=kitting_table_0)",item_4,1,True,"deliver_item(?item=item_4,?kitting_table=kitting_table_0)","deliver_item(?item=item_4,?kitting_table=kitting_table_0)",150.0,,0.0,,0.0,,0.0,,0.0,True,True,True,False,False,False,False,False,False,"deliver_item(?item=item_4,?kitting_table=kitting_table_0)",34.22136938200966,none:hold_position_violated,,,none:no_feasible_start,,,,,,,,False
s30_off,env_layout3,121,task_committed,counterfactual,False,"deliver_item(?item=item_4,?kitting_table=kitting_table_0)","deliver_item(?item=item_7,?kitting_table=kitting_table_0)",False,False,False,0.3323333333333333,68.410944843684,"deliver_item(?item=item_4,?kitting_table=kitting_table_0)",item_4,1,True,"deliver_item(?item=item_4,?kitting_table=kitting_table_0)","deliver_item(?item=item_4,?kitting_table=kitting_table_0)",200.0,,0.0,,0.0,,0.0,,0.0,True,True,True,False,False,False,False,False,False,"deliver_item(?item=item_4,?kitting_table=kitting_table_0)",34.22136938200966,none:hold_position_violated,,,none:no_feasible_start,,,,,,,,False
s30_off,env_layout3,121,task_committed,counterfactual,False,"deliver_item(?item=item_4,?kitting_table=kitting_table_0)","deliver_item(?item=item_7,?kitting_table=kitting_table_0)",False,False,False,0.3323333333333333,68.410944843684,"deliver_item(?item=item_4,?kitting_table=kitting_table_0)",item_4,1,True,"deliver_item(?item=item_4,?kitting_table=kitting_table_0)","deliver_item(?item=item_4,?kitting_table=kitting_table_0)",300.0,,0.0,,0.0,,0.0,,0.0,True,True,True,False,False,False,False,False,False,"deliver_item(?item=item_4,?kitting_table=kitting_table_0)",34.22136938200966,none:hold_position_violated,,,none:no_feasible_start,,,,,,,,False
s30_off,env_layout3,121,task_committed,counterfactual,False,"deliver_item(?item=item_4,?kitting_table=kitting_table_0)","deliver_item(?item=item_7,?kitting_table=kitting_table_0)",False,False,False,0.3323333333333333,68.410944843684,"deliver_item(?item=item_4,?kitting_table=kitting_table_0)",item_4,1,True,"deliver_item(?item=item_4,?kitting_table=kitting_table_0)","deliver_item(?item=item_4,?kitting_table=kitting_table_0)",400.0,,0.0,,0.0,,0.0,,0.0,True,True,True,False,False,False,False,False,False,"deliver_item(?item=item_4,?kitting_table=kitting_table_0)",34.22136938200966,none:hold_position_violated,,,none:no_feasible_start,,,,,,,,False
s30_off,env_layout3,121,task_committed,counterfactual,False,"deliver_item(?item=item_4,?kitting_table=kitting_table_0)","deliver_item(?item=item_7,?kitting_table=kitting_table_0)",False,False,False,0.3323333333333333,68.410944843684,"deliver_item(?item=item_4,?kitting_table=kitting_table_0)",item_4,1,True,"deliver_item(?item=item_4,?kitting_table=kitting_table_0)","deliver_item(?item=item_4,?kitting_table=kitting_table_0)",600.0,,0.0,,0.0,,0.0,,0.0,True,True,True,False,False,False,False,False,False,"deliver_item(?item=item_4,?kitting_table=kitting_table_0)",34.22136938200966,none:hold_position_violated,,,none:no_feasible_start,,,,,,,,False
s30_on,env_layout3,0,no_current_task,counterfactual,False,"deliver_item(?item=item_3,?kitting_table=kitting_table_0)","deliver_item(?item=item_3,?kitting_table=kitting_table_0)",True,False,False,0.48080699444377545,74.05492465137188,,,2,False,"deliver_item(?item=item_4,?kitting_table=kitting_table_0)","deliver_item(?item=item_4,?kitting_table=kitting_table_0)",5.0,"deliver_item(?item=item_2,?kitting_table=kitting_table_0)",1.0,"deliver_item(?item=item_4,?kitting_table=kitting_table_0)",2.0,"deliver_item(?item=item_4,?kitting_table=kitting_table_0)",2.0,"deliver_item(?item=item_4,?kitting_table=kitting_table_0)",2.0,False,False,False,False,True,True,False,False,False,,,,,,,,,,,,,,
s30_on,env_layout3,0,no_current_task,counterfactual,False,"deliver_item(?item=item_3,?kitting_table=kitting_table_0)","deliver_item(?item=item_3,?kitting_table=kitting_table_0)",True,False,False,0.48080699444377545,74.05492465137188,,,2,False,"deliver_item(?item=item_4,?kitting_table=kitting_table_0)","deliver_item(?item=item_4,?kitting_table=kitting_table_0)",10.0,"deliver_item(?item=item_2,?kitting_table=kitting_table_0)",1.0,"deliver_item(?item=item_4,?kitting_table=kitting_table_0)",2.0,"deliver_item(?item=item_4,?kitting_table=kitting_table_0)",2.0,"deliver_item(?item=item_4,?kitting_table=kitting_table_0)",2.0,False,False,False,False,True,True,False,False,False,,,,,,,,,,,,,,
s30_on,env_layout3,0,no_current_task,counterfactual,False,"deliver_item(?item=item_3,?kitting_table=kitting_table_0)","deliver_item(?item=item_3,?kitting_table=kitting_table_0)",True,False,False,0.48080699444377545,74.05492465137188,,,2,False,"deliver_item(?item=item_4,?kitting_table=kitting_table_0)","deliver_item(?item=item_4,?kitting_table=kitting_table_0)",20.0,"deliver_item(?item=item_2,?kitting_table=kitting_table_0)",2.0,"deliver_item(?item=item_4,?kitting_table=kitting_table_0)",2.0,"deliver_item(?item=item_4,?kitting_table=kitting_table_0)",2.0,"deliver_item(?item=item_2,?kitting_table=kitting_table_0)",2.0,False,False,False,False,True,True,False,False,True,,,,,,,,,,,,,,
s30_on,env_layout3,0,no_current_task,counterfactual,False,"deliver_item(?item=item_3,?kitting_table=kitting_table_0)","deliver_item(?item=item_3,?kitting_table=kitting_table_0)",True,False,False,0.48080699444377545,74.05492465137188,,,2,False,"deliver_item(?item=item_4,?kitting_table=kitting_table_0)","deliver_item(?item=item_4,?kitting_table=kitting_table_0)",30.0,"deliver_item(?item=item_2,?kitting_table=kitting_table_0)",2.0,"deliver_item(?item=item_4,?kitting_table=kitting_table_0)",2.0,"deliver_item(?item=item_4,?kitting_table=kitting_table_0)",2.0,"deliver_item(?item=item_2,?kitting_table=kitting_table_0)",2.0,False,False,False,False,True,True,False,False,True,,,,,,,,,,,,,,
s30_on,env_layout3,0,no_current_task,counterfactual,False,"deliver_item(?item=item_3,?kitting_table=kitting_table_0)","deliver_item(?item=item_3,?kitting_table=kitting_table_0)",True,False,False,0.48080699444377545,74.05492465137188,,,2,False,"deliver_item(?item=item_4,?kitting_table=kitting_table_0)","deliver_item(?item=item_4,?kitting_table=kitting_table_0)",40.0,"deliver_item(?item=item_2,?kitting_table=kitting_table_0)",2.0,"deliver_item(?item=item_4,?kitting_table=kitting_table_0)",2.0,"deliver_item(?item=item_4,?kitting_table=kitting_table_0)",2.0,"deliver_item(?item=item_2,?kitting_table=kitting_table_0)",2.0,False,False,False,False,True,True,False,False,True,,,,,,,,,,,,,,
s30_on,env_layout3,0,no_current_task,counterfactual,False,"deliver_item(?item=item_3,?kitting_table=kitting_table_0)","deliver_item(?item=item_3,?kitting_table=kitting_table_0)",True,False,False,0.48080699444377545,74.05492465137188,,,2,False,"deliver_item(?item=item_4,?kitting_table=kitting_table_0)","deliver_item(?item=item_4,?kitting_table=kitting_table_0)",50.0,"deliver_item(?item=item_2,?kitting_table=kitting_table_0)",2.0,"deliver_item(?item=item_4,?kitting_table=kitting_table_0)",2.0,"deliver_item(?item=item_4,?kitting_table=kitting_table_0)",2.0,"deliver_item(?item=item_2,?kitting_table=kitting_table_0)",2.0,False,False,False,False,True,True,False,False,True,,,,,,,,,,,,,,
s30_on,env_layout3,0,no_current_task,counterfactual,False,"deliver_item(?item=item_3,?kitting_table=kitting_table_0)","deliver_item(?item=item_3,?kitting_table=kitting_table_0)",True,False,False,0.48080699444377545,74.05492465137188,,,2,False,"deliver_item(?item=item_4,?kitting_table=kitting_table_0)","deliver_item(?item=item_4,?kitting_table=kitting_table_0)",75.0,"deliver_item(?item=item_4,?kitting_table=kitting_table_0)",2.0,"deliver_item(?item=item_4,?kitting_table=kitting_table_0)",2.0,"deliver_item(?item=item_4,?kitting_table=kitting_table_0)",2.0,"deliver_item(?item=item_4,?kitting_table=kitting_table_0)",2.0,False,False,False,False,False,False,False,False,False,,,,,,,,,,,,,,
s30_on,env_layout3,0,no_current_task,counterfactual,False,"deliver_item(?item=item_3,?kitting_table=kitting_table_0)","deliver_item(?item=item_3,?kitting_table=kitting_table_0)",True,False,False,0.48080699444377545,74.05492465137188,,,2,False,"deliver_item(?item=item_4,?kitting_table=kitting_table_0)","deliver_item(?item=item_4,?kitting_table=kitting_table_0)",100.0,"deliver_item(?item=item_4,?kitting_table=kitting_table_0)",2.0,"deliver_item(?item=item_4,?kitting_table=kitting_table_0)",2.0,"deliver_item(?item=item_4,?kitting_table=kitting_table_0)",2.0,"deliver_item(?item=item_4,?kitting_table=kitting_table_0)",2.0,False,False,False,False,False,False,False,False,False,,,,,,,,,,,,,,
s30_on,env_layout3,0,no_current_task,counterfactual,False,"deliver_item(?item=item_3,?kitting_table=kitting_table_0)","deliver_item(?item=item_3,?kitting_table=kitting_table_0)",True,False,False,0.48080699444377545,74.05492465137188,,,2,False,"deliver_item(?item=item_4,?kitting_table=kitting_table_0)","deliver_item(?item=item_4,?kitting_table=kitting_table_0)",150.0,"deliver_item(?item=item_2,?kitting_table=kitting_table_0)",2.0,"deliver_item(?item=item_4,?kitting_table=kitting_table_0)",2.0,"deliver_item(?item=item_4,?kitting_table=kitting_table_0)",2.0,"deliver_item(?item=item_2,?kitting_table=kitting_table_0)",2.0,False,False,False,False,True,True,False,False,True,,,,,,,,,,,,,,
s30_on,env_layout3,0,no_current_task,counterfactual,False,"deliver_item(?item=item_3,?kitting_table=kitting_table_0)","deliver_item(?item=item_3,?kitting_table=kitting_table_0)",True,False,False,0.48080699444377545,74.05492465137188,,,2,False,"deliver_item(?item=item_4,?kitting_table=kitting_table_0)","deliver_item(?item=item_4,?kitting_table=kitting_table_0)",200.0,"deliver_item(?item=item_4,?kitting_table=kitting_table_0)",2.0,"deliver_item(?item=item_4,?kitting_table=kitting_table_0)",2.0,"deliver_item(?item=item_4,?kitting_table=kitting_table_0)",2.0,"deliver_item(?item=item_4,?kitting_table=kitting_table_0)",2.0,False,False,False,False,False,False,False,False,False,,,,,,,,,,,,,,
s30_on,env_layout3,0,no_current_task,counterfactual,False,"deliver_item(?item=item_3,?kitting_table=kitting_table_0)","deliver_item(?item=item_3,?kitting_table=kitting_table_0)",True,False,False,0.48080699444377545,74.05492465137188,,,2,False,"deliver_item(?item=item_4,?kitting_table=kitting_table_0)","deliver_item(?item=item_4,?kitting_table=kitting_table_0)",300.0,,0.0,"deliver_item(?item=item_2,?kitting_table=kitting_table_0)",1.0,"deliver_item(?item=item_2,?kitting_table=kitting_table_0)",1.0,,0.0,True,False,False,False,False,False,True,True,False,,,,,,,,,,,,,,
s30_on,env_layout3,0,no_current_task,counterfactual,False,"deliver_item(?item=item_3,?kitting_table=kitting_table_0)","deliver_item(?item=item_3,?kitting_table=kitting_table_0)",True,False,False,0.48080699444377545,74.05492465137188,,,2,False,"deliver_item(?item=item_4,?kitting_table=kitting_table_0)","deliver_item(?item=item_4,?kitting_table=kitting_table_0)",400.0,,0.0,,0.0,,0.0,,0.0,True,True,True,False,False,False,False,False,False,,,,,,,,,,,,,,
s30_on,env_layout3,0,no_current_task,counterfactual,False,"deliver_item(?item=item_3,?kitting_table=kitting_table_0)","deliver_item(?item=item_3,?kitting_table=kitting_table_0)",True,False,False,0.48080699444377545,74.05492465137188,,,2,False,"deliver_item(?item=item_4,?kitting_table=kitting_table_0)","deliver_item(?item=item_4,?kitting_table=kitting_table_0)",600.0,,0.0,,0.0,,0.0,,0.0,True,True,True,False,False,False,False,False,False,,,,,,,,,,,,,,
s30_on,env_layout3,21,theta_crossed,primary,True,"deliver_item(?item=item_3,?kitting_table=kitting_table_0)","deliver_item(?item=item_3,?kitting_table=kitting_table_0)",True,False,False,0.7609593362683036,53.05492465137188,"deliver_item(?item=item_4,?kitting_table=kitting_table_0)",,2,True,"deliver_item(?item=item_2,?kitting_table=kitting_table_0)","deliver_item(?item=item_4,?kitting_table=kitting_table_0)",5.0,"deliver_item(?item=item_2,?kitting_table=kitting_table_0)",1.0,"deliver_item(?item=item_4,?kitting_table=kitting_table_0)",2.0,"deliver_item(?item=item_4,?kitting_table=kitting_table_0)",2.0,"deliver_item(?item=item_4,?kitting_table=kitting_table_0)",2.0,False,False,False,True,False,True,False,False,False,"deliver_item(?item=item_4,?kitting_table=kitting_table_0)",54.05492465137188,none:beyond_horizon,,0.2500000000000391,realized,,,"deliver_item(?item=item_2,?kitting_table=kitting_table_0)",65.7922721745083,0.0,,,False
s30_on,env_layout3,21,theta_crossed,primary,True,"deliver_item(?item=item_3,?kitting_table=kitting_table_0)","deliver_item(?item=item_3,?kitting_table=kitting_table_0)",True,False,False,0.7609593362683036,53.05492465137188,"deliver_item(?item=item_4,?kitting_table=kitting_table_0)",,2,True,"deliver_item(?item=item_2,?kitting_table=kitting_table_0)","deliver_item(?item=item_4,?kitting_table=kitting_table_0)",10.0,"deliver_item(?item=item_2,?kitting_table=kitting_table_0)",1.0,"deliver_item(?item=item_4,?kitting_table=kitting_table_0)",2.0,"deliver_item(?item=item_4,?kitting_table=kitting_table_0)",2.0,"deliver_item(?item=item_4,?kitting_table=kitting_table_0)",2.0,False,False,False,True,False,True,False,False,False,"deliver_item(?item=item_4,?kitting_table=kitting_table_0)",54.05492465137188,none:beyond_horizon,,0.5000000000000782,realized,,,"deliver_item(?item=item_2,?kitting_table=kitting_table_0)",65.7922721745083,0.0,,,False
s30_on,env_layout3,21,theta_crossed,primary,True,"deliver_item(?item=item_3,?kitting_table=kitting_table_0)","deliver_item(?item=item_3,?kitting_table=kitting_table_0)",True,False,False,0.7609593362683036,53.05492465137188,"deliver_item(?item=item_4,?kitting_table=kitting_table_0)",,2,True,"deliver_item(?item=item_2,?kitting_table=kitting_table_0)","deliver_item(?item=item_4,?kitting_table=kitting_table_0)",20.0,"deliver_item(?item=item_4,?kitting_table=kitting_table_0)",2.0,"deliver_item(?item=item_4,?kitting_table=kitting_table_0)",2.0,"deliver_item(?item=item_4,?kitting_table=kitting_table_0)",2.0,"deliver_item(?item=item_4,?kitting_table=kitting_table_0)",2.0,False,False,False,True,True,False,False,False,False,"deliver_item(?item=item_4,?kitting_table=kitting_table_0)",54.05492465137188,realized,2.4307490277199633,1.000000000000108,realized,0.044968132753807705,0.045815709732745985,"deliver_item(?item=item_2,?kitting_table=kitting_table_0)",65.7922721745083,0.0,56.48567367909184,9.30659849541646,True
s30_on,env_layout3,21,theta_crossed,primary,True,"deliver_item(?item=item_3,?kitting_table=kitting_table_0)","deliver_item(?item=item_3,?kitting_table=kitting_table_0)",True,False,False,0.7609593362683036,53.05492465137188,"deliver_item(?item=item_4,?kitting_table=kitting_table_0)",,2,True,"deliver_item(?item=item_2,?kitting_table=kitting_table_0)","deliver_item(?item=item_4,?kitting_table=kitting_table_0)",30.0,"deliver_item(?item=item_4,?kitting_table=kitting_table_0)",2.0,"deliver_item(?item=item_4,?kitting_table=kitting_table_0)",2.0,"deliver_item(?item=item_4,?kitting_table=kitting_table_0)",2.0,"deliver_item(?item=item_4,?kitting_table=kitting_table_0)",2.0,False,False,False,True,True,False,False,False,False,"deliver_item(?item=item_4,?kitting_table=kitting_table_0)",54.05492465137188,realized,2.936979617594868,1.5000000000000844,realized,0.05433324783147819,0.05535734216746126,"deliver_item(?item=item_2,?kitting_table=kitting_table_0)",68.00027953794303,2.2080073634347372,56.99190426896674,11.008375268976287,True
s30_on,env_layout3,21,theta_crossed,primary,True,"deliver_item(?item=item_3,?kitting_table=kitting_table_0)","deliver_item(?item=item_3,?kitting_table=kitting_table_0)",True,False,False,0.7609593362683036,53.05492465137188,"deliver_item(?item=item_4,?kitting_table=kitting_table_0)",,2,True,"deliver_item(?item=item_2,?kitting_table=kitting_table_0)","deliver_item(?item=item_4,?kitting_table=kitting_table_0)",40.0,"deliver_item(?item=item_4,?kitting_table=kitting_table_0)",2.0,"deliver_item(?item=item_4,?kitting_table=kitting_table_0)",2.0,"deliver_item(?item=item_4,?kitting_table=kitting_table_0)",2.0,"deliver_item(?item=item_4,?kitting_table=kitting_table_0)",2.0,False,False,False,True,True,False,False,False,False,"deliver_item(?item=item_4,?kitting_table=kitting_table_0)",54.05492465137188,realized,3.3729695379055586,2.0000000000000613,realized,0.062398931450919244,0.06357505095087043,"deliver_item(?item=item_2,?kitting_table=kitting_table_0)",68.44448162630576,2.652209451797465,57.42789418927744,11.01658743702832,True
s30_on,env_layout3,21,theta_crossed,primary,True,"deliver_item(?item=item_3,?kitting_table=kitting_table_0)","deliver_item(?item=item_3,?kitting_table=kitting_table_0)",True,False,False,0.7609593362683036,53.05492465137188,"deliver_item(?item=item_4,?kitting_table=kitting_table_0)",,2,True,"deliver_item(?item=item_2,?kitting_table=kitting_table_0)","deliver_item(?item=item_4,?kitting_table=kitting_table_0)",50.0,,0.0,,0.0,,0.0,,0.0,True,True,True,True,False,False,False,False,False,"deliver_item(?item=item_4,?kitting_table=kitting_table_0)",54.05492465137188,none:hold_position_violated,,,none:no_feasible_start,,,,,,,,False
s30_on,env_layout3,21,theta_crossed,primary,True,"deliver_item(?item=item_3,?kitting_table=kitting_table_0)","deliver_item(?item=item_3,?kitting_table=kitting_table_0)",True,False,False,0.7609593362683036,53.05492465137188,"deliver_item(?item=item_4,?kitting_table=kitting_table_0)",,2,True,"deliver_item(?item=item_2,?kitting_table=kitting_table_0)","deliver_item(?item=item_4,?kitting_table=kitting_table_0)",75.0,,0.0,,0.0,,0.0,,0.0,True,True,True,True,False,False,False,False,False,"deliver_item(?item=item_4,?kitting_table=kitting_table_0)",54.05492465137188,none:hold_position_violated,,,none:no_feasible_start,,,,,,,,False
s30_on,env_layout3,21,theta_crossed,primary,True,"deliver_item(?item=item_3,?kitting_table=kitting_table_0)","deliver_item(?item=item_3,?kitting_table=kitting_table_0)",True,False,False,0.7609593362683036,53.05492465137188,"deliver_item(?item=item_4,?kitting_table=kitting_table_0)",,2,True,"deliver_item(?item=item_2,?kitting_table=kitting_table_0)","deliver_item(?item=item_4,?kitting_table=kitting_table_0)",100.0,,0.0,,0.0,,0.0,,0.0,True,True,True,True,False,False,False,False,False,"deliver_item(?item=item_4,?kitting_table=kitting_table_0)",54.05492465137188,none:hold_position_violated,,,none:no_feasible_start,,,,,,,,False
s30_on,env_layout3,21,theta_crossed,primary,True,"deliver_item(?item=item_3,?kitting_table=kitting_table_0)","deliver_item(?item=item_3,?kitting_table=kitting_table_0)",True,False,False,0.7609593362683036,53.05492465137188,"deliver_item(?item=item_4,?kitting_table=kitting_table_0)",,2,True,"deliver_item(?item=item_2,?kitting_table=kitting_table_0)","deliver_item(?item=item_4,?kitting_table=kitting_table_0)",150.0,,0.0,,0.0,,0.0,,0.0,True,True,True,True,False,False,False,False,False,"deliver_item(?item=item_4,?kitting_table=kitting_table_0)",54.05492465137188,none:hold_position_violated,,,none:no_feasible_start,,,,,,,,False
s30_on,env_layout3,21,theta_crossed,primary,True,"deliver_item(?item=item_3,?kitting_table=kitting_table_0)","deliver_item(?item=item_3,?kitting_table=kitting_table_0)",True,False,False,0.7609593362683036,53.05492465137188,"deliver_item(?item=item_4,?kitting_table=kitting_table_0)",,2,True,"deliver_item(?item=item_2,?kitting_table=kitting_table_0)","deliver_item(?item=item_4,?kitting_table=kitting_table_0)",200.0,,0.0,,0.0,,0.0,,0.0,True,True,True,True,False,False,False,False,False,"deliver_item(?item=item_4,?kitting_table=kitting_table_0)",54.05492465137188,none:hold_position_violated,,,none:no_feasible_start,,,,,,,,False
s30_on,env_layout3,21,theta_crossed,primary,True,"deliver_item(?item=item_3,?kitting_table=kitting_table_0)","deliver_item(?item=item_3,?kitting_table=kitting_table_0)",True,False,False,0.7609593362683036,53.05492465137188,"deliver_item(?item=item_4,?kitting_table=kitting_table_0)",,2,True,"deliver_item(?item=item_2,?kitting_table=kitting_table_0)","deliver_item(?item=item_4,?kitting_table=kitting_table_0)",300.0,,0.0,,0.0,,0.0,,0.0,True,True,True,True,False,False,False,False,False,"deliver_item(?item=item_4,?kitting_table=kitting_table_0)",54.05492465137188,none:hold_position_violated,,,none:no_feasible_start,,,,,,,,False
s30_on,env_layout3,21,theta_crossed,primary,True,"deliver_item(?item=item_3,?kitting_table=kitting_table_0)","deliver_item(?item=item_3,?kitting_table=kitting_table_0)",True,False,False,0.7609593362683036,53.05492465137188,"deliver_item(?item=item_4,?kitting_table=kitting_table_0)",,2,True,"deliver_item(?item=item_2,?kitting_table=kitting_table_0)","deliver_item(?item=item_4,?kitting_table=kitting_table_0)",400.0,,0.0,,0.0,,0.0,,0.0,True,True,True,True,False,False,False,False,False,"deliver_item(?item=item_4,?kitting_table=kitting_table_0)",54.05492465137188,none:hold_position_violated,,,none:no_feasible_start,,,,,,,,False
s30_on,env_layout3,21,theta_crossed,primary,True,"deliver_item(?item=item_3,?kitting_table=kitting_table_0)","deliver_item(?item=item_3,?kitting_table=kitting_table_0)",True,False,False,0.7609593362683036,53.05492465137188,"deliver_item(?item=item_4,?kitting_table=kitting_table_0)",,2,True,"deliver_item(?item=item_2,?kitting_table=kitting_table_0)","deliver_item(?item=item_4,?kitting_table=kitting_table_0)",600.0,,0.0,,0.0,,0.0,,0.0,True,True,True,True,False,False,False,False,False,"deliver_item(?item=item_4,?kitting_table=kitting_table_0)",54.05492465137188,none:hold_position_violated,,,none:no_feasible_start,,,,,,,,False
s30_on,env_layout3,48,task_committed,primary,True,"deliver_item(?item=item_3,?kitting_table=kitting_table_0)","deliver_item(?item=item_3,?kitting_table=kitting_table_0)",True,False,False,0.9950066342838348,26.036371282360808,"deliver_item(?item=item_2,?kitting_table=kitting_table_0)",item_2,2,True,"deliver_item(?item=item_2,?kitting_table=kitting_table_0)","deliver_item(?item=item_2,?kitting_table=kitting_table_0)",5.0,"deliver_item(?item=item_2,?kitting_table=kitting_table_0)",2.0,"deliver_item(?item=item_2,?kitting_table=kitting_table_0)",2.0,"deliver_item(?item=item_2,?kitting_table=kitting_table_0)",2.0,"deliver_item(?item=item_2,?kitting_table=kitting_table_0)",2.0,False,False,False,False,False,False,False,False,False,"deliver_item(?item=item_2,?kitting_table=kitting_table_0)",38.592578740975,realized,0.0,0.0,realized,0.0,0.0,"deliver_item(?item=item_4,?kitting_table=kitting_table_0)",47.63510464016254,0.0,38.592578740975,9.042525899187538,True
s30_on,env_layout3,48,task_committed,primary,True,"deliver_item(?item=item_3,?kitting_table=kitting_table_0)","deliver_item(?item=item_3,?kitting_table=kitting_table_0)",True,False,False,0.9950066342838348,26.036371282360808,"deliver_item(?item=item_2,?kitting_table=kitting_table_0)",item_2,2,True,"deliver_item(?item=item_2,?kitting_table=kitting_table_0)","deliver_item(?item=item_2,?kitting_table=kitting_table_0)",10.0,"deliver_item(?item=item_2,?kitting_table=kitting_table_0)",2.0,"deliver_item(?item=item_2,?kitting_table=kitting_table_0)",2.0,"deliver_item(?item=item_2,?kitting_table=kitting_table_0)",2.0,"deliver_item(?item=item_2,?kitting_table=kitting_table_0)",2.0,False,False,False,False,False,False,False,False,False,"deliver_item(?item=item_2,?kitting_table=kitting_table_0)",38.592578740975,realized,0.0,0.0,realized,0.0,0.0,"deliver_item(?item=item_4,?kitting_table=kitting_table_0)",47.63510464016254,0.0,38.592578740975,9.042525899187538,True
s30_on,env_layout3,48,task_committed,primary,True,"deliver_item(?item=item_3,?kitting_table=kitting_table_0)","deliver_item(?item=item_3,?kitting_table=kitting_table_0)",True,False,False,0.9950066342838348,26.036371282360808,"deliver_item(?item=item_2,?kitting_table=kitting_table_0)",item_2,2,True,"deliver_item(?item=item_2,?kitting_table=kitting_table_0)","deliver_item(?item=item_2,?kitting_table=kitting_table_0)",20.0,"deliver_item(?item=item_2,?kitting_table=kitting_table_0)",2.0,"deliver_item(?item=item_2,?kitting_table=kitting_table_0)",2.0,"deliver_item(?item=item_2,?kitting_table=kitting_table_0)",2.0,"deliver_item(?item=item_2,?kitting_table=kitting_table_0)",2.0,False,False,False,False,False,False,False,False,False,"deliver_item(?item=item_2,?kitting_table=kitting_table_0)",38.592578740975,realized,0.0,0.0,realized,0.0,0.0,"deliver_item(?item=item_4,?kitting_table=kitting_table_0)",47.63510464016254,0.0,38.592578740975,9.042525899187538,True
s30_on,env_layout3,48,task_committed,primary,True,"deliver_item(?item=item_3,?kitting_table=kitting_table_0)","deliver_item(?item=item_3,?kitting_table=kitting_table_0)",True,False,False,0.9950066342838348,26.036371282360808,"deliver_item(?item=item_2,?kitting_table=kitting_table_0)",item_2,2,True,"deliver_item(?item=item_2,?kitting_table=kitting_table_0)","deliver_item(?item=item_2,?kitting_table=kitting_table_0)",30.0,"deliver_item(?item=item_2,?kitting_table=kitting_table_0)",2.0,"deliver_item(?item=item_2,?kitting_table=kitting_table_0)",2.0,"deliver_item(?item=item_2,?kitting_table=kitting_table_0)",2.0,"deliver_item(?item=item_2,?kitting_table=kitting_table_0)",2.0,False,False,False,False,False,False,False,False,False,"deliver_item(?item=item_2,?kitting_table=kitting_table_0)",38.592578740975,realized,0.0,0.0,realized,0.0,0.0,"deliver_item(?item=item_4,?kitting_table=kitting_table_0)",47.63510464016254,0.0,38.592578740975,9.042525899187538,True
s30_on,env_layout3,48,task_committed,primary,True,"deliver_item(?item=item_3,?kitting_table=kitting_table_0)","deliver_item(?item=item_3,?kitting_table=kitting_table_0)",True,False,False,0.9950066342838348,26.036371282360808,"deliver_item(?item=item_2,?kitting_table=kitting_table_0)",item_2,2,True,"deliver_item(?item=item_2,?kitting_table=kitting_table_0)","deliver_item(?item=item_2,?kitting_table=kitting_table_0)",40.0,"deliver_item(?item=item_2,?kitting_table=kitting_table_0)",2.0,"deliver_item(?item=item_2,?kitting_table=kitting_table_0)",2.0,"deliver_item(?item=item_2,?kitting_table=kitting_table_0)",2.0,"deliver_item(?item=item_2,?kitting_table=kitting_table_0)",2.0,False,False,False,False,False,False,False,False,False,"deliver_item(?item=item_2,?kitting_table=kitting_table_0)",38.592578740975,realized,0.0,0.0,realized,0.0,0.0,"deliver_item(?item=item_4,?kitting_table=kitting_table_0)",47.63510464016254,0.0,38.592578740975,9.042525899187538,True
s30_on,env_layout3,48,task_committed,primary,True,"deliver_item(?item=item_3,?kitting_table=kitting_table_0)","deliver_item(?item=item_3,?kitting_table=kitting_table_0)",True,False,False,0.9950066342838348,26.036371282360808,"deliver_item(?item=item_2,?kitting_table=kitting_table_0)",item_2,2,True,"deliver_item(?item=item_2,?kitting_table=kitting_table_0)","deliver_item(?item=item_2,?kitting_table=kitting_table_0)",50.0,"deliver_item(?item=item_2,?kitting_table=kitting_table_0)",2.0,"deliver_item(?item=item_2,?kitting_table=kitting_table_0)",2.0,"deliver_item(?item=item_2,?kitting_table=kitting_table_0)",2.0,"deliver_item(?item=item_2,?kitting_table=kitting_table_0)",2.0,False,False,False,False,False,False,False,False,False,"deliver_item(?item=item_2,?kitting_table=kitting_table_0)",38.592578740975,realized,0.0,0.0,realized,0.0,0.0,"deliver_item(?item=item_4,?kitting_table=kitting_table_0)",47.63510464016254,0.0,38.592578740975,9.042525899187538,True
s30_on,env_layout3,48,task_committed,primary,True,"deliver_item(?item=item_3,?kitting_table=kitting_table_0)","deliver_item(?item=item_3,?kitting_table=kitting_table_0)",True,False,False,0.9950066342838348,26.036371282360808,"deliver_item(?item=item_2,?kitting_table=kitting_table_0)",item_2,2,True,"deliver_item(?item=item_2,?kitting_table=kitting_table_0)","deliver_item(?item=item_2,?kitting_table=kitting_table_0)",75.0,"deliver_item(?item=item_2,?kitting_table=kitting_table_0)",2.0,"deliver_item(?item=item_2,?kitting_table=kitting_table_0)",2.0,"deliver_item(?item=item_2,?kitting_table=kitting_table_0)",2.0,"deliver_item(?item=item_2,?kitting_table=kitting_table_0)",2.0,False,False,False,False,False,False,False,False,False,"deliver_item(?item=item_2,?kitting_table=kitting_table_0)",38.592578740975,realized,0.0,0.0,realized,0.0,0.0,"deliver_item(?item=item_4,?kitting_table=kitting_table_0)",47.63510464016254,0.0,38.592578740975,9.042525899187538,True
s30_on,env_layout3,48,task_committed,primary,True,"deliver_item(?item=item_3,?kitting_table=kitting_table_0)","deliver_item(?item=item_3,?kitting_table=kitting_table_0)",True,False,False,0.9950066342838348,26.036371282360808,"deliver_item(?item=item_2,?kitting_table=kitting_table_0)",item_2,2,True,"deliver_item(?item=item_2,?kitting_table=kitting_table_0)","deliver_item(?item=item_2,?kitting_table=kitting_table_0)",100.0,"deliver_item(?item=item_2,?kitting_table=kitting_table_0)",2.0,"deliver_item(?item=item_2,?kitting_table=kitting_table_0)",2.0,"deliver_item(?item=item_2,?kitting_table=kitting_table_0)",2.0,"deliver_item(?item=item_2,?kitting_table=kitting_table_0)",2.0,False,False,False,False,False,False,False,False,False,"deliver_item(?item=item_2,?kitting_table=kitting_table_0)",38.592578740975,realized,0.0,0.0,realized,0.0,0.0,"deliver_item(?item=item_4,?kitting_table=kitting_table_0)",47.63510464016254,0.0,38.592578740975,9.042525899187538,True
s30_on,env_layout3,48,task_committed,primary,True,"deliver_item(?item=item_3,?kitting_table=kitting_table_0)","deliver_item(?item=item_3,?kitting_table=kitting_table_0)",True,False,False,0.9950066342838348,26.036371282360808,"deliver_item(?item=item_2,?kitting_table=kitting_table_0)",item_2,2,True,"deliver_item(?item=item_2,?kitting_table=kitting_table_0)","deliver_item(?item=item_2,?kitting_table=kitting_table_0)",150.0,"deliver_item(?item=item_2,?kitting_table=kitting_table_0)",2.0,"deliver_item(?item=item_2,?kitting_table=kitting_table_0)",2.0,"deliver_item(?item=item_2,?kitting_table=kitting_table_0)",2.0,"deliver_item(?item=item_2,?kitting_table=kitting_table_0)",2.0,False,False,False,False,False,False,False,False,False,"deliver_item(?item=item_2,?kitting_table=kitting_table_0)",38.592578740975,realized,0.0,0.0,realized,0.0,0.0,"deliver_item(?item=item_4,?kitting_table=kitting_table_0)",47.63510464016254,0.0,38.592578740975,9.042525899187538,True
s30_on,env_layout3,48,task_committed,primary,True,"deliver_item(?item=item_3,?kitting_table=kitting_table_0)","deliver_item(?item=item_3,?kitting_table=kitting_table_0)",True,False,False,0.9950066342838348,26.036371282360808,"deliver_item(?item=item_2,?kitting_table=kitting_table_0)",item_2,2,True,"deliver_item(?item=item_2,?kitting_table=kitting_table_0)","deliver_item(?item=item_2,?kitting_table=kitting_table_0)",200.0,"deliver_item(?item=item_2,?kitting_table=kitting_table_0)",2.0,"deliver_item(?item=item_2,?kitting_table=kitting_table_0)",2.0,"deliver_item(?item=item_2,?kitting_table=kitting_table_0)",2.0,"deliver_item(?item=item_2,?kitting_table=kitting_table_0)",2.0,False,False,False,False,False,False,False,False,False,"deliver_item(?item=item_2,?kitting_table=kitting_table_0)",38.592578740975,realized,0.0,0.0,realized,0.0,0.0,"deliver_item(?item=item_4,?kitting_table=kitting_table_0)",47.63510464016254,0.0,38.592578740975,9.042525899187538,True
s30_on,env_layout3,48,task_committed,primary,True,"deliver_item(?item=item_3,?kitting_table=kitting_table_0)","deliver_item(?item=item_3,?kitting_table=kitting_table_0)",True,False,False,0.9950066342838348,26.036371282360808,"deliver_item(?item=item_2,?kitting_table=kitting_table_0)",item_2,2,True,"deliver_item(?item=item_2,?kitting_table=kitting_table_0)","deliver_item(?item=item_2,?kitting_table=kitting_table_0)",300.0,"deliver_item(?item=item_4,?kitting_table=kitting_table_0)",1.0,"deliver_item(?item=item_2,?kitting_table=kitting_table_0)",2.0,"deliver_item(?item=item_2,?kitting_table=kitting_table_0)",2.0,"deliver_item(?item=item_2,?kitting_table=kitting_table_0)",2.0,False,False,False,False,True,True,False,False,False,"deliver_item(?item=item_2,?kitting_table=kitting_table_0)",38.592578740975,none:beyond_horizon,,3.45,realized,,,"deliver_item(?item=item_4,?kitting_table=kitting_table_0)",47.63510464016254,0.0,,,False
s30_on,env_layout3,48,task_committed,primary,True,"deliver_item(?item=item_3,?kitting_table=kitting_table_0)","deliver_item(?item=item_3,?kitting_table=kitting_table_0)",True,False,False,0.9950066342838348,26.036371282360808,"deliver_item(?item=item_2,?kitting_table=kitting_table_0)",item_2,2,True,"deliver_item(?item=item_2,?kitting_table=kitting_table_0)","deliver_item(?item=item_2,?kitting_table=kitting_table_0)",400.0,"deliver_item(?item=item_4,?kitting_table=kitting_table_0)",1.0,"deliver_item(?item=item_2,?kitting_table=kitting_table_0)",2.0,"deliver_item(?item=item_2,?kitting_table=kitting_table_0)",2.0,"deliver_item(?item=item_2,?kitting_table=kitting_table_0)",2.0,False,False,False,False,True,True,False,False,False,"deliver_item(?item=item_2,?kitting_table=kitting_table_0)",38.592578740975,none:beyond_horizon,,8.45,realized,,,"deliver_item(?item=item_4,?kitting_table=kitting_table_0)",47.63510464016254,0.0,,,False
s30_on,env_layout3,48,task_committed,primary,True,"deliver_item(?item=item_3,?kitting_table=kitting_table_0)","deliver_item(?item=item_3,?kitting_table=kitting_table_0)",True,False,False,0.9950066342838348,26.036371282360808,"deliver_item(?item=item_2,?kitting_table=kitting_table_0)",item_2,2,True,"deliver_item(?item=item_2,?kitting_table=kitting_table_0)","deliver_item(?item=item_2,?kitting_table=kitting_table_0)",600.0,,0.0,,0.0,,0.0,"deliver_item(?item=item_2,?kitting_table=kitting_table_0)",1.0,True,True,True,False,False,False,False,False,False,"deliver_item(?item=item_2,?kitting_table=kitting_table_0)",38.592578740975,none:beyond_horizon,,,none:no_feasible_start,,,,,,,,False
s30_on,env_layout3,77,theta_crossed,primary,True,"deliver_item(?item=item_7,?kitting_table=kitting_table_0)","deliver_item(?item=item_7,?kitting_table=kitting_table_0)",True,False,False,0.9054545454545454,43.113494665429926,"deliver_item(?item=item_2,?kitting_table=kitting_table_0)",item_2,2,True,"deliver_item(?item=item_2,?kitting_table=kitting_table_0)","deliver_item(?item=item_2,?kitting_table=kitting_table_0)",5.0,"deliver_item(?item=item_2,?kitting_table=kitting_table_0)",2.0,"deliver_item(?item=item_2,?kitting_table=kitting_table_0)",2.0,"deliver_item(?item=item_2,?kitting_table=kitting_table_0)",2.0,"deliver_item(?item=item_2,?kitting_table=kitting_table_0)",2.0,False,False,False,False,False,False,False,False,False,"deliver_item(?item=item_2,?kitting_table=kitting_table_0)",9.592578740974998,realized,0.0,0.0,realized,0.0,0.0,"deliver_item(?item=item_4,?kitting_table=kitting_table_0)",76.57223422299093,0.0,9.592578740974998,66.97965548201593,True
s30_on,env_layout3,77,theta_crossed,primary,True,"deliver_item(?item=item_7,?kitting_table=kitting_table_0)","deliver_item(?item=item_7,?kitting_table=kitting_table_0)",True,False,False,0.9054545454545454,43.113494665429926,"deliver_item(?item=item_2,?kitting_table=kitting_table_0)",item_2,2,True,"deliver_item(?item=item_2,?kitting_table=kitting_table_0)","deliver_item(?item=item_2,?kitting_table=kitting_table_0)",10.0,"deliver_item(?item=item_2,?kitting_table=kitting_table_0)",2.0,"deliver_item(?item=item_2,?kitting_table=kitting_table_0)",2.0,"deliver_item(?item=item_2,?kitting_table=kitting_table_0)",2.0,"deliver_item(?item=item_2,?kitting_table=kitting_table_0)",2.0,False,False,False,False,False,False,False,False,False,"deliver_item(?item=item_2,?kitting_table=kitting_table_0)",9.592578740974998,realized,0.0,0.0,realized,0.0,0.0,"deliver_item(?item=item_4,?kitting_table=kitting_table_0)",76.57223422299093,0.0,9.592578740974998,66.97965548201593,True
s30_on,env_layout3,77,theta_crossed,primary,True,"deliver_item(?item=item_7,?kitting_table=kitting_table_0)","deliver_item(?item=item_7,?kitting_table=kitting_table_0)",True,False,False,0.9054545454545454,43.113494665429926,"deliver_item(?item=item_2,?kitting_table=kitting_table_0)",item_2,2,True,"deliver_item(?item=item_2,?kitting_table=kitting_table_0)","deliver_item(?item=item_2,?kitting_table=kitting_table_0)",20.0,"deliver_item(?item=item_2,?kitting_table=kitting_table_0)",2.0,"deliver_item(?item=item_2,?kitting_table=kitting_table_0)",2.0,"deliver_item(?item=item_2,?kitting_table=kitting_table_0)",2.0,"deliver_item(?item=item_2,?kitting_table=kitting_table_0)",2.0,False,False,False,False,False,False,False,False,False,"deliver_item(?item=item_2,?kitting_table=kitting_table_0)",9.592578740974998,realized,0.0,0.0,realized,0.0,0.0,"deliver_item(?item=item_4,?kitting_table=kitting_table_0)",76.57223422299093,0.0,9.592578740974998,66.97965548201593,True
s30_on,env_layout3,77,theta_crossed,primary,True,"deliver_item(?item=item_7,?kitting_table=kitting_table_0)","deliver_item(?item=item_7,?kitting_table=kitting_table_0)",True,False,False,0.9054545454545454,43.113494665429926,"deliver_item(?item=item_2,?kitting_table=kitting_table_0)",item_2,2,True,"deliver_item(?item=item_2,?kitting_table=kitting_table_0)","deliver_item(?item=item_2,?kitting_table=kitting_table_0)",30.0,"deliver_item(?item=item_2,?kitting_table=kitting_table_0)",2.0,"deliver_item(?item=item_2,?kitting_table=kitting_table_0)",2.0,"deliver_item(?item=item_2,?kitting_table=kitting_table_0)",2.0,"deliver_item(?item=item_2,?kitting_table=kitting_table_0)",2.0,False,False,False,False,False,False,False,False,False,"deliver_item(?item=item_2,?kitting_table=kitting_table_0)",9.592578740974998,realized,0.0,0.0,realized,0.0,0.0,"deliver_item(?item=item_4,?kitting_table=kitting_table_0)",76.57223422299093,0.0,9.592578740974998,66.97965548201593,True
s30_on,env_layout3,77,theta_crossed,primary,True,"deliver_item(?item=item_7,?kitting_table=kitting_table_0)","deliver_item(?item=item_7,?kitting_table=kitting_table_0)",True,False,False,0.9054545454545454,43.113494665429926,"deliver_item(?item=item_2,?kitting_table=kitting_table_0)",item_2,2,True,"deliver_item(?item=item_2,?kitting_table=kitting_table_0)","deliver_item(?item=item_2,?kitting_table=kitting_table_0)",40.0,"deliver_item(?item=item_2,?kitting_table=kitting_table_0)",2.0,"deliver_item(?item=item_2,?kitting_table=kitting_table_0)",2.0,"deliver_item(?item=item_2,?kitting_table=kitting_table_0)",2.0,"deliver_item(?item=item_2,?kitting_table=kitting_table_0)",2.0,False,False,False,False,False,False,False,False,False,"deliver_item(?item=item_2,?kitting_table=kitting_table_0)",9.592578740974998,realized,0.0,0.0,realized,0.0,0.0,"deliver_item(?item=item_4,?kitting_table=kitting_table_0)",76.57223422299093,0.0,9.592578740974998,66.97965548201593,True
s30_on,env_layout3,77,theta_crossed,primary,True,"deliver_item(?item=item_7,?kitting_table=kitting_table_0)","deliver_item(?item=item_7,?kitting_table=kitting_table_0)",True,False,False,0.9054545454545454,43.113494665429926,"deliver_item(?item=item_2,?kitting_table=kitting_table_0)",item_2,2,True,"deliver_item(?item=item_2,?kitting_table=kitting_table_0)","deliver_item(?item=item_2,?kitting_table=kitting_table_0)",50.0,"deliver_item(?item=item_2,?kitting_table=kitting_table_0)",2.0,"deliver_item(?item=item_2,?kitting_table=kitting_table_0)",2.0,"deliver_item(?item=item_2,?kitting_table=kitting_table_0)",2.0,"deliver_item(?item=item_2,?kitting_table=kitting_table_0)",2.0,False,False,False,False,False,False,False,False,False,"deliver_item(?item=item_2,?kitting_table=kitting_table_0)",9.592578740974998,realized,0.0,0.0,realized,0.0,0.0,"deliver_item(?item=item_4,?kitting_table=kitting_table_0)",76.57223422299093,0.0,9.592578740974998,66.97965548201593,True
s30_on,env_layout3,77,theta_crossed,primary,True,"deliver_item(?item=item_7,?kitting_table=kitting_table_0)","deliver_item(?item=item_7,?kitting_table=kitting_table_0)",True,False,False,0.9054545454545454,43.113494665429926,"deliver_item(?item=item_2,?kitting_table=kitting_table_0)",item_2,2,True,"deliver_item(?item=item_2,?kitting_table=kitting_table_0)","deliver_item(?item=item_2,?kitting_table=kitting_table_0)",75.0,"deliver_item(?item=item_2,?kitting_table=kitting_table_0)",2.0,"deliver_item(?item=item_2,?kitting_table=kitting_table_0)",2.0,"deliver_item(?item=item_2,?kitting_table=kitting_table_0)",2.0,"deliver_item(?item=item_2,?kitting_table=kitting_table_0)",2.0,False,False,False,False,False,False,False,False,False,"deliver_item(?item=item_2,?kitting_table=kitting_table_0)",9.592578740974998,realized,0.0,0.0,realized,0.0,0.0,"deliver_item(?item=item_4,?kitting_table=kitting_table_0)",76.57223422299093,0.0,9.592578740974998,66.97965548201593,True
s30_on,env_layout3,77,theta_crossed,primary,True,"deliver_item(?item=item_7,?kitting_table=kitting_table_0)","deliver_item(?item=item_7,?kitting_table=kitting_table_0)",True,False,False,0.9054545454545454,43.113494665429926,"deliver_item(?item=item_2,?kitting_table=kitting_table_0)",item_2,2,True,"deliver_item(?item=item_2,?kitting_table=kitting_table_0)","deliver_item(?item=item_2,?kitting_table=kitting_table_0)",100.0,"deliver_item(?item=item_2,?kitting_table=kitting_table_0)",2.0,"deliver_item(?item=item_2,?kitting_table=kitting_table_0)",2.0,"deliver_item(?item=item_2,?kitting_table=kitting_table_0)",2.0,"deliver_item(?item=item_2,?kitting_table=kitting_table_0)",2.0,False,False,False,False,False,False,False,False,False,"deliver_item(?item=item_2,?kitting_table=kitting_table_0)",9.592578740974998,realized,0.0,0.0,realized,0.0,0.0,"deliver_item(?item=item_4,?kitting_table=kitting_table_0)",76.57223422299093,0.0,9.592578740974998,66.97965548201593,True
s30_on,env_layout3,77,theta_crossed,primary,True,"deliver_item(?item=item_7,?kitting_table=kitting_table_0)","deliver_item(?item=item_7,?kitting_table=kitting_table_0)",True,False,False,0.9054545454545454,43.113494665429926,"deliver_item(?item=item_2,?kitting_table=kitting_table_0)",item_2,2,True,"deliver_item(?item=item_2,?kitting_table=kitting_table_0)","deliver_item(?item=item_2,?kitting_table=kitting_table_0)",150.0,"deliver_item(?item=item_2,?kitting_table=kitting_table_0)",2.0,"deliver_item(?item=item_2,?kitting_table=kitting_table_0)",2.0,"deliver_item(?item=item_2,?kitting_table=kitting_table_0)",2.0,"deliver_item(?item=item_2,?kitting_table=kitting_table_0)",2.0,False,False,False,False,False,False,False,False,False,"deliver_item(?item=item_2,?kitting_table=kitting_table_0)",9.592578740974998,realized,3.7679961184651183,0.09,realized,0.39280325136868627,0.08739713975184767,"deliver_item(?item=item_4,?kitting_table=kitting_table_0)",76.57223422299093,0.0,13.360574859440117,63.21165936355081,True
s30_on,env_layout3,77,theta_crossed,primary,True,"deliver_item(?item=item_7,?kitting_table=kitting_table_0)","deliver_item(?item=item_7,?kitting_table=kitting_table_0)",True,False,False,0.9054545454545454,43.113494665429926,"deliver_item(?item=item_2,?kitting_table=kitting_table_0)",item_2,2,True,"deliver_item(?item=item_2,?kitting_table=kitting_table_0)","deliver_item(?item=item_2,?kitting_table=kitting_table_0)",200.0,,0.0,,0.0,,0.0,,0.0,True,True,True,False,False,False,False,False,False,"deliver_item(?item=item_2,?kitting_table=kitting_table_0)",9.592578740974998,none:hold_position_violated,,,none:no_feasible_start,,,,,,,,False
s30_on,env_layout3,77,theta_crossed,primary,True,"deliver_item(?item=item_7,?kitting_table=kitting_table_0)","deliver_item(?item=item_7,?kitting_table=kitting_table_0)",True,False,False,0.9054545454545454,43.113494665429926,"deliver_item(?item=item_2,?kitting_table=kitting_table_0)",item_2,2,True,"deliver_item(?item=item_2,?kitting_table=kitting_table_0)","deliver_item(?item=item_2,?kitting_table=kitting_table_0)",300.0,,0.0,,0.0,,0.0,,0.0,True,True,True,False,False,False,False,False,False,"deliver_item(?item=item_2,?kitting_table=kitting_table_0)",9.592578740974998,none:hold_position_violated,,,none:no_feasible_start,,,,,,,,False
s30_on,env_layout3,77,theta_crossed,primary,True,"deliver_item(?item=item_7,?kitting_table=kitting_table_0)","deliver_item(?item=item_7,?kitting_table=kitting_table_0)",True,False,False,0.9054545454545454,43.113494665429926,"deliver_item(?item=item_2,?kitting_table=kitting_table_0)",item_2,2,True,"deliver_item(?item=item_2,?kitting_table=kitting_table_0)","deliver_item(?item=item_2,?kitting_table=kitting_table_0)",400.0,,0.0,,0.0,,0.0,,0.0,True,True,True,False,False,False,False,False,False,"deliver_item(?item=item_2,?kitting_table=kitting_table_0)",9.592578740974998,none:hold_position_violated,,,none:no_feasible_start,,,,,,,,False
s30_on,env_layout3,77,theta_crossed,primary,True,"deliver_item(?item=item_7,?kitting_table=kitting_table_0)","deliver_item(?item=item_7,?kitting_table=kitting_table_0)",True,False,False,0.9054545454545454,43.113494665429926,"deliver_item(?item=item_2,?kitting_table=kitting_table_0)",item_2,2,True,"deliver_item(?item=item_2,?kitting_table=kitting_table_0)","deliver_item(?item=item_2,?kitting_table=kitting_table_0)",600.0,,0.0,,0.0,,0.0,,0.0,True,True,True,False,False,False,False,False,False,"deliver_item(?item=item_2,?kitting_table=kitting_table_0)",9.592578740974998,none:hold_position_violated,,,none:no_feasible_start,,,,,,,,False
s30_on,env_layout3,89,no_current_task,primary,True,"deliver_item(?item=item_7,?kitting_table=kitting_table_0)","deliver_item(?item=item_7,?kitting_table=kitting_table_0)",True,False,False,0.9054545454545454,31.11349466542993,,,1,False,"deliver_item(?item=item_4,?kitting_table=kitting_table_0)","deliver_item(?item=item_4,?kitting_table=kitting_table_0)",5.0,"deliver_item(?item=item_4,?kitting_table=kitting_table_0)",1.0,"deliver_item(?item=item_4,?kitting_table=kitting_table_0)",1.0,"deliver_item(?item=item_4,?kitting_table=kitting_table_0)",1.0,"deliver_item(?item=item_4,?kitting_table=kitting_table_0)",1.0,False,False,False,False,False,False,False,False,False,,,,,,,,,,,,,,
s30_on,env_layout3,89,no_current_task,primary,True,"deliver_item(?item=item_7,?kitting_table=kitting_table_0)","deliver_item(?item=item_7,?kitting_table=kitting_table_0)",True,False,False,0.9054545454545454,31.11349466542993,,,1,False,"deliver_item(?item=item_4,?kitting_table=kitting_table_0)","deliver_item(?item=item_4,?kitting_table=kitting_table_0)",10.0,"deliver_item(?item=item_4,?kitting_table=kitting_table_0)",1.0,"deliver_item(?item=item_4,?kitting_table=kitting_table_0)",1.0,"deliver_item(?item=item_4,?kitting_table=kitting_table_0)",1.0,"deliver_item(?item=item_4,?kitting_table=kitting_table_0)",1.0,False,False,False,False,False,False,False,False,False,,,,,,,,,,,,,,
s30_on,env_layout3,89,no_current_task,primary,True,"deliver_item(?item=item_7,?kitting_table=kitting_table_0)","deliver_item(?item=item_7,?kitting_table=kitting_table_0)",True,False,False,0.9054545454545454,31.11349466542993,,,1,False,"deliver_item(?item=item_4,?kitting_table=kitting_table_0)","deliver_item(?item=item_4,?kitting_table=kitting_table_0)",20.0,"deliver_item(?item=item_4,?kitting_table=kitting_table_0)",1.0,"deliver_item(?item=item_4,?kitting_table=kitting_table_0)",1.0,"deliver_item(?item=item_4,?kitting_table=kitting_table_0)",1.0,"deliver_item(?item=item_4,?kitting_table=kitting_table_0)",1.0,False,False,False,False,False,False,False,False,False,,,,,,,,,,,,,,
s30_on,env_layout3,89,no_current_task,primary,True,"deliver_item(?item=item_7,?kitting_table=kitting_table_0)","deliver_item(?item=item_7,?kitting_table=kitting_table_0)",True,False,False,0.9054545454545454,31.11349466542993,,,1,False,"deliver_item(?item=item_4,?kitting_table=kitting_table_0)","deliver_item(?item=item_4,?kitting_table=kitting_table_0)",30.0,"deliver_item(?item=item_4,?kitting_table=kitting_table_0)",1.0,"deliver_item(?item=item_4,?kitting_table=kitting_table_0)",1.0,"deliver_item(?item=item_4,?kitting_table=kitting_table_0)",1.0,"deliver_item(?item=item_4,?kitting_table=kitting_table_0)",1.0,False,False,False,False,False,False,False,False,False,,,,,,,,,,,,,,
s30_on,env_layout3,89,no_current_task,primary,True,"deliver_item(?item=item_7,?kitting_table=kitting_table_0)","deliver_item(?item=item_7,?kitting_table=kitting_table_0)",True,False,False,0.9054545454545454,31.11349466542993,,,1,False,"deliver_item(?item=item_4,?kitting_table=kitting_table_0)","deliver_item(?item=item_4,?kitting_table=kitting_table_0)",40.0,"deliver_item(?item=item_4,?kitting_table=kitting_table_0)",1.0,"deliver_item(?item=item_4,?kitting_table=kitting_table_0)",1.0,"deliver_item(?item=item_4,?kitting_table=kitting_table_0)",1.0,"deliver_item(?item=item_4,?kitting_table=kitting_table_0)",1.0,False,False,False,False,False,False,False,False,False,,,,,,,,,,,,,,
s30_on,env_layout3,89,no_current_task,primary,True,"deliver_item(?item=item_7,?kitting_table=kitting_table_0)","deliver_item(?item=item_7,?kitting_table=kitting_table_0)",True,False,False,0.9054545454545454,31.11349466542993,,,1,False,"deliver_item(?item=item_4,?kitting_table=kitting_table_0)","deliver_item(?item=item_4,?kitting_table=kitting_table_0)",50.0,"deliver_item(?item=item_4,?kitting_table=kitting_table_0)",1.0,"deliver_item(?item=item_4,?kitting_table=kitting_table_0)",1.0,"deliver_item(?item=item_4,?kitting_table=kitting_table_0)",1.0,"deliver_item(?item=item_4,?kitting_table=kitting_table_0)",1.0,False,False,False,False,False,False,False,False,False,,,,,,,,,,,,,,
s30_on,env_layout3,89,no_current_task,primary,True,"deliver_item(?item=item_7,?kitting_table=kitting_table_0)","deliver_item(?item=item_7,?kitting_table=kitting_table_0)",True,False,False,0.9054545454545454,31.11349466542993,,,1,False,"deliver_item(?item=item_4,?kitting_table=kitting_table_0)","deliver_item(?item=item_4,?kitting_table=kitting_table_0)",75.0,"deliver_item(?item=item_4,?kitting_table=kitting_table_0)",1.0,"deliver_item(?item=item_4,?kitting_table=kitting_table_0)",1.0,"deliver_item(?item=item_4,?kitting_table=kitting_table_0)",1.0,"deliver_item(?item=item_4,?kitting_table=kitting_table_0)",1.0,False,False,False,False,False,False,False,False,False,,,,,,,,,,,,,,
s30_on,env_layout3,89,no_current_task,primary,True,"deliver_item(?item=item_7,?kitting_table=kitting_table_0)","deliver_item(?item=item_7,?kitting_table=kitting_table_0)",True,False,False,0.9054545454545454,31.11349466542993,,,1,False,"deliver_item(?item=item_4,?kitting_table=kitting_table_0)","deliver_item(?item=item_4,?kitting_table=kitting_table_0)",100.0,"deliver_item(?item=item_4,?kitting_table=kitting_table_0)",1.0,"deliver_item(?item=item_4,?kitting_table=kitting_table_0)",1.0,"deliver_item(?item=item_4,?kitting_table=kitting_table_0)",1.0,"deliver_item(?item=item_4,?kitting_table=kitting_table_0)",1.0,False,False,False,False,False,False,False,False,False,,,,,,,,,,,,,,
s30_on,env_layout3,89,no_current_task,primary,True,"deliver_item(?item=item_7,?kitting_table=kitting_table_0)","deliver_item(?item=item_7,?kitting_table=kitting_table_0)",True,False,False,0.9054545454545454,31.11349466542993,,,1,False,"deliver_item(?item=item_4,?kitting_table=kitting_table_0)","deliver_item(?item=item_4,?kitting_table=kitting_table_0)",150.0,"deliver_item(?item=item_4,?kitting_table=kitting_table_0)",1.0,"deliver_item(?item=item_4,?kitting_table=kitting_table_0)",1.0,"deliver_item(?item=item_4,?kitting_table=kitting_table_0)",1.0,"deliver_item(?item=item_4,?kitting_table=kitting_table_0)",1.0,False,False,False,False,False,False,False,False,False,,,,,,,,,,,,,,
s30_on,env_layout3,89,no_current_task,primary,True,"deliver_item(?item=item_7,?kitting_table=kitting_table_0)","deliver_item(?item=item_7,?kitting_table=kitting_table_0)",True,False,False,0.9054545454545454,31.11349466542993,,,1,False,"deliver_item(?item=item_4,?kitting_table=kitting_table_0)","deliver_item(?item=item_4,?kitting_table=kitting_table_0)",200.0,"deliver_item(?item=item_4,?kitting_table=kitting_table_0)",1.0,"deliver_item(?item=item_4,?kitting_table=kitting_table_0)",1.0,"deliver_item(?item=item_4,?kitting_table=kitting_table_0)",1.0,"deliver_item(?item=item_4,?kitting_table=kitting_table_0)",1.0,False,False,False,False,False,False,False,False,False,,,,,,,,,,,,,,
s30_on,env_layout3,89,no_current_task,primary,True,"deliver_item(?item=item_7,?kitting_table=kitting_table_0)","deliver_item(?item=item_7,?kitting_table=kitting_table_0)",True,False,False,0.9054545454545454,31.11349466542993,,,1,False,"deliver_item(?item=item_4,?kitting_table=kitting_table_0)","deliver_item(?item=item_4,?kitting_table=kitting_table_0)",300.0,,0.0,,0.0,,0.0,,0.0,True,True,True,False,False,False,False,False,False,,,,,,,,,,,,,,
s30_on,env_layout3,89,no_current_task,primary,True,"deliver_item(?item=item_7,?kitting_table=kitting_table_0)","deliver_item(?item=item_7,?kitting_table=kitting_table_0)",True,False,False,0.9054545454545454,31.11349466542993,,,1,False,"deliver_item(?item=item_4,?kitting_table=kitting_table_0)","deliver_item(?item=item_4,?kitting_table=kitting_table_0)",400.0,,0.0,,0.0,,0.0,,0.0,True,True,True,False,False,False,False,False,False,,,,,,,,,,,,,,
s30_on,env_layout3,89,no_current_task,primary,True,"deliver_item(?item=item_7,?kitting_table=kitting_table_0)","deliver_item(?item=item_7,?kitting_table=kitting_table_0)",True,False,False,0.9054545454545454,31.11349466542993,,,1,False,"deliver_item(?item=item_4,?kitting_table=kitting_table_0)","deliver_item(?item=item_4,?kitting_table=kitting_table_0)",600.0,,0.0,,0.0,,0.0,,0.0,True,True,True,False,False,False,False,False,False,,,,,,,,,,,,,,
s30_on,env_layout3,123,task_committed,none,False,unknown,,False,True,False,0.995,,"deliver_item(?item=item_4,?kitting_table=kitting_table_0)",item_4,1,True,"deliver_item(?item=item_4,?kitting_table=kitting_table_0)","deliver_item(?item=item_4,?kitting_table=kitting_table_0)",,,,,,,,,,,,,,,,,,,,,,,,,,,,,,,,
s40_off,env_layout4,0,no_current_task,counterfactual,False,"deliver_item(?item=item_3,?kitting_table=kitting_table_0)","deliver_item(?item=item_3,?kitting_table=kitting_table_0)",True,False,False,0.15899762562240072,116.35317911248949,,,3,False,"deliver_item(?item=item_4,?kitting_table=kitting_table_0)","deliver_item(?item=item_4,?kitting_table=kitting_table_0)",5.0,"deliver_item(?item=item_4,?kitting_table=kitting_table_0)",3.0,"deliver_item(?item=item_4,?kitting_table=kitting_table_0)",3.0,"deliver_item(?item=item_4,?kitting_table=kitting_table_0)",3.0,"deliver_item(?item=item_4,?kitting_table=kitting_table_0)",3.0,False,False,False,False,False,False,False,False,False,,,,,,,,,,,,,,
s40_off,env_layout4,0,no_current_task,counterfactual,False,"deliver_item(?item=item_3,?kitting_table=kitting_table_0)","deliver_item(?item=item_3,?kitting_table=kitting_table_0)",True,False,False,0.15899762562240072,116.35317911248949,,,3,False,"deliver_item(?item=item_4,?kitting_table=kitting_table_0)","deliver_item(?item=item_4,?kitting_table=kitting_table_0)",10.0,"deliver_item(?item=item_4,?kitting_table=kitting_table_0)",3.0,"deliver_item(?item=item_4,?kitting_table=kitting_table_0)",3.0,"deliver_item(?item=item_4,?kitting_table=kitting_table_0)",3.0,"deliver_item(?item=item_4,?kitting_table=kitting_table_0)",3.0,False,False,False,False,False,False,False,False,False,,,,,,,,,,,,,,
s40_off,env_layout4,0,no_current_task,counterfactual,False,"deliver_item(?item=item_3,?kitting_table=kitting_table_0)","deliver_item(?item=item_3,?kitting_table=kitting_table_0)",True,False,False,0.15899762562240072,116.35317911248949,,,3,False,"deliver_item(?item=item_4,?kitting_table=kitting_table_0)","deliver_item(?item=item_4,?kitting_table=kitting_table_0)",20.0,"deliver_item(?item=item_4,?kitting_table=kitting_table_0)",3.0,"deliver_item(?item=item_4,?kitting_table=kitting_table_0)",3.0,"deliver_item(?item=item_4,?kitting_table=kitting_table_0)",3.0,"deliver_item(?item=item_4,?kitting_table=kitting_table_0)",3.0,False,False,False,False,False,False,False,False,False,,,,,,,,,,,,,,
s40_off,env_layout4,0,no_current_task,counterfactual,False,"deliver_item(?item=item_3,?kitting_table=kitting_table_0)","deliver_item(?item=item_3,?kitting_table=kitting_table_0)",True,False,False,0.15899762562240072,116.35317911248949,,,3,False,"deliver_item(?item=item_4,?kitting_table=kitting_table_0)","deliver_item(?item=item_4,?kitting_table=kitting_table_0)",30.0,"deliver_item(?item=item_4,?kitting_table=kitting_table_0)",3.0,"deliver_item(?item=item_4,?kitting_table=kitting_table_0)",3.0,"deliver_item(?item=item_4,?kitting_table=kitting_table_0)",3.0,"deliver_item(?item=item_4,?kitting_table=kitting_table_0)",3.0,False,False,False,False,False,False,False,False,False,,,,,,,,,,,,,,
s40_off,env_layout4,0,no_current_task,counterfactual,False,"deliver_item(?item=item_3,?kitting_table=kitting_table_0)","deliver_item(?item=item_3,?kitting_table=kitting_table_0)",True,False,False,0.15899762562240072,116.35317911248949,,,3,False,"deliver_item(?item=item_4,?kitting_table=kitting_table_0)","deliver_item(?item=item_4,?kitting_table=kitting_table_0)",40.0,"deliver_item(?item=item_4,?kitting_table=kitting_table_0)",3.0,"deliver_item(?item=item_4,?kitting_table=kitting_table_0)",3.0,"deliver_item(?item=item_4,?kitting_table=kitting_table_0)",3.0,"deliver_item(?item=item_4,?kitting_table=kitting_table_0)",3.0,False,False,False,False,False,False,False,False,False,,,,,,,,,,,,,,
s40_off,env_layout4,0,no_current_task,counterfactual,False,"deliver_item(?item=item_3,?kitting_table=kitting_table_0)","deliver_item(?item=item_3,?kitting_table=kitting_table_0)",True,False,False,0.15899762562240072,116.35317911248949,,,3,False,"deliver_item(?item=item_4,?kitting_table=kitting_table_0)","deliver_item(?item=item_4,?kitting_table=kitting_table_0)",50.0,"deliver_item(?item=item_4,?kitting_table=kitting_table_0)",3.0,"deliver_item(?item=item_4,?kitting_table=kitting_table_0)",3.0,"deliver_item(?item=item_4,?kitting_table=kitting_table_0)",3.0,"deliver_item(?item=item_4,?kitting_table=kitting_table_0)",3.0,False,False,False,False,False,False,False,False,False,,,,,,,,,,,,,,
s40_off,env_layout4,0,no_current_task,counterfactual,False,"deliver_item(?item=item_3,?kitting_table=kitting_table_0)","deliver_item(?item=item_3,?kitting_table=kitting_table_0)",True,False,False,0.15899762562240072,116.35317911248949,,,3,False,"deliver_item(?item=item_4,?kitting_table=kitting_table_0)","deliver_item(?item=item_4,?kitting_table=kitting_table_0)",75.0,"deliver_item(?item=item_4,?kitting_table=kitting_table_0)",3.0,"deliver_item(?item=item_4,?kitting_table=kitting_table_0)",3.0,"deliver_item(?item=item_4,?kitting_table=kitting_table_0)",3.0,"deliver_item(?item=item_4,?kitting_table=kitting_table_0)",3.0,False,False,False,False,False,False,False,False,False,,,,,,,,,,,,,,
s40_off,env_layout4,0,no_current_task,counterfactual,False,"deliver_item(?item=item_3,?kitting_table=kitting_table_0)","deliver_item(?item=item_3,?kitting_table=kitting_table_0)",True,False,False,0.15899762562240072,116.35317911248949,,,3,False,"deliver_item(?item=item_4,?kitting_table=kitting_table_0)","deliver_item(?item=item_4,?kitting_table=kitting_table_0)",100.0,"deliver_item(?item=item_4,?kitting_table=kitting_table_0)",3.0,"deliver_item(?item=item_4,?kitting_table=kitting_table_0)",3.0,"deliver_item(?item=item_4,?kitting_table=kitting_table_0)",3.0,"deliver_item(?item=item_4,?kitting_table=kitting_table_0)",3.0,False,False,False,False,False,False,False,False,False,,,,,,,,,,,,,,
s40_off,env_layout4,0,no_current_task,counterfactual,False,"deliver_item(?item=item_3,?kitting_table=kitting_table_0)","deliver_item(?item=item_3,?kitting_table=kitting_table_0)",True,False,False,0.15899762562240072,116.35317911248949,,,3,False,"deliver_item(?item=item_4,?kitting_table=kitting_table_0)","deliver_item(?item=item_4,?kitting_table=kitting_table_0)",150.0,"deliver_item(?item=item_4,?kitting_table=kitting_table_0)",3.0,"deliver_item(?item=item_4,?kitting_table=kitting_table_0)",3.0,"deliver_item(?item=item_4,?kitting_table=kitting_table_0)",3.0,"deliver_item(?item=item_4,?kitting_table=kitting_table_0)",3.0,False,False,False,False,False,False,False,False,False,,,,,,,,,,,,,,
s40_off,env_layout4,0,no_current_task,counterfactual,False,"deliver_item(?item=item_3,?kitting_table=kitting_table_0)","deliver_item(?item=item_3,?kitting_table=kitting_table_0)",True,False,False,0.15899762562240072,116.35317911248949,,,3,False,"deliver_item(?item=item_4,?kitting_table=kitting_table_0)","deliver_item(?item=item_4,?kitting_table=kitting_table_0)",200.0,"deliver_item(?item=item_4,?kitting_table=kitting_table_0)",3.0,"deliver_item(?item=item_4,?kitting_table=kitting_table_0)",3.0,"deliver_item(?item=item_4,?kitting_table=kitting_table_0)",3.0,"deliver_item(?item=item_4,?kitting_table=kitting_table_0)",3.0,False,False,False,False,False,False,False,False,False,,,,,,,,,,,,,,
s40_off,env_layout4,0,no_current_task,counterfactual,False,"deliver_item(?item=item_3,?kitting_table=kitting_table_0)","deliver_item(?item=item_3,?kitting_table=kitting_table_0)",True,False,False,0.15899762562240072,116.35317911248949,,,3,False,"deliver_item(?item=item_4,?kitting_table=kitting_table_0)","deliver_item(?item=item_4,?kitting_table=kitting_table_0)",300.0,"deliver_item(?item=item_4,?kitting_table=kitting_table_0)",3.0,"deliver_item(?item=item_4,?kitting_table=kitting_table_0)",3.0,"deliver_item(?item=item_4,?kitting_table=kitting_table_0)",3.0,"deliver_item(?item=item_4,?kitting_table=kitting_table_0)",3.0,False,False,False,False,False,False,False,False,False,,,,,,,,,,,,,,
s40_off,env_layout4,0,no_current_task,counterfactual,False,"deliver_item(?item=item_3,?kitting_table=kitting_table_0)","deliver_item(?item=item_3,?kitting_table=kitting_table_0)",True,False,False,0.15899762562240072,116.35317911248949,,,3,False,"deliver_item(?item=item_4,?kitting_table=kitting_table_0)","deliver_item(?item=item_4,?kitting_table=kitting_table_0)",400.0,"deliver_item(?item=item_4,?kitting_table=kitting_table_0)",3.0,"deliver_item(?item=item_4,?kitting_table=kitting_table_0)",3.0,"deliver_item(?item=item_4,?kitting_table=kitting_table_0)",3.0,"deliver_item(?item=item_4,?kitting_table=kitting_table_0)",3.0,False,False,False,False,False,False,False,False,False,,,,,,,,,,,,,,
s40_off,env_layout4,0,no_current_task,counterfactual,False,"deliver_item(?item=item_3,?kitting_table=kitting_table_0)","deliver_item(?item=item_3,?kitting_table=kitting_table_0)",True,False,False,0.15899762562240072,116.35317911248949,,,3,False,"deliver_item(?item=item_4,?kitting_table=kitting_table_0)","deliver_item(?item=item_4,?kitting_table=kitting_table_0)",600.0,"deliver_item(?item=item_5,?kitting_table=kitting_table_0)",1.0,"deliver_item(?item=item_5,?kitting_table=kitting_table_0)",1.0,"deliver_item(?item=item_5,?kitting_table=kitting_table_0)",1.0,"deliver_item(?item=item_5,?kitting_table=kitting_table_0)",2.0,False,False,False,False,True,True,True,True,True,,,,,,,,,,,,,,
s40_off,env_layout4,19,theta_crossed,primary,True,"deliver_item(?item=item_3,?kitting_table=kitting_table_0)","deliver_item(?item=item_3,?kitting_table=kitting_table_0)",True,False,False,0.7624084345165083,97.35317911248949,"deliver_item(?item=item_4,?kitting_table=kitting_table_0)",,3,True,"deliver_item(?item=item_4,?kitting_table=kitting_table_0)","deliver_item(?item=item_4,?kitting_table=kitting_table_0)",5.0,"deliver_item(?item=item_4,?kitting_table=kitting_table_0)",3.0,"deliver_item(?item=item_4,?kitting_table=kitting_table_0)",3.0,"deliver_item(?item=item_4,?kitting_table=kitting_table_0)",3.0,"deliver_item(?item=item_4,?kitting_table=kitting_table_0)",3.0,False,False,False,False,False,False,False,False,False,"deliver_item(?item=item_4,?kitting_table=kitting_table_0)",125.52798035626542,realized,0.0,0.0,realized,0.0,0.0,"deliver_item(?item=item_7,?kitting_table=kitting_table_0)",138.0689373622243,0.0,125.52798035626542,12.540957005958873,True
s40_off,env_layout4,19,theta_crossed,primary,True,"deliver_item(?item=item_3,?kitting_table=kitting_table_0)","deliver_item(?item=item_3,?kitting_table=kitting_table_0)",True,False,False,0.7624084345165083,97.35317911248949,"deliver_item(?item=item_4,?kitting_table=kitting_table_0)",,3,True,"deliver_item(?item=item_4,?kitting_table=kitting_table_0)","deliver_item(?item=item_4,?kitting_table=kitting_table_0)",10.0,"deliver_item(?item=item_4,?kitting_table=kitting_table_0)",3.0,"deliver_item(?item=item_4,?kitting_table=kitting_table_0)",3.0,"deliver_item(?item=item_4,?kitting_table=kitting_table_0)",3.0,"deliver_item(?item=item_4,?kitting_table=kitting_table_0)",3.0,False,False,False,False,False,False,False,False,False,"deliver_item(?item=item_4,?kitting_table=kitting_table_0)",125.52798035626542,realized,0.0,0.0,realized,0.0,0.0,"deliver_item(?item=item_7,?kitting_table=kitting_table_0)",138.0689373622243,0.0,125.52798035626542,12.540957005958873,True
s40_off,env_layout4,19,theta_crossed,primary,True,"deliver_item(?item=item_3,?kitting_table=kitting_table_0)","deliver_item(?item=item_3,?kitting_table=kitting_table_0)",True,False,False,0.7624084345165083,97.35317911248949,"deliver_item(?item=item_4,?kitting_table=kitting_table_0)",,3,True,"deliver_item(?item=item_4,?kitting_table=kitting_table_0)","deliver_item(?item=item_4,?kitting_table=kitting_table_0)",20.0,"deliver_item(?item=item_4,?kitting_table=kitting_table_0)",3.0,"deliver_item(?item=item_4,?kitting_table=kitting_table_0)",3.0,"deliver_item(?item=item_4,?kitting_table=kitting_table_0)",3.0,"deliver_item(?item=item_4,?kitting_table=kitting_table_0)",3.0,False,False,False,False,False,False,False,False,False,"deliver_item(?item=item_4,?kitting_table=kitting_table_0)",125.52798035626542,realized,0.0,0.0,realized,0.0,0.0,"deliver_item(?item=item_7,?kitting_table=kitting_table_0)",138.0689373622243,0.0,125.52798035626542,12.540957005958873,True
s40_off,env_layout4,19,theta_crossed,primary,True,"deliver_item(?item=item_3,?kitting_table=kitting_table_0)","deliver_item(?item=item_3,?kitting_table=kitting_table_0)",True,False,False,0.7624084345165083,97.35317911248949,"deliver_item(?item=item_4,?kitting_table=kitting_table_0)",,3,True,"deliver_item(?item=item_4,?kitting_table=kitting_table_0)","deliver_item(?item=item_4,?kitting_table=kitting_table_0)",30.0,"deliver_item(?item=item_4,?kitting_table=kitting_table_0)",3.0,"deliver_item(?item=item_4,?kitting_table=kitting_table_0)",3.0,"deliver_item(?item=item_4,?kitting_table=kitting_table_0)",3.0,"deliver_item(?item=item_4,?kitting_table=kitting_table_0)",3.0,False,False,False,False,False,False,False,False,False,"deliver_item(?item=item_4,?kitting_table=kitting_table_0)",125.52798035626542,realized,0.0,0.0,realized,0.0,0.0,"deliver_item(?item=item_7,?kitting_table=kitting_table_0)",138.0689373622243,0.0,125.52798035626542,12.540957005958873,True
s40_off,env_layout4,19,theta_crossed,primary,True,"deliver_item(?item=item_3,?kitting_table=kitting_table_0)","deliver_item(?item=item_3,?kitting_table=kitting_table_0)",True,False,False,0.7624084345165083,97.35317911248949,"deliver_item(?item=item_4,?kitting_table=kitting_table_0)",,3,True,"deliver_item(?item=item_4,?kitting_table=kitting_table_0)","deliver_item(?item=item_4,?kitting_table=kitting_table_0)",40.0,"deliver_item(?item=item_4,?kitting_table=kitting_table_0)",3.0,"deliver_item(?item=item_4,?kitting_table=kitting_table_0)",3.0,"deliver_item(?item=item_4,?kitting_table=kitting_table_0)",3.0,"deliver_item(?item=item_4,?kitting_table=kitting_table_0)",3.0,False,False,False,False,False,False,False,False,False,"deliver_item(?item=item_4,?kitting_table=kitting_table_0)",125.52798035626542,realized,0.0,0.0,realized,0.0,0.0,"deliver_item(?item=item_7,?kitting_table=kitting_table_0)",138.0689373622243,0.0,125.52798035626542,12.540957005958873,True
s40_off,env_layout4,19,theta_crossed,primary,True,"deliver_item(?item=item_3,?kitting_table=kitting_table_0)","deliver_item(?item=item_3,?kitting_table=kitting_table_0)",True,False,False,0.7624084345165083,97.35317911248949,"deliver_item(?item=item_4,?kitting_table=kitting_table_0)",,3,True,"deliver_item(?item=item_4,?kitting_table=kitting_table_0)","deliver_item(?item=item_4,?kitting_table=kitting_table_0)",50.0,"deliver_item(?item=item_4,?kitting_table=kitting_table_0)",3.0,"deliver_item(?item=item_4,?kitting_table=kitting_table_0)",3.0,"deliver_item(?item=item_4,?kitting_table=kitting_table_0)",3.0,"deliver_item(?item=item_4,?kitting_table=kitting_table_0)",3.0,False,False,False,False,False,False,False,False,False,"deliver_item(?item=item_4,?kitting_table=kitting_table_0)",125.52798035626542,realized,0.0,0.0,realized,0.0,0.0,"deliver_item(?item=item_7,?kitting_table=kitting_table_0)",138.0689373622243,0.0,125.52798035626542,12.540957005958873,True
s40_off,env_layout4,19,theta_crossed,primary,True,"deliver_item(?item=item_3,?kitting_table=kitting_table_0)","deliver_item(?item=item_3,?kitting_table=kitting_table_0)",True,False,False,0.7624084345165083,97.35317911248949,"deliver_item(?item=item_4,?kitting_table=kitting_table_0)",,3,True,"deliver_item(?item=item_4,?kitting_table=kitting_table_0)","deliver_item(?item=item_4,?kitting_table=kitting_table_0)",75.0,"deliver_item(?item=item_4,?kitting_table=kitting_table_0)",3.0,"deliver_item(?item=item_4,?kitting_table=kitting_table_0)",3.0,"deliver_item(?item=item_4,?kitting_table=kitting_table_0)",3.0,"deliver_item(?item=item_4,?kitting_table=kitting_table_0)",3.0,False,False,False,False,False,False,False,False,False,"deliver_item(?item=item_4,?kitting_table=kitting_table_0)",125.52798035626542,realized,0.0,0.0,realized,0.0,0.0,"deliver_item(?item=item_7,?kitting_table=kitting_table_0)",138.0689373622243,0.0,125.52798035626542,12.540957005958873,True
s40_off,env_layout4,19,theta_crossed,primary,True,"deliver_item(?item=item_3,?kitting_table=kitting_table_0)","deliver_item(?item=item_3,?kitting_table=kitting_table_0)",True,False,False,0.7624084345165083,97.35317911248949,"deliver_item(?item=item_4,?kitting_table=kitting_table_0)",,3,True,"deliver_item(?item=item_4,?kitting_table=kitting_table_0)","deliver_item(?item=item_4,?kitting_table=kitting_table_0)",100.0,"deliver_item(?item=item_4,?kitting_table=kitting_table_0)",3.0,"deliver_item(?item=item_4,?kitting_table=kitting_table_0)",3.0,"deliver_item(?item=item_4,?kitting_table=kitting_table_0)",3.0,"deliver_item(?item=item_4,?kitting_table=kitting_table_0)",3.0,False,False,False,False,False,False,False,False,False,"deliver_item(?item=item_4,?kitting_table=kitting_table_0)",125.52798035626542,realized,0.0,0.0,realized,0.0,0.0,"deliver_item(?item=item_7,?kitting_table=kitting_table_0)",138.0689373622243,0.0,125.52798035626542,12.540957005958873,True
s40_off,env_layout4,19,theta_crossed,primary,True,"deliver_item(?item=item_3,?kitting_table=kitting_table_0)","deliver_item(?item=item_3,?kitting_table=kitting_table_0)",True,False,False,0.7624084345165083,97.35317911248949,"deliver_item(?item=item_4,?kitting_table=kitting_table_0)",,3,True,"deliver_item(?item=item_4,?kitting_table=kitting_table_0)","deliver_item(?item=item_4,?kitting_table=kitting_table_0)",150.0,"deliver_item(?item=item_4,?kitting_table=kitting_table_0)",3.0,"deliver_item(?item=item_4,?kitting_table=kitting_table_0)",3.0,"deliver_item(?item=item_4,?kitting_table=kitting_table_0)",3.0,"deliver_item(?item=item_4,?kitting_table=kitting_table_0)",3.0,False,False,False,False,False,False,False,False,False,"deliver_item(?item=item_4,?kitting_table=kitting_table_0)",125.52798035626542,realized,0.0,0.0,realized,0.0,0.0,"deliver_item(?item=item_7,?kitting_table=kitting_table_0)",138.0689373622243,0.0,125.52798035626542,12.540957005958873,True
s40_off,env_layout4,19,theta_crossed,primary,True,"deliver_item(?item=item_3,?kitting_table=kitting_table_0)","deliver_item(?item=item_3,?kitting_table=kitting_table_0)",True,False,False,0.7624084345165083,97.35317911248949,"deliver_item(?item=item_4,?kitting_table=kitting_table_0)",,3,True,"deliver_item(?item=item_4,?kitting_table=kitting_table_0)","deliver_item(?item=item_4,?kitting_table=kitting_table_0)",200.0,"deliver_item(?item=item_4,?kitting_table=kitting_table_0)",3.0,"deliver_item(?item=item_4,?kitting_table=kitting_table_0)",3.0,"deliver_item(?item=item_4,?kitting_table=kitting_table_0)",3.0,"deliver_item(?item=item_4,?kitting_table=kitting_table_0)",3.0,False,False,False,False,False,False,False,False,False,"deliver_item(?item=item_4,?kitting_table=kitting_table_0)",125.52798035626542,realized,0.0,0.0,realized,0.0,0.0,"deliver_item(?item=item_7,?kitting_table=kitting_table_0)",138.0689373622243,0.0,125.52798035626542,12.540957005958873,True
s40_off,env_layout4,19,theta_crossed,primary,True,"deliver_item(?item=item_3,?kitting_table=kitting_table_0)","deliver_item(?item=item_3,?kitting_table=kitting_table_0)",True,False,False,0.7624084345165083,97.35317911248949,"deliver_item(?item=item_4,?kitting_table=kitting_table_0)",,3,True,"deliver_item(?item=item_4,?kitting_table=kitting_table_0)","deliver_item(?item=item_4,?kitting_table=kitting_table_0)",300.0,"deliver_item(?item=item_4,?kitting_table=kitting_table_0)",3.0,"deliver_item(?item=item_4,?kitting_table=kitting_table_0)",3.0,"deliver_item(?item=item_4,?kitting_table=kitting_table_0)",3.0,"deliver_item(?item=item_4,?kitting_table=kitting_table_0)",3.0,False,False,False,False,False,False,False,False,False,"deliver_item(?item=item_4,?kitting_table=kitting_table_0)",125.52798035626542,realized,0.0,0.0,realized,0.0,0.0,"deliver_item(?item=item_7,?kitting_table=kitting_table_0)",138.0689373622243,0.0,125.52798035626542,12.540957005958873,True
s40_off,env_layout4,19,theta_crossed,primary,True,"deliver_item(?item=item_3,?kitting_table=kitting_table_0)","deliver_item(?item=item_3,?kitting_table=kitting_table_0)",True,False,False,0.7624084345165083,97.35317911248949,"deliver_item(?item=item_4,?kitting_table=kitting_table_0)",,3,True,"deliver_item(?item=item_4,?kitting_table=kitting_table_0)","deliver_item(?item=item_4,?kitting_table=kitting_table_0)",400.0,"deliver_item(?item=item_4,?kitting_table=kitting_table_0)",3.0,"deliver_item(?item=item_4,?kitting_table=kitting_table_0)",3.0,"deliver_item(?item=item_4,?kitting_table=kitting_table_0)",3.0,"deliver_item(?item=item_4,?kitting_table=kitting_table_0)",3.0,False,False,False,False,False,False,False,False,False,"deliver_item(?item=item_4,?kitting_table=kitting_table_0)",125.52798035626542,realized,0.0,0.0,realized,0.0,0.0,"deliver_item(?item=item_7,?kitting_table=kitting_table_0)",138.0689373622243,0.0,125.52798035626542,12.540957005958873,True
s40_off,env_layout4,19,theta_crossed,primary,True,"deliver_item(?item=item_3,?kitting_table=kitting_table_0)","deliver_item(?item=item_3,?kitting_table=kitting_table_0)",True,False,False,0.7624084345165083,97.35317911248949,"deliver_item(?item=item_4,?kitting_table=kitting_table_0)",,3,True,"deliver_item(?item=item_4,?kitting_table=kitting_table_0)","deliver_item(?item=item_4,?kitting_table=kitting_table_0)",600.0,"deliver_item(?item=item_5,?kitting_table=kitting_table_0)",1.0,"deliver_item(?item=item_5,?kitting_table=kitting_table_0)",1.0,"deliver_item(?item=item_5,?kitting_table=kitting_table_0)",1.0,"deliver_item(?item=item_5,?kitting_table=kitting_table_0)",1.0,False,False,False,False,True,True,True,True,True,"deliver_item(?item=item_4,?kitting_table=kitting_table_0)",125.52798035626542,none:hold_position_violated,,,none:no_feasible_start,,,"deliver_item(?item=item_5,?kitting_table=kitting_table_0)",144.72560782094973,0.0,,,False
s40_off,env_layout4,98,task_committed,primary,True,"deliver_item(?item=item_3,?kitting_table=kitting_table_0)","deliver_item(?item=item_3,?kitting_table=kitting_table_0)",True,False,False,0.9930417564090559,17.419336942078417,"deliver_item(?item=item_4,?kitting_table=kitting_table_0)",item_4,3,True,"deliver_item(?item=item_4,?kitting_table=kitting_table_0)","deliver_item(?item=item_4,?kitting_table=kitting_table_0)",5.0,"deliver_item(?item=item_4,?kitting_table=kitting_table_0)",3.0,"deliver_item(?item=item_4,?kitting_table=kitting_table_0)",3.0,"deliver_item(?item=item_4,?kitting_table=kitting_table_0)",3.0,"deliver_item(?item=item_4,?kitting_table=kitting_table_0)",3.0,False,False,False,False,False,False,False,False,False,"deliver_item(?item=item_4,?kitting_table=kitting_table_0)",46.553914026145996,realized,0.0,0.0,realized,0.0,0.0,"deliver_item(?item=item_7,?kitting_table=kitting_table_0)",66.94317185608284,0.0,46.553914026145996,20.389257829936845,True
s40_off,env_layout4,98,task_committed,primary,True,"deliver_item(?item=item_3,?kitting_table=kitting_table_0)","deliver_item(?item=item_3,?kitting_table=kitting_table_0)",True,False,False,0.9930417564090559,17.419336942078417,"deliver_item(?item=item_4,?kitting_table=kitting_table_0)",item_4,3,True,"deliver_item(?item=item_4,?kitting_table=kitting_table_0)","deliver_item(?item=item_4,?kitting_table=kitting_table_0)",10.0,"deliver_item(?item=item_4,?kitting_table=kitting_table_0)",3.0,"deliver_item(?item=item_4,?kitting_table=kitting_table_0)",3.0,"deliver_item(?item=item_4,?kitting_table=kitting_table_0)",3.0,"deliver_item(?item=item_4,?kitting_table=kitting_table_0)",3.0,False,False,False,False,False,False,False,False,False,"deliver_item(?item=item_4,?kitting_table=kitting_table_0)",46.553914026145996,realized,0.0,0.0,realized,0.0,0.0,"deliver_item(?item=item_7,?kitting_table=kitting_table_0)",66.94317185608284,0.0,46.553914026145996,20.389257829936845,True
s40_off,env_layout4,98,task_committed,primary,True,"deliver_item(?item=item_3,?kitting_table=kitting_table_0)","deliver_item(?item=item_3,?kitting_table=kitting_table_0)",True,False,False,0.9930417564090559,17.419336942078417,"deliver_item(?item=item_4,?kitting_table=kitting_table_0)",item_4,3,True,"deliver_item(?item=item_4,?kitting_table=kitting_table_0)","deliver_item(?item=item_4,?kitting_table=kitting_table_0)",20.0,"deliver_item(?item=item_4,?kitting_table=kitting_table_0)",3.0,"deliver_item(?item=item_4,?kitting_table=kitting_table_0)",3.0,"deliver_item(?item=item_4,?kitting_table=kitting_table_0)",3.0,"deliver_item(?item=item_4,?kitting_table=kitting_table_0)",3.0,False,False,False,False,False,False,False,False,False,"deliver_item(?item=item_4,?kitting_table=kitting_table_0)",46.553914026145996,realized,0.0,0.0,realized,0.0,0.0,"deliver_item(?item=item_7,?kitting_table=kitting_table_0)",66.94317185608284,0.0,46.553914026145996,20.389257829936845,True
s40_off,env_layout4,98,task_committed,primary,True,"deliver_item(?item=item_3,?kitting_table=kitting_table_0)","deliver_item(?item=item_3,?kitting_table=kitting_table_0)",True,False,False,0.9930417564090559,17.419336942078417,"deliver_item(?item=item_4,?kitting_table=kitting_table_0)",item_4,3,True,"deliver_item(?item=item_4,?kitting_table=kitting_table_0)","deliver_item(?item=item_4,?kitting_table=kitting_table_0)",30.0,"deliver_item(?item=item_4,?kitting_table=kitting_table_0)",3.0,"deliver_item(?item=item_4,?kitting_table=kitting_table_0)",3.0,"deliver_item(?item=item_4,?kitting_table=kitting_table_0)",3.0,"deliver_item(?item=item_4,?kitting_table=kitting_table_0)",3.0,False,False,False,False,False,False,False,False,False,"deliver_item(?item=item_4,?kitting_table=kitting_table_0)",46.553914026145996,realized,0.0,0.0,realized,0.0,0.0,"deliver_item(?item=item_7,?kitting_table=kitting_table_0)",66.94317185608284,0.0,46.553914026145996,20.389257829936845,True
s40_off,env_layout4,98,task_committed,primary,True,"deliver_item(?item=item_3,?kitting_table=kitting_table_0)","deliver_item(?item=item_3,?kitting_table=kitting_table_0)",True,False,False,0.9930417564090559,17.419336942078417,"deliver_item(?item=item_4,?kitting_table=kitting_table_0)",item_4,3,True,"deliver_item(?item=item_4,?kitting_table=kitting_table_0)","deliver_item(?item=item_4,?kitting_table=kitting_table_0)",40.0,"deliver_item(?item=item_4,?kitting_table=kitting_table_0)",3.0,"deliver_item(?item=item_4,?kitting_table=kitting_table_0)",3.0,"deliver_item(?item=item_4,?kitting_table=kitting_table_0)",3.0,"deliver_item(?item=item_4,?kitting_table=kitting_table_0)",3.0,False,False,False,False,False,False,False,False,False,"deliver_item(?item=item_4,?kitting_table=kitting_table_0)",46.553914026145996,realized,0.0,0.0,realized,0.0,0.0,"deliver_item(?item=item_7,?kitting_table=kitting_table_0)",66.94317185608284,0.0,46.553914026145996,20.389257829936845,True
s40_off,env_layout4,98,task_committed,primary,True,"deliver_item(?item=item_3,?kitting_table=kitting_table_0)","deliver_item(?item=item_3,?kitting_table=kitting_table_0)",True,False,False,0.9930417564090559,17.419336942078417,"deliver_item(?item=item_4,?kitting_table=kitting_table_0)",item_4,3,True,"deliver_item(?item=item_4,?kitting_table=kitting_table_0)","deliver_item(?item=item_4,?kitting_table=kitting_table_0)",50.0,"deliver_item(?item=item_4,?kitting_table=kitting_table_0)",3.0,"deliver_item(?item=item_4,?kitting_table=kitting_table_0)",3.0,"deliver_item(?item=item_4,?kitting_table=kitting_table_0)",3.0,"deliver_item(?item=item_4,?kitting_table=kitting_table_0)",3.0,False,False,False,False,False,False,False,False,False,"deliver_item(?item=item_4,?kitting_table=kitting_table_0)",46.553914026145996,realized,0.0,0.0,realized,0.0,0.0,"deliver_item(?item=item_7,?kitting_table=kitting_table_0)",66.94317185608284,0.0,46.553914026145996,20.389257829936845,True
s40_off,env_layout4,98,task_committed,primary,True,"deliver_item(?item=item_3,?kitting_table=kitting_table_0)","deliver_item(?item=item_3,?kitting_table=kitting_table_0)",True,False,False,0.9930417564090559,17.419336942078417,"deliver_item(?item=item_4,?kitting_table=kitting_table_0)",item_4,3,True,"deliver_item(?item=item_4,?kitting_table=kitting_table_0)","deliver_item(?item=item_4,?kitting_table=kitting_table_0)",75.0,"deliver_item(?item=item_4,?kitting_table=kitting_table_0)",3.0,"deliver_item(?item=item_4,?kitting_table=kitting_table_0)",3.0,"deliver_item(?item=item_4,?kitting_table=kitting_table_0)",3.0,"deliver_item(?item=item_4,?kitting_table=kitting_table_0)",3.0,False,False,False,False,False,False,False,False,False,"deliver_item(?item=item_4,?kitting_table=kitting_table_0)",46.553914026145996,realized,0.0,0.0,realized,0.0,0.0,"deliver_item(?item=item_7,?kitting_table=kitting_table_0)",66.94317185608284,0.0,46.553914026145996,20.389257829936845,True
s40_off,env_layout4,98,task_committed,primary,True,"deliver_item(?item=item_3,?kitting_table=kitting_table_0)","deliver_item(?item=item_3,?kitting_table=kitting_table_0)",True,False,False,0.9930417564090559,17.419336942078417,"deliver_item(?item=item_4,?kitting_table=kitting_table_0)",item_4,3,True,"deliver_item(?item=item_4,?kitting_table=kitting_table_0)","deliver_item(?item=item_4,?kitting_table=kitting_table_0)",100.0,"deliver_item(?item=item_4,?kitting_table=kitting_table_0)",3.0,"deliver_item(?item=item_4,?kitting_table=kitting_table_0)",3.0,"deliver_item(?item=item_4,?kitting_table=kitting_table_0)",3.0,"deliver_item(?item=item_4,?kitting_table=kitting_table_0)",3.0,False,False,False,False,False,False,False,False,False,"deliver_item(?item=item_4,?kitting_table=kitting_table_0)",46.553914026145996,realized,0.0,0.0,realized,0.0,0.0,"deliver_item(?item=item_7,?kitting_table=kitting_table_0)",66.94317185608284,0.0,46.553914026145996,20.389257829936845,True
s40_off,env_layout4,98,task_committed,primary,True,"deliver_item(?item=item_3,?kitting_table=kitting_table_0)","deliver_item(?item=item_3,?kitting_table=kitting_table_0)",True,False,False,0.9930417564090559,17.419336942078417,"deliver_item(?item=item_4,?kitting_table=kitting_table_0)",item_4,3,True,"deliver_item(?item=item_4,?kitting_table=kitting_table_0)","deliver_item(?item=item_4,?kitting_table=kitting_table_0)",150.0,"deliver_item(?item=item_4,?kitting_table=kitting_table_0)",3.0,"deliver_item(?item=item_4,?kitting_table=kitting_table_0)",3.0,"deliver_item(?item=item_4,?kitting_table=kitting_table_0)",3.0,"deliver_item(?item=item_4,?kitting_table=kitting_table_0)",3.0,False,False,False,False,False,False,False,False,False,"deliver_item(?item=item_4,?kitting_table=kitting_table_0)",46.553914026145996,realized,0.0,0.0,realized,0.0,0.0,"deliver_item(?item=item_7,?kitting_table=kitting_table_0)",66.94317185608284,0.0,46.553914026145996,20.389257829936845,True
s40_off,env_layout4,98,task_committed,primary,True,"deliver_item(?item=item_3,?kitting_table=kitting_table_0)","deliver_item(?item=item_3,?kitting_table=kitting_table_0)",True,False,False,0.9930417564090559,17.419336942078417,"deliver_item(?item=item_4,?kitting_table=kitting_table_0)",item_4,3,True,"deliver_item(?item=item_4,?kitting_table=kitting_table_0)","deliver_item(?item=item_4,?kitting_table=kitting_table_0)",200.0,"deliver_item(?item=item_4,?kitting_table=kitting_table_0)",3.0,"deliver_item(?item=item_4,?kitting_table=kitting_table_0)",3.0,"deliver_item(?item=item_4,?kitting_table=kitting_table_0)",3.0,"deliver_item(?item=item_4,?kitting_table=kitting_table_0)",3.0,False,False,False,False,False,False,False,False,False,"deliver_item(?item=item_4,?kitting_table=kitting_table_0)",46.553914026145996,realized,0.0,0.0,realized,0.0,0.0,"deliver_item(?item=item_7,?kitting_table=kitting_table_0)",66.94317185608284,0.0,46.553914026145996,20.389257829936845,True
s40_off,env_layout4,98,task_committed,primary,True,"deliver_item(?item=item_3,?kitting_table=kitting_table_0)","deliver_item(?item=item_3,?kitting_table=kitting_table_0)",True,False,False,0.9930417564090559,17.419336942078417,"deliver_item(?item=item_4,?kitting_table=kitting_table_0)",item_4,3,True,"deliver_item(?item=item_4,?kitting_table=kitting_table_0)","deliver_item(?item=item_4,?kitting_table=kitting_table_0)",300.0,"deliver_item(?item=item_4,?kitting_table=kitting_table_0)",3.0,"deliver_item(?item=item_4,?kitting_table=kitting_table_0)",3.0,"deliver_item(?item=item_4,?kitting_table=kitting_table_0)",3.0,"deliver_item(?item=item_4,?kitting_table=kitting_table_0)",3.0,False,False,False,False,False,False,False,False,False,"deliver_item(?item=item_4,?kitting_table=kitting_table_0)",46.553914026145996,realized,0.0,0.0,realized,0.0,0.0,"deliver_item(?item=item_7,?kitting_table=kitting_table_0)",66.94317185608284,0.0,46.553914026145996,20.389257829936845,True
s40_off,env_layout4,98,task_committed,primary,True,"deliver_item(?item=item_3,?kitting_table=kitting_table_0)","deliver_item(?item=item_3,?kitting_table=kitting_table_0)",True,False,False,0.9930417564090559,17.419336942078417,"deliver_item(?item=item_4,?kitting_table=kitting_table_0)",item_4,3,True,"deliver_item(?item=item_4,?kitting_table=kitting_table_0)","deliver_item(?item=item_4,?kitting_table=kitting_table_0)",400.0,"deliver_item(?item=item_4,?kitting_table=kitting_table_0)",3.0,"deliver_item(?item=item_4,?kitting_table=kitting_table_0)",3.0,"deliver_item(?item=item_4,?kitting_table=kitting_table_0)",3.0,"deliver_item(?item=item_4,?kitting_table=kitting_table_0)",3.0,False,False,False,False,False,False,False,False,False,"deliver_item(?item=item_4,?kitting_table=kitting_table_0)",46.553914026145996,realized,0.0,0.0,realized,0.0,0.0,"deliver_item(?item=item_7,?kitting_table=kitting_table_0)",66.94317185608284,0.0,46.553914026145996,20.389257829936845,True
s40_off,env_layout4,98,task_committed,primary,True,"deliver_item(?item=item_3,?kitting_table=kitting_table_0)","deliver_item(?item=item_3,?kitting_table=kitting_table_0)",True,False,False,0.9930417564090559,17.419336942078417,"deliver_item(?item=item_4,?kitting_table=kitting_table_0)",item_4,3,True,"deliver_item(?item=item_4,?kitting_table=kitting_table_0)","deliver_item(?item=item_4,?kitting_table=kitting_table_0)",600.0,"deliver_item(?item=item_7,?kitting_table=kitting_table_0)",2.0,"deliver_item(?item=item_4,?kitting_table=kitting_table_0)",3.0,"deliver_item(?item=item_4,?kitting_table=kitting_table_0)",3.0,"deliver_item(?item=item_4,?kitting_table=kitting_table_0)",3.0,False,False,False,False,True,True,False,False,False,"deliver_item(?item=item_4,?kitting_table=kitting_table_0)",46.553914026145996,none:beyond_horizon,,1.87,realized,,,"deliver_item(?item=item_7,?kitting_table=kitting_table_0)",66.94317185608284,0.0,,,False
s40_off,env_layout4,143,theta_crossed,primary,True,coffee_break(?coffee_machine=coffee_machine_0),coffee_break(?coffee_machine=coffee_machine_0),True,False,False,0.7619503755026662,11.796764725470892,"deliver_item(?item=item_4,?kitting_table=kitting_table_0)",item_4,3,True,"deliver_item(?item=item_4,?kitting_table=kitting_table_0)","deliver_item(?item=item_4,?kitting_table=kitting_table_0)",5.0,"deliver_item(?item=item_4,?kitting_table=kitting_table_0)",3.0,"deliver_item(?item=item_4,?kitting_table=kitting_table_0)",3.0,"deliver_item(?item=item_4,?kitting_table=kitting_table_0)",3.0,"deliver_item(?item=item_4,?kitting_table=kitting_table_0)",3.0,False,False,False,False,False,False,False,False,False,"deliver_item(?item=item_4,?kitting_table=kitting_table_0)",1.5539140261459978,realized,0.0,0.0,realized,0.0,0.0,"deliver_item(?item=item_7,?kitting_table=kitting_table_0)",111.78517963587387,0.0,1.5539140261459978,110.23126560972787,True
s40_off,env_layout4,143,theta_crossed,primary,True,coffee_break(?coffee_machine=coffee_machine_0),coffee_break(?coffee_machine=coffee_machine_0),True,False,False,0.7619503755026662,11.796764725470892,"deliver_item(?item=item_4,?kitting_table=kitting_table_0)",item_4,3,True,"deliver_item(?item=item_4,?kitting_table=kitting_table_0)","deliver_item(?item=item_4,?kitting_table=kitting_table_0)",10.0,"deliver_item(?item=item_4,?kitting_table=kitting_table_0)",3.0,"deliver_item(?item=item_4,?kitting_table=kitting_table_0)",3.0,"deliver_item(?item=item_4,?kitting_table=kitting_table_0)",3.0,"deliver_item(?item=item_4,?kitting_table=kitting_table_0)",3.0,False,False,False,False,False,False,False,False,False,"deliver_item(?item=item_4,?kitting_table=kitting_table_0)",1.5539140261459978,realized,0.0,0.0,realized,0.0,0.0,"deliver_item(?item=item_7,?kitting_table=kitting_table_0)",111.78517963587387,0.0,1.5539140261459978,110.23126560972787,True
s40_off,env_layout4,143,theta_crossed,primary,True,coffee_break(?coffee_machine=coffee_machine_0),coffee_break(?coffee_machine=coffee_machine_0),True,False,False,0.7619503755026662,11.796764725470892,"deliver_item(?item=item_4,?kitting_table=kitting_table_0)",item_4,3,True,"deliver_item(?item=item_4,?kitting_table=kitting_table_0)","deliver_item(?item=item_4,?kitting_table=kitting_table_0)",20.0,"deliver_item(?item=item_4,?kitting_table=kitting_table_0)",3.0,"deliver_item(?item=item_4,?kitting_table=kitting_table_0)",3.0,"deliver_item(?item=item_4,?kitting_table=kitting_table_0)",3.0,"deliver_item(?item=item_4,?kitting_table=kitting_table_0)",3.0,False,False,False,False,False,False,False,False,False,"deliver_item(?item=item_4,?kitting_table=kitting_table_0)",1.5539140261459978,realized,0.0,0.0,realized,0.0,0.0,"deliver_item(?item=item_7,?kitting_table=kitting_table_0)",111.78517963587387,0.0,1.5539140261459978,110.23126560972787,True
s40_off,env_layout4,143,theta_crossed,primary,True,coffee_break(?coffee_machine=coffee_machine_0),coffee_break(?coffee_machine=coffee_machine_0),True,False,False,0.7619503755026662,11.796764725470892,"deliver_item(?item=item_4,?kitting_table=kitting_table_0)",item_4,3,True,"deliver_item(?item=item_4,?kitting_table=kitting_table_0)","deliver_item(?item=item_4,?kitting_table=kitting_table_0)",30.0,"deliver_item(?item=item_4,?kitting_table=kitting_table_0)",3.0,"deliver_item(?item=item_4,?kitting_table=kitting_table_0)",3.0,"deliver_item(?item=item_4,?kitting_table=kitting_table_0)",3.0,"deliver_item(?item=item_4,?kitting_table=kitting_table_0)",3.0,False,False,False,False,False,False,False,False,False,"deliver_item(?item=item_4,?kitting_table=kitting_table_0)",1.5539140261459978,realized,0.0,0.0,realized,0.0,0.0,"deliver_item(?item=item_7,?kitting_table=kitting_table_0)",111.78517963587387,0.0,1.5539140261459978,110.23126560972787,True
s40_off,env_layout4,143,theta_crossed,primary,True,coffee_break(?coffee_machine=coffee_machine_0),coffee_break(?coffee_machine=coffee_machine_0),True,False,False,0.7619503755026662,11.796764725470892,"deliver_item(?item=item_4,?kitting_table=kitting_table_0)",item_4,3,True,"deliver_item(?item=item_4,?kitting_table=kitting_table_0)","deliver_item(?item=item_4,?kitting_table=kitting_table_0)",40.0,"deliver_item(?item=item_4,?kitting_table=kitting_table_0)",3.0,"deliver_item(?item=item_4,?kitting_table=kitting_table_0)",3.0,"deliver_item(?item=item_4,?kitting_table=kitting_table_0)",3.0,"deliver_item(?item=item_4,?kitting_table=kitting_table_0)",3.0,False,False,False,False,False,False,False,False,False,"deliver_item(?item=item_4,?kitting_table=kitting_table_0)",1.5539140261459978,realized,0.0,0.0,realized,0.0,0.0,"deliver_item(?item=item_7,?kitting_table=kitting_table_0)",111.78517963587387,0.0,1.5539140261459978,110.23126560972787,True
s40_off,env_layout4,143,theta_crossed,primary,True,coffee_break(?coffee_machine=coffee_machine_0),coffee_break(?coffee_machine=coffee_machine_0),True,False,False,0.7619503755026662,11.796764725470892,"deliver_item(?item=item_4,?kitting_table=kitting_table_0)",item_4,3,True,"deliver_item(?item=item_4,?kitting_table=kitting_table_0)","deliver_item(?item=item_4,?kitting_table=kitting_table_0)",50.0,"deliver_item(?item=item_4,?kitting_table=kitting_table_0)",3.0,"deliver_item(?item=item_4,?kitting_table=kitting_table_0)",3.0,"deliver_item(?item=item_4,?kitting_table=kitting_table_0)",3.0,"deliver_item(?item=item_4,?kitting_table=kitting_table_0)",3.0,False,False,False,False,False,False,False,False,False,"deliver_item(?item=item_4,?kitting_table=kitting_table_0)",1.5539140261459978,realized,0.0,0.0,realized,0.0,0.0,"deliver_item(?item=item_7,?kitting_table=kitting_table_0)",111.78517963587387,0.0,1.5539140261459978,110.23126560972787,True
s40_off,env_layout4,143,theta_crossed,primary,True,coffee_break(?coffee_machine=coffee_machine_0),coffee_break(?coffee_machine=coffee_machine_0),True,False,False,0.7619503755026662,11.796764725470892,"deliver_item(?item=item_4,?kitting_table=kitting_table_0)",item_4,3,True,"deliver_item(?item=item_4,?kitting_table=kitting_table_0)","deliver_item(?item=item_4,?kitting_table=kitting_table_0)",75.0,"deliver_item(?item=item_4,?kitting_table=kitting_table_0)",3.0,"deliver_item(?item=item_4,?kitting_table=kitting_table_0)",3.0,"deliver_item(?item=item_4,?kitting_table=kitting_table_0)",3.0,"deliver_item(?item=item_4,?kitting_table=kitting_table_0)",3.0,False,False,False,False,False,False,False,False,False,"deliver_item(?item=item_4,?kitting_table=kitting_table_0)",1.5539140261459978,realized,0.0,0.0,realized,0.0,0.0,"deliver_item(?item=item_7,?kitting_table=kitting_table_0)",111.78517963587387,0.0,1.5539140261459978,110.23126560972787,True
s40_off,env_layout4,143,theta_crossed,primary,True,coffee_break(?coffee_machine=coffee_machine_0),coffee_break(?coffee_machine=coffee_machine_0),True,False,False,0.7619503755026662,11.796764725470892,"deliver_item(?item=item_4,?kitting_table=kitting_table_0)",item_4,3,True,"deliver_item(?item=item_4,?kitting_table=kitting_table_0)","deliver_item(?item=item_4,?kitting_table=kitting_table_0)",100.0,"deliver_item(?item=item_4,?kitting_table=kitting_table_0)",3.0,"deliver_item(?item=item_4,?kitting_table=kitting_table_0)",3.0,"deliver_item(?item=item_4,?kitting_table=kitting_table_0)",3.0,"deliver_item(?item=item_4,?kitting_table=kitting_table_0)",3.0,False,False,False,False,False,False,False,False,False,"deliver_item(?item=item_4,?kitting_table=kitting_table_0)",1.5539140261459978,realized,0.0,0.0,realized,0.0,0.0,"deliver_item(?item=item_7,?kitting_table=kitting_table_0)",111.78517963587387,0.0,1.5539140261459978,110.23126560972787,True
s40_off,env_layout4,143,theta_crossed,primary,True,coffee_break(?coffee_machine=coffee_machine_0),coffee_break(?coffee_machine=coffee_machine_0),True,False,False,0.7619503755026662,11.796764725470892,"deliver_item(?item=item_4,?kitting_table=kitting_table_0)",item_4,3,True,"deliver_item(?item=item_4,?kitting_table=kitting_table_0)","deliver_item(?item=item_4,?kitting_table=kitting_table_0)",150.0,"deliver_item(?item=item_4,?kitting_table=kitting_table_0)",3.0,"deliver_item(?item=item_4,?kitting_table=kitting_table_0)",3.0,"deliver_item(?item=item_4,?kitting_table=kitting_table_0)",3.0,"deliver_item(?item=item_4,?kitting_table=kitting_table_0)",3.0,False,False,False,False,False,False,False,False,False,"deliver_item(?item=item_4,?kitting_table=kitting_table_0)",1.5539140261459978,realized,0.0,0.0,realized,0.0,0.0,"deliver_item(?item=item_7,?kitting_table=kitting_table_0)",111.78517963587387,0.0,1.5539140261459978,110.23126560972787,True
s40_off,env_layout4,143,theta_crossed,primary,True,coffee_break(?coffee_machine=coffee_machine_0),coffee_break(?coffee_machine=coffee_machine_0),True,False,False,0.7619503755026662,11.796764725470892,"deliver_item(?item=item_4,?kitting_table=kitting_table_0)",item_4,3,True,"deliver_item(?item=item_4,?kitting_table=kitting_table_0)","deliver_item(?item=item_4,?kitting_table=kitting_table_0)",200.0,"deliver_item(?item=item_4,?kitting_table=kitting_table_0)",3.0,"deliver_item(?item=item_4,?kitting_table=kitting_table_0)",3.0,"deliver_item(?item=item_4,?kitting_table=kitting_table_0)",3.0,"deliver_item(?item=item_4,?kitting_table=kitting_table_0)",3.0,False,False,False,False,False,False,False,False,False,"deliver_item(?item=item_4,?kitting_table=kitting_table_0)",1.5539140261459978,realized,0.0,0.0,realized,0.0,0.0,"deliver_item(?item=item_7,?kitting_table=kitting_table_0)",111.78517963587387,0.0,1.5539140261459978,110.23126560972787,True
s40_off,env_layout4,143,theta_crossed,primary,True,coffee_break(?coffee_machine=coffee_machine_0),coffee_break(?coffee_machine=coffee_machine_0),True,False,False,0.7619503755026662,11.796764725470892,"deliver_item(?item=item_4,?kitting_table=kitting_table_0)",item_4,3,True,"deliver_item(?item=item_4,?kitting_table=kitting_table_0)","deliver_item(?item=item_4,?kitting_table=kitting_table_0)",300.0,"deliver_item(?item=item_4,?kitting_table=kitting_table_0)",3.0,"deliver_item(?item=item_4,?kitting_table=kitting_table_0)",3.0,"deliver_item(?item=item_4,?kitting_table=kitting_table_0)",3.0,"deliver_item(?item=item_4,?kitting_table=kitting_table_0)",3.0,False,False,False,False,False,False,False,False,False,"deliver_item(?item=item_4,?kitting_table=kitting_table_0)",1.5539140261459978,realized,0.0,0.0,realized,0.0,0.0,"deliver_item(?item=item_7,?kitting_table=kitting_table_0)",111.78517963587387,0.0,1.5539140261459978,110.23126560972787,True
s40_off,env_layout4,143,theta_crossed,primary,True,coffee_break(?coffee_machine=coffee_machine_0),coffee_break(?coffee_machine=coffee_machine_0),True,False,False,0.7619503755026662,11.796764725470892,"deliver_item(?item=item_4,?kitting_table=kitting_table_0)",item_4,3,True,"deliver_item(?item=item_4,?kitting_table=kitting_table_0)","deliver_item(?item=item_4,?kitting_table=kitting_table_0)",400.0,"deliver_item(?item=item_4,?kitting_table=kitting_table_0)",3.0,"deliver_item(?item=item_4,?kitting_table=kitting_table_0)",3.0,"deliver_item(?item=item_4,?kitting_table=kitting_table_0)",3.0,"deliver_item(?item=item_4,?kitting_table=kitting_table_0)",3.0,False,False,False,False,False,False,False,False,False,"deliver_item(?item=item_4,?kitting_table=kitting_table_0)",1.5539140261459978,realized,0.0,0.0,realized,0.0,0.0,"deliver_item(?item=item_7,?kitting_table=kitting_table_0)",111.78517963587387,0.0,1.5539140261459978,110.23126560972787,True
s40_off,env_layout4,143,theta_crossed,primary,True,coffee_break(?coffee_machine=coffee_machine_0),coffee_break(?coffee_machine=coffee_machine_0),True,False,False,0.7619503755026662,11.796764725470892,"deliver_item(?item=item_4,?kitting_table=kitting_table_0)",item_4,3,True,"deliver_item(?item=item_4,?kitting_table=kitting_table_0)","deliver_item(?item=item_4,?kitting_table=kitting_table_0)",600.0,,0.0,,0.0,,0.0,,0.0,True,True,True,False,False,False,False,False,False,"deliver_item(?item=item_4,?kitting_table=kitting_table_0)",1.5539140261459978,none:hold_position_violated,,,none:no_feasible_start,,,,,,,,False
s40_off,env_layout4,147,no_current_task,primary,True,coffee_break(?coffee_machine=coffee_machine_0),coffee_break(?coffee_machine=coffee_machine_0),True,False,False,0.8204748133026483,7.796764725470889,,,2,False,"deliver_item(?item=item_7,?kitting_table=kitting_table_0)","deliver_item(?item=item_7,?kitting_table=kitting_table_0)",5.0,"deliver_item(?item=item_7,?kitting_table=kitting_table_0)",2.0,"deliver_item(?item=item_7,?kitting_table=kitting_table_0)",2.0,"deliver_item(?item=item_7,?kitting_table=kitting_table_0)",2.0,"deliver_item(?item=item_7,?kitting_table=kitting_table_0)",2.0,False,False,False,False,False,False,False,False,False,,,,,,,,,,,,,,
s40_off,env_layout4,147,no_current_task,primary,True,coffee_break(?coffee_machine=coffee_machine_0),coffee_break(?coffee_machine=coffee_machine_0),True,False,False,0.8204748133026483,7.796764725470889,,,2,False,"deliver_item(?item=item_7,?kitting_table=kitting_table_0)","deliver_item(?item=item_7,?kitting_table=kitting_table_0)",10.0,"deliver_item(?item=item_7,?kitting_table=kitting_table_0)",2.0,"deliver_item(?item=item_7,?kitting_table=kitting_table_0)",2.0,"deliver_item(?item=item_7,?kitting_table=kitting_table_0)",2.0,"deliver_item(?item=item_7,?kitting_table=kitting_table_0)",2.0,False,False,False,False,False,False,False,False,False,,,,,,,,,,,,,,
s40_off,env_layout4,147,no_current_task,primary,True,coffee_break(?coffee_machine=coffee_machine_0),coffee_break(?coffee_machine=coffee_machine_0),True,False,False,0.8204748133026483,7.796764725470889,,,2,False,"deliver_item(?item=item_7,?kitting_table=kitting_table_0)","deliver_item(?item=item_7,?kitting_table=kitting_table_0)",20.0,"deliver_item(?item=item_7,?kitting_table=kitting_table_0)",2.0,"deliver_item(?item=item_7,?kitting_table=kitting_table_0)",2.0,"deliver_item(?item=item_7,?kitting_table=kitting_table_0)",2.0,"deliver_item(?item=item_7,?kitting_table=kitting_table_0)",2.0,False,False,False,False,False,False,False,False,False,,,,,,,,,,,,,,
s40_off,env_layout4,147,no_current_task,primary,True,coffee_break(?coffee_machine=coffee_machine_0),coffee_break(?coffee_machine=coffee_machine_0),True,False,False,0.8204748133026483,7.796764725470889,,,2,False,"deliver_item(?item=item_7,?kitting_table=kitting_table_0)","deliver_item(?item=item_7,?kitting_table=kitting_table_0)",30.0,"deliver_item(?item=item_7,?kitting_table=kitting_table_0)",2.0,"deliver_item(?item=item_7,?kitting_table=kitting_table_0)",2.0,"deliver_item(?item=item_7,?kitting_table=kitting_table_0)",2.0,"deliver_item(?item=item_7,?kitting_table=kitting_table_0)",2.0,False,False,False,False,False,False,False,False,False,,,,,,,,,,,,,,
s40_off,env_layout4,147,no_current_task,primary,True,coffee_break(?coffee_machine=coffee_machine_0),coffee_break(?coffee_machine=coffee_machine_0),True,False,False,0.8204748133026483,7.796764725470889,,,2,False,"deliver_item(?item=item_7,?kitting_table=kitting_table_0)","deliver_item(?item=item_7,?kitting_table=kitting_table_0)",40.0,"deliver_item(?item=item_7,?kitting_table=kitting_table_0)",2.0,"deliver_item(?item=item_7,?kitting_table=kitting_table_0)",2.0,"deliver_item(?item=item_7,?kitting_table=kitting_table_0)",2.0,"deliver_item(?item=item_7,?kitting_table=kitting_table_0)",2.0,False,False,False,False,False,False,False,False,False,,,,,,,,,,,,,,
s40_off,env_layout4,147,no_current_task,primary,True,coffee_break(?coffee_machine=coffee_machine_0),coffee_break(?coffee_machine=coffee_machine_0),True,False,False,0.8204748133026483,7.796764725470889,,,2,False,"deliver_item(?item=item_7,?kitting_table=kitting_table_0)","deliver_item(?item=item_7,?kitting_table=kitting_table_0)",50.0,"deliver_item(?item=item_7,?kitting_table=kitting_table_0)",2.0,"deliver_item(?item=item_7,?kitting_table=kitting_table_0)",2.0,"deliver_item(?item=item_7,?kitting_table=kitting_table_0)",2.0,"deliver_item(?item=item_7,?kitting_table=kitting_table_0)",2.0,False,False,False,False,False,False,False,False,False,,,,,,,,,,,,,,
s40_off,env_layout4,147,no_current_task,primary,True,coffee_break(?coffee_machine=coffee_machine_0),coffee_break(?coffee_machine=coffee_machine_0),True,False,False,0.8204748133026483,7.796764725470889,,,2,False,"deliver_item(?item=item_7,?kitting_table=kitting_table_0)","deliver_item(?item=item_7,?kitting_table=kitting_table_0)",75.0,"deliver_item(?item=item_7,?kitting_table=kitting_table_0)",2.0,"deliver_item(?item=item_7,?kitting_table=kitting_table_0)",2.0,"deliver_item(?item=item_7,?kitting_table=kitting_table_0)",2.0,"deliver_item(?item=item_7,?kitting_table=kitting_table_0)",2.0,False,False,False,False,False,False,False,False,False,,,,,,,,,,,,,,
s40_off,env_layout4,147,no_current_task,primary,True,coffee_break(?coffee_machine=coffee_machine_0),coffee_break(?coffee_machine=coffee_machine_0),True,False,False,0.8204748133026483,7.796764725470889,,,2,False,"deliver_item(?item=item_7,?kitting_table=kitting_table_0)","deliver_item(?item=item_7,?kitting_table=kitting_table_0)",100.0,"deliver_item(?item=item_7,?kitting_table=kitting_table_0)",2.0,"deliver_item(?item=item_7,?kitting_table=kitting_table_0)",2.0,"deliver_item(?item=item_7,?kitting_table=kitting_table_0)",2.0,"deliver_item(?item=item_7,?kitting_table=kitting_table_0)",2.0,False,False,False,False,False,False,False,False,False,,,,,,,,,,,,,,
s40_off,env_layout4,147,no_current_task,primary,True,coffee_break(?coffee_machine=coffee_machine_0),coffee_break(?coffee_machine=coffee_machine_0),True,False,False,0.8204748133026483,7.796764725470889,,,2,False,"deliver_item(?item=item_7,?kitting_table=kitting_table_0)","deliver_item(?item=item_7,?kitting_table=kitting_table_0)",150.0,"deliver_item(?item=item_7,?kitting_table=kitting_table_0)",2.0,"deliver_item(?item=item_7,?kitting_table=kitting_table_0)",2.0,"deliver_item(?item=item_7,?kitting_table=kitting_table_0)",2.0,"deliver_item(?item=item_7,?kitting_table=kitting_table_0)",2.0,False,False,False,False,False,False,False,False,False,,,,,,,,,,,,,,
s40_off,env_layout4,147,no_current_task,primary,True,coffee_break(?coffee_machine=coffee_machine_0),coffee_break(?coffee_machine=coffee_machine_0),True,False,False,0.8204748133026483,7.796764725470889,,,2,False,"deliver_item(?item=item_7,?kitting_table=kitting_table_0)","deliver_item(?item=item_7,?kitting_table=kitting_table_0)",200.0,"deliver_item(?item=item_7,?kitting_table=kitting_table_0)",2.0,"deliver_item(?item=item_7,?kitting_table=kitting_table_0)",2.0,"deliver_item(?item=item_7,?kitting_table=kitting_table_0)",2.0,"deliver_item(?item=item_7,?kitting_table=kitting_table_0)",2.0,False,False,False,False,False,False,False,False,False,,,,,,,,,,,,,,
s40_off,env_layout4,147,no_current_task,primary,True,coffee_break(?coffee_machine=coffee_machine_0),coffee_break(?coffee_machine=coffee_machine_0),True,False,False,0.8204748133026483,7.796764725470889,,,2,False,"deliver_item(?item=item_7,?kitting_table=kitting_table_0)","deliver_item(?item=item_7,?kitting_table=kitting_table_0)",300.0,"deliver_item(?item=item_7,?kitting_table=kitting_table_0)",2.0,"deliver_item(?item=item_7,?kitting_table=kitting_table_0)",2.0,"deliver_item(?item=item_7,?kitting_table=kitting_table_0)",2.0,"deliver_item(?item=item_7,?kitting_table=kitting_table_0)",2.0,False,False,False,False,False,False,False,False,False,,,,,,,,,,,,,,
s40_off,env_layout4,147,no_current_task,primary,True,coffee_break(?coffee_machine=coffee_machine_0),coffee_break(?coffee_machine=coffee_machine_0),True,False,False,0.8204748133026483,7.796764725470889,,,2,False,"deliver_item(?item=item_7,?kitting_table=kitting_table_0)","deliver_item(?item=item_7,?kitting_table=kitting_table_0)",400.0,"deliver_item(?item=item_7,?kitting_table=kitting_table_0)",2.0,"deliver_item(?item=item_7,?kitting_table=kitting_table_0)",2.0,"deliver_item(?item=item_7,?kitting_table=kitting_table_0)",2.0,"deliver_item(?item=item_7,?kitting_table=kitting_table_0)",2.0,False,False,False,False,False,False,False,False,False,,,,,,,,,,,,,,
s40_off,env_layout4,147,no_current_task,primary,True,coffee_break(?coffee_machine=coffee_machine_0),coffee_break(?coffee_machine=coffee_machine_0),True,False,False,0.8204748133026483,7.796764725470889,,,2,False,"deliver_item(?item=item_7,?kitting_table=kitting_table_0)","deliver_item(?item=item_7,?kitting_table=kitting_table_0)",600.0,"deliver_item(?item=item_7,?kitting_table=kitting_table_0)",2.0,"deliver_item(?item=item_7,?kitting_table=kitting_table_0)",2.0,"deliver_item(?item=item_7,?kitting_table=kitting_table_0)",2.0,"deliver_item(?item=item_7,?kitting_table=kitting_table_0)",2.0,False,False,False,False,False,False,False,False,False,,,,,,,,,,,,,,
s40_off,env_layout4,195,task_committed,counterfactual,False,"deliver_item(?item=item_6,?kitting_table=kitting_table_0)",ac_activation(?ac_switch=wander_0),False,False,False,0.28747753650586433,100.21898365780608,"deliver_item(?item=item_7,?kitting_table=kitting_table_0)",item_7,2,True,"deliver_item(?item=item_7,?kitting_table=kitting_table_0)","deliver_item(?item=item_7,?kitting_table=kitting_table_0)",5.0,"deliver_item(?item=item_7,?kitting_table=kitting_table_0)",2.0,"deliver_item(?item=item_7,?kitting_table=kitting_table_0)",2.0,"deliver_item(?item=item_7,?kitting_table=kitting_table_0)",2.0,"deliver_item(?item=item_7,?kitting_table=kitting_table_0)",2.0,False,False,False,False,False,False,False,False,False,"deliver_item(?item=item_7,?kitting_table=kitting_table_0)",47.5206071372028,realized,0.0,0.0,realized,0.0,0.0,"deliver_item(?item=item_5,?kitting_table=kitting_table_0)",111.9764070279985,0.0,47.5206071372028,64.4557998907957,True
s40_off,env_layout4,195,task_committed,counterfactual,False,"deliver_item(?item=item_6,?kitting_table=kitting_table_0)",ac_activation(?ac_switch=wander_0),False,False,False,0.28747753650586433,100.21898365780608,"deliver_item(?item=item_7,?kitting_table=kitting_table_0)",item_7,2,True,"deliver_item(?item=item_7,?kitting_table=kitting_table_0)","deliver_item(?item=item_7,?kitting_table=kitting_table_0)",10.0,"deliver_item(?item=item_7,?kitting_table=kitting_table_0)",2.0,"deliver_item(?item=item_7,?kitting_table=kitting_table_0)",2.0,"deliver_item(?item=item_7,?kitting_table=kitting_table_0)",2.0,"deliver_item(?item=item_7,?kitting_table=kitting_table_0)",2.0,False,False,False,False,False,False,False,False,False,"deliver_item(?item=item_7,?kitting_table=kitting_table_0)",47.5206071372028,realized,0.0,0.0,realized,0.0,0.0,"deliver_item(?item=item_5,?kitting_table=kitting_table_0)",111.9764070279985,0.0,47.5206071372028,64.4557998907957,True
s40_off,env_layout4,195,task_committed,counterfactual,False,"deliver_item(?item=item_6,?kitting_table=kitting_table_0)",ac_activation(?ac_switch=wander_0),False,False,False,0.28747753650586433,100.21898365780608,"deliver_item(?item=item_7,?kitting_table=kitting_table_0)",item_7,2,True,"deliver_item(?item=item_7,?kitting_table=kitting_table_0)","deliver_item(?item=item_7,?kitting_table=kitting_table_0)",20.0,"deliver_item(?item=item_7,?kitting_table=kitting_table_0)",2.0,"deliver_item(?item=item_7,?kitting_table=kitting_table_0)",2.0,"deliver_item(?item=item_7,?kitting_table=kitting_table_0)",2.0,"deliver_item(?item=item_7,?kitting_table=kitting_table_0)",2.0,False,False,False,False,False,False,False,False,False,"deliver_item(?item=item_7,?kitting_table=kitting_table_0)",47.5206071372028,realized,0.0,0.0,realized,0.0,0.0,"deliver_item(?item=item_5,?kitting_table=kitting_table_0)",111.9764070279985,0.0,47.5206071372028,64.4557998907957,True
s40_off,env_layout4,195,task_committed,counterfactual,False,"deliver_item(?item=item_6,?kitting_table=kitting_table_0)",ac_activation(?ac_switch=wander_0),False,False,False,0.28747753650586433,100.21898365780608,"deliver_item(?item=item_7,?kitting_table=kitting_table_0)",item_7,2,True,"deliver_item(?item=item_7,?kitting_table=kitting_table_0)","deliver_item(?item=item_7,?kitting_table=kitting_table_0)",30.0,"deliver_item(?item=item_7,?kitting_table=kitting_table_0)",2.0,"deliver_item(?item=item_7,?kitting_table=kitting_table_0)",2.0,"deliver_item(?item=item_7,?kitting_table=kitting_table_0)",2.0,"deliver_item(?item=item_7,?kitting_table=kitting_table_0)",2.0,False,False,False,False,False,False,False,False,False,"deliver_item(?item=item_7,?kitting_table=kitting_table_0)",47.5206071372028,realized,0.0,0.0,realized,0.0,0.0,"deliver_item(?item=item_5,?kitting_table=kitting_table_0)",111.9764070279985,0.0,47.5206071372028,64.4557998907957,True
s40_off,env_layout4,195,task_committed,counterfactual,False,"deliver_item(?item=item_6,?kitting_table=kitting_table_0)",ac_activation(?ac_switch=wander_0),False,False,False,0.28747753650586433,100.21898365780608,"deliver_item(?item=item_7,?kitting_table=kitting_table_0)",item_7,2,True,"deliver_item(?item=item_7,?kitting_table=kitting_table_0)","deliver_item(?item=item_7,?kitting_table=kitting_table_0)",40.0,"deliver_item(?item=item_7,?kitting_table=kitting_table_0)",2.0,"deliver_item(?item=item_7,?kitting_table=kitting_table_0)",2.0,"deliver_item(?item=item_7,?kitting_table=kitting_table_0)",2.0,"deliver_item(?item=item_7,?kitting_table=kitting_table_0)",2.0,False,False,False,False,False,False,False,False,False,"deliver_item(?item=item_7,?kitting_table=kitting_table_0)",47.5206071372028,realized,0.0,0.0,realized,0.0,0.0,"deliver_item(?item=item_5,?kitting_table=kitting_table_0)",111.9764070279985,0.0,47.5206071372028,64.4557998907957,True
s40_off,env_layout4,195,task_committed,counterfactual,False,"deliver_item(?item=item_6,?kitting_table=kitting_table_0)",ac_activation(?ac_switch=wander_0),False,False,False,0.28747753650586433,100.21898365780608,"deliver_item(?item=item_7,?kitting_table=kitting_table_0)",item_7,2,True,"deliver_item(?item=item_7,?kitting_table=kitting_table_0)","deliver_item(?item=item_7,?kitting_table=kitting_table_0)",50.0,"deliver_item(?item=item_7,?kitting_table=kitting_table_0)",2.0,"deliver_item(?item=item_7,?kitting_table=kitting_table_0)",2.0,"deliver_item(?item=item_7,?kitting_table=kitting_table_0)",2.0,"deliver_item(?item=item_7,?kitting_table=kitting_table_0)",2.0,False,False,False,False,False,False,False,False,False,"deliver_item(?item=item_7,?kitting_table=kitting_table_0)",47.5206071372028,realized,0.0,0.0,realized,0.0,0.0,"deliver_item(?item=item_5,?kitting_table=kitting_table_0)",111.9764070279985,0.0,47.5206071372028,64.4557998907957,True
s40_off,env_layout4,195,task_committed,counterfactual,False,"deliver_item(?item=item_6,?kitting_table=kitting_table_0)",ac_activation(?ac_switch=wander_0),False,False,False,0.28747753650586433,100.21898365780608,"deliver_item(?item=item_7,?kitting_table=kitting_table_0)",item_7,2,True,"deliver_item(?item=item_7,?kitting_table=kitting_table_0)","deliver_item(?item=item_7,?kitting_table=kitting_table_0)",75.0,"deliver_item(?item=item_7,?kitting_table=kitting_table_0)",2.0,"deliver_item(?item=item_7,?kitting_table=kitting_table_0)",2.0,"deliver_item(?item=item_7,?kitting_table=kitting_table_0)",2.0,"deliver_item(?item=item_7,?kitting_table=kitting_table_0)",2.0,False,False,False,False,False,False,False,False,False,"deliver_item(?item=item_7,?kitting_table=kitting_table_0)",47.5206071372028,realized,0.0,0.0,realized,0.0,0.0,"deliver_item(?item=item_5,?kitting_table=kitting_table_0)",111.9764070279985,0.0,47.5206071372028,64.4557998907957,True
s40_off,env_layout4,195,task_committed,counterfactual,False,"deliver_item(?item=item_6,?kitting_table=kitting_table_0)",ac_activation(?ac_switch=wander_0),False,False,False,0.28747753650586433,100.21898365780608,"deliver_item(?item=item_7,?kitting_table=kitting_table_0)",item_7,2,True,"deliver_item(?item=item_7,?kitting_table=kitting_table_0)","deliver_item(?item=item_7,?kitting_table=kitting_table_0)",100.0,"deliver_item(?item=item_7,?kitting_table=kitting_table_0)",2.0,"deliver_item(?item=item_7,?kitting_table=kitting_table_0)",2.0,"deliver_item(?item=item_7,?kitting_table=kitting_table_0)",2.0,"deliver_item(?item=item_7,?kitting_table=kitting_table_0)",2.0,False,False,False,False,False,False,False,False,False,"deliver_item(?item=item_7,?kitting_table=kitting_table_0)",47.5206071372028,realized,0.0,0.0,realized,0.0,0.0,"deliver_item(?item=item_5,?kitting_table=kitting_table_0)",111.9764070279985,0.0,47.5206071372028,64.4557998907957,True
s40_off,env_layout4,195,task_committed,counterfactual,False,"deliver_item(?item=item_6,?kitting_table=kitting_table_0)",ac_activation(?ac_switch=wander_0),False,False,False,0.28747753650586433,100.21898365780608,"deliver_item(?item=item_7,?kitting_table=kitting_table_0)",item_7,2,True,"deliver_item(?item=item_7,?kitting_table=kitting_table_0)","deliver_item(?item=item_7,?kitting_table=kitting_table_0)",150.0,"deliver_item(?item=item_7,?kitting_table=kitting_table_0)",2.0,"deliver_item(?item=item_7,?kitting_table=kitting_table_0)",2.0,"deliver_item(?item=item_7,?kitting_table=kitting_table_0)",2.0,"deliver_item(?item=item_7,?kitting_table=kitting_table_0)",2.0,False,False,False,False,False,False,False,False,False,"deliver_item(?item=item_7,?kitting_table=kitting_table_0)",47.5206071372028,realized,0.0,0.0,realized,0.0,0.0,"deliver_item(?item=item_5,?kitting_table=kitting_table_0)",149.49482072162675,37.51841369362826,47.5206071372028,101.97421358442395,True
s40_off,env_layout4,195,task_committed,counterfactual,False,"deliver_item(?item=item_6,?kitting_table=kitting_table_0)",ac_activation(?ac_switch=wander_0),False,False,False,0.28747753650586433,100.21898365780608,"deliver_item(?item=item_7,?kitting_table=kitting_table_0)",item_7,2,True,"deliver_item(?item=item_7,?kitting_table=kitting_table_0)","deliver_item(?item=item_7,?kitting_table=kitting_table_0)",200.0,"deliver_item(?item=item_7,?kitting_table=kitting_table_0)",2.0,"deliver_item(?item=item_7,?kitting_table=kitting_table_0)",2.0,"deliver_item(?item=item_7,?kitting_table=kitting_table_0)",2.0,"deliver_item(?item=item_7,?kitting_table=kitting_table_0)",2.0,False,False,False,False,False,False,False,False,False,"deliver_item(?item=item_7,?kitting_table=kitting_table_0)",47.5206071372028,realized,0.0,0.0,realized,0.0,0.0,"deliver_item(?item=item_5,?kitting_table=kitting_table_0)",151.8378192209347,39.861412192936186,47.5206071372028,104.3172120837319,True
s40_off,env_layout4,195,task_committed,counterfactual,False,"deliver_item(?item=item_6,?kitting_table=kitting_table_0)",ac_activation(?ac_switch=wander_0),False,False,False,0.28747753650586433,100.21898365780608,"deliver_item(?item=item_7,?kitting_table=kitting_table_0)",item_7,2,True,"deliver_item(?item=item_7,?kitting_table=kitting_table_0)","deliver_item(?item=item_7,?kitting_table=kitting_table_0)",300.0,"deliver_item(?item=item_7,?kitting_table=kitting_table_0)",2.0,"deliver_item(?item=item_7,?kitting_table=kitting_table_0)",2.0,"deliver_item(?item=item_7,?kitting_table=kitting_table_0)",2.0,"deliver_item(?item=item_7,?kitting_table=kitting_table_0)",2.0,False,False,False,False,False,False,False,False,False,"deliver_item(?item=item_7,?kitting_table=kitting_table_0)",47.5206071372028,realized,0.0,0.0,realized,0.0,0.0,"deliver_item(?item=item_5,?kitting_table=kitting_table_0)",154.4764070279985,42.5,47.5206071372028,106.9557998907957,True
s40_off,env_layout4,195,task_committed,counterfactual,False,"deliver_item(?item=item_6,?kitting_table=kitting_table_0)",ac_activation(?ac_switch=wander_0),False,False,False,0.28747753650586433,100.21898365780608,"deliver_item(?item=item_7,?kitting_table=kitting_table_0)",item_7,2,True,"deliver_item(?item=item_7,?kitting_table=kitting_table_0)","deliver_item(?item=item_7,?kitting_table=kitting_table_0)",400.0,"deliver_item(?item=item_7,?kitting_table=kitting_table_0)",2.0,"deliver_item(?item=item_7,?kitting_table=kitting_table_0)",2.0,"deliver_item(?item=item_7,?kitting_table=kitting_table_0)",2.0,"deliver_item(?item=item_7,?kitting_table=kitting_table_0)",2.0,False,False,False,False,False,False,False,False,False,"deliver_item(?item=item_7,?kitting_table=kitting_table_0)",47.5206071372028,realized,0.0,0.0,realized,0.0,0.0,"deliver_item(?item=item_5,?kitting_table=kitting_table_0)",175.2905006016078,63.31409357360928,47.5206071372028,127.76989346440499,True
s40_off,env_layout4,195,task_committed,counterfactual,False,"deliver_item(?item=item_6,?kitting_table=kitting_table_0)",ac_activation(?ac_switch=wander_0),False,False,False,0.28747753650586433,100.21898365780608,"deliver_item(?item=item_7,?kitting_table=kitting_table_0)",item_7,2,True,"deliver_item(?item=item_7,?kitting_table=kitting_table_0)","deliver_item(?item=item_7,?kitting_table=kitting_table_0)",600.0,"deliver_item(?item=item_7,?kitting_table=kitting_table_0)",1.0,"deliver_item(?item=item_7,?kitting_table=kitting_table_0)",1.0,"deliver_item(?item=item_7,?kitting_table=kitting_table_0)",1.0,"deliver_item(?item=item_7,?kitting_table=kitting_table_0)",1.0,False,False,False,False,False,False,False,False,False,"deliver_item(?item=item_7,?kitting_table=kitting_table_0)",47.5206071372028,realized,0.0,0.0,realized,0.0,0.0,,,,47.5206071372028,,True
s40_off,env_layout4,226,theta_crossed,none,False,unknown,ac_activation(?ac_switch=wander_1),False,False,False,0.7507922575888175,,"deliver_item(?item=item_7,?kitting_table=kitting_table_0)",item_7,2,True,"deliver_item(?item=item_7,?kitting_table=kitting_table_0)","deliver_item(?item=item_7,?kitting_table=kitting_table_0)",,,,,,,,,,,,,,,,,,,,,,,,,,,,,,,,
s40_off,env_layout4,245,no_current_task,none,False,unknown,"deliver_item(?item=item_6,?kitting_table=kitting_table_0)",False,False,False,0.7796284519330161,,,,1,False,"deliver_item(?item=item_5,?kitting_table=kitting_table_0)","deliver_item(?item=item_5,?kitting_table=kitting_table_0)",,,,,,,,,,,,,,,,,,,,,,,,,,,,,,,,
s40_off,env_layout4,274,theta_crossed,primary,True,"deliver_item(?item=item_6,?kitting_table=kitting_table_0)","deliver_item(?item=item_6,?kitting_table=kitting_table_0)",True,False,False,0.8880055576673073,57.28528756229357,"deliver_item(?item=item_5,?kitting_table=kitting_table_0)",,1,True,"deliver_item(?item=item_5,?kitting_table=kitting_table_0)","deliver_item(?item=item_5,?kitting_table=kitting_table_0)",5.0,"deliver_item(?item=item_5,?kitting_table=kitting_table_0)",1.0,"deliver_item(?item=item_5,?kitting_table=kitting_table_0)",1.0,"deliver_item(?item=item_5,?kitting_table=kitting_table_0)",1.0,"deliver_item(?item=item_5,?kitting_table=kitting_table_0)",1.0,False,False,False,False,False,False,False,False,False,"deliver_item(?item=item_5,?kitting_table=kitting_table_0)",103.46713725448745,realized,0.0,0.0,realized,0.0,0.0,,,,103.46713725448745,,True
s40_off,env_layout4,274,theta_crossed,primary,True,"deliver_item(?item=item_6,?kitting_table=kitting_table_0)","deliver_item(?item=item_6,?kitting_table=kitting_table_0)",True,False,False,0.8880055576673073,57.28528756229357,"deliver_item(?item=item_5,?kitting_table=kitting_table_0)",,1,True,"deliver_item(?item=item_5,?kitting_table=kitting_table_0)","deliver_item(?item=item_5,?kitting_table=kitting_table_0)",10.0,"deliver_item(?item=item_5,?kitting_table=kitting_table_0)",1.0,"deliver_item(?item=item_5,?kitting_table=kitting_table_0)",1.0,"deliver_item(?item=item_5,?kitting_table=kitting_table_0)",1.0,"deliver_item(?item=item_5,?kitting_table=kitting_table_0)",1.0,False,False,False,False,False,False,False,False,False,"deliver_item(?item=item_5,?kitting_table=kitting_table_0)",103.46713725448745,realized,0.0,0.0,realized,0.0,0.0,,,,103.46713725448745,,True
s40_off,env_layout4,274,theta_crossed,primary,True,"deliver_item(?item=item_6,?kitting_table=kitting_table_0)","deliver_item(?item=item_6,?kitting_table=kitting_table_0)",True,False,False,0.8880055576673073,57.28528756229357,"deliver_item(?item=item_5,?kitting_table=kitting_table_0)",,1,True,"deliver_item(?item=item_5,?kitting_table=kitting_table_0)","deliver_item(?item=item_5,?kitting_table=kitting_table_0)",20.0,"deliver_item(?item=item_5,?kitting_table=kitting_table_0)",1.0,"deliver_item(?item=item_5,?kitting_table=kitting_table_0)",1.0,"deliver_item(?item=item_5,?kitting_table=kitting_table_0)",1.0,"deliver_item(?item=item_5,?kitting_table=kitting_table_0)",1.0,False,False,False,False,False,False,False,False,False,"deliver_item(?item=item_5,?kitting_table=kitting_table_0)",103.46713725448745,realized,0.0,0.0,realized,0.0,0.0,,,,103.46713725448745,,True
s40_off,env_layout4,274,theta_crossed,primary,True,"deliver_item(?item=item_6,?kitting_table=kitting_table_0)","deliver_item(?item=item_6,?kitting_table=kitting_table_0)",True,False,False,0.8880055576673073,57.28528756229357,"deliver_item(?item=item_5,?kitting_table=kitting_table_0)",,1,True,"deliver_item(?item=item_5,?kitting_table=kitting_table_0)","deliver_item(?item=item_5,?kitting_table=kitting_table_0)",30.0,"deliver_item(?item=item_5,?kitting_table=kitting_table_0)",1.0,"deliver_item(?item=item_5,?kitting_table=kitting_table_0)",1.0,"deliver_item(?item=item_5,?kitting_table=kitting_table_0)",1.0,"deliver_item(?item=item_5,?kitting_table=kitting_table_0)",1.0,False,False,False,False,False,False,False,False,False,"deliver_item(?item=item_5,?kitting_table=kitting_table_0)",103.46713725448745,realized,0.0,0.0,realized,0.0,0.0,,,,103.46713725448745,,True
s40_off,env_layout4,274,theta_crossed,primary,True,"deliver_item(?item=item_6,?kitting_table=kitting_table_0)","deliver_item(?item=item_6,?kitting_table=kitting_table_0)",True,False,False,0.8880055576673073,57.28528756229357,"deliver_item(?item=item_5,?kitting_table=kitting_table_0)",,1,True,"deliver_item(?item=item_5,?kitting_table=kitting_table_0)","deliver_item(?item=item_5,?kitting_table=kitting_table_0)",40.0,"deliver_item(?item=item_5,?kitting_table=kitting_table_0)",1.0,"deliver_item(?item=item_5,?kitting_table=kitting_table_0)",1.0,"deliver_item(?item=item_5,?kitting_table=kitting_table_0)",1.0,"deliver_item(?item=item_5,?kitting_table=kitting_table_0)",1.0,False,False,False,False,False,False,False,False,False,"deliver_item(?item=item_5,?kitting_table=kitting_table_0)",103.46713725448745,realized,0.0,0.0,realized,0.0,0.0,,,,103.46713725448745,,True
s40_off,env_layout4,274,theta_crossed,primary,True,"deliver_item(?item=item_6,?kitting_table=kitting_table_0)","deliver_item(?item=item_6,?kitting_table=kitting_table_0)",True,False,False,0.8880055576673073,57.28528756229357,"deliver_item(?item=item_5,?kitting_table=kitting_table_0)",,1,True,"deliver_item(?item=item_5,?kitting_table=kitting_table_0)","deliver_item(?item=item_5,?kitting_table=kitting_table_0)",50.0,"deliver_item(?item=item_5,?kitting_table=kitting_table_0)",1.0,"deliver_item(?item=item_5,?kitting_table=kitting_table_0)",1.0,"deliver_item(?item=item_5,?kitting_table=kitting_table_0)",1.0,"deliver_item(?item=item_5,?kitting_table=kitting_table_0)",1.0,False,False,False,False,False,False,False,False,False,"deliver_item(?item=item_5,?kitting_table=kitting_table_0)",103.46713725448745,realized,0.0,0.0,realized,0.0,0.0,,,,103.46713725448745,,True
s40_off,env_layout4,274,theta_crossed,primary,True,"deliver_item(?item=item_6,?kitting_table=kitting_table_0)","deliver_item(?item=item_6,?kitting_table=kitting_table_0)",True,False,False,0.8880055576673073,57.28528756229357,"deliver_item(?item=item_5,?kitting_table=kitting_table_0)",,1,True,"deliver_item(?item=item_5,?kitting_table=kitting_table_0)","deliver_item(?item=item_5,?kitting_table=kitting_table_0)",75.0,"deliver_item(?item=item_5,?kitting_table=kitting_table_0)",1.0,"deliver_item(?item=item_5,?kitting_table=kitting_table_0)",1.0,"deliver_item(?item=item_5,?kitting_table=kitting_table_0)",1.0,"deliver_item(?item=item_5,?kitting_table=kitting_table_0)",1.0,False,False,False,False,False,False,False,False,False,"deliver_item(?item=item_5,?kitting_table=kitting_table_0)",103.46713725448745,realized,0.0,0.0,realized,0.0,0.0,,,,103.46713725448745,,True
s40_off,env_layout4,274,theta_crossed,primary,True,"deliver_item(?item=item_6,?kitting_table=kitting_table_0)","deliver_item(?item=item_6,?kitting_table=kitting_table_0)",True,False,False,0.8880055576673073,57.28528756229357,"deliver_item(?item=item_5,?kitting_table=kitting_table_0)",,1,True,"deliver_item(?item=item_5,?kitting_table=kitting_table_0)","deliver_item(?item=item_5,?kitting_table=kitting_table_0)",100.0,"deliver_item(?item=item_5,?kitting_table=kitting_table_0)",1.0,"deliver_item(?item=item_5,?kitting_table=kitting_table_0)",1.0,"deliver_item(?item=item_5,?kitting_table=kitting_table_0)",1.0,"deliver_item(?item=item_5,?kitting_table=kitting_table_0)",1.0,False,False,False,False,False,False,False,False,False,"deliver_item(?item=item_5,?kitting_table=kitting_table_0)",103.46713725448745,realized,0.0,0.0,realized,0.0,0.0,,,,103.46713725448745,,True
s40_off,env_layout4,274,theta_crossed,primary,True,"deliver_item(?item=item_6,?kitting_table=kitting_table_0)","deliver_item(?item=item_6,?kitting_table=kitting_table_0)",True,False,False,0.8880055576673073,57.28528756229357,"deliver_item(?item=item_5,?kitting_table=kitting_table_0)",,1,True,"deliver_item(?item=item_5,?kitting_table=kitting_table_0)","deliver_item(?item=item_5,?kitting_table=kitting_table_0)",150.0,,0.0,,0.0,,0.0,,0.0,True,True,True,False,False,False,False,False,False,"deliver_item(?item=item_5,?kitting_table=kitting_table_0)",103.46713725448745,none:hold_position_violated,,,none:no_feasible_start,,,,,,,,False
s40_off,env_layout4,274,theta_crossed,primary,True,"deliver_item(?item=item_6,?kitting_table=kitting_table_0)","deliver_item(?item=item_6,?kitting_table=kitting_table_0)",True,False,False,0.8880055576673073,57.28528756229357,"deliver_item(?item=item_5,?kitting_table=kitting_table_0)",,1,True,"deliver_item(?item=item_5,?kitting_table=kitting_table_0)","deliver_item(?item=item_5,?kitting_table=kitting_table_0)",200.0,,0.0,,0.0,,0.0,,0.0,True,True,True,False,False,False,False,False,False,"deliver_item(?item=item_5,?kitting_table=kitting_table_0)",103.46713725448745,none:hold_position_violated,,,none:no_feasible_start,,,,,,,,False
s40_off,env_layout4,274,theta_crossed,primary,True,"deliver_item(?item=item_6,?kitting_table=kitting_table_0)","deliver_item(?item=item_6,?kitting_table=kitting_table_0)",True,False,False,0.8880055576673073,57.28528756229357,"deliver_item(?item=item_5,?kitting_table=kitting_table_0)",,1,True,"deliver_item(?item=item_5,?kitting_table=kitting_table_0)","deliver_item(?item=item_5,?kitting_table=kitting_table_0)",300.0,,0.0,,0.0,,0.0,,0.0,True,True,True,False,False,False,False,False,False,"deliver_item(?item=item_5,?kitting_table=kitting_table_0)",103.46713725448745,none:hold_position_violated,,,none:no_feasible_start,,,,,,,,False
s40_off,env_layout4,274,theta_crossed,primary,True,"deliver_item(?item=item_6,?kitting_table=kitting_table_0)","deliver_item(?item=item_6,?kitting_table=kitting_table_0)",True,False,False,0.8880055576673073,57.28528756229357,"deliver_item(?item=item_5,?kitting_table=kitting_table_0)",,1,True,"deliver_item(?item=item_5,?kitting_table=kitting_table_0)","deliver_item(?item=item_5,?kitting_table=kitting_table_0)",400.0,,0.0,,0.0,,0.0,,0.0,True,True,True,False,False,False,False,False,False,"deliver_item(?item=item_5,?kitting_table=kitting_table_0)",103.46713725448745,none:hold_position_violated,,,none:no_feasible_start,,,,,,,,False
s40_off,env_layout4,274,theta_crossed,primary,True,"deliver_item(?item=item_6,?kitting_table=kitting_table_0)","deliver_item(?item=item_6,?kitting_table=kitting_table_0)",True,False,False,0.8880055576673073,57.28528756229357,"deliver_item(?item=item_5,?kitting_table=kitting_table_0)",,1,True,"deliver_item(?item=item_5,?kitting_table=kitting_table_0)","deliver_item(?item=item_5,?kitting_table=kitting_table_0)",600.0,,0.0,,0.0,,0.0,,0.0,True,True,True,False,False,False,False,False,False,"deliver_item(?item=item_5,?kitting_table=kitting_table_0)",103.46713725448745,none:hold_position_violated,,,none:no_feasible_start,,,,,,,,False
s40_off,env_layout4,311,task_committed,primary,True,"deliver_item(?item=item_6,?kitting_table=kitting_table_0)","deliver_item(?item=item_6,?kitting_table=kitting_table_0)",True,False,False,0.895789093576466,20.28528756229356,"deliver_item(?item=item_5,?kitting_table=kitting_table_0)",item_5,1,True,"deliver_item(?item=item_5,?kitting_table=kitting_table_0)","deliver_item(?item=item_5,?kitting_table=kitting_table_0)",5.0,"deliver_item(?item=item_5,?kitting_table=kitting_table_0)",1.0,"deliver_item(?item=item_5,?kitting_table=kitting_table_0)",1.0,"deliver_item(?item=item_5,?kitting_table=kitting_table_0)",1.0,"deliver_item(?item=item_5,?kitting_table=kitting_table_0)",1.0,False,False,False,False,False,False,False,False,False,"deliver_item(?item=item_5,?kitting_table=kitting_table_0)",65.3954002138717,realized,0.0,0.0,realized,0.0,0.0,,,,65.3954002138717,,True
s40_off,env_layout4,311,task_committed,primary,True,"deliver_item(?item=item_6,?kitting_table=kitting_table_0)","deliver_item(?item=item_6,?kitting_table=kitting_table_0)",True,False,False,0.895789093576466,20.28528756229356,"deliver_item(?item=item_5,?kitting_table=kitting_table_0)",item_5,1,True,"deliver_item(?item=item_5,?kitting_table=kitting_table_0)","deliver_item(?item=item_5,?kitting_table=kitting_table_0)",10.0,"deliver_item(?item=item_5,?kitting_table=kitting_table_0)",1.0,"deliver_item(?item=item_5,?kitting_table=kitting_table_0)",1.0,"deliver_item(?item=item_5,?kitting_table=kitting_table_0)",1.0,"deliver_item(?item=item_5,?kitting_table=kitting_table_0)",1.0,False,False,False,False,False,False,False,False,False,"deliver_item(?item=item_5,?kitting_table=kitting_table_0)",65.3954002138717,realized,0.0,0.0,realized,0.0,0.0,,,,65.3954002138717,,True
s40_off,env_layout4,311,task_committed,primary,True,"deliver_item(?item=item_6,?kitting_table=kitting_table_0)","deliver_item(?item=item_6,?kitting_table=kitting_table_0)",True,False,False,0.895789093576466,20.28528756229356,"deliver_item(?item=item_5,?kitting_table=kitting_table_0)",item_5,1,True,"deliver_item(?item=item_5,?kitting_table=kitting_table_0)","deliver_item(?item=item_5,?kitting_table=kitting_table_0)",20.0,"deliver_item(?item=item_5,?kitting_table=kitting_table_0)",1.0,"deliver_item(?item=item_5,?kitting_table=kitting_table_0)",1.0,"deliver_item(?item=item_5,?kitting_table=kitting_table_0)",1.0,"deliver_item(?item=item_5,?kitting_table=kitting_table_0)",1.0,False,False,False,False,False,False,False,False,False,"deliver_item(?item=item_5,?kitting_table=kitting_table_0)",65.3954002138717,realized,0.0,0.0,realized,0.0,0.0,,,,65.3954002138717,,True
s40_off,env_layout4,311,task_committed,primary,True,"deliver_item(?item=item_6,?kitting_table=kitting_table_0)","deliver_item(?item=item_6,?kitting_table=kitting_table_0)",True,False,False,0.895789093576466,20.28528756229356,"deliver_item(?item=item_5,?kitting_table=kitting_table_0)",item_5,1,True,"deliver_item(?item=item_5,?kitting_table=kitting_table_0)","deliver_item(?item=item_5,?kitting_table=kitting_table_0)",30.0,"deliver_item(?item=item_5,?kitting_table=kitting_table_0)",1.0,"deliver_item(?item=item_5,?kitting_table=kitting_table_0)",1.0,"deliver_item(?item=item_5,?kitting_table=kitting_table_0)",1.0,"deliver_item(?item=item_5,?kitting_table=kitting_table_0)",1.0,False,False,False,False,False,False,False,False,False,"deliver_item(?item=item_5,?kitting_table=kitting_table_0)",65.3954002138717,realized,0.0,0.0,realized,0.0,0.0,,,,65.3954002138717,,True
s40_off,env_layout4,311,task_committed,primary,True,"deliver_item(?item=item_6,?kitting_table=kitting_table_0)","deliver_item(?item=item_6,?kitting_table=kitting_table_0)",True,False,False,0.895789093576466,20.28528756229356,"deliver_item(?item=item_5,?kitting_table=kitting_table_0)",item_5,1,True,"deliver_item(?item=item_5,?kitting_table=kitting_table_0)","deliver_item(?item=item_5,?kitting_table=kitting_table_0)",40.0,"deliver_item(?item=item_5,?kitting_table=kitting_table_0)",1.0,"deliver_item(?item=item_5,?kitting_table=kitting_table_0)",1.0,"deliver_item(?item=item_5,?kitting_table=kitting_table_0)",1.0,"deliver_item(?item=item_5,?kitting_table=kitting_table_0)",1.0,False,False,False,False,False,False,False,False,False,"deliver_item(?item=item_5,?kitting_table=kitting_table_0)",65.3954002138717,realized,0.0,0.0,realized,0.0,0.0,,,,65.3954002138717,,True
s40_off,env_layout4,311,task_committed,primary,True,"deliver_item(?item=item_6,?kitting_table=kitting_table_0)","deliver_item(?item=item_6,?kitting_table=kitting_table_0)",True,False,False,0.895789093576466,20.28528756229356,"deliver_item(?item=item_5,?kitting_table=kitting_table_0)",item_5,1,True,"deliver_item(?item=item_5,?kitting_table=kitting_table_0)","deliver_item(?item=item_5,?kitting_table=kitting_table_0)",50.0,"deliver_item(?item=item_5,?kitting_table=kitting_table_0)",1.0,"deliver_item(?item=item_5,?kitting_table=kitting_table_0)",1.0,"deliver_item(?item=item_5,?kitting_table=kitting_table_0)",1.0,"deliver_item(?item=item_5,?kitting_table=kitting_table_0)",1.0,False,False,False,False,False,False,False,False,False,"deliver_item(?item=item_5,?kitting_table=kitting_table_0)",65.3954002138717,realized,0.0,0.0,realized,0.0,0.0,,,,65.3954002138717,,True
s40_off,env_layout4,311,task_committed,primary,True,"deliver_item(?item=item_6,?kitting_table=kitting_table_0)","deliver_item(?item=item_6,?kitting_table=kitting_table_0)",True,False,False,0.895789093576466,20.28528756229356,"deliver_item(?item=item_5,?kitting_table=kitting_table_0)",item_5,1,True,"deliver_item(?item=item_5,?kitting_table=kitting_table_0)","deliver_item(?item=item_5,?kitting_table=kitting_table_0)",75.0,"deliver_item(?item=item_5,?kitting_table=kitting_table_0)",1.0,"deliver_item(?item=item_5,?kitting_table=kitting_table_0)",1.0,"deliver_item(?item=item_5,?kitting_table=kitting_table_0)",1.0,"deliver_item(?item=item_5,?kitting_table=kitting_table_0)",1.0,False,False,False,False,False,False,False,False,False,"deliver_item(?item=item_5,?kitting_table=kitting_table_0)",65.3954002138717,realized,0.0,0.0,realized,0.0,0.0,,,,65.3954002138717,,True
s40_off,env_layout4,311,task_committed,primary,True,"deliver_item(?item=item_6,?kitting_table=kitting_table_0)","deliver_item(?item=item_6,?kitting_table=kitting_table_0)",True,False,False,0.895789093576466,20.28528756229356,"deliver_item(?item=item_5,?kitting_table=kitting_table_0)",item_5,1,True,"deliver_item(?item=item_5,?kitting_table=kitting_table_0)","deliver_item(?item=item_5,?kitting_table=kitting_table_0)",100.0,"deliver_item(?item=item_5,?kitting_table=kitting_table_0)",1.0,"deliver_item(?item=item_5,?kitting_table=kitting_table_0)",1.0,"deliver_item(?item=item_5,?kitting_table=kitting_table_0)",1.0,"deliver_item(?item=item_5,?kitting_table=kitting_table_0)",1.0,False,False,False,False,False,False,False,False,False,"deliver_item(?item=item_5,?kitting_table=kitting_table_0)",65.3954002138717,realized,0.0,0.0,realized,0.0,0.0,,,,65.3954002138717,,True
s40_off,env_layout4,311,task_committed,primary,True,"deliver_item(?item=item_6,?kitting_table=kitting_table_0)","deliver_item(?item=item_6,?kitting_table=kitting_table_0)",True,False,False,0.895789093576466,20.28528756229356,"deliver_item(?item=item_5,?kitting_table=kitting_table_0)",item_5,1,True,"deliver_item(?item=item_5,?kitting_table=kitting_table_0)","deliver_item(?item=item_5,?kitting_table=kitting_table_0)",150.0,"deliver_item(?item=item_5,?kitting_table=kitting_table_0)",1.0,"deliver_item(?item=item_5,?kitting_table=kitting_table_0)",1.0,"deliver_item(?item=item_5,?kitting_table=kitting_table_0)",1.0,"deliver_item(?item=item_5,?kitting_table=kitting_table_0)",1.0,False,False,False,False,False,False,False,False,False,"deliver_item(?item=item_5,?kitting_table=kitting_table_0)",65.3954002138717,realized,0.0,0.0,realized,0.0,0.0,,,,65.3954002138717,,True
s40_off,env_layout4,311,task_committed,primary,True,"deliver_item(?item=item_6,?kitting_table=kitting_table_0)","deliver_item(?item=item_6,?kitting_table=kitting_table_0)",True,False,False,0.895789093576466,20.28528756229356,"deliver_item(?item=item_5,?kitting_table=kitting_table_0)",item_5,1,True,"deliver_item(?item=item_5,?kitting_table=kitting_table_0)","deliver_item(?item=item_5,?kitting_table=kitting_table_0)",200.0,"deliver_item(?item=item_5,?kitting_table=kitting_table_0)",1.0,"deliver_item(?item=item_5,?kitting_table=kitting_table_0)",1.0,"deliver_item(?item=item_5,?kitting_table=kitting_table_0)",1.0,"deliver_item(?item=item_5,?kitting_table=kitting_table_0)",1.0,False,False,False,False,False,False,False,False,False,"deliver_item(?item=item_5,?kitting_table=kitting_table_0)",65.3954002138717,realized,0.0,0.0,realized,0.0,0.0,,,,65.3954002138717,,True
s40_off,env_layout4,311,task_committed,primary,True,"deliver_item(?item=item_6,?kitting_table=kitting_table_0)","deliver_item(?item=item_6,?kitting_table=kitting_table_0)",True,False,False,0.895789093576466,20.28528756229356,"deliver_item(?item=item_5,?kitting_table=kitting_table_0)",item_5,1,True,"deliver_item(?item=item_5,?kitting_table=kitting_table_0)","deliver_item(?item=item_5,?kitting_table=kitting_table_0)",300.0,"deliver_item(?item=item_5,?kitting_table=kitting_table_0)",1.0,"deliver_item(?item=item_5,?kitting_table=kitting_table_0)",1.0,"deliver_item(?item=item_5,?kitting_table=kitting_table_0)",1.0,"deliver_item(?item=item_5,?kitting_table=kitting_table_0)",1.0,False,False,False,False,False,False,False,False,False,"deliver_item(?item=item_5,?kitting_table=kitting_table_0)",65.3954002138717,realized,0.0,0.0,realized,0.0,0.0,,,,65.3954002138717,,True
s40_off,env_layout4,311,task_committed,primary,True,"deliver_item(?item=item_6,?kitting_table=kitting_table_0)","deliver_item(?item=item_6,?kitting_table=kitting_table_0)",True,False,False,0.895789093576466,20.28528756229356,"deliver_item(?item=item_5,?kitting_table=kitting_table_0)",item_5,1,True,"deliver_item(?item=item_5,?kitting_table=kitting_table_0)","deliver_item(?item=item_5,?kitting_table=kitting_table_0)",400.0,"deliver_item(?item=item_5,?kitting_table=kitting_table_0)",1.0,"deliver_item(?item=item_5,?kitting_table=kitting_table_0)",1.0,"deliver_item(?item=item_5,?kitting_table=kitting_table_0)",1.0,"deliver_item(?item=item_5,?kitting_table=kitting_table_0)",1.0,False,False,False,False,False,False,False,False,False,"deliver_item(?item=item_5,?kitting_table=kitting_table_0)",65.3954002138717,realized,0.0,0.0,realized,0.0,0.0,,,,65.3954002138717,,True
s40_off,env_layout4,311,task_committed,primary,True,"deliver_item(?item=item_6,?kitting_table=kitting_table_0)","deliver_item(?item=item_6,?kitting_table=kitting_table_0)",True,False,False,0.895789093576466,20.28528756229356,"deliver_item(?item=item_5,?kitting_table=kitting_table_0)",item_5,1,True,"deliver_item(?item=item_5,?kitting_table=kitting_table_0)","deliver_item(?item=item_5,?kitting_table=kitting_table_0)",600.0,"deliver_item(?item=item_5,?kitting_table=kitting_table_0)",1.0,"deliver_item(?item=item_5,?kitting_table=kitting_table_0)",1.0,"deliver_item(?item=item_5,?kitting_table=kitting_table_0)",1.0,"deliver_item(?item=item_5,?kitting_table=kitting_table_0)",1.0,False,False,False,False,False,False,False,False,False,"deliver_item(?item=item_5,?kitting_table=kitting_table_0)",65.3954002138717,realized,0.0,0.0,realized,0.0,0.0,,,,65.3954002138717,,True
s40_on,env_layout4,0,no_current_task,counterfactual,False,"deliver_item(?item=item_3,?kitting_table=kitting_table_0)","deliver_item(?item=item_3,?kitting_table=kitting_table_0)",True,False,False,0.26641723699516723,116.35317911248949,,,3,False,"deliver_item(?item=item_4,?kitting_table=kitting_table_0)","deliver_item(?item=item_4,?kitting_table=kitting_table_0)",5.0,"deliver_item(?item=item_4,?kitting_table=kitting_table_0)",3.0,"deliver_item(?item=item_4,?kitting_table=kitting_table_0)",3.0,"deliver_item(?item=item_4,?kitting_table=kitting_table_0)",3.0,"deliver_item(?item=item_4,?kitting_table=kitting_table_0)",3.0,False,False,False,False,False,False,False,False,False,,,,,,,,,,,,,,
s40_on,env_layout4,0,no_current_task,counterfactual,False,"deliver_item(?item=item_3,?kitting_table=kitting_table_0)","deliver_item(?item=item_3,?kitting_table=kitting_table_0)",True,False,False,0.26641723699516723,116.35317911248949,,,3,False,"deliver_item(?item=item_4,?kitting_table=kitting_table_0)","deliver_item(?item=item_4,?kitting_table=kitting_table_0)",10.0,"deliver_item(?item=item_4,?kitting_table=kitting_table_0)",3.0,"deliver_item(?item=item_4,?kitting_table=kitting_table_0)",3.0,"deliver_item(?item=item_4,?kitting_table=kitting_table_0)",3.0,"deliver_item(?item=item_4,?kitting_table=kitting_table_0)",3.0,False,False,False,False,False,False,False,False,False,,,,,,,,,,,,,,
s40_on,env_layout4,0,no_current_task,counterfactual,False,"deliver_item(?item=item_3,?kitting_table=kitting_table_0)","deliver_item(?item=item_3,?kitting_table=kitting_table_0)",True,False,False,0.26641723699516723,116.35317911248949,,,3,False,"deliver_item(?item=item_4,?kitting_table=kitting_table_0)","deliver_item(?item=item_4,?kitting_table=kitting_table_0)",20.0,"deliver_item(?item=item_4,?kitting_table=kitting_table_0)",3.0,"deliver_item(?item=item_4,?kitting_table=kitting_table_0)",3.0,"deliver_item(?item=item_4,?kitting_table=kitting_table_0)",3.0,"deliver_item(?item=item_4,?kitting_table=kitting_table_0)",3.0,False,False,False,False,False,False,False,False,False,,,,,,,,,,,,,,
s40_on,env_layout4,0,no_current_task,counterfactual,False,"deliver_item(?item=item_3,?kitting_table=kitting_table_0)","deliver_item(?item=item_3,?kitting_table=kitting_table_0)",True,False,False,0.26641723699516723,116.35317911248949,,,3,False,"deliver_item(?item=item_4,?kitting_table=kitting_table_0)","deliver_item(?item=item_4,?kitting_table=kitting_table_0)",30.0,"deliver_item(?item=item_4,?kitting_table=kitting_table_0)",3.0,"deliver_item(?item=item_4,?kitting_table=kitting_table_0)",3.0,"deliver_item(?item=item_4,?kitting_table=kitting_table_0)",3.0,"deliver_item(?item=item_4,?kitting_table=kitting_table_0)",3.0,False,False,False,False,False,False,False,False,False,,,,,,,,,,,,,,
s40_on,env_layout4,0,no_current_task,counterfactual,False,"deliver_item(?item=item_3,?kitting_table=kitting_table_0)","deliver_item(?item=item_3,?kitting_table=kitting_table_0)",True,False,False,0.26641723699516723,116.35317911248949,,,3,False,"deliver_item(?item=item_4,?kitting_table=kitting_table_0)","deliver_item(?item=item_4,?kitting_table=kitting_table_0)",40.0,"deliver_item(?item=item_4,?kitting_table=kitting_table_0)",3.0,"deliver_item(?item=item_4,?kitting_table=kitting_table_0)",3.0,"deliver_item(?item=item_4,?kitting_table=kitting_table_0)",3.0,"deliver_item(?item=item_4,?kitting_table=kitting_table_0)",3.0,False,False,False,False,False,False,False,False,False,,,,,,,,,,,,,,
s40_on,env_layout4,0,no_current_task,counterfactual,False,"deliver_item(?item=item_3,?kitting_table=kitting_table_0)","deliver_item(?item=item_3,?kitting_table=kitting_table_0)",True,False,False,0.26641723699516723,116.35317911248949,,,3,False,"deliver_item(?item=item_4,?kitting_table=kitting_table_0)","deliver_item(?item=item_4,?kitting_table=kitting_table_0)",50.0,"deliver_item(?item=item_4,?kitting_table=kitting_table_0)",3.0,"deliver_item(?item=item_4,?kitting_table=kitting_table_0)",3.0,"deliver_item(?item=item_4,?kitting_table=kitting_table_0)",3.0,"deliver_item(?item=item_4,?kitting_table=kitting_table_0)",3.0,False,False,False,False,False,False,False,False,False,,,,,,,,,,,,,,
s40_on,env_layout4,0,no_current_task,counterfactual,False,"deliver_item(?item=item_3,?kitting_table=kitting_table_0)","deliver_item(?item=item_3,?kitting_table=kitting_table_0)",True,False,False,0.26641723699516723,116.35317911248949,,,3,False,"deliver_item(?item=item_4,?kitting_table=kitting_table_0)","deliver_item(?item=item_4,?kitting_table=kitting_table_0)",75.0,"deliver_item(?item=item_4,?kitting_table=kitting_table_0)",3.0,"deliver_item(?item=item_4,?kitting_table=kitting_table_0)",3.0,"deliver_item(?item=item_4,?kitting_table=kitting_table_0)",3.0,"deliver_item(?item=item_4,?kitting_table=kitting_table_0)",3.0,False,False,False,False,False,False,False,False,False,,,,,,,,,,,,,,
s40_on,env_layout4,0,no_current_task,counterfactual,False,"deliver_item(?item=item_3,?kitting_table=kitting_table_0)","deliver_item(?item=item_3,?kitting_table=kitting_table_0)",True,False,False,0.26641723699516723,116.35317911248949,,,3,False,"deliver_item(?item=item_4,?kitting_table=kitting_table_0)","deliver_item(?item=item_4,?kitting_table=kitting_table_0)",100.0,"deliver_item(?item=item_4,?kitting_table=kitting_table_0)",3.0,"deliver_item(?item=item_4,?kitting_table=kitting_table_0)",3.0,"deliver_item(?item=item_4,?kitting_table=kitting_table_0)",3.0,"deliver_item(?item=item_4,?kitting_table=kitting_table_0)",3.0,False,False,False,False,False,False,False,False,False,,,,,,,,,,,,,,
s40_on,env_layout4,0,no_current_task,counterfactual,False,"deliver_item(?item=item_3,?kitting_table=kitting_table_0)","deliver_item(?item=item_3,?kitting_table=kitting_table_0)",True,False,False,0.26641723699516723,116.35317911248949,,,3,False,"deliver_item(?item=item_4,?kitting_table=kitting_table_0)","deliver_item(?item=item_4,?kitting_table=kitting_table_0)",150.0,"deliver_item(?item=item_4,?kitting_table=kitting_table_0)",3.0,"deliver_item(?item=item_4,?kitting_table=kitting_table_0)",3.0,"deliver_item(?item=item_4,?kitting_table=kitting_table_0)",3.0,"deliver_item(?item=item_4,?kitting_table=kitting_table_0)",3.0,False,False,False,False,False,False,False,False,False,,,,,,,,,,,,,,
s40_on,env_layout4,0,no_current_task,counterfactual,False,"deliver_item(?item=item_3,?kitting_table=kitting_table_0)","deliver_item(?item=item_3,?kitting_table=kitting_table_0)",True,False,False,0.26641723699516723,116.35317911248949,,,3,False,"deliver_item(?item=item_4,?kitting_table=kitting_table_0)","deliver_item(?item=item_4,?kitting_table=kitting_table_0)",200.0,"deliver_item(?item=item_4,?kitting_table=kitting_table_0)",3.0,"deliver_item(?item=item_4,?kitting_table=kitting_table_0)",3.0,"deliver_item(?item=item_4,?kitting_table=kitting_table_0)",3.0,"deliver_item(?item=item_4,?kitting_table=kitting_table_0)",3.0,False,False,False,False,False,False,False,False,False,,,,,,,,,,,,,,
s40_on,env_layout4,0,no_current_task,counterfactual,False,"deliver_item(?item=item_3,?kitting_table=kitting_table_0)","deliver_item(?item=item_3,?kitting_table=kitting_table_0)",True,False,False,0.26641723699516723,116.35317911248949,,,3,False,"deliver_item(?item=item_4,?kitting_table=kitting_table_0)","deliver_item(?item=item_4,?kitting_table=kitting_table_0)",300.0,"deliver_item(?item=item_4,?kitting_table=kitting_table_0)",3.0,"deliver_item(?item=item_4,?kitting_table=kitting_table_0)",3.0,"deliver_item(?item=item_4,?kitting_table=kitting_table_0)",3.0,"deliver_item(?item=item_4,?kitting_table=kitting_table_0)",3.0,False,False,False,False,False,False,False,False,False,,,,,,,,,,,,,,
s40_on,env_layout4,0,no_current_task,counterfactual,False,"deliver_item(?item=item_3,?kitting_table=kitting_table_0)","deliver_item(?item=item_3,?kitting_table=kitting_table_0)",True,False,False,0.26641723699516723,116.35317911248949,,,3,False,"deliver_item(?item=item_4,?kitting_table=kitting_table_0)","deliver_item(?item=item_4,?kitting_table=kitting_table_0)",400.0,"deliver_item(?item=item_4,?kitting_table=kitting_table_0)",3.0,"deliver_item(?item=item_4,?kitting_table=kitting_table_0)",3.0,"deliver_item(?item=item_4,?kitting_table=kitting_table_0)",3.0,"deliver_item(?item=item_4,?kitting_table=kitting_table_0)",3.0,False,False,False,False,False,False,False,False,False,,,,,,,,,,,,,,
s40_on,env_layout4,0,no_current_task,counterfactual,False,"deliver_item(?item=item_3,?kitting_table=kitting_table_0)","deliver_item(?item=item_3,?kitting_table=kitting_table_0)",True,False,False,0.26641723699516723,116.35317911248949,,,3,False,"deliver_item(?item=item_4,?kitting_table=kitting_table_0)","deliver_item(?item=item_4,?kitting_table=kitting_table_0)",600.0,"deliver_item(?item=item_5,?kitting_table=kitting_table_0)",1.0,"deliver_item(?item=item_5,?kitting_table=kitting_table_0)",1.0,"deliver_item(?item=item_5,?kitting_table=kitting_table_0)",1.0,"deliver_item(?item=item_5,?kitting_table=kitting_table_0)",2.0,False,False,False,False,True,True,True,True,True,,,,,,,,,,,,,,
s40_on,env_layout4,19,theta_crossed,primary,True,"deliver_item(?item=item_3,?kitting_table=kitting_table_0)","deliver_item(?item=item_3,?kitting_table=kitting_table_0)",True,False,False,0.7677220648923644,97.35317911248949,"deliver_item(?item=item_4,?kitting_table=kitting_table_0)",,3,True,"deliver_item(?item=item_4,?kitting_table=kitting_table_0)","deliver_item(?item=item_4,?kitting_table=kitting_table_0)",5.0,"deliver_item(?item=item_4,?kitting_table=kitting_table_0)",3.0,"deliver_item(?item=item_4,?kitting_table=kitting_table_0)",3.0,"deliver_item(?item=item_4,?kitting_table=kitting_table_0)",3.0,"deliver_item(?item=item_4,?kitting_table=kitting_table_0)",3.0,False,False,False,False,False,False,False,False,False,"deliver_item(?item=item_4,?kitting_table=kitting_table_0)",125.52798035626542,realized,0.0,0.0,realized,0.0,0.0,"deliver_item(?item=item_7,?kitting_table=kitting_table_0)",138.0689373622243,0.0,125.52798035626542,12.540957005958873,True
s40_on,env_layout4,19,theta_crossed,primary,True,"deliver_item(?item=item_3,?kitting_table=kitting_table_0)","deliver_item(?item=item_3,?kitting_table=kitting_table_0)",True,False,False,0.7677220648923644,97.35317911248949,"deliver_item(?item=item_4,?kitting_table=kitting_table_0)",,3,True,"deliver_item(?item=item_4,?kitting_table=kitting_table_0)","deliver_item(?item=item_4,?kitting_table=kitting_table_0)",10.0,"deliver_item(?item=item_4,?kitting_table=kitting_table_0)",3.0,"deliver_item(?item=item_4,?kitting_table=kitting_table_0)",3.0,"deliver_item(?item=item_4,?kitting_table=kitting_table_0)",3.0,"deliver_item(?item=item_4,?kitting_table=kitting_table_0)",3.0,False,False,False,False,False,False,False,False,False,"deliver_item(?item=item_4,?kitting_table=kitting_table_0)",125.52798035626542,realized,0.0,0.0,realized,0.0,0.0,"deliver_item(?item=item_7,?kitting_table=kitting_table_0)",138.0689373622243,0.0,125.52798035626542,12.540957005958873,True
s40_on,env_layout4,19,theta_crossed,primary,True,"deliver_item(?item=item_3,?kitting_table=kitting_table_0)","deliver_item(?item=item_3,?kitting_table=kitting_table_0)",True,False,False,0.7677220648923644,97.35317911248949,"deliver_item(?item=item_4,?kitting_table=kitting_table_0)",,3,True,"deliver_item(?item=item_4,?kitting_table=kitting_table_0)","deliver_item(?item=item_4,?kitting_table=kitting_table_0)",20.0,"deliver_item(?item=item_4,?kitting_table=kitting_table_0)",3.0,"deliver_item(?item=item_4,?kitting_table=kitting_table_0)",3.0,"deliver_item(?item=item_4,?kitting_table=kitting_table_0)",3.0,"deliver_item(?item=item_4,?kitting_table=kitting_table_0)",3.0,False,False,False,False,False,False,False,False,False,"deliver_item(?item=item_4,?kitting_table=kitting_table_0)",125.52798035626542,realized,0.0,0.0,realized,0.0,0.0,"deliver_item(?item=item_7,?kitting_table=kitting_table_0)",138.0689373622243,0.0,125.52798035626542,12.540957005958873,True
s40_on,env_layout4,19,theta_crossed,primary,True,"deliver_item(?item=item_3,?kitting_table=kitting_table_0)","deliver_item(?item=item_3,?kitting_table=kitting_table_0)",True,False,False,0.7677220648923644,97.35317911248949,"deliver_item(?item=item_4,?kitting_table=kitting_table_0)",,3,True,"deliver_item(?item=item_4,?kitting_table=kitting_table_0)","deliver_item(?item=item_4,?kitting_table=kitting_table_0)",30.0,"deliver_item(?item=item_4,?kitting_table=kitting_table_0)",3.0,"deliver_item(?item=item_4,?kitting_table=kitting_table_0)",3.0,"deliver_item(?item=item_4,?kitting_table=kitting_table_0)",3.0,"deliver_item(?item=item_4,?kitting_table=kitting_table_0)",3.0,False,False,False,False,False,False,False,False,False,"deliver_item(?item=item_4,?kitting_table=kitting_table_0)",125.52798035626542,realized,0.0,0.0,realized,0.0,0.0,"deliver_item(?item=item_7,?kitting_table=kitting_table_0)",138.0689373622243,0.0,125.52798035626542,12.540957005958873,True
s40_on,env_layout4,19,theta_crossed,primary,True,"deliver_item(?item=item_3,?kitting_table=kitting_table_0)","deliver_item(?item=item_3,?kitting_table=kitting_table_0)",True,False,False,0.7677220648923644,97.35317911248949,"deliver_item(?item=item_4,?kitting_table=kitting_table_0)",,3,True,"deliver_item(?item=item_4,?kitting_table=kitting_table_0)","deliver_item(?item=item_4,?kitting_table=kitting_table_0)",40.0,"deliver_item(?item=item_4,?kitting_table=kitting_table_0)",3.0,"deliver_item(?item=item_4,?kitting_table=kitting_table_0)",3.0,"deliver_item(?item=item_4,?kitting_table=kitting_table_0)",3.0,"deliver_item(?item=item_4,?kitting_table=kitting_table_0)",3.0,False,False,False,False,False,False,False,False,False,"deliver_item(?item=item_4,?kitting_table=kitting_table_0)",125.52798035626542,realized,0.0,0.0,realized,0.0,0.0,"deliver_item(?item=item_7,?kitting_table=kitting_table_0)",138.0689373622243,0.0,125.52798035626542,12.540957005958873,True
s40_on,env_layout4,19,theta_crossed,primary,True,"deliver_item(?item=item_3,?kitting_table=kitting_table_0)","deliver_item(?item=item_3,?kitting_table=kitting_table_0)",True,False,False,0.7677220648923644,97.35317911248949,"deliver_item(?item=item_4,?kitting_table=kitting_table_0)",,3,True,"deliver_item(?item=item_4,?kitting_table=kitting_table_0)","deliver_item(?item=item_4,?kitting_table=kitting_table_0)",50.0,"deliver_item(?item=item_4,?kitting_table=kitting_table_0)",3.0,"deliver_item(?item=item_4,?kitting_table=kitting_table_0)",3.0,"deliver_item(?item=item_4,?kitting_table=kitting_table_0)",3.0,"deliver_item(?item=item_4,?kitting_table=kitting_table_0)",3.0,False,False,False,False,False,False,False,False,False,"deliver_item(?item=item_4,?kitting_table=kitting_table_0)",125.52798035626542,realized,0.0,0.0,realized,0.0,0.0,"deliver_item(?item=item_7,?kitting_table=kitting_table_0)",138.0689373622243,0.0,125.52798035626542,12.540957005958873,True
s40_on,env_layout4,19,theta_crossed,primary,True,"deliver_item(?item=item_3,?kitting_table=kitting_table_0)","deliver_item(?item=item_3,?kitting_table=kitting_table_0)",True,False,False,0.7677220648923644,97.35317911248949,"deliver_item(?item=item_4,?kitting_table=kitting_table_0)",,3,True,"deliver_item(?item=item_4,?kitting_table=kitting_table_0)","deliver_item(?item=item_4,?kitting_table=kitting_table_0)",75.0,"deliver_item(?item=item_4,?kitting_table=kitting_table_0)",3.0,"deliver_item(?item=item_4,?kitting_table=kitting_table_0)",3.0,"deliver_item(?item=item_4,?kitting_table=kitting_table_0)",3.0,"deliver_item(?item=item_4,?kitting_table=kitting_table_0)",3.0,False,False,False,False,False,False,False,False,False,"deliver_item(?item=item_4,?kitting_table=kitting_table_0)",125.52798035626542,realized,0.0,0.0,realized,0.0,0.0,"deliver_item(?item=item_7,?kitting_table=kitting_table_0)",138.0689373622243,0.0,125.52798035626542,12.540957005958873,True
s40_on,env_layout4,19,theta_crossed,primary,True,"deliver_item(?item=item_3,?kitting_table=kitting_table_0)","deliver_item(?item=item_3,?kitting_table=kitting_table_0)",True,False,False,0.7677220648923644,97.35317911248949,"deliver_item(?item=item_4,?kitting_table=kitting_table_0)",,3,True,"deliver_item(?item=item_4,?kitting_table=kitting_table_0)","deliver_item(?item=item_4,?kitting_table=kitting_table_0)",100.0,"deliver_item(?item=item_4,?kitting_table=kitting_table_0)",3.0,"deliver_item(?item=item_4,?kitting_table=kitting_table_0)",3.0,"deliver_item(?item=item_4,?kitting_table=kitting_table_0)",3.0,"deliver_item(?item=item_4,?kitting_table=kitting_table_0)",3.0,False,False,False,False,False,False,False,False,False,"deliver_item(?item=item_4,?kitting_table=kitting_table_0)",125.52798035626542,realized,0.0,0.0,realized,0.0,0.0,"deliver_item(?item=item_7,?kitting_table=kitting_table_0)",138.0689373622243,0.0,125.52798035626542,12.540957005958873,True
s40_on,env_layout4,19,theta_crossed,primary,True,"deliver_item(?item=item_3,?kitting_table=kitting_table_0)","deliver_item(?item=item_3,?kitting_table=kitting_table_0)",True,False,False,0.7677220648923644,97.35317911248949,"deliver_item(?item=item_4,?kitting_table=kitting_table_0)",,3,True,"deliver_item(?item=item_4,?kitting_table=kitting_table_0)","deliver_item(?item=item_4,?kitting_table=kitting_table_0)",150.0,"deliver_item(?item=item_4,?kitting_table=kitting_table_0)",3.0,"deliver_item(?item=item_4,?kitting_table=kitting_table_0)",3.0,"deliver_item(?item=item_4,?kitting_table=kitting_table_0)",3.0,"deliver_item(?item=item_4,?kitting_table=kitting_table_0)",3.0,False,False,False,False,False,False,False,False,False,"deliver_item(?item=item_4,?kitting_table=kitting_table_0)",125.52798035626542,realized,0.0,0.0,realized,0.0,0.0,"deliver_item(?item=item_7,?kitting_table=kitting_table_0)",138.0689373622243,0.0,125.52798035626542,12.540957005958873,True
s40_on,env_layout4,19,theta_crossed,primary,True,"deliver_item(?item=item_3,?kitting_table=kitting_table_0)","deliver_item(?item=item_3,?kitting_table=kitting_table_0)",True,False,False,0.7677220648923644,97.35317911248949,"deliver_item(?item=item_4,?kitting_table=kitting_table_0)",,3,True,"deliver_item(?item=item_4,?kitting_table=kitting_table_0)","deliver_item(?item=item_4,?kitting_table=kitting_table_0)",200.0,"deliver_item(?item=item_4,?kitting_table=kitting_table_0)",3.0,"deliver_item(?item=item_4,?kitting_table=kitting_table_0)",3.0,"deliver_item(?item=item_4,?kitting_table=kitting_table_0)",3.0,"deliver_item(?item=item_4,?kitting_table=kitting_table_0)",3.0,False,False,False,False,False,False,False,False,False,"deliver_item(?item=item_4,?kitting_table=kitting_table_0)",125.52798035626542,realized,0.0,0.0,realized,0.0,0.0,"deliver_item(?item=item_7,?kitting_table=kitting_table_0)",138.0689373622243,0.0,125.52798035626542,12.540957005958873,True
s40_on,env_layout4,19,theta_crossed,primary,True,"deliver_item(?item=item_3,?kitting_table=kitting_table_0)","deliver_item(?item=item_3,?kitting_table=kitting_table_0)",True,False,False,0.7677220648923644,97.35317911248949,"deliver_item(?item=item_4,?kitting_table=kitting_table_0)",,3,True,"deliver_item(?item=item_4,?kitting_table=kitting_table_0)","deliver_item(?item=item_4,?kitting_table=kitting_table_0)",300.0,"deliver_item(?item=item_4,?kitting_table=kitting_table_0)",3.0,"deliver_item(?item=item_4,?kitting_table=kitting_table_0)",3.0,"deliver_item(?item=item_4,?kitting_table=kitting_table_0)",3.0,"deliver_item(?item=item_4,?kitting_table=kitting_table_0)",3.0,False,False,False,False,False,False,False,False,False,"deliver_item(?item=item_4,?kitting_table=kitting_table_0)",125.52798035626542,realized,0.0,0.0,realized,0.0,0.0,"deliver_item(?item=item_7,?kitting_table=kitting_table_0)",138.0689373622243,0.0,125.52798035626542,12.540957005958873,True
s40_on,env_layout4,19,theta_crossed,primary,True,"deliver_item(?item=item_3,?kitting_table=kitting_table_0)","deliver_item(?item=item_3,?kitting_table=kitting_table_0)",True,False,False,0.7677220648923644,97.35317911248949,"deliver_item(?item=item_4,?kitting_table=kitting_table_0)",,3,True,"deliver_item(?item=item_4,?kitting_table=kitting_table_0)","deliver_item(?item=item_4,?kitting_table=kitting_table_0)",400.0,"deliver_item(?item=item_4,?kitting_table=kitting_table_0)",3.0,"deliver_item(?item=item_4,?kitting_table=kitting_table_0)",3.0,"deliver_item(?item=item_4,?kitting_table=kitting_table_0)",3.0,"deliver_item(?item=item_4,?kitting_table=kitting_table_0)",3.0,False,False,False,False,False,False,False,False,False,"deliver_item(?item=item_4,?kitting_table=kitting_table_0)",125.52798035626542,realized,0.0,0.0,realized,0.0,0.0,"deliver_item(?item=item_7,?kitting_table=kitting_table_0)",138.0689373622243,0.0,125.52798035626542,12.540957005958873,True
s40_on,env_layout4,19,theta_crossed,primary,True,"deliver_item(?item=item_3,?kitting_table=kitting_table_0)","deliver_item(?item=item_3,?kitting_table=kitting_table_0)",True,False,False,0.7677220648923644,97.35317911248949,"deliver_item(?item=item_4,?kitting_table=kitting_table_0)",,3,True,"deliver_item(?item=item_4,?kitting_table=kitting_table_0)","deliver_item(?item=item_4,?kitting_table=kitting_table_0)",600.0,"deliver_item(?item=item_5,?kitting_table=kitting_table_0)",1.0,"deliver_item(?item=item_5,?kitting_table=kitting_table_0)",1.0,"deliver_item(?item=item_5,?kitting_table=kitting_table_0)",1.0,"deliver_item(?item=item_5,?kitting_table=kitting_table_0)",1.0,False,False,False,False,True,True,True,True,True,"deliver_item(?item=item_4,?kitting_table=kitting_table_0)",125.52798035626542,none:hold_position_violated,,,none:no_feasible_start,,,"deliver_item(?item=item_5,?kitting_table=kitting_table_0)",144.72560782094973,0.0,,,False
s40_on,env_layout4,98,task_committed,primary,True,"deliver_item(?item=item_3,?kitting_table=kitting_table_0)","deliver_item(?item=item_3,?kitting_table=kitting_table_0)",True,False,False,0.9930239321734146,17.419336942078417,"deliver_item(?item=item_4,?kitting_table=kitting_table_0)",item_4,3,True,"deliver_item(?item=item_4,?kitting_table=kitting_table_0)","deliver_item(?item=item_4,?kitting_table=kitting_table_0)",5.0,"deliver_item(?item=item_4,?kitting_table=kitting_table_0)",3.0,"deliver_item(?item=item_4,?kitting_table=kitting_table_0)",3.0,"deliver_item(?item=item_4,?kitting_table=kitting_table_0)",3.0,"deliver_item(?item=item_4,?kitting_table=kitting_table_0)",3.0,False,False,False,False,False,False,False,False,False,"deliver_item(?item=item_4,?kitting_table=kitting_table_0)",46.553914026145996,realized,0.0,0.0,realized,0.0,0.0,"deliver_item(?item=item_7,?kitting_table=kitting_table_0)",66.94317185608284,0.0,46.553914026145996,20.389257829936845,True
s40_on,env_layout4,98,task_committed,primary,True,"deliver_item(?item=item_3,?kitting_table=kitting_table_0)","deliver_item(?item=item_3,?kitting_table=kitting_table_0)",True,False,False,0.9930239321734146,17.419336942078417,"deliver_item(?item=item_4,?kitting_table=kitting_table_0)",item_4,3,True,"deliver_item(?item=item_4,?kitting_table=kitting_table_0)","deliver_item(?item=item_4,?kitting_table=kitting_table_0)",10.0,"deliver_item(?item=item_4,?kitting_table=kitting_table_0)",3.0,"deliver_item(?item=item_4,?kitting_table=kitting_table_0)",3.0,"deliver_item(?item=item_4,?kitting_table=kitting_table_0)",3.0,"deliver_item(?item=item_4,?kitting_table=kitting_table_0)",3.0,False,False,False,False,False,False,False,False,False,"deliver_item(?item=item_4,?kitting_table=kitting_table_0)",46.553914026145996,realized,0.0,0.0,realized,0.0,0.0,"deliver_item(?item=item_7,?kitting_table=kitting_table_0)",66.94317185608284,0.0,46.553914026145996,20.389257829936845,True
s40_on,env_layout4,98,task_committed,primary,True,"deliver_item(?item=item_3,?kitting_table=kitting_table_0)","deliver_item(?item=item_3,?kitting_table=kitting_table_0)",True,False,False,0.9930239321734146,17.419336942078417,"deliver_item(?item=item_4,?kitting_table=kitting_table_0)",item_4,3,True,"deliver_item(?item=item_4,?kitting_table=kitting_table_0)","deliver_item(?item=item_4,?kitting_table=kitting_table_0)",20.0,"deliver_item(?item=item_4,?kitting_table=kitting_table_0)",3.0,"deliver_item(?item=item_4,?kitting_table=kitting_table_0)",3.0,"deliver_item(?item=item_4,?kitting_table=kitting_table_0)",3.0,"deliver_item(?item=item_4,?kitting_table=kitting_table_0)",3.0,False,False,False,False,False,False,False,False,False,"deliver_item(?item=item_4,?kitting_table=kitting_table_0)",46.553914026145996,realized,0.0,0.0,realized,0.0,0.0,"deliver_item(?item=item_7,?kitting_table=kitting_table_0)",66.94317185608284,0.0,46.553914026145996,20.389257829936845,True
s40_on,env_layout4,98,task_committed,primary,True,"deliver_item(?item=item_3,?kitting_table=kitting_table_0)","deliver_item(?item=item_3,?kitting_table=kitting_table_0)",True,False,False,0.9930239321734146,17.419336942078417,"deliver_item(?item=item_4,?kitting_table=kitting_table_0)",item_4,3,True,"deliver_item(?item=item_4,?kitting_table=kitting_table_0)","deliver_item(?item=item_4,?kitting_table=kitting_table_0)",30.0,"deliver_item(?item=item_4,?kitting_table=kitting_table_0)",3.0,"deliver_item(?item=item_4,?kitting_table=kitting_table_0)",3.0,"deliver_item(?item=item_4,?kitting_table=kitting_table_0)",3.0,"deliver_item(?item=item_4,?kitting_table=kitting_table_0)",3.0,False,False,False,False,False,False,False,False,False,"deliver_item(?item=item_4,?kitting_table=kitting_table_0)",46.553914026145996,realized,0.0,0.0,realized,0.0,0.0,"deliver_item(?item=item_7,?kitting_table=kitting_table_0)",66.94317185608284,0.0,46.553914026145996,20.389257829936845,True
s40_on,env_layout4,98,task_committed,primary,True,"deliver_item(?item=item_3,?kitting_table=kitting_table_0)","deliver_item(?item=item_3,?kitting_table=kitting_table_0)",True,False,False,0.9930239321734146,17.419336942078417,"deliver_item(?item=item_4,?kitting_table=kitting_table_0)",item_4,3,True,"deliver_item(?item=item_4,?kitting_table=kitting_table_0)","deliver_item(?item=item_4,?kitting_table=kitting_table_0)",40.0,"deliver_item(?item=item_4,?kitting_table=kitting_table_0)",3.0,"deliver_item(?item=item_4,?kitting_table=kitting_table_0)",3.0,"deliver_item(?item=item_4,?kitting_table=kitting_table_0)",3.0,"deliver_item(?item=item_4,?kitting_table=kitting_table_0)",3.0,False,False,False,False,False,False,False,False,False,"deliver_item(?item=item_4,?kitting_table=kitting_table_0)",46.553914026145996,realized,0.0,0.0,realized,0.0,0.0,"deliver_item(?item=item_7,?kitting_table=kitting_table_0)",66.94317185608284,0.0,46.553914026145996,20.389257829936845,True
s40_on,env_layout4,98,task_committed,primary,True,"deliver_item(?item=item_3,?kitting_table=kitting_table_0)","deliver_item(?item=item_3,?kitting_table=kitting_table_0)",True,False,False,0.9930239321734146,17.419336942078417,"deliver_item(?item=item_4,?kitting_table=kitting_table_0)",item_4,3,True,"deliver_item(?item=item_4,?kitting_table=kitting_table_0)","deliver_item(?item=item_4,?kitting_table=kitting_table_0)",50.0,"deliver_item(?item=item_4,?kitting_table=kitting_table_0)",3.0,"deliver_item(?item=item_4,?kitting_table=kitting_table_0)",3.0,"deliver_item(?item=item_4,?kitting_table=kitting_table_0)",3.0,"deliver_item(?item=item_4,?kitting_table=kitting_table_0)",3.0,False,False,False,False,False,False,False,False,False,"deliver_item(?item=item_4,?kitting_table=kitting_table_0)",46.553914026145996,realized,0.0,0.0,realized,0.0,0.0,"deliver_item(?item=item_7,?kitting_table=kitting_table_0)",66.94317185608284,0.0,46.553914026145996,20.389257829936845,True
s40_on,env_layout4,98,task_committed,primary,True,"deliver_item(?item=item_3,?kitting_table=kitting_table_0)","deliver_item(?item=item_3,?kitting_table=kitting_table_0)",True,False,False,0.9930239321734146,17.419336942078417,"deliver_item(?item=item_4,?kitting_table=kitting_table_0)",item_4,3,True,"deliver_item(?item=item_4,?kitting_table=kitting_table_0)","deliver_item(?item=item_4,?kitting_table=kitting_table_0)",75.0,"deliver_item(?item=item_4,?kitting_table=kitting_table_0)",3.0,"deliver_item(?item=item_4,?kitting_table=kitting_table_0)",3.0,"deliver_item(?item=item_4,?kitting_table=kitting_table_0)",3.0,"deliver_item(?item=item_4,?kitting_table=kitting_table_0)",3.0,False,False,False,False,False,False,False,False,False,"deliver_item(?item=item_4,?kitting_table=kitting_table_0)",46.553914026145996,realized,0.0,0.0,realized,0.0,0.0,"deliver_item(?item=item_7,?kitting_table=kitting_table_0)",66.94317185608284,0.0,46.553914026145996,20.389257829936845,True
s40_on,env_layout4,98,task_committed,primary,True,"deliver_item(?item=item_3,?kitting_table=kitting_table_0)","deliver_item(?item=item_3,?kitting_table=kitting_table_0)",True,False,False,0.9930239321734146,17.419336942078417,"deliver_item(?item=item_4,?kitting_table=kitting_table_0)",item_4,3,True,"deliver_item(?item=item_4,?kitting_table=kitting_table_0)","deliver_item(?item=item_4,?kitting_table=kitting_table_0)",100.0,"deliver_item(?item=item_4,?kitting_table=kitting_table_0)",3.0,"deliver_item(?item=item_4,?kitting_table=kitting_table_0)",3.0,"deliver_item(?item=item_4,?kitting_table=kitting_table_0)",3.0,"deliver_item(?item=item_4,?kitting_table=kitting_table_0)",3.0,False,False,False,False,False,False,False,False,False,"deliver_item(?item=item_4,?kitting_table=kitting_table_0)",46.553914026145996,realized,0.0,0.0,realized,0.0,0.0,"deliver_item(?item=item_7,?kitting_table=kitting_table_0)",66.94317185608284,0.0,46.553914026145996,20.389257829936845,True
s40_on,env_layout4,98,task_committed,primary,True,"deliver_item(?item=item_3,?kitting_table=kitting_table_0)","deliver_item(?item=item_3,?kitting_table=kitting_table_0)",True,False,False,0.9930239321734146,17.419336942078417,"deliver_item(?item=item_4,?kitting_table=kitting_table_0)",item_4,3,True,"deliver_item(?item=item_4,?kitting_table=kitting_table_0)","deliver_item(?item=item_4,?kitting_table=kitting_table_0)",150.0,"deliver_item(?item=item_4,?kitting_table=kitting_table_0)",3.0,"deliver_item(?item=item_4,?kitting_table=kitting_table_0)",3.0,"deliver_item(?item=item_4,?kitting_table=kitting_table_0)",3.0,"deliver_item(?item=item_4,?kitting_table=kitting_table_0)",3.0,False,False,False,False,False,False,False,False,False,"deliver_item(?item=item_4,?kitting_table=kitting_table_0)",46.553914026145996,realized,0.0,0.0,realized,0.0,0.0,"deliver_item(?item=item_7,?kitting_table=kitting_table_0)",66.94317185608284,0.0,46.553914026145996,20.389257829936845,True
s40_on,env_layout4,98,task_committed,primary,True,"deliver_item(?item=item_3,?kitting_table=kitting_table_0)","deliver_item(?item=item_3,?kitting_table=kitting_table_0)",True,False,False,0.9930239321734146,17.419336942078417,"deliver_item(?item=item_4,?kitting_table=kitting_table_0)",item_4,3,True,"deliver_item(?item=item_4,?kitting_table=kitting_table_0)","deliver_item(?item=item_4,?kitting_table=kitting_table_0)",200.0,"deliver_item(?item=item_4,?kitting_table=kitting_table_0)",3.0,"deliver_item(?item=item_4,?kitting_table=kitting_table_0)",3.0,"deliver_item(?item=item_4,?kitting_table=kitting_table_0)",3.0,"deliver_item(?item=item_4,?kitting_table=kitting_table_0)",3.0,False,False,False,False,False,False,False,False,False,"deliver_item(?item=item_4,?kitting_table=kitting_table_0)",46.553914026145996,realized,0.0,0.0,realized,0.0,0.0,"deliver_item(?item=item_7,?kitting_table=kitting_table_0)",66.94317185608284,0.0,46.553914026145996,20.389257829936845,True
s40_on,env_layout4,98,task_committed,primary,True,"deliver_item(?item=item_3,?kitting_table=kitting_table_0)","deliver_item(?item=item_3,?kitting_table=kitting_table_0)",True,False,False,0.9930239321734146,17.419336942078417,"deliver_item(?item=item_4,?kitting_table=kitting_table_0)",item_4,3,True,"deliver_item(?item=item_4,?kitting_table=kitting_table_0)","deliver_item(?item=item_4,?kitting_table=kitting_table_0)",300.0,"deliver_item(?item=item_4,?kitting_table=kitting_table_0)",3.0,"deliver_item(?item=item_4,?kitting_table=kitting_table_0)",3.0,"deliver_item(?item=item_4,?kitting_table=kitting_table_0)",3.0,"deliver_item(?item=item_4,?kitting_table=kitting_table_0)",3.0,False,False,False,False,False,False,False,False,False,"deliver_item(?item=item_4,?kitting_table=kitting_table_0)",46.553914026145996,realized,0.0,0.0,realized,0.0,0.0,"deliver_item(?item=item_7,?kitting_table=kitting_table_0)",66.94317185608284,0.0,46.553914026145996,20.389257829936845,True
s40_on,env_layout4,98,task_committed,primary,True,"deliver_item(?item=item_3,?kitting_table=kitting_table_0)","deliver_item(?item=item_3,?kitting_table=kitting_table_0)",True,False,False,0.9930239321734146,17.419336942078417,"deliver_item(?item=item_4,?kitting_table=kitting_table_0)",item_4,3,True,"deliver_item(?item=item_4,?kitting_table=kitting_table_0)","deliver_item(?item=item_4,?kitting_table=kitting_table_0)",400.0,"deliver_item(?item=item_4,?kitting_table=kitting_table_0)",3.0,"deliver_item(?item=item_4,?kitting_table=kitting_table_0)",3.0,"deliver_item(?item=item_4,?kitting_table=kitting_table_0)",3.0,"deliver_item(?item=item_4,?kitting_table=kitting_table_0)",3.0,False,False,False,False,False,False,False,False,False,"deliver_item(?item=item_4,?kitting_table=kitting_table_0)",46.553914026145996,realized,0.0,0.0,realized,0.0,0.0,"deliver_item(?item=item_7,?kitting_table=kitting_table_0)",66.94317185608284,0.0,46.553914026145996,20.389257829936845,True
s40_on,env_layout4,98,task_committed,primary,True,"deliver_item(?item=item_3,?kitting_table=kitting_table_0)","deliver_item(?item=item_3,?kitting_table=kitting_table_0)",True,False,False,0.9930239321734146,17.419336942078417,"deliver_item(?item=item_4,?kitting_table=kitting_table_0)",item_4,3,True,"deliver_item(?item=item_4,?kitting_table=kitting_table_0)","deliver_item(?item=item_4,?kitting_table=kitting_table_0)",600.0,"deliver_item(?item=item_7,?kitting_table=kitting_table_0)",2.0,"deliver_item(?item=item_4,?kitting_table=kitting_table_0)",3.0,"deliver_item(?item=item_4,?kitting_table=kitting_table_0)",3.0,"deliver_item(?item=item_4,?kitting_table=kitting_table_0)",3.0,False,False,False,False,True,True,False,False,False,"deliver_item(?item=item_4,?kitting_table=kitting_table_0)",46.553914026145996,none:beyond_horizon,,1.87,realized,,,"deliver_item(?item=item_7,?kitting_table=kitting_table_0)",66.94317185608284,0.0,,,False
s40_on,env_layout4,135,theta_crossed,primary,True,coffee_break(?coffee_machine=coffee_machine_0),coffee_break(?coffee_machine=coffee_machine_0),True,False,False,0.7572980571741057,19.79676472547089,"deliver_item(?item=item_4,?kitting_table=kitting_table_0)",item_4,3,True,"deliver_item(?item=item_4,?kitting_table=kitting_table_0)","deliver_item(?item=item_4,?kitting_table=kitting_table_0)",5.0,"deliver_item(?item=item_4,?kitting_table=kitting_table_0)",3.0,"deliver_item(?item=item_4,?kitting_table=kitting_table_0)",3.0,"deliver_item(?item=item_4,?kitting_table=kitting_table_0)",3.0,"deliver_item(?item=item_4,?kitting_table=kitting_table_0)",3.0,False,False,False,False,False,False,False,False,False,"deliver_item(?item=item_4,?kitting_table=kitting_table_0)",9.553914026145993,realized,0.0,0.0,realized,0.0,0.0,"deliver_item(?item=item_7,?kitting_table=kitting_table_0)",103.78554532642363,0.0,9.553914026145993,94.23163130027764,True
s40_on,env_layout4,135,theta_crossed,primary,True,coffee_break(?coffee_machine=coffee_machine_0),coffee_break(?coffee_machine=coffee_machine_0),True,False,False,0.7572980571741057,19.79676472547089,"deliver_item(?item=item_4,?kitting_table=kitting_table_0)",item_4,3,True,"deliver_item(?item=item_4,?kitting_table=kitting_table_0)","deliver_item(?item=item_4,?kitting_table=kitting_table_0)",10.0,"deliver_item(?item=item_4,?kitting_table=kitting_table_0)",3.0,"deliver_item(?item=item_4,?kitting_table=kitting_table_0)",3.0,"deliver_item(?item=item_4,?kitting_table=kitting_table_0)",3.0,"deliver_item(?item=item_4,?kitting_table=kitting_table_0)",3.0,False,False,False,False,False,False,False,False,False,"deliver_item(?item=item_4,?kitting_table=kitting_table_0)",9.553914026145993,realized,0.0,0.0,realized,0.0,0.0,"deliver_item(?item=item_7,?kitting_table=kitting_table_0)",103.78554532642363,0.0,9.553914026145993,94.23163130027764,True
s40_on,env_layout4,135,theta_crossed,primary,True,coffee_break(?coffee_machine=coffee_machine_0),coffee_break(?coffee_machine=coffee_machine_0),True,False,False,0.7572980571741057,19.79676472547089,"deliver_item(?item=item_4,?kitting_table=kitting_table_0)",item_4,3,True,"deliver_item(?item=item_4,?kitting_table=kitting_table_0)","deliver_item(?item=item_4,?kitting_table=kitting_table_0)",20.0,"deliver_item(?item=item_4,?kitting_table=kitting_table_0)",3.0,"deliver_item(?item=item_4,?kitting_table=kitting_table_0)",3.0,"deliver_item(?item=item_4,?kitting_table=kitting_table_0)",3.0,"deliver_item(?item=item_4,?kitting_table=kitting_table_0)",3.0,False,False,False,False,False,False,False,False,False,"deliver_item(?item=item_4,?kitting_table=kitting_table_0)",9.553914026145993,realized,0.0,0.0,realized,0.0,0.0,"deliver_item(?item=item_7,?kitting_table=kitting_table_0)",103.78554532642363,0.0,9.553914026145993,94.23163130027764,True
s40_on,env_layout4,135,theta_crossed,primary,True,coffee_break(?coffee_machine=coffee_machine_0),coffee_break(?coffee_machine=coffee_machine_0),True,False,False,0.7572980571741057,19.79676472547089,"deliver_item(?item=item_4,?kitting_table=kitting_table_0)",item_4,3,True,"deliver_item(?item=item_4,?kitting_table=kitting_table_0)","deliver_item(?item=item_4,?kitting_table=kitting_table_0)",30.0,"deliver_item(?item=item_4,?kitting_table=kitting_table_0)",3.0,"deliver_item(?item=item_4,?kitting_table=kitting_table_0)",3.0,"deliver_item(?item=item_4,?kitting_table=kitting_table_0)",3.0,"deliver_item(?item=item_4,?kitting_table=kitting_table_0)",3.0,False,False,False,False,False,False,False,False,False,"deliver_item(?item=item_4,?kitting_table=kitting_table_0)",9.553914026145993,realized,0.0,0.0,realized,0.0,0.0,"deliver_item(?item=item_7,?kitting_table=kitting_table_0)",103.78554532642363,0.0,9.553914026145993,94.23163130027764,True
s40_on,env_layout4,135,theta_crossed,primary,True,coffee_break(?coffee_machine=coffee_machine_0),coffee_break(?coffee_machine=coffee_machine_0),True,False,False,0.7572980571741057,19.79676472547089,"deliver_item(?item=item_4,?kitting_table=kitting_table_0)",item_4,3,True,"deliver_item(?item=item_4,?kitting_table=kitting_table_0)","deliver_item(?item=item_4,?kitting_table=kitting_table_0)",40.0,"deliver_item(?item=item_4,?kitting_table=kitting_table_0)",3.0,"deliver_item(?item=item_4,?kitting_table=kitting_table_0)",3.0,"deliver_item(?item=item_4,?kitting_table=kitting_table_0)",3.0,"deliver_item(?item=item_4,?kitting_table=kitting_table_0)",3.0,False,False,False,False,False,False,False,False,False,"deliver_item(?item=item_4,?kitting_table=kitting_table_0)",9.553914026145993,realized,0.0,0.0,realized,0.0,0.0,"deliver_item(?item=item_7,?kitting_table=kitting_table_0)",103.78554532642363,0.0,9.553914026145993,94.23163130027764,True
s40_on,env_layout4,135,theta_crossed,primary,True,coffee_break(?coffee_machine=coffee_machine_0),coffee_break(?coffee_machine=coffee_machine_0),True,False,False,0.7572980571741057,19.79676472547089,"deliver_item(?item=item_4,?kitting_table=kitting_table_0)",item_4,3,True,"deliver_item(?item=item_4,?kitting_table=kitting_table_0)","deliver_item(?item=item_4,?kitting_table=kitting_table_0)",50.0,"deliver_item(?item=item_4,?kitting_table=kitting_table_0)",3.0,"deliver_item(?item=item_4,?kitting_table=kitting_table_0)",3.0,"deliver_item(?item=item_4,?kitting_table=kitting_table_0)",3.0,"deliver_item(?item=item_4,?kitting_table=kitting_table_0)",3.0,False,False,False,False,False,False,False,False,False,"deliver_item(?item=item_4,?kitting_table=kitting_table_0)",9.553914026145993,realized,0.0,0.0,realized,0.0,0.0,"deliver_item(?item=item_7,?kitting_table=kitting_table_0)",103.78554532642363,0.0,9.553914026145993,94.23163130027764,True
s40_on,env_layout4,135,theta_crossed,primary,True,coffee_break(?coffee_machine=coffee_machine_0),coffee_break(?coffee_machine=coffee_machine_0),True,False,False,0.7572980571741057,19.79676472547089,"deliver_item(?item=item_4,?kitting_table=kitting_table_0)",item_4,3,True,"deliver_item(?item=item_4,?kitting_table=kitting_table_0)","deliver_item(?item=item_4,?kitting_table=kitting_table_0)",75.0,"deliver_item(?item=item_4,?kitting_table=kitting_table_0)",3.0,"deliver_item(?item=item_4,?kitting_table=kitting_table_0)",3.0,"deliver_item(?item=item_4,?kitting_table=kitting_table_0)",3.0,"deliver_item(?item=item_4,?kitting_table=kitting_table_0)",3.0,False,False,False,False,False,False,False,False,False,"deliver_item(?item=item_4,?kitting_table=kitting_table_0)",9.553914026145993,realized,0.0,0.0,realized,0.0,0.0,"deliver_item(?item=item_7,?kitting_table=kitting_table_0)",103.78554532642363,0.0,9.553914026145993,94.23163130027764,True
s40_on,env_layout4,135,theta_crossed,primary,True,coffee_break(?coffee_machine=coffee_machine_0),coffee_break(?coffee_machine=coffee_machine_0),True,False,False,0.7572980571741057,19.79676472547089,"deliver_item(?item=item_4,?kitting_table=kitting_table_0)",item_4,3,True,"deliver_item(?item=item_4,?kitting_table=kitting_table_0)","deliver_item(?item=item_4,?kitting_table=kitting_table_0)",100.0,"deliver_item(?item=item_4,?kitting_table=kitting_table_0)",3.0,"deliver_item(?item=item_4,?kitting_table=kitting_table_0)",3.0,"deliver_item(?item=item_4,?kitting_table=kitting_table_0)",3.0,"deliver_item(?item=item_4,?kitting_table=kitting_table_0)",3.0,False,False,False,False,False,False,False,False,False,"deliver_item(?item=item_4,?kitting_table=kitting_table_0)",9.553914026145993,realized,0.0,0.0,realized,0.0,0.0,"deliver_item(?item=item_7,?kitting_table=kitting_table_0)",103.78554532642363,0.0,9.553914026145993,94.23163130027764,True
s40_on,env_layout4,135,theta_crossed,primary,True,coffee_break(?coffee_machine=coffee_machine_0),coffee_break(?coffee_machine=coffee_machine_0),True,False,False,0.7572980571741057,19.79676472547089,"deliver_item(?item=item_4,?kitting_table=kitting_table_0)",item_4,3,True,"deliver_item(?item=item_4,?kitting_table=kitting_table_0)","deliver_item(?item=item_4,?kitting_table=kitting_table_0)",150.0,"deliver_item(?item=item_4,?kitting_table=kitting_table_0)",3.0,"deliver_item(?item=item_4,?kitting_table=kitting_table_0)",3.0,"deliver_item(?item=item_4,?kitting_table=kitting_table_0)",3.0,"deliver_item(?item=item_4,?kitting_table=kitting_table_0)",3.0,False,False,False,False,False,False,False,False,False,"deliver_item(?item=item_4,?kitting_table=kitting_table_0)",9.553914026145993,realized,0.0,0.0,realized,0.0,0.0,"deliver_item(?item=item_7,?kitting_table=kitting_table_0)",103.78554532642363,0.0,9.553914026145993,94.23163130027764,True
s40_on,env_layout4,135,theta_crossed,primary,True,coffee_break(?coffee_machine=coffee_machine_0),coffee_break(?coffee_machine=coffee_machine_0),True,False,False,0.7572980571741057,19.79676472547089,"deliver_item(?item=item_4,?kitting_table=kitting_table_0)",item_4,3,True,"deliver_item(?item=item_4,?kitting_table=kitting_table_0)","deliver_item(?item=item_4,?kitting_table=kitting_table_0)",200.0,"deliver_item(?item=item_4,?kitting_table=kitting_table_0)",3.0,"deliver_item(?item=item_4,?kitting_table=kitting_table_0)",3.0,"deliver_item(?item=item_4,?kitting_table=kitting_table_0)",3.0,"deliver_item(?item=item_4,?kitting_table=kitting_table_0)",3.0,False,False,False,False,False,False,False,False,False,"deliver_item(?item=item_4,?kitting_table=kitting_table_0)",9.553914026145993,realized,0.0,0.0,realized,0.0,0.0,"deliver_item(?item=item_7,?kitting_table=kitting_table_0)",103.78554532642363,0.0,9.553914026145993,94.23163130027764,True
s40_on,env_layout4,135,theta_crossed,primary,True,coffee_break(?coffee_machine=coffee_machine_0),coffee_break(?coffee_machine=coffee_machine_0),True,False,False,0.7572980571741057,19.79676472547089,"deliver_item(?item=item_4,?kitting_table=kitting_table_0)",item_4,3,True,"deliver_item(?item=item_4,?kitting_table=kitting_table_0)","deliver_item(?item=item_4,?kitting_table=kitting_table_0)",300.0,"deliver_item(?item=item_4,?kitting_table=kitting_table_0)",3.0,"deliver_item(?item=item_4,?kitting_table=kitting_table_0)",3.0,"deliver_item(?item=item_4,?kitting_table=kitting_table_0)",3.0,"deliver_item(?item=item_4,?kitting_table=kitting_table_0)",3.0,False,False,False,False,False,False,False,False,False,"deliver_item(?item=item_4,?kitting_table=kitting_table_0)",9.553914026145993,realized,0.0,0.0,realized,0.0,0.0,"deliver_item(?item=item_7,?kitting_table=kitting_table_0)",103.78554532642363,0.0,9.553914026145993,94.23163130027764,True
s40_on,env_layout4,135,theta_crossed,primary,True,coffee_break(?coffee_machine=coffee_machine_0),coffee_break(?coffee_machine=coffee_machine_0),True,False,False,0.7572980571741057,19.79676472547089,"deliver_item(?item=item_4,?kitting_table=kitting_table_0)",item_4,3,True,"deliver_item(?item=item_4,?kitting_table=kitting_table_0)","deliver_item(?item=item_4,?kitting_table=kitting_table_0)",400.0,,0.0,,0.0,,0.0,,0.0,True,True,True,False,False,False,False,False,False,"deliver_item(?item=item_4,?kitting_table=kitting_table_0)",9.553914026145993,none:hold_position_violated,,,none:no_feasible_start,,,,,,,,False
s40_on,env_layout4,135,theta_crossed,primary,True,coffee_break(?coffee_machine=coffee_machine_0),coffee_break(?coffee_machine=coffee_machine_0),True,False,False,0.7572980571741057,19.79676472547089,"deliver_item(?item=item_4,?kitting_table=kitting_table_0)",item_4,3,True,"deliver_item(?item=item_4,?kitting_table=kitting_table_0)","deliver_item(?item=item_4,?kitting_table=kitting_table_0)",600.0,,0.0,,0.0,,0.0,,0.0,True,True,True,False,False,False,False,False,False,"deliver_item(?item=item_4,?kitting_table=kitting_table_0)",9.553914026145993,none:hold_position_violated,,,none:no_feasible_start,,,,,,,,False
s40_on,env_layout4,147,no_current_task,primary,True,coffee_break(?coffee_machine=coffee_machine_0),coffee_break(?coffee_machine=coffee_machine_0),True,False,False,0.8818215419385625,7.796764725470889,,,2,False,"deliver_item(?item=item_7,?kitting_table=kitting_table_0)","deliver_item(?item=item_7,?kitting_table=kitting_table_0)",5.0,"deliver_item(?item=item_7,?kitting_table=kitting_table_0)",2.0,"deliver_item(?item=item_7,?kitting_table=kitting_table_0)",2.0,"deliver_item(?item=item_7,?kitting_table=kitting_table_0)",2.0,"deliver_item(?item=item_7,?kitting_table=kitting_table_0)",2.0,False,False,False,False,False,False,False,False,False,,,,,,,,,,,,,,
s40_on,env_layout4,147,no_current_task,primary,True,coffee_break(?coffee_machine=coffee_machine_0),coffee_break(?coffee_machine=coffee_machine_0),True,False,False,0.8818215419385625,7.796764725470889,,,2,False,"deliver_item(?item=item_7,?kitting_table=kitting_table_0)","deliver_item(?item=item_7,?kitting_table=kitting_table_0)",10.0,"deliver_item(?item=item_7,?kitting_table=kitting_table_0)",2.0,"deliver_item(?item=item_7,?kitting_table=kitting_table_0)",2.0,"deliver_item(?item=item_7,?kitting_table=kitting_table_0)",2.0,"deliver_item(?item=item_7,?kitting_table=kitting_table_0)",2.0,False,False,False,False,False,False,False,False,False,,,,,,,,,,,,,,
s40_on,env_layout4,147,no_current_task,primary,True,coffee_break(?coffee_machine=coffee_machine_0),coffee_break(?coffee_machine=coffee_machine_0),True,False,False,0.8818215419385625,7.796764725470889,,,2,False,"deliver_item(?item=item_7,?kitting_table=kitting_table_0)","deliver_item(?item=item_7,?kitting_table=kitting_table_0)",20.0,"deliver_item(?item=item_7,?kitting_table=kitting_table_0)",2.0,"deliver_item(?item=item_7,?kitting_table=kitting_table_0)",2.0,"deliver_item(?item=item_7,?kitting_table=kitting_table_0)",2.0,"deliver_item(?item=item_7,?kitting_table=kitting_table_0)",2.0,False,False,False,False,False,False,False,False,False,,,,,,,,,,,,,,
s40_on,env_layout4,147,no_current_task,primary,True,coffee_break(?coffee_machine=coffee_machine_0),coffee_break(?coffee_machine=coffee_machine_0),True,False,False,0.8818215419385625,7.796764725470889,,,2,False,"deliver_item(?item=item_7,?kitting_table=kitting_table_0)","deliver_item(?item=item_7,?kitting_table=kitting_table_0)",30.0,"deliver_item(?item=item_7,?kitting_table=kitting_table_0)",2.0,"deliver_item(?item=item_7,?kitting_table=kitting_table_0)",2.0,"deliver_item(?item=item_7,?kitting_table=kitting_table_0)",2.0,"deliver_item(?item=item_7,?kitting_table=kitting_table_0)",2.0,False,False,False,False,False,False,False,False,False,,,,,,,,,,,,,,
s40_on,env_layout4,147,no_current_task,primary,True,coffee_break(?coffee_machine=coffee_machine_0),coffee_break(?coffee_machine=coffee_machine_0),True,False,False,0.8818215419385625,7.796764725470889,,,2,False,"deliver_item(?item=item_7,?kitting_table=kitting_table_0)","deliver_item(?item=item_7,?kitting_table=kitting_table_0)",40.0,"deliver_item(?item=item_7,?kitting_table=kitting_table_0)",2.0,"deliver_item(?item=item_7,?kitting_table=kitting_table_0)",2.0,"deliver_item(?item=item_7,?kitting_table=kitting_table_0)",2.0,"deliver_item(?item=item_7,?kitting_table=kitting_table_0)",2.0,False,False,False,False,False,False,False,False,False,,,,,,,,,,,,,,
s40_on,env_layout4,147,no_current_task,primary,True,coffee_break(?coffee_machine=coffee_machine_0),coffee_break(?coffee_machine=coffee_machine_0),True,False,False,0.8818215419385625,7.796764725470889,,,2,False,"deliver_item(?item=item_7,?kitting_table=kitting_table_0)","deliver_item(?item=item_7,?kitting_table=kitting_table_0)",50.0,"deliver_item(?item=item_7,?kitting_table=kitting_table_0)",2.0,"deliver_item(?item=item_7,?kitting_table=kitting_table_0)",2.0,"deliver_item(?item=item_7,?kitting_table=kitting_table_0)",2.0,"deliver_item(?item=item_7,?kitting_table=kitting_table_0)",2.0,False,False,False,False,False,False,False,False,False,,,,,,,,,,,,,,
s40_on,env_layout4,147,no_current_task,primary,True,coffee_break(?coffee_machine=coffee_machine_0),coffee_break(?coffee_machine=coffee_machine_0),True,False,False,0.8818215419385625,7.796764725470889,,,2,False,"deliver_item(?item=item_7,?kitting_table=kitting_table_0)","deliver_item(?item=item_7,?kitting_table=kitting_table_0)",75.0,"deliver_item(?item=item_7,?kitting_table=kitting_table_0)",2.0,"deliver_item(?item=item_7,?kitting_table=kitting_table_0)",2.0,"deliver_item(?item=item_7,?kitting_table=kitting_table_0)",2.0,"deliver_item(?item=item_7,?kitting_table=kitting_table_0)",2.0,False,False,False,False,False,False,False,False,False,,,,,,,,,,,,,,
s40_on,env_layout4,147,no_current_task,primary,True,coffee_break(?coffee_machine=coffee_machine_0),coffee_break(?coffee_machine=coffee_machine_0),True,False,False,0.8818215419385625,7.796764725470889,,,2,False,"deliver_item(?item=item_7,?kitting_table=kitting_table_0)","deliver_item(?item=item_7,?kitting_table=kitting_table_0)",100.0,"deliver_item(?item=item_7,?kitting_table=kitting_table_0)",2.0,"deliver_item(?item=item_7,?kitting_table=kitting_table_0)",2.0,"deliver_item(?item=item_7,?kitting_table=kitting_table_0)",2.0,"deliver_item(?item=item_7,?kitting_table=kitting_table_0)",2.0,False,False,False,False,False,False,False,False,False,,,,,,,,,,,,,,
s40_on,env_layout4,147,no_current_task,primary,True,coffee_break(?coffee_machine=coffee_machine_0),coffee_break(?coffee_machine=coffee_machine_0),True,False,False,0.8818215419385625,7.796764725470889,,,2,False,"deliver_item(?item=item_7,?kitting_table=kitting_table_0)","deliver_item(?item=item_7,?kitting_table=kitting_table_0)",150.0,"deliver_item(?item=item_7,?kitting_table=kitting_table_0)",2.0,"deliver_item(?item=item_7,?kitting_table=kitting_table_0)",2.0,"deliver_item(?item=item_7,?kitting_table=kitting_table_0)",2.0,"deliver_item(?item=item_7,?kitting_table=kitting_table_0)",2.0,False,False,False,False,False,False,False,False,False,,,,,,,,,,,,,,
s40_on,env_layout4,147,no_current_task,primary,True,coffee_break(?coffee_machine=coffee_machine_0),coffee_break(?coffee_machine=coffee_machine_0),True,False,False,0.8818215419385625,7.796764725470889,,,2,False,"deliver_item(?item=item_7,?kitting_table=kitting_table_0)","deliver_item(?item=item_7,?kitting_table=kitting_table_0)",200.0,"deliver_item(?item=item_7,?kitting_table=kitting_table_0)",2.0,"deliver_item(?item=item_7,?kitting_table=kitting_table_0)",2.0,"deliver_item(?item=item_7,?kitting_table=kitting_table_0)",2.0,"deliver_item(?item=item_7,?kitting_table=kitting_table_0)",2.0,False,False,False,False,False,False,False,False,False,,,,,,,,,,,,,,
s40_on,env_layout4,147,no_current_task,primary,True,coffee_break(?coffee_machine=coffee_machine_0),coffee_break(?coffee_machine=coffee_machine_0),True,False,False,0.8818215419385625,7.796764725470889,,,2,False,"deliver_item(?item=item_7,?kitting_table=kitting_table_0)","deliver_item(?item=item_7,?kitting_table=kitting_table_0)",300.0,"deliver_item(?item=item_7,?kitting_table=kitting_table_0)",2.0,"deliver_item(?item=item_7,?kitting_table=kitting_table_0)",2.0,"deliver_item(?item=item_7,?kitting_table=kitting_table_0)",2.0,"deliver_item(?item=item_7,?kitting_table=kitting_table_0)",2.0,False,False,False,False,False,False,False,False,False,,,,,,,,,,,,,,
s40_on,env_layout4,147,no_current_task,primary,True,coffee_break(?coffee_machine=coffee_machine_0),coffee_break(?coffee_machine=coffee_machine_0),True,False,False,0.8818215419385625,7.796764725470889,,,2,False,"deliver_item(?item=item_7,?kitting_table=kitting_table_0)","deliver_item(?item=item_7,?kitting_table=kitting_table_0)",400.0,"deliver_item(?item=item_7,?kitting_table=kitting_table_0)",2.0,"deliver_item(?item=item_7,?kitting_table=kitting_table_0)",2.0,"deliver_item(?item=item_7,?kitting_table=kitting_table_0)",2.0,"deliver_item(?item=item_7,?kitting_table=kitting_table_0)",2.0,False,False,False,False,False,False,False,False,False,,,,,,,,,,,,,,
s40_on,env_layout4,147,no_current_task,primary,True,coffee_break(?coffee_machine=coffee_machine_0),coffee_break(?coffee_machine=coffee_machine_0),True,False,False,0.8818215419385625,7.796764725470889,,,2,False,"deliver_item(?item=item_7,?kitting_table=kitting_table_0)","deliver_item(?item=item_7,?kitting_table=kitting_table_0)",600.0,"deliver_item(?item=item_7,?kitting_table=kitting_table_0)",2.0,"deliver_item(?item=item_7,?kitting_table=kitting_table_0)",2.0,"deliver_item(?item=item_7,?kitting_table=kitting_table_0)",2.0,"deliver_item(?item=item_7,?kitting_table=kitting_table_0)",2.0,False,False,False,False,False,False,False,False,False,,,,,,,,,,,,,,
s40_on,env_layout4,195,task_committed,counterfactual,False,"deliver_item(?item=item_6,?kitting_table=kitting_table_0)",ac_activation(?ac_switch=wander_0),False,False,False,0.6026913010105484,100.21898365780608,"deliver_item(?item=item_7,?kitting_table=kitting_table_0)",item_7,2,True,"deliver_item(?item=item_7,?kitting_table=kitting_table_0)","deliver_item(?item=item_7,?kitting_table=kitting_table_0)",5.0,"deliver_item(?item=item_7,?kitting_table=kitting_table_0)",2.0,"deliver_item(?item=item_7,?kitting_table=kitting_table_0)",2.0,"deliver_item(?item=item_7,?kitting_table=kitting_table_0)",2.0,"deliver_item(?item=item_7,?kitting_table=kitting_table_0)",2.0,False,False,False,False,False,False,False,False,False,"deliver_item(?item=item_7,?kitting_table=kitting_table_0)",47.5206071372028,realized,0.0,0.0,realized,0.0,0.0,"deliver_item(?item=item_5,?kitting_table=kitting_table_0)",111.9764070279985,0.0,47.5206071372028,64.4557998907957,True
s40_on,env_layout4,195,task_committed,counterfactual,False,"deliver_item(?item=item_6,?kitting_table=kitting_table_0)",ac_activation(?ac_switch=wander_0),False,False,False,0.6026913010105484,100.21898365780608,"deliver_item(?item=item_7,?kitting_table=kitting_table_0)",item_7,2,True,"deliver_item(?item=item_7,?kitting_table=kitting_table_0)","deliver_item(?item=item_7,?kitting_table=kitting_table_0)",10.0,"deliver_item(?item=item_7,?kitting_table=kitting_table_0)",2.0,"deliver_item(?item=item_7,?kitting_table=kitting_table_0)",2.0,"deliver_item(?item=item_7,?kitting_table=kitting_table_0)",2.0,"deliver_item(?item=item_7,?kitting_table=kitting_table_0)",2.0,False,False,False,False,False,False,False,False,False,"deliver_item(?item=item_7,?kitting_table=kitting_table_0)",47.5206071372028,realized,0.0,0.0,realized,0.0,0.0,"deliver_item(?item=item_5,?kitting_table=kitting_table_0)",111.9764070279985,0.0,47.5206071372028,64.4557998907957,True
s40_on,env_layout4,195,task_committed,counterfactual,False,"deliver_item(?item=item_6,?kitting_table=kitting_table_0)",ac_activation(?ac_switch=wander_0),False,False,False,0.6026913010105484,100.21898365780608,"deliver_item(?item=item_7,?kitting_table=kitting_table_0)",item_7,2,True,"deliver_item(?item=item_7,?kitting_table=kitting_table_0)","deliver_item(?item=item_7,?kitting_table=kitting_table_0)",20.0,"deliver_item(?item=item_7,?kitting_table=kitting_table_0)",2.0,"deliver_item(?item=item_7,?kitting_table=kitting_table_0)",2.0,"deliver_item(?item=item_7,?kitting_table=kitting_table_0)",2.0,"deliver_item(?item=item_7,?kitting_table=kitting_table_0)",2.0,False,False,False,False,False,False,False,False,False,"deliver_item(?item=item_7,?kitting_table=kitting_table_0)",47.5206071372028,realized,0.0,0.0,realized,0.0,0.0,"deliver_item(?item=item_5,?kitting_table=kitting_table_0)",111.9764070279985,0.0,47.5206071372028,64.4557998907957,True
s40_on,env_layout4,195,task_committed,counterfactual,False,"deliver_item(?item=item_6,?kitting_table=kitting_table_0)",ac_activation(?ac_switch=wander_0),False,False,False,0.6026913010105484,100.21898365780608,"deliver_item(?item=item_7,?kitting_table=kitting_table_0)",item_7,2,True,"deliver_item(?item=item_7,?kitting_table=kitting_table_0)","deliver_item(?item=item_7,?kitting_table=kitting_table_0)",30.0,"deliver_item(?item=item_7,?kitting_table=kitting_table_0)",2.0,"deliver_item(?item=item_7,?kitting_table=kitting_table_0)",2.0,"deliver_item(?item=item_7,?kitting_table=kitting_table_0)",2.0,"deliver_item(?item=item_7,?kitting_table=kitting_table_0)",2.0,False,False,False,False,False,False,False,False,False,"deliver_item(?item=item_7,?kitting_table=kitting_table_0)",47.5206071372028,realized,0.0,0.0,realized,0.0,0.0,"deliver_item(?item=item_5,?kitting_table=kitting_table_0)",111.9764070279985,0.0,47.5206071372028,64.4557998907957,True
s40_on,env_layout4,195,task_committed,counterfactual,False,"deliver_item(?item=item_6,?kitting_table=kitting_table_0)",ac_activation(?ac_switch=wander_0),False,False,False,0.6026913010105484,100.21898365780608,"deliver_item(?item=item_7,?kitting_table=kitting_table_0)",item_7,2,True,"deliver_item(?item=item_7,?kitting_table=kitting_table_0)","deliver_item(?item=item_7,?kitting_table=kitting_table_0)",40.0,"deliver_item(?item=item_7,?kitting_table=kitting_table_0)",2.0,"deliver_item(?item=item_7,?kitting_table=kitting_table_0)",2.0,"deliver_item(?item=item_7,?kitting_table=kitting_table_0)",2.0,"deliver_item(?item=item_7,?kitting_table=kitting_table_0)",2.0,False,False,False,False,False,False,False,False,False,"deliver_item(?item=item_7,?kitting_table=kitting_table_0)",47.5206071372028,realized,0.0,0.0,realized,0.0,0.0,"deliver_item(?item=item_5,?kitting_table=kitting_table_0)",111.9764070279985,0.0,47.5206071372028,64.4557998907957,True
s40_on,env_layout4,195,task_committed,counterfactual,False,"deliver_item(?item=item_6,?kitting_table=kitting_table_0)",ac_activation(?ac_switch=wander_0),False,False,False,0.6026913010105484,100.21898365780608,"deliver_item(?item=item_7,?kitting_table=kitting_table_0)",item_7,2,True,"deliver_item(?item=item_7,?kitting_table=kitting_table_0)","deliver_item(?item=item_7,?kitting_table=kitting_table_0)",50.0,"deliver_item(?item=item_7,?kitting_table=kitting_table_0)",2.0,"deliver_item(?item=item_7,?kitting_table=kitting_table_0)",2.0,"deliver_item(?item=item_7,?kitting_table=kitting_table_0)",2.0,"deliver_item(?item=item_7,?kitting_table=kitting_table_0)",2.0,False,False,False,False,False,False,False,False,False,"deliver_item(?item=item_7,?kitting_table=kitting_table_0)",47.5206071372028,realized,0.0,0.0,realized,0.0,0.0,"deliver_item(?item=item_5,?kitting_table=kitting_table_0)",111.9764070279985,0.0,47.5206071372028,64.4557998907957,True
s40_on,env_layout4,195,task_committed,counterfactual,False,"deliver_item(?item=item_6,?kitting_table=kitting_table_0)",ac_activation(?ac_switch=wander_0),False,False,False,0.6026913010105484,100.21898365780608,"deliver_item(?item=item_7,?kitting_table=kitting_table_0)",item_7,2,True,"deliver_item(?item=item_7,?kitting_table=kitting_table_0)","deliver_item(?item=item_7,?kitting_table=kitting_table_0)",75.0,"deliver_item(?item=item_7,?kitting_table=kitting_table_0)",2.0,"deliver_item(?item=item_7,?kitting_table=kitting_table_0)",2.0,"deliver_item(?item=item_7,?kitting_table=kitting_table_0)",2.0,"deliver_item(?item=item_7,?kitting_table=kitting_table_0)",2.0,False,False,False,False,False,False,False,False,False,"deliver_item(?item=item_7,?kitting_table=kitting_table_0)",47.5206071372028,realized,0.0,0.0,realized,0.0,0.0,"deliver_item(?item=item_5,?kitting_table=kitting_table_0)",111.9764070279985,0.0,47.5206071372028,64.4557998907957,True
s40_on,env_layout4,195,task_committed,counterfactual,False,"deliver_item(?item=item_6,?kitting_table=kitting_table_0)",ac_activation(?ac_switch=wander_0),False,False,False,0.6026913010105484,100.21898365780608,"deliver_item(?item=item_7,?kitting_table=kitting_table_0)",item_7,2,True,"deliver_item(?item=item_7,?kitting_table=kitting_table_0)","deliver_item(?item=item_7,?kitting_table=kitting_table_0)",100.0,"deliver_item(?item=item_7,?kitting_table=kitting_table_0)",2.0,"deliver_item(?item=item_7,?kitting_table=kitting_table_0)",2.0,"deliver_item(?item=item_7,?kitting_table=kitting_table_0)",2.0,"deliver_item(?item=item_7,?kitting_table=kitting_table_0)",2.0,False,False,False,False,False,False,False,False,False,"deliver_item(?item=item_7,?kitting_table=kitting_table_0)",47.5206071372028,realized,0.0,0.0,realized,0.0,0.0,"deliver_item(?item=item_5,?kitting_table=kitting_table_0)",111.9764070279985,0.0,47.5206071372028,64.4557998907957,True
s40_on,env_layout4,195,task_committed,counterfactual,False,"deliver_item(?item=item_6,?kitting_table=kitting_table_0)",ac_activation(?ac_switch=wander_0),False,False,False,0.6026913010105484,100.21898365780608,"deliver_item(?item=item_7,?kitting_table=kitting_table_0)",item_7,2,True,"deliver_item(?item=item_7,?kitting_table=kitting_table_0)","deliver_item(?item=item_7,?kitting_table=kitting_table_0)",150.0,"deliver_item(?item=item_7,?kitting_table=kitting_table_0)",2.0,"deliver_item(?item=item_7,?kitting_table=kitting_table_0)",2.0,"deliver_item(?item=item_7,?kitting_table=kitting_table_0)",2.0,"deliver_item(?item=item_7,?kitting_table=kitting_table_0)",2.0,False,False,False,False,False,False,False,False,False,"deliver_item(?item=item_7,?kitting_table=kitting_table_0)",47.5206071372028,realized,0.0,0.0,realized,0.0,0.0,"deliver_item(?item=item_5,?kitting_table=kitting_table_0)",149.49482072162675,37.51841369362826,47.5206071372028,101.97421358442395,True
s40_on,env_layout4,195,task_committed,counterfactual,False,"deliver_item(?item=item_6,?kitting_table=kitting_table_0)",ac_activation(?ac_switch=wander_0),False,False,False,0.6026913010105484,100.21898365780608,"deliver_item(?item=item_7,?kitting_table=kitting_table_0)",item_7,2,True,"deliver_item(?item=item_7,?kitting_table=kitting_table_0)","deliver_item(?item=item_7,?kitting_table=kitting_table_0)",200.0,"deliver_item(?item=item_7,?kitting_table=kitting_table_0)",2.0,"deliver_item(?item=item_7,?kitting_table=kitting_table_0)",2.0,"deliver_item(?item=item_7,?kitting_table=kitting_table_0)",2.0,"deliver_item(?item=item_7,?kitting_table=kitting_table_0)",2.0,False,False,False,False,False,False,False,False,False,"deliver_item(?item=item_7,?kitting_table=kitting_table_0)",47.5206071372028,realized,0.0,0.0,realized,0.0,0.0,"deliver_item(?item=item_5,?kitting_table=kitting_table_0)",151.8378192209347,39.861412192936186,47.5206071372028,104.3172120837319,True
s40_on,env_layout4,195,task_committed,counterfactual,False,"deliver_item(?item=item_6,?kitting_table=kitting_table_0)",ac_activation(?ac_switch=wander_0),False,False,False,0.6026913010105484,100.21898365780608,"deliver_item(?item=item_7,?kitting_table=kitting_table_0)",item_7,2,True,"deliver_item(?item=item_7,?kitting_table=kitting_table_0)","deliver_item(?item=item_7,?kitting_table=kitting_table_0)",300.0,"deliver_item(?item=item_7,?kitting_table=kitting_table_0)",2.0,"deliver_item(?item=item_7,?kitting_table=kitting_table_0)",2.0,"deliver_item(?item=item_7,?kitting_table=kitting_table_0)",2.0,"deliver_item(?item=item_7,?kitting_table=kitting_table_0)",2.0,False,False,False,False,False,False,False,False,False,"deliver_item(?item=item_7,?kitting_table=kitting_table_0)",47.5206071372028,realized,0.0,0.0,realized,0.0,0.0,"deliver_item(?item=item_5,?kitting_table=kitting_table_0)",154.4764070279985,42.5,47.5206071372028,106.9557998907957,True
s40_on,env_layout4,195,task_committed,counterfactual,False,"deliver_item(?item=item_6,?kitting_table=kitting_table_0)",ac_activation(?ac_switch=wander_0),False,False,False,0.6026913010105484,100.21898365780608,"deliver_item(?item=item_7,?kitting_table=kitting_table_0)",item_7,2,True,"deliver_item(?item=item_7,?kitting_table=kitting_table_0)","deliver_item(?item=item_7,?kitting_table=kitting_table_0)",400.0,"deliver_item(?item=item_7,?kitting_table=kitting_table_0)",2.0,"deliver_item(?item=item_7,?kitting_table=kitting_table_0)",2.0,"deliver_item(?item=item_7,?kitting_table=kitting_table_0)",2.0,"deliver_item(?item=item_7,?kitting_table=kitting_table_0)",2.0,False,False,False,False,False,False,False,False,False,"deliver_item(?item=item_7,?kitting_table=kitting_table_0)",47.5206071372028,realized,0.0,0.0,realized,0.0,0.0,"deliver_item(?item=item_5,?kitting_table=kitting_table_0)",175.2905006016078,63.31409357360928,47.5206071372028,127.76989346440499,True
s40_on,env_layout4,195,task_committed,counterfactual,False,"deliver_item(?item=item_6,?kitting_table=kitting_table_0)",ac_activation(?ac_switch=wander_0),False,False,False,0.6026913010105484,100.21898365780608,"deliver_item(?item=item_7,?kitting_table=kitting_table_0)",item_7,2,True,"deliver_item(?item=item_7,?kitting_table=kitting_table_0)","deliver_item(?item=item_7,?kitting_table=kitting_table_0)",600.0,"deliver_item(?item=item_7,?kitting_table=kitting_table_0)",1.0,"deliver_item(?item=item_7,?kitting_table=kitting_table_0)",1.0,"deliver_item(?item=item_7,?kitting_table=kitting_table_0)",1.0,"deliver_item(?item=item_7,?kitting_table=kitting_table_0)",1.0,False,False,False,False,False,False,False,False,False,"deliver_item(?item=item_7,?kitting_table=kitting_table_0)",47.5206071372028,realized,0.0,0.0,realized,0.0,0.0,,,,47.5206071372028,,True
s40_on,env_layout4,203,theta_crossed,primary,True,"deliver_item(?item=item_6,?kitting_table=kitting_table_0)",ac_activation(?ac_switch=wander_0),False,False,False,0.7558597193632451,92.22325700228558,"deliver_item(?item=item_7,?kitting_table=kitting_table_0)",item_7,2,True,"deliver_item(?item=item_7,?kitting_table=kitting_table_0)","deliver_item(?item=item_7,?kitting_table=kitting_table_0)",5.0,"deliver_item(?item=item_7,?kitting_table=kitting_table_0)",2.0,"deliver_item(?item=item_7,?kitting_table=kitting_table_0)",2.0,"deliver_item(?item=item_7,?kitting_table=kitting_table_0)",2.0,"deliver_item(?item=item_7,?kitting_table=kitting_table_0)",2.0,False,False,False,False,False,False,False,False,False,"deliver_item(?item=item_7,?kitting_table=kitting_table_0)",39.52060713720281,realized,0.0,0.0,realized,0.0,0.0,"deliver_item(?item=item_5,?kitting_table=kitting_table_0)",119.97639929821787,0.0,39.52060713720281,80.45579216101507,True
s40_on,env_layout4,203,theta_crossed,primary,True,"deliver_item(?item=item_6,?kitting_table=kitting_table_0)",ac_activation(?ac_switch=wander_0),False,False,False,0.7558597193632451,92.22325700228558,"deliver_item(?item=item_7,?kitting_table=kitting_table_0)",item_7,2,True,"deliver_item(?item=item_7,?kitting_table=kitting_table_0)","deliver_item(?item=item_7,?kitting_table=kitting_table_0)",10.0,"deliver_item(?item=item_7,?kitting_table=kitting_table_0)",2.0,"deliver_item(?item=item_7,?kitting_table=kitting_table_0)",2.0,"deliver_item(?item=item_7,?kitting_table=kitting_table_0)",2.0,"deliver_item(?item=item_7,?kitting_table=kitting_table_0)",2.0,False,False,False,False,False,False,False,False,False,"deliver_item(?item=item_7,?kitting_table=kitting_table_0)",39.52060713720281,realized,0.0,0.0,realized,0.0,0.0,"deliver_item(?item=item_5,?kitting_table=kitting_table_0)",119.97639929821787,0.0,39.52060713720281,80.45579216101507,True
s40_on,env_layout4,203,theta_crossed,primary,True,"deliver_item(?item=item_6,?kitting_table=kitting_table_0)",ac_activation(?ac_switch=wander_0),False,False,False,0.7558597193632451,92.22325700228558,"deliver_item(?item=item_7,?kitting_table=kitting_table_0)",item_7,2,True,"deliver_item(?item=item_7,?kitting_table=kitting_table_0)","deliver_item(?item=item_7,?kitting_table=kitting_table_0)",20.0,"deliver_item(?item=item_7,?kitting_table=kitting_table_0)",2.0,"deliver_item(?item=item_7,?kitting_table=kitting_table_0)",2.0,"deliver_item(?item=item_7,?kitting_table=kitting_table_0)",2.0,"deliver_item(?item=item_7,?kitting_table=kitting_table_0)",2.0,False,False,False,False,False,False,False,False,False,"deliver_item(?item=item_7,?kitting_table=kitting_table_0)",39.52060713720281,realized,0.0,0.0,realized,0.0,0.0,"deliver_item(?item=item_5,?kitting_table=kitting_table_0)",119.97639929821787,0.0,39.52060713720281,80.45579216101507,True
s40_on,env_layout4,203,theta_crossed,primary,True,"deliver_item(?item=item_6,?kitting_table=kitting_table_0)",ac_activation(?ac_switch=wander_0),False,False,False,0.7558597193632451,92.22325700228558,"deliver_item(?item=item_7,?kitting_table=kitting_table_0)",item_7,2,True,"deliver_item(?item=item_7,?kitting_table=kitting_table_0)","deliver_item(?item=item_7,?kitting_table=kitting_table_0)",30.0,"deliver_item(?item=item_7,?kitting_table=kitting_table_0)",2.0,"deliver_item(?item=item_7,?kitting_table=kitting_table_0)",2.0,"deliver_item(?item=item_7,?kitting_table=kitting_table_0)",2.0,"deliver_item(?item=item_7,?kitting_table=kitting_table_0)",2.0,False,False,False,False,False,False,False,False,False,"deliver_item(?item=item_7,?kitting_table=kitting_table_0)",39.52060713720281,realized,0.0,0.0,realized,0.0,0.0,"deliver_item(?item=item_5,?kitting_table=kitting_table_0)",119.97639929821787,0.0,39.52060713720281,80.45579216101507,True
s40_on,env_layout4,203,theta_crossed,primary,True,"deliver_item(?item=item_6,?kitting_table=kitting_table_0)",ac_activation(?ac_switch=wander_0),False,False,False,0.7558597193632451,92.22325700228558,"deliver_item(?item=item_7,?kitting_table=kitting_table_0)",item_7,2,True,"deliver_item(?item=item_7,?kitting_table=kitting_table_0)","deliver_item(?item=item_7,?kitting_table=kitting_table_0)",40.0,"deliver_item(?item=item_7,?kitting_table=kitting_table_0)",2.0,"deliver_item(?item=item_7,?kitting_table=kitting_table_0)",2.0,"deliver_item(?item=item_7,?kitting_table=kitting_table_0)",2.0,"deliver_item(?item=item_7,?kitting_table=kitting_table_0)",2.0,False,False,False,False,False,False,False,False,False,"deliver_item(?item=item_7,?kitting_table=kitting_table_0)",39.52060713720281,realized,0.0,0.0,realized,0.0,0.0,"deliver_item(?item=item_5,?kitting_table=kitting_table_0)",119.97639929821787,0.0,39.52060713720281,80.45579216101507,True
s40_on,env_layout4,203,theta_crossed,primary,True,"deliver_item(?item=item_6,?kitting_table=kitting_table_0)",ac_activation(?ac_switch=wander_0),False,False,False,0.7558597193632451,92.22325700228558,"deliver_item(?item=item_7,?kitting_table=kitting_table_0)",item_7,2,True,"deliver_item(?item=item_7,?kitting_table=kitting_table_0)","deliver_item(?item=item_7,?kitting_table=kitting_table_0)",50.0,"deliver_item(?item=item_7,?kitting_table=kitting_table_0)",2.0,"deliver_item(?item=item_7,?kitting_table=kitting_table_0)",2.0,"deliver_item(?item=item_7,?kitting_table=kitting_table_0)",2.0,"deliver_item(?item=item_7,?kitting_table=kitting_table_0)",2.0,False,False,False,False,False,False,False,False,False,"deliver_item(?item=item_7,?kitting_table=kitting_table_0)",39.52060713720281,realized,0.0,0.0,realized,0.0,0.0,"deliver_item(?item=item_5,?kitting_table=kitting_table_0)",119.97639929821787,0.0,39.52060713720281,80.45579216101507,True
s40_on,env_layout4,203,theta_crossed,primary,True,"deliver_item(?item=item_6,?kitting_table=kitting_table_0)",ac_activation(?ac_switch=wander_0),False,False,False,0.7558597193632451,92.22325700228558,"deliver_item(?item=item_7,?kitting_table=kitting_table_0)",item_7,2,True,"deliver_item(?item=item_7,?kitting_table=kitting_table_0)","deliver_item(?item=item_7,?kitting_table=kitting_table_0)",75.0,"deliver_item(?item=item_7,?kitting_table=kitting_table_0)",2.0,"deliver_item(?item=item_7,?kitting_table=kitting_table_0)",2.0,"deliver_item(?item=item_7,?kitting_table=kitting_table_0)",2.0,"deliver_item(?item=item_7,?kitting_table=kitting_table_0)",2.0,False,False,False,False,False,False,False,False,False,"deliver_item(?item=item_7,?kitting_table=kitting_table_0)",39.52060713720281,realized,0.0,0.0,realized,0.0,0.0,"deliver_item(?item=item_5,?kitting_table=kitting_table_0)",148.07901876368885,28.102619465470994,39.52060713720281,108.55841162648605,True
s40_on,env_layout4,203,theta_crossed,primary,True,"deliver_item(?item=item_6,?kitting_table=kitting_table_0)",ac_activation(?ac_switch=wander_0),False,False,False,0.7558597193632451,92.22325700228558,"deliver_item(?item=item_7,?kitting_table=kitting_table_0)",item_7,2,True,"deliver_item(?item=item_7,?kitting_table=kitting_table_0)","deliver_item(?item=item_7,?kitting_table=kitting_table_0)",100.0,"deliver_item(?item=item_7,?kitting_table=kitting_table_0)",2.0,"deliver_item(?item=item_7,?kitting_table=kitting_table_0)",2.0,"deliver_item(?item=item_7,?kitting_table=kitting_table_0)",2.0,"deliver_item(?item=item_7,?kitting_table=kitting_table_0)",2.0,False,False,False,False,False,False,False,False,False,"deliver_item(?item=item_7,?kitting_table=kitting_table_0)",39.52060713720281,realized,0.0,0.0,realized,0.0,0.0,"deliver_item(?item=item_5,?kitting_table=kitting_table_0)",149.06009788710136,29.083698588883493,39.52060713720281,109.53949074989856,True
s40_on,env_layout4,203,theta_crossed,primary,True,"deliver_item(?item=item_6,?kitting_table=kitting_table_0)",ac_activation(?ac_switch=wander_0),False,False,False,0.7558597193632451,92.22325700228558,"deliver_item(?item=item_7,?kitting_table=kitting_table_0)",item_7,2,True,"deliver_item(?item=item_7,?kitting_table=kitting_table_0)","deliver_item(?item=item_7,?kitting_table=kitting_table_0)",150.0,"deliver_item(?item=item_7,?kitting_table=kitting_table_0)",2.0,"deliver_item(?item=item_7,?kitting_table=kitting_table_0)",2.0,"deliver_item(?item=item_7,?kitting_table=kitting_table_0)",2.0,"deliver_item(?item=item_7,?kitting_table=kitting_table_0)",2.0,False,False,False,False,False,False,False,False,False,"deliver_item(?item=item_7,?kitting_table=kitting_table_0)",39.52060713720281,realized,0.0,0.0,realized,0.0,0.0,"deliver_item(?item=item_5,?kitting_table=kitting_table_0)",150.6802277029547,30.703828404736832,39.52060713720281,111.15962056575191,True
s40_on,env_layout4,203,theta_crossed,primary,True,"deliver_item(?item=item_6,?kitting_table=kitting_table_0)",ac_activation(?ac_switch=wander_0),False,False,False,0.7558597193632451,92.22325700228558,"deliver_item(?item=item_7,?kitting_table=kitting_table_0)",item_7,2,True,"deliver_item(?item=item_7,?kitting_table=kitting_table_0)","deliver_item(?item=item_7,?kitting_table=kitting_table_0)",200.0,"deliver_item(?item=item_7,?kitting_table=kitting_table_0)",2.0,"deliver_item(?item=item_7,?kitting_table=kitting_table_0)",2.0,"deliver_item(?item=item_7,?kitting_table=kitting_table_0)",2.0,"deliver_item(?item=item_7,?kitting_table=kitting_table_0)",2.0,False,False,False,False,False,False,False,False,False,"deliver_item(?item=item_7,?kitting_table=kitting_table_0)",39.52060713720281,realized,0.0,0.0,realized,0.0,0.0,"deliver_item(?item=item_5,?kitting_table=kitting_table_0)",152.18529493382704,32.20889563560917,39.52060713720281,112.66468779662424,True
s40_on,env_layout4,203,theta_crossed,primary,True,"deliver_item(?item=item_6,?kitting_table=kitting_table_0)",ac_activation(?ac_switch=wander_0),False,False,False,0.7558597193632451,92.22325700228558,"deliver_item(?item=item_7,?kitting_table=kitting_table_0)",item_7,2,True,"deliver_item(?item=item_7,?kitting_table=kitting_table_0)","deliver_item(?item=item_7,?kitting_table=kitting_table_0)",300.0,"deliver_item(?item=item_7,?kitting_table=kitting_table_0)",2.0,"deliver_item(?item=item_7,?kitting_table=kitting_table_0)",2.0,"deliver_item(?item=item_7,?kitting_table=kitting_table_0)",2.0,"deliver_item(?item=item_7,?kitting_table=kitting_table_0)",2.0,False,False,False,False,False,False,False,False,False,"deliver_item(?item=item_7,?kitting_table=kitting_table_0)",39.52060713720281,realized,0.0,0.0,realized,0.0,0.0,"deliver_item(?item=item_5,?kitting_table=kitting_table_0)",155.09923928518577,35.122839986967904,39.52060713720281,115.57863214798297,True
s40_on,env_layout4,203,theta_crossed,primary,True,"deliver_item(?item=item_6,?kitting_table=kitting_table_0)",ac_activation(?ac_switch=wander_0),False,False,False,0.7558597193632451,92.22325700228558,"deliver_item(?item=item_7,?kitting_table=kitting_table_0)",item_7,2,True,"deliver_item(?item=item_7,?kitting_table=kitting_table_0)","deliver_item(?item=item_7,?kitting_table=kitting_table_0)",400.0,"deliver_item(?item=item_7,?kitting_table=kitting_table_0)",2.0,"deliver_item(?item=item_7,?kitting_table=kitting_table_0)",2.0,"deliver_item(?item=item_7,?kitting_table=kitting_table_0)",2.0,"deliver_item(?item=item_7,?kitting_table=kitting_table_0)",2.0,False,False,False,False,False,False,False,False,False,"deliver_item(?item=item_7,?kitting_table=kitting_table_0)",39.52060713720281,realized,0.0,0.0,realized,0.0,0.0,"deliver_item(?item=item_5,?kitting_table=kitting_table_0)",157.96835086731426,37.99195156909637,39.52060713720281,118.44774373011145,True
s40_on,env_layout4,203,theta_crossed,primary,True,"deliver_item(?item=item_6,?kitting_table=kitting_table_0)",ac_activation(?ac_switch=wander_0),False,False,False,0.7558597193632451,92.22325700228558,"deliver_item(?item=item_7,?kitting_table=kitting_table_0)",item_7,2,True,"deliver_item(?item=item_7,?kitting_table=kitting_table_0)","deliver_item(?item=item_7,?kitting_table=kitting_table_0)",600.0,"deliver_item(?item=item_7,?kitting_table=kitting_table_0)",1.0,"deliver_item(?item=item_7,?kitting_table=kitting_table_0)",1.0,"deliver_item(?item=item_7,?kitting_table=kitting_table_0)",1.0,"deliver_item(?item=item_7,?kitting_table=kitting_table_0)",1.0,False,False,False,False,False,False,False,False,False,"deliver_item(?item=item_7,?kitting_table=kitting_table_0)",39.52060713720281,realized,0.0,0.0,realized,0.0,0.0,,,,39.52060713720281,,True
s40_on,env_layout4,223,theta_crossed,none,False,unknown,ac_activation(?ac_switch=wander_1),False,False,False,0.7908696799211573,,"deliver_item(?item=item_7,?kitting_table=kitting_table_0)",item_7,2,True,"deliver_item(?item=item_7,?kitting_table=kitting_table_0)","deliver_item(?item=item_7,?kitting_table=kitting_table_0)",,,,,,,,,,,,,,,,,,,,,,,,,,,,,,,,
s40_on,env_layout4,245,no_current_task,none,False,unknown,"deliver_item(?item=item_6,?kitting_table=kitting_table_0)",False,False,False,0.9109291708922718,,,,1,False,"deliver_item(?item=item_5,?kitting_table=kitting_table_0)","deliver_item(?item=item_5,?kitting_table=kitting_table_0)",,,,,,,,,,,,,,,,,,,,,,,,,,,,,,,,
s40_on,env_layout4,274,theta_crossed,primary,True,"deliver_item(?item=item_6,?kitting_table=kitting_table_0)","deliver_item(?item=item_6,?kitting_table=kitting_table_0)",True,False,False,0.8957837025653793,57.28528756229357,"deliver_item(?item=item_5,?kitting_table=kitting_table_0)",,1,True,"deliver_item(?item=item_5,?kitting_table=kitting_table_0)","deliver_item(?item=item_5,?kitting_table=kitting_table_0)",5.0,"deliver_item(?item=item_5,?kitting_table=kitting_table_0)",1.0,"deliver_item(?item=item_5,?kitting_table=kitting_table_0)",1.0,"deliver_item(?item=item_5,?kitting_table=kitting_table_0)",1.0,"deliver_item(?item=item_5,?kitting_table=kitting_table_0)",1.0,False,False,False,False,False,False,False,False,False,"deliver_item(?item=item_5,?kitting_table=kitting_table_0)",103.46713725448745,realized,0.0,0.0,realized,0.0,0.0,,,,103.46713725448745,,True
s40_on,env_layout4,274,theta_crossed,primary,True,"deliver_item(?item=item_6,?kitting_table=kitting_table_0)","deliver_item(?item=item_6,?kitting_table=kitting_table_0)",True,False,False,0.8957837025653793,57.28528756229357,"deliver_item(?item=item_5,?kitting_table=kitting_table_0)",,1,True,"deliver_item(?item=item_5,?kitting_table=kitting_table_0)","deliver_item(?item=item_5,?kitting_table=kitting_table_0)",10.0,"deliver_item(?item=item_5,?kitting_table=kitting_table_0)",1.0,"deliver_item(?item=item_5,?kitting_table=kitting_table_0)",1.0,"deliver_item(?item=item_5,?kitting_table=kitting_table_0)",1.0,"deliver_item(?item=item_5,?kitting_table=kitting_table_0)",1.0,False,False,False,False,False,False,False,False,False,"deliver_item(?item=item_5,?kitting_table=kitting_table_0)",103.46713725448745,realized,0.0,0.0,realized,0.0,0.0,,,,103.46713725448745,,True
s40_on,env_layout4,274,theta_crossed,primary,True,"deliver_item(?item=item_6,?kitting_table=kitting_table_0)","deliver_item(?item=item_6,?kitting_table=kitting_table_0)",True,False,False,0.8957837025653793,57.28528756229357,"deliver_item(?item=item_5,?kitting_table=kitting_table_0)",,1,True,"deliver_item(?item=item_5,?kitting_table=kitting_table_0)","deliver_item(?item=item_5,?kitting_table=kitting_table_0)",20.0,"deliver_item(?item=item_5,?kitting_table=kitting_table_0)",1.0,"deliver_item(?item=item_5,?kitting_table=kitting_table_0)",1.0,"deliver_item(?item=item_5,?kitting_table=kitting_table_0)",1.0,"deliver_item(?item=item_5,?kitting_table=kitting_table_0)",1.0,False,False,False,False,False,False,False,False,False,"deliver_item(?item=item_5,?kitting_table=kitting_table_0)",103.46713725448745,realized,0.0,0.0,realized,0.0,0.0,,,,103.46713725448745,,True
s40_on,env_layout4,274,theta_crossed,primary,True,"deliver_item(?item=item_6,?kitting_table=kitting_table_0)","deliver_item(?item=item_6,?kitting_table=kitting_table_0)",True,False,False,0.8957837025653793,57.28528756229357,"deliver_item(?item=item_5,?kitting_table=kitting_table_0)",,1,True,"deliver_item(?item=item_5,?kitting_table=kitting_table_0)","deliver_item(?item=item_5,?kitting_table=kitting_table_0)",30.0,"deliver_item(?item=item_5,?kitting_table=kitting_table_0)",1.0,"deliver_item(?item=item_5,?kitting_table=kitting_table_0)",1.0,"deliver_item(?item=item_5,?kitting_table=kitting_table_0)",1.0,"deliver_item(?item=item_5,?kitting_table=kitting_table_0)",1.0,False,False,False,False,False,False,False,False,False,"deliver_item(?item=item_5,?kitting_table=kitting_table_0)",103.46713725448745,realized,0.0,0.0,realized,0.0,0.0,,,,103.46713725448745,,True
s40_on,env_layout4,274,theta_crossed,primary,True,"deliver_item(?item=item_6,?kitting_table=kitting_table_0)","deliver_item(?item=item_6,?kitting_table=kitting_table_0)",True,False,False,0.8957837025653793,57.28528756229357,"deliver_item(?item=item_5,?kitting_table=kitting_table_0)",,1,True,"deliver_item(?item=item_5,?kitting_table=kitting_table_0)","deliver_item(?item=item_5,?kitting_table=kitting_table_0)",40.0,"deliver_item(?item=item_5,?kitting_table=kitting_table_0)",1.0,"deliver_item(?item=item_5,?kitting_table=kitting_table_0)",1.0,"deliver_item(?item=item_5,?kitting_table=kitting_table_0)",1.0,"deliver_item(?item=item_5,?kitting_table=kitting_table_0)",1.0,False,False,False,False,False,False,False,False,False,"deliver_item(?item=item_5,?kitting_table=kitting_table_0)",103.46713725448745,realized,0.0,0.0,realized,0.0,0.0,,,,103.46713725448745,,True
s40_on,env_layout4,274,theta_crossed,primary,True,"deliver_item(?item=item_6,?kitting_table=kitting_table_0)","deliver_item(?item=item_6,?kitting_table=kitting_table_0)",True,False,False,0.8957837025653793,57.28528756229357,"deliver_item(?item=item_5,?kitting_table=kitting_table_0)",,1,True,"deliver_item(?item=item_5,?kitting_table=kitting_table_0)","deliver_item(?item=item_5,?kitting_table=kitting_table_0)",50.0,"deliver_item(?item=item_5,?kitting_table=kitting_table_0)",1.0,"deliver_item(?item=item_5,?kitting_table=kitting_table_0)",1.0,"deliver_item(?item=item_5,?kitting_table=kitting_table_0)",1.0,"deliver_item(?item=item_5,?kitting_table=kitting_table_0)",1.0,False,False,False,False,False,False,False,False,False,"deliver_item(?item=item_5,?kitting_table=kitting_table_0)",103.46713725448745,realized,0.0,0.0,realized,0.0,0.0,,,,103.46713725448745,,True
s40_on,env_layout4,274,theta_crossed,primary,True,"deliver_item(?item=item_6,?kitting_table=kitting_table_0)","deliver_item(?item=item_6,?kitting_table=kitting_table_0)",True,False,False,0.8957837025653793,57.28528756229357,"deliver_item(?item=item_5,?kitting_table=kitting_table_0)",,1,True,"deliver_item(?item=item_5,?kitting_table=kitting_table_0)","deliver_item(?item=item_5,?kitting_table=kitting_table_0)",75.0,"deliver_item(?item=item_5,?kitting_table=kitting_table_0)",1.0,"deliver_item(?item=item_5,?kitting_table=kitting_table_0)",1.0,"deliver_item(?item=item_5,?kitting_table=kitting_table_0)",1.0,"deliver_item(?item=item_5,?kitting_table=kitting_table_0)",1.0,False,False,False,False,False,False,False,False,False,"deliver_item(?item=item_5,?kitting_table=kitting_table_0)",103.46713725448745,realized,0.0,0.0,realized,0.0,0.0,,,,103.46713725448745,,True
s40_on,env_layout4,274,theta_crossed,primary,True,"deliver_item(?item=item_6,?kitting_table=kitting_table_0)","deliver_item(?item=item_6,?kitting_table=kitting_table_0)",True,False,False,0.8957837025653793,57.28528756229357,"deliver_item(?item=item_5,?kitting_table=kitting_table_0)",,1,True,"deliver_item(?item=item_5,?kitting_table=kitting_table_0)","deliver_item(?item=item_5,?kitting_table=kitting_table_0)",100.0,"deliver_item(?item=item_5,?kitting_table=kitting_table_0)",1.0,"deliver_item(?item=item_5,?kitting_table=kitting_table_0)",1.0,"deliver_item(?item=item_5,?kitting_table=kitting_table_0)",1.0,"deliver_item(?item=item_5,?kitting_table=kitting_table_0)",1.0,False,False,False,False,False,False,False,False,False,"deliver_item(?item=item_5,?kitting_table=kitting_table_0)",103.46713725448745,realized,0.0,0.0,realized,0.0,0.0,,,,103.46713725448745,,True
s40_on,env_layout4,274,theta_crossed,primary,True,"deliver_item(?item=item_6,?kitting_table=kitting_table_0)","deliver_item(?item=item_6,?kitting_table=kitting_table_0)",True,False,False,0.8957837025653793,57.28528756229357,"deliver_item(?item=item_5,?kitting_table=kitting_table_0)",,1,True,"deliver_item(?item=item_5,?kitting_table=kitting_table_0)","deliver_item(?item=item_5,?kitting_table=kitting_table_0)",150.0,,0.0,,0.0,,0.0,,0.0,True,True,True,False,False,False,False,False,False,"deliver_item(?item=item_5,?kitting_table=kitting_table_0)",103.46713725448745,none:hold_position_violated,,,none:no_feasible_start,,,,,,,,False
s40_on,env_layout4,274,theta_crossed,primary,True,"deliver_item(?item=item_6,?kitting_table=kitting_table_0)","deliver_item(?item=item_6,?kitting_table=kitting_table_0)",True,False,False,0.8957837025653793,57.28528756229357,"deliver_item(?item=item_5,?kitting_table=kitting_table_0)",,1,True,"deliver_item(?item=item_5,?kitting_table=kitting_table_0)","deliver_item(?item=item_5,?kitting_table=kitting_table_0)",200.0,,0.0,,0.0,,0.0,,0.0,True,True,True,False,False,False,False,False,False,"deliver_item(?item=item_5,?kitting_table=kitting_table_0)",103.46713725448745,none:hold_position_violated,,,none:no_feasible_start,,,,,,,,False
s40_on,env_layout4,274,theta_crossed,primary,True,"deliver_item(?item=item_6,?kitting_table=kitting_table_0)","deliver_item(?item=item_6,?kitting_table=kitting_table_0)",True,False,False,0.8957837025653793,57.28528756229357,"deliver_item(?item=item_5,?kitting_table=kitting_table_0)",,1,True,"deliver_item(?item=item_5,?kitting_table=kitting_table_0)","deliver_item(?item=item_5,?kitting_table=kitting_table_0)",300.0,,0.0,,0.0,,0.0,,0.0,True,True,True,False,False,False,False,False,False,"deliver_item(?item=item_5,?kitting_table=kitting_table_0)",103.46713725448745,none:hold_position_violated,,,none:no_feasible_start,,,,,,,,False
s40_on,env_layout4,274,theta_crossed,primary,True,"deliver_item(?item=item_6,?kitting_table=kitting_table_0)","deliver_item(?item=item_6,?kitting_table=kitting_table_0)",True,False,False,0.8957837025653793,57.28528756229357,"deliver_item(?item=item_5,?kitting_table=kitting_table_0)",,1,True,"deliver_item(?item=item_5,?kitting_table=kitting_table_0)","deliver_item(?item=item_5,?kitting_table=kitting_table_0)",400.0,,0.0,,0.0,,0.0,,0.0,True,True,True,False,False,False,False,False,False,"deliver_item(?item=item_5,?kitting_table=kitting_table_0)",103.46713725448745,none:hold_position_violated,,,none:no_feasible_start,,,,,,,,False
s40_on,env_layout4,274,theta_crossed,primary,True,"deliver_item(?item=item_6,?kitting_table=kitting_table_0)","deliver_item(?item=item_6,?kitting_table=kitting_table_0)",True,False,False,0.8957837025653793,57.28528756229357,"deliver_item(?item=item_5,?kitting_table=kitting_table_0)",,1,True,"deliver_item(?item=item_5,?kitting_table=kitting_table_0)","deliver_item(?item=item_5,?kitting_table=kitting_table_0)",600.0,,0.0,,0.0,,0.0,,0.0,True,True,True,False,False,False,False,False,False,"deliver_item(?item=item_5,?kitting_table=kitting_table_0)",103.46713725448745,none:hold_position_violated,,,none:no_feasible_start,,,,,,,,False
s40_on,env_layout4,311,task_committed,primary,True,"deliver_item(?item=item_6,?kitting_table=kitting_table_0)","deliver_item(?item=item_6,?kitting_table=kitting_table_0)",True,False,False,0.8957837029488736,20.28528756229356,"deliver_item(?item=item_5,?kitting_table=kitting_table_0)",item_5,1,True,"deliver_item(?item=item_5,?kitting_table=kitting_table_0)","deliver_item(?item=item_5,?kitting_table=kitting_table_0)",5.0,"deliver_item(?item=item_5,?kitting_table=kitting_table_0)",1.0,"deliver_item(?item=item_5,?kitting_table=kitting_table_0)",1.0,"deliver_item(?item=item_5,?kitting_table=kitting_table_0)",1.0,"deliver_item(?item=item_5,?kitting_table=kitting_table_0)",1.0,False,False,False,False,False,False,False,False,False,"deliver_item(?item=item_5,?kitting_table=kitting_table_0)",65.3954002138717,realized,0.0,0.0,realized,0.0,0.0,,,,65.3954002138717,,True
s40_on,env_layout4,311,task_committed,primary,True,"deliver_item(?item=item_6,?kitting_table=kitting_table_0)","deliver_item(?item=item_6,?kitting_table=kitting_table_0)",True,False,False,0.8957837029488736,20.28528756229356,"deliver_item(?item=item_5,?kitting_table=kitting_table_0)",item_5,1,True,"deliver_item(?item=item_5,?kitting_table=kitting_table_0)","deliver_item(?item=item_5,?kitting_table=kitting_table_0)",10.0,"deliver_item(?item=item_5,?kitting_table=kitting_table_0)",1.0,"deliver_item(?item=item_5,?kitting_table=kitting_table_0)",1.0,"deliver_item(?item=item_5,?kitting_table=kitting_table_0)",1.0,"deliver_item(?item=item_5,?kitting_table=kitting_table_0)",1.0,False,False,False,False,False,False,False,False,False,"deliver_item(?item=item_5,?kitting_table=kitting_table_0)",65.3954002138717,realized,0.0,0.0,realized,0.0,0.0,,,,65.3954002138717,,True
s40_on,env_layout4,311,task_committed,primary,True,"deliver_item(?item=item_6,?kitting_table=kitting_table_0)","deliver_item(?item=item_6,?kitting_table=kitting_table_0)",True,False,False,0.8957837029488736,20.28528756229356,"deliver_item(?item=item_5,?kitting_table=kitting_table_0)",item_5,1,True,"deliver_item(?item=item_5,?kitting_table=kitting_table_0)","deliver_item(?item=item_5,?kitting_table=kitting_table_0)",20.0,"deliver_item(?item=item_5,?kitting_table=kitting_table_0)",1.0,"deliver_item(?item=item_5,?kitting_table=kitting_table_0)",1.0,"deliver_item(?item=item_5,?kitting_table=kitting_table_0)",1.0,"deliver_item(?item=item_5,?kitting_table=kitting_table_0)",1.0,False,False,False,False,False,False,False,False,False,"deliver_item(?item=item_5,?kitting_table=kitting_table_0)",65.3954002138717,realized,0.0,0.0,realized,0.0,0.0,,,,65.3954002138717,,True
s40_on,env_layout4,311,task_committed,primary,True,"deliver_item(?item=item_6,?kitting_table=kitting_table_0)","deliver_item(?item=item_6,?kitting_table=kitting_table_0)",True,False,False,0.8957837029488736,20.28528756229356,"deliver_item(?item=item_5,?kitting_table=kitting_table_0)",item_5,1,True,"deliver_item(?item=item_5,?kitting_table=kitting_table_0)","deliver_item(?item=item_5,?kitting_table=kitting_table_0)",30.0,"deliver_item(?item=item_5,?kitting_table=kitting_table_0)",1.0,"deliver_item(?item=item_5,?kitting_table=kitting_table_0)",1.0,"deliver_item(?item=item_5,?kitting_table=kitting_table_0)",1.0,"deliver_item(?item=item_5,?kitting_table=kitting_table_0)",1.0,False,False,False,False,False,False,False,False,False,"deliver_item(?item=item_5,?kitting_table=kitting_table_0)",65.3954002138717,realized,0.0,0.0,realized,0.0,0.0,,,,65.3954002138717,,True
s40_on,env_layout4,311,task_committed,primary,True,"deliver_item(?item=item_6,?kitting_table=kitting_table_0)","deliver_item(?item=item_6,?kitting_table=kitting_table_0)",True,False,False,0.8957837029488736,20.28528756229356,"deliver_item(?item=item_5,?kitting_table=kitting_table_0)",item_5,1,True,"deliver_item(?item=item_5,?kitting_table=kitting_table_0)","deliver_item(?item=item_5,?kitting_table=kitting_table_0)",40.0,"deliver_item(?item=item_5,?kitting_table=kitting_table_0)",1.0,"deliver_item(?item=item_5,?kitting_table=kitting_table_0)",1.0,"deliver_item(?item=item_5,?kitting_table=kitting_table_0)",1.0,"deliver_item(?item=item_5,?kitting_table=kitting_table_0)",1.0,False,False,False,False,False,False,False,False,False,"deliver_item(?item=item_5,?kitting_table=kitting_table_0)",65.3954002138717,realized,0.0,0.0,realized,0.0,0.0,,,,65.3954002138717,,True
s40_on,env_layout4,311,task_committed,primary,True,"deliver_item(?item=item_6,?kitting_table=kitting_table_0)","deliver_item(?item=item_6,?kitting_table=kitting_table_0)",True,False,False,0.8957837029488736,20.28528756229356,"deliver_item(?item=item_5,?kitting_table=kitting_table_0)",item_5,1,True,"deliver_item(?item=item_5,?kitting_table=kitting_table_0)","deliver_item(?item=item_5,?kitting_table=kitting_table_0)",50.0,"deliver_item(?item=item_5,?kitting_table=kitting_table_0)",1.0,"deliver_item(?item=item_5,?kitting_table=kitting_table_0)",1.0,"deliver_item(?item=item_5,?kitting_table=kitting_table_0)",1.0,"deliver_item(?item=item_5,?kitting_table=kitting_table_0)",1.0,False,False,False,False,False,False,False,False,False,"deliver_item(?item=item_5,?kitting_table=kitting_table_0)",65.3954002138717,realized,0.0,0.0,realized,0.0,0.0,,,,65.3954002138717,,True
s40_on,env_layout4,311,task_committed,primary,True,"deliver_item(?item=item_6,?kitting_table=kitting_table_0)","deliver_item(?item=item_6,?kitting_table=kitting_table_0)",True,False,False,0.8957837029488736,20.28528756229356,"deliver_item(?item=item_5,?kitting_table=kitting_table_0)",item_5,1,True,"deliver_item(?item=item_5,?kitting_table=kitting_table_0)","deliver_item(?item=item_5,?kitting_table=kitting_table_0)",75.0,"deliver_item(?item=item_5,?kitting_table=kitting_table_0)",1.0,"deliver_item(?item=item_5,?kitting_table=kitting_table_0)",1.0,"deliver_item(?item=item_5,?kitting_table=kitting_table_0)",1.0,"deliver_item(?item=item_5,?kitting_table=kitting_table_0)",1.0,False,False,False,False,False,False,False,False,False,"deliver_item(?item=item_5,?kitting_table=kitting_table_0)",65.3954002138717,realized,0.0,0.0,realized,0.0,0.0,,,,65.3954002138717,,True
s40_on,env_layout4,311,task_committed,primary,True,"deliver_item(?item=item_6,?kitting_table=kitting_table_0)","deliver_item(?item=item_6,?kitting_table=kitting_table_0)",True,False,False,0.8957837029488736,20.28528756229356,"deliver_item(?item=item_5,?kitting_table=kitting_table_0)",item_5,1,True,"deliver_item(?item=item_5,?kitting_table=kitting_table_0)","deliver_item(?item=item_5,?kitting_table=kitting_table_0)",100.0,"deliver_item(?item=item_5,?kitting_table=kitting_table_0)",1.0,"deliver_item(?item=item_5,?kitting_table=kitting_table_0)",1.0,"deliver_item(?item=item_5,?kitting_table=kitting_table_0)",1.0,"deliver_item(?item=item_5,?kitting_table=kitting_table_0)",1.0,False,False,False,False,False,False,False,False,False,"deliver_item(?item=item_5,?kitting_table=kitting_table_0)",65.3954002138717,realized,0.0,0.0,realized,0.0,0.0,,,,65.3954002138717,,True
s40_on,env_layout4,311,task_committed,primary,True,"deliver_item(?item=item_6,?kitting_table=kitting_table_0)","deliver_item(?item=item_6,?kitting_table=kitting_table_0)",True,False,False,0.8957837029488736,20.28528756229356,"deliver_item(?item=item_5,?kitting_table=kitting_table_0)",item_5,1,True,"deliver_item(?item=item_5,?kitting_table=kitting_table_0)","deliver_item(?item=item_5,?kitting_table=kitting_table_0)",150.0,"deliver_item(?item=item_5,?kitting_table=kitting_table_0)",1.0,"deliver_item(?item=item_5,?kitting_table=kitting_table_0)",1.0,"deliver_item(?item=item_5,?kitting_table=kitting_table_0)",1.0,"deliver_item(?item=item_5,?kitting_table=kitting_table_0)",1.0,False,False,False,False,False,False,False,False,False,"deliver_item(?item=item_5,?kitting_table=kitting_table_0)",65.3954002138717,realized,0.0,0.0,realized,0.0,0.0,,,,65.3954002138717,,True
s40_on,env_layout4,311,task_committed,primary,True,"deliver_item(?item=item_6,?kitting_table=kitting_table_0)","deliver_item(?item=item_6,?kitting_table=kitting_table_0)",True,False,False,0.8957837029488736,20.28528756229356,"deliver_item(?item=item_5,?kitting_table=kitting_table_0)",item_5,1,True,"deliver_item(?item=item_5,?kitting_table=kitting_table_0)","deliver_item(?item=item_5,?kitting_table=kitting_table_0)",200.0,"deliver_item(?item=item_5,?kitting_table=kitting_table_0)",1.0,"deliver_item(?item=item_5,?kitting_table=kitting_table_0)",1.0,"deliver_item(?item=item_5,?kitting_table=kitting_table_0)",1.0,"deliver_item(?item=item_5,?kitting_table=kitting_table_0)",1.0,False,False,False,False,False,False,False,False,False,"deliver_item(?item=item_5,?kitting_table=kitting_table_0)",65.3954002138717,realized,0.0,0.0,realized,0.0,0.0,,,,65.3954002138717,,True
s40_on,env_layout4,311,task_committed,primary,True,"deliver_item(?item=item_6,?kitting_table=kitting_table_0)","deliver_item(?item=item_6,?kitting_table=kitting_table_0)",True,False,False,0.8957837029488736,20.28528756229356,"deliver_item(?item=item_5,?kitting_table=kitting_table_0)",item_5,1,True,"deliver_item(?item=item_5,?kitting_table=kitting_table_0)","deliver_item(?item=item_5,?kitting_table=kitting_table_0)",300.0,"deliver_item(?item=item_5,?kitting_table=kitting_table_0)",1.0,"deliver_item(?item=item_5,?kitting_table=kitting_table_0)",1.0,"deliver_item(?item=item_5,?kitting_table=kitting_table_0)",1.0,"deliver_item(?item=item_5,?kitting_table=kitting_table_0)",1.0,False,False,False,False,False,False,False,False,False,"deliver_item(?item=item_5,?kitting_table=kitting_table_0)",65.3954002138717,realized,0.0,0.0,realized,0.0,0.0,,,,65.3954002138717,,True
s40_on,env_layout4,311,task_committed,primary,True,"deliver_item(?item=item_6,?kitting_table=kitting_table_0)","deliver_item(?item=item_6,?kitting_table=kitting_table_0)",True,False,False,0.8957837029488736,20.28528756229356,"deliver_item(?item=item_5,?kitting_table=kitting_table_0)",item_5,1,True,"deliver_item(?item=item_5,?kitting_table=kitting_table_0)","deliver_item(?item=item_5,?kitting_table=kitting_table_0)",400.0,"deliver_item(?item=item_5,?kitting_table=kitting_table_0)",1.0,"deliver_item(?item=item_5,?kitting_table=kitting_table_0)",1.0,"deliver_item(?item=item_5,?kitting_table=kitting_table_0)",1.0,"deliver_item(?item=item_5,?kitting_table=kitting_table_0)",1.0,False,False,False,False,False,False,False,False,False,"deliver_item(?item=item_5,?kitting_table=kitting_table_0)",65.3954002138717,realized,0.0,0.0,realized,0.0,0.0,,,,65.3954002138717,,True
s40_on,env_layout4,311,task_committed,primary,True,"deliver_item(?item=item_6,?kitting_table=kitting_table_0)","deliver_item(?item=item_6,?kitting_table=kitting_table_0)",True,False,False,0.8957837029488736,20.28528756229356,"deliver_item(?item=item_5,?kitting_table=kitting_table_0)",item_5,1,True,"deliver_item(?item=item_5,?kitting_table=kitting_table_0)","deliver_item(?item=item_5,?kitting_table=kitting_table_0)",600.0,"deliver_item(?item=item_5,?kitting_table=kitting_table_0)",1.0,"deliver_item(?item=item_5,?kitting_table=kitting_table_0)",1.0,"deliver_item(?item=item_5,?kitting_table=kitting_table_0)",1.0,"deliver_item(?item=item_5,?kitting_table=kitting_table_0)",1.0,False,False,False,False,False,False,False,False,False,"deliver_item(?item=item_5,?kitting_table=kitting_table_0)",65.3954002138717,realized,0.0,0.0,realized,0.0,0.0,,,,65.3954002138717,,True
