condition,step,segment,truth,human_action,human_micro,human_holding,most_likely,confidence,dist...
s00_off,0,,d(item_3),move_to,step,,d(item_3),0.2002,0.1891,0.2002,0.1937,0.1995,0.1975,0.02
s00_off,1,,d(item_3),move_to,step,,d(item_3),0.2049,0.1811,0.2049,0.1911,0.2033,0.1991,0.0205
s00_off,2,,d(item_3),move_to,step,,d(item_3),0.2102,0.1719,0.2102,0.1882,0.2076,0.2011,0.021
s00_off,3,,d(item_3),move_to,step,,d(item_3),0.2161,0.1616,0.2161,0.185,0.2125,0.2033,0.0216
s00_off,4,,d(item_3),move_to,step,,d(item_3),0.2226,0.1501,0.2226,0.1814,0.2179,0.2057,0.0223
s00_off,5,,d(item_3),move_to,step,,d(item_3),0.23,0.1376,0.23,0.1772,0.2239,0.2084,0.023
s00_off,6,,d(item_3),move_to,step,,d(item_3),0.238,0.1242,0.238,0.1724,0.2304,0.2112,0.0238
s00_off,7,,d(item_3),move_to,step,,d(item_3),0.2471,0.1104,0.2471,0.167,0.2379,0.2129,0.0247
s00_off,8,,d(item_3),move_to,step,,d(item_3),0.2571,0.0964,0.2571,0.1609,0.2459,0.214,0.0257
s00_off,9,,d(item_3),move_to,step,,d(item_3),0.2679,0.0827,0.2679,0.1539,0.2546,0.2141,0.0268
s00_off,10,,d(item_3),move_to,step,,d(item_3),0.2796,0.0697,0.2796,0.1461,0.2638,0.2128,0.028
s00_off,11,,d(item_3),move_to,step,,d(item_3),0.2922,0.0577,0.2922,0.1374,0.2736,0.2098,0.0292
s00_off,12,,d(item_3),move_to,step,,d(item_3),0.3057,0.0471,0.3057,0.1279,0.284,0.2047,0.0306
s00_off,13,,d(item_3),move_to,step,,d(item_3),0.3204,0.0378,0.3204,0.1179,0.295,0.1969,0.032
s00_off,14,,d(item_3),move_to,step,,d(item_3),0.3363,0.03,0.3363,0.1074,0.3067,0.1861,0.0336
s00_off,15,,d(item_3),move_to,step,,d(item_3),0.3534,0.0235,0.3534,0.0967,0.319,0.172,0.0353
s00_off,16,,d(item_3),move_to,step,,d(item_3),0.3719,0.0182,0.3719,0.0861,0.3319,0.1547,0.0372
s00_off,17,,d(item_3),move_to,step,,d(item_3),0.3916,0.014,0.3916,0.0756,0.3452,0.1345,0.0392
s00_off,18,,d(item_3),move_to,step,,d(item_3),0.4121,0.0106,0.4121,0.0654,0.3584,0.1123,0.0412
s00_off,19,,d(item_3),move_to,step,,d(item_3),0.4327,0.008,0.4327,0.0558,0.3708,0.0894,0.0433
s00_off,20,,d(item_3),move_to,step,,d(item_3),0.4527,0.006,0.4527,0.0468,0.3817,0.0676,0.0453
s00_off,21,,d(item_3),move_to,step,,d(item_3),0.4712,0.0044,0.4712,0.0385,0.3902,0.0485,0.0471
s00_off,22,,d(item_3),move_to,step,,d(item_3),0.4879,0.0032,0.4879,0.0312,0.396,0.033,0.0488
s00_off,23,,d(item_3),move_to,step,,d(item_3),0.5024,0.0023,0.5024,0.0248,0.3988,0.0214,0.0502
s00_off,24,,d(item_3),move_to,step,,d(item_3),0.5152,0.0017,0.5152,0.0195,0.3989,0.0133,0.0515
s00_off,25,,d(item_3),move_to,step,,d(item_3),0.5266,0.0012,0.5266,0.0151,0.3964,0.008,0.0527
s00_off,26,,d(item_3),move_to,step,,d(item_3),0.5373,0.001,0.5373,0.0115,0.3918,0.0047,0.0537
s00_off,27,,d(item_3),move_to,step,,d(item_3),0.5476,0.001,0.5476,0.0088,0.3852,0.0027,0.0548
s00_off,28,,d(item_3),move_to,step,,d(item_3),0.5582,0.001,0.5582,0.0066,0.3769,0.0015,0.0558
s00_off,29,,d(item_3),move_to,step,,d(item_3),0.5694,0.001,0.5694,0.0049,0.3667,0.001,0.0569
s00_off,30,,d(item_3),move_to,step,,d(item_3),0.5814,0.001,0.5814,0.0037,0.3548,0.001,0.0581
s00_off,31,,d(item_3),move_to,step,,d(item_3),0.5948,0.001,0.5948,0.0027,0.341,0.001,0.0595
s00_off,32,,d(item_3),move_to,step,,d(item_3),0.6098,0.001,0.6098,0.002,0.3253,0.001,0.061
s00_off,33,,d(item_3),move_to,step,,d(item_3),0.6265,0.001,0.6265,0.0015,0.3074,0.001,0.0626
s00_off,34,,d(item_3),move_to,step,,d(item_3),0.645,0.001,0.645,0.0011,0.2874,0.001,0.0645
s00_off,35,,d(item_3),move_to,step,,d(item_3),0.6653,0.001,0.6653,0.001,0.2651,0.001,0.0665
s00_off,36,,d(item_3),move_to,step,,d(item_3),0.6873,0.001,0.6873,0.001,0.2409,0.001,0.0687
s00_off,37,,d(item_3),move_to,step,,d(item_3),0.7108,0.001,0.7108,0.001,0.2151,0.001,0.0711
s00_off,38,,d(item_3),move_to,step,,d(item_3),0.7351,0.001,0.7351,0.001,0.1884,0.001,0.0735
s00_off,39,,d(item_3),move_to,step,,d(item_3),0.7595,0.001,0.7595,0.001,0.1615,0.001,0.076
s00_off,40,,d(item_3),move_to,,,d(item_3),0.7595,0.001,0.7595,0.001,0.1615,0.001,0.076
s00_off,41,,d(item_3),pick_up,grasp,item_3,d(item_3),0.7595,0.001,0.7595,0.001,0.1615,0.001,0.076
s00_off,42,,d(item_3),pick_up,,item_3,d(item_3),0.7595,0.001,0.7595,0.001,0.1615,0.001,0.076
s00_off,43,,d(item_3),move_to,step,item_3,d(item_3),0.7595,0.001,0.7595,0.001,0.1615,0.001,0.076
s00_off,44,,d(item_3),move_to,step,item_3,d(item_3),0.7844,0.001,0.7844,0.001,0.1342,0.001,0.0784
s00_off,45,,d(item_3),move_to,step,item_3,d(item_3),0.809,0.001,0.809,0.001,0.1071,0.001,0.0809
s00_off,46,,d(item_3),move_to,step,item_3,d(item_3),0.8315,0.001,0.8315,0.001,0.0823,0.001,0.0832
s00_off,47,,d(item_3),move_to,step,item_3,d(item_3),0.8507,0.001,0.8507,0.001,0.0612,0.001,0.0851
s00_off,48,,d(item_3),move_to,step,item_3,d(item_3),0.8661,0.001,0.8661,0.001,0.0442,0.001,0.0866
s00_off,49,,d(item_3),move_to,step,item_3,d(item_3),0.8779,0.001,0.8779,0.001,0.0313,0.001,0.0878
s00_off,50,,d(item_3),move_to,step,item_3,d(item_3),0.8865,0.001,0.8865,0.001,0.0218,0.001,0.0887
s00_off,51,,d(item_3),move_to,step,item_3,d(item_3),0.8927,0.001,0.8927,0.001,0.015,0.001,0.0893
s00_off,52,,d(item_3),move_to,step,item_3,d(item_3),0.8971,0.001,0.8971,0.001,0.0102,0.001,0.0897
s00_off,53,,d(item_3),move_to,step,item_3,d(item_3),0.9,0.001,0.9,0.001,0.007,0.001,0.09
s00_off,54,,d(item_3),move_to,step,item_3,d(item_3),0.9021,0.001,0.9021,0.001,0.0047,0.001,0.0902
s00_off,55,,d(item_3),move_to,step,item_3,d(item_3),0.9035,0.001,0.9035,0.001,0.0032,0.001,0.0903
s00_off,56,,d(item_3),move_to,step,item_3,d(item_3),0.9044,0.001,0.9044,0.001,0.0021,0.001,0.0904
s00_off,57,,d(item_3),move_to,step,item_3,d(item_3),0.9051,0.001,0.9051,0.001,0.0014,0.001,0.0905
s00_off,58,,d(item_3),move_to,step,item_3,d(item_3),0.9055,0.001,0.9055,0.001,0.001,0.001,0.0905
s00_off,59,,d(item_3),move_to,step,item_3,d(item_3),0.9055,0.001,0.9055,0.001,0.001,0.001,0.0905
s00_off,60,,d(item_3),move_to,step,item_3,d(item_3),0.9055,0.001,0.9055,0.001,0.001,0.001,0.0905
s00_off,61,,d(item_3),move_to,step,item_3,d(item_3),0.9055,0.001,0.9055,0.001,0.001,0.001,0.0905
s00_off,62,,d(item_3),move_to,step,item_3,d(item_3),0.9055,0.001,0.9055,0.001,0.001,0.001,0.0905
s00_off,63,,d(item_3),move_to,step,item_3,d(item_3),0.9055,0.001,0.9055,0.001,0.001,0.001,0.0905
s00_off,64,,d(item_3),move_to,step,item_3,d(item_3),0.9055,0.001,0.9055,0.001,0.001,0.001,0.0905
s00_off,65,,d(item_3),move_to,step,item_3,d(item_3),0.9055,0.001,0.9055,0.001,0.001,0.001,0.0905
s00_off,66,,d(item_3),move_to,step,item_3,d(item_3),0.9055,0.001,0.9055,0.001,0.001,0.001,0.0905
s00_off,67,,d(item_3),move_to,step,item_3,d(item_3),0.9055,0.001,0.9055,0.001,0.001,0.001,0.0905
s00_off,68,,d(item_3),move_to,step,item_3,d(item_3),0.9055,0.001,0.9055,0.001,0.001,0.001,0.0905
s00_off,69,,d(item_3),move_to,step,item_3,d(item_3),0.9055,0.001,0.9055,0.001,0.001,0.001,0.0905
s00_off,70,,d(item_3),move_to,step,item_3,d(item_3),0.9055,0.001,0.9055,0.001,0.001,0.001,0.0905
s00_off,71,,d(item_3),move_to,step,item_3,d(item_3),0.9055,0.001,0.9055,0.001,0.001,0.001,0.0905
s00_off,72,,d(item_3),move_to,step,item_3,d(item_3),0.9055,0.001,0.9055,0.001,0.001,0.001,0.0905
s00_off,73,,d(item_3),move_to,step,item_3,d(item_3),0.9055,0.001,0.9055,0.001,0.001,0.001,0.0905
s00_off,74,,d(item_3),move_to,step,item_3,d(item_3),0.9055,0.001,0.9055,0.001,0.001,0.001,0.0905
s00_off,75,,d(item_3),move_to,step,item_3,d(item_3),0.9055,0.001,0.9055,0.001,0.001,0.001,0.0905
s00_off,76,,d(item_3),move_to,step,item_3,d(item_3),0.9055,0.001,0.9055,0.001,0.001,0.001,0.0905
s00_off,77,,d(item_3),move_to,,item_3,d(item_3),0.9055,0.001,0.9055,0.001,0.001,0.001,0.0905
s00_off,78,,d(item_3),place,release,,unknown,0.995,0.001,0.001,0.001,0.001,0.001,0.995
s00_off,79,,d(item_3),place,,,unknown,0.995,0.001,0.001,0.001,0.001,0.001,0.995
s00_off,80,,d(item_2),,,,unknown,0.995,0.001,0.001,0.001,0.001,0.001,0.995
s00_off,81,,d(item_2),move_to,step,,unknown,0.995,0.001,0.001,0.001,0.001,0.001,0.995
s00_off,82,,d(item_2),move_to,step,,unknown,0.995,0.001,0.001,0.001,0.001,0.001,0.995
s00_off,83,,d(item_2),move_to,step,,unknown,0.995,0.001,0.001,0.001,0.001,0.001,0.995
s00_off,84,,d(item_2),move_to,step,,unknown,0.995,0.001,0.001,0.001,0.001,0.001,0.995
s00_off,85,,d(item_2),move_to,step,,unknown,0.995,0.001,0.001,0.001,0.001,0.001,0.995
s00_off,86,,d(item_2),move_to,step,,unknown,0.995,0.001,0.001,0.001,0.001,0.001,0.995
s00_off,87,,d(item_2),move_to,step,,unknown,0.995,0.001,0.001,0.001,0.001,0.001,0.995
s00_off,88,,d(item_2),move_to,step,,unknown,0.995,0.001,0.001,0.001,0.001,0.001,0.995
s00_off,89,,d(item_2),move_to,step,,unknown,0.995,0.001,0.001,0.001,0.001,0.001,0.995
s00_off,90,,d(item_2),move_to,step,,unknown,0.995,0.001,0.001,0.001,0.001,0.001,0.995
s00_off,91,,d(item_2),move_to,step,,unknown,0.995,0.001,0.001,0.001,0.001,0.001,0.995
s00_off,92,,d(item_2),move_to,step,,unknown,0.995,0.001,0.001,0.001,0.001,0.001,0.995
s00_off,93,,d(item_2),move_to,step,,unknown,0.995,0.001,0.001,0.001,0.001,0.001,0.995
s00_off,94,,d(item_2),move_to,step,,unknown,0.995,0.001,0.001,0.001,0.001,0.001,0.995
s00_off,95,,d(item_2),move_to,step,,unknown,0.995,0.001,0.001,0.001,0.001,0.001,0.995
s00_off,96,,d(item_2),move_to,step,,unknown,0.995,0.001,0.001,0.001,0.001,0.001,0.995
s00_off,97,,d(item_2),move_to,step,,unknown,0.995,0.001,0.001,0.001,0.001,0.001,0.995
s00_off,98,,d(item_2),move_to,step,,unknown,0.995,0.001,0.001,0.001,0.001,0.001,0.995
s00_off,99,,d(item_2),move_to,step,,unknown,0.995,0.001,0.001,0.001,0.001,0.001,0.995
s00_off,100,,d(item_2),move_to,step,,unknown,0.995,0.001,0.001,0.001,0.001,0.001,0.995
s00_off,101,,d(item_2),move_to,step,,unknown,0.995,0.001,0.001,0.001,0.001,0.001,0.995
s00_off,102,,d(item_2),move_to,step,,unknown,0.995,0.001,0.001,0.001,0.001,0.001,0.995
s00_off,103,,d(item_2),move_to,step,,unknown,0.995,0.001,0.001,0.001,0.001,0.001,0.995
s00_off,104,,d(item_2),move_to,step,,unknown,0.995,0.001,0.001,0.001,0.001,0.001,0.995
s00_off,105,,d(item_2),move_to,step,,unknown,0.995,0.001,0.001,0.001,0.001,0.001,0.995
s00_off,106,,d(item_2),move_to,step,,unknown,0.995,0.001,0.001,0.001,0.001,0.001,0.995
s00_off,107,,d(item_2),move_to,step,,unknown,0.995,0.001,0.001,0.001,0.001,0.001,0.995
s00_off,108,,d(item_2),move_to,step,,unknown,0.995,0.001,0.001,0.001,0.001,0.001,0.995
s00_off,109,,d(item_2),move_to,step,,unknown,0.995,0.001,0.001,0.001,0.001,0.001,0.995
s00_off,110,,d(item_2),move_to,,,unknown,0.995,0.001,0.001,0.001,0.001,0.001,0.995
s00_off,111,,d(item_2),pick_up,grasp,item_2,unknown,0.995,0.001,0.001,0.001,0.001,0.001,0.995
s00_off,112,,d(item_2),pick_up,,item_2,unknown,0.995,0.001,0.001,0.001,0.001,0.001,0.995
s00_off,113,,d(item_2),move_to,step,item_2,unknown,0.995,0.001,0.001,0.001,0.001,0.001,0.995
s00_off,114,,d(item_2),move_to,step,item_2,unknown,0.995,0.001,0.001,0.001,0.001,0.001,0.995
s00_off,115,,d(item_2),move_to,step,item_2,unknown,0.995,0.001,0.001,0.001,0.001,0.001,0.995
s00_off,116,,d(item_2),move_to,step,item_2,unknown,0.995,0.001,0.001,0.001,0.001,0.001,0.995
s00_off,117,,d(item_2),move_to,step,item_2,unknown,0.995,0.001,0.001,0.001,0.001,0.001,0.995
s00_off,118,,d(item_2),move_to,step,item_2,unknown,0.995,0.001,0.001,0.001,0.001,0.001,0.995
s00_off,119,,d(item_2),move_to,step,item_2,unknown,0.995,0.001,0.001,0.001,0.001,0.001,0.995
s00_off,120,,d(item_2),move_to,step,item_2,unknown,0.995,0.001,0.001,0.001,0.001,0.001,0.995
s00_off,121,,d(item_2),move_to,step,item_2,unknown,0.995,0.001,0.001,0.001,0.001,0.001,0.995
s00_off,122,,d(item_2),move_to,step,item_2,unknown,0.995,0.001,0.001,0.001,0.001,0.001,0.995
s00_off,123,,d(item_2),move_to,step,item_2,unknown,0.995,0.001,0.001,0.001,0.001,0.001,0.995
s00_off,124,,d(item_2),move_to,step,item_2,unknown,0.995,0.001,0.001,0.001,0.001,0.001,0.995
s00_off,125,,d(item_2),move_to,step,item_2,unknown,0.995,0.001,0.001,0.001,0.001,0.001,0.995
s00_off,126,,d(item_2),move_to,step,item_2,unknown,0.995,0.001,0.001,0.001,0.001,0.001,0.995
s00_off,127,,d(item_2),move_to,step,item_2,unknown,0.995,0.001,0.001,0.001,0.001,0.001,0.995
s00_off,128,,d(item_2),move_to,step,item_2,unknown,0.995,0.001,0.001,0.001,0.001,0.001,0.995
s00_off,129,,d(item_2),move_to,step,item_2,unknown,0.995,0.001,0.001,0.001,0.001,0.001,0.995
s00_off,130,,d(item_2),move_to,step,item_2,unknown,0.995,0.001,0.001,0.001,0.001,0.001,0.995
s00_off,131,,d(item_2),move_to,step,item_2,unknown,0.995,0.001,0.001,0.001,0.001,0.001,0.995
s00_off,132,,d(item_2),move_to,step,item_2,unknown,0.995,0.001,0.001,0.001,0.001,0.001,0.995
s00_off,133,,d(item_2),move_to,step,item_2,unknown,0.995,0.001,0.001,0.001,0.001,0.001,0.995
s00_off,134,,d(item_2),move_to,step,item_2,unknown,0.995,0.001,0.001,0.001,0.001,0.001,0.995
s00_off,135,,d(item_2),move_to,step,item_2,unknown,0.995,0.001,0.001,0.001,0.001,0.001,0.995
s00_off,136,,d(item_2),move_to,step,item_2,unknown,0.995,0.001,0.001,0.001,0.001,0.001,0.995
s00_off,137,,d(item_2),move_to,step,item_2,unknown,0.995,0.001,0.001,0.001,0.001,0.001,0.995
s00_off,138,,d(item_2),move_to,step,item_2,unknown,0.995,0.001,0.001,0.001,0.001,0.001,0.995
s00_off,139,,d(item_2),move_to,step,item_2,unknown,0.995,0.001,0.001,0.001,0.001,0.001,0.995
s00_off,140,,d(item_2),move_to,step,item_2,unknown,0.995,0.001,0.001,0.001,0.001,0.001,0.995
s00_off,141,,d(item_2),move_to,,item_2,unknown,0.995,0.001,0.001,0.001,0.001,0.001,0.995
s00_off,142,,d(item_2),place,release,,unknown,0.995,0.001,0.001,0.001,0.001,0.001,0.995
s00_off,143,,d(item_2),place,,,unknown,0.995,0.001,0.001,0.001,0.001,0.001,0.995
s00_off,144,,unknown,,,,unknown,0.995,0.001,0.001,0.001,0.001,0.001,0.995
s00_off,145,,unknown,,,,unknown,0.995,0.001,0.001,0.001,0.001,0.001,0.995
s00_off,146,,unknown,,,,unknown,0.995,0.001,0.001,0.001,0.001,0.001,0.995
s00_off,147,,unknown,,,,unknown,0.995,0.001,0.001,0.001,0.001,0.001,0.995
s00_off,148,,unknown,,,,unknown,0.995,0.001,0.001,0.001,0.001,0.001,0.995
s00_off,149,,unknown,,,,unknown,0.995,0.001,0.001,0.001,0.001,0.001,0.995
s00_off,150,,unknown,,,,unknown,0.995,0.001,0.001,0.001,0.001,0.001,0.995
s00_off,151,,unknown,,,,unknown,0.995,0.001,0.001,0.001,0.001,0.001,0.995
s00_off,152,,unknown,,,,unknown,0.995,0.001,0.001,0.001,0.001,0.001,0.995
s00_off,153,,unknown,,,,unknown,0.995,0.001,0.001,0.001,0.001,0.001,0.995
s00_off,154,,unknown,,,,unknown,0.995,0.001,0.001,0.001,0.001,0.001,0.995
s00_off,155,,unknown,,,,unknown,0.995,0.001,0.001,0.001,0.001,0.001,0.995
s00_off,156,,unknown,,,,unknown,0.995,0.001,0.001,0.001,0.001,0.001,0.995
s00_off,157,,unknown,,,,unknown,0.995,0.001,0.001,0.001,0.001,0.001,0.995
s00_off,158,,unknown,,,,unknown,0.995,0.001,0.001,0.001,0.001,0.001,0.995
s00_off,159,,unknown,,,,unknown,0.995,0.001,0.001,0.001,0.001,0.001,0.995
s00_off,160,,unknown,,,,unknown,0.995,0.001,0.001,0.001,0.001,0.001,0.995
s00_off,161,,unknown,,,,unknown,0.995,0.001,0.001,0.001,0.001,0.001,0.995
s00_off,162,,unknown,,,,unknown,0.995,0.001,0.001,0.001,0.001,0.001,0.995
s00_off,163,,unknown,,,,unknown,0.995,0.001,0.001,0.001,0.001,0.001,0.995
s00_off,164,,unknown,,,,unknown,0.995,0.001,0.001,0.001,0.001,0.001,0.995
s00_off,165,,unknown,,,,unknown,0.995,0.001,0.001,0.001,0.001,0.001,0.995
s00_off,166,,unknown,,,,unknown,0.995,0.001,0.001,0.001,0.001,0.001,0.995
s00_off,167,,unknown,,,,unknown,0.995,0.001,0.001,0.001,0.001,0.001,0.995
s00_off,168,,unknown,,,,unknown,0.995,0.001,0.001,0.001,0.001,0.001,0.995
s00_on,0,,d(item_3),move_to,step,,d(item_3),0.4876,0.4606,0.4876,0.001,0.001,0.001,0.0488
s00_on,1,,d(item_3),move_to,step,,d(item_3),0.5026,0.4442,0.5026,0.001,0.001,0.001,0.0503
s00_on,2,,d(item_3),move_to,step,,d(item_3),0.5198,0.4253,0.5198,0.001,0.001,0.001,0.052
s00_on,3,,d(item_3),move_to,step,,d(item_3),0.5395,0.4036,0.5395,0.001,0.001,0.001,0.0539
s00_on,4,,d(item_3),move_to,step,,d(item_3),0.5619,0.3789,0.5619,0.001,0.001,0.001,0.0562
s00_on,5,,d(item_3),move_to,step,,d(item_3),0.5871,0.3512,0.5871,0.001,0.001,0.001,0.0587
s00_on,6,,d(item_3),move_to,step,,d(item_3),0.6148,0.3207,0.6148,0.001,0.001,0.001,0.0615
s00_on,7,,d(item_3),move_to,step,,d(item_3),0.6446,0.2879,0.6446,0.001,0.001,0.001,0.0645
s00_on,8,,d(item_3),move_to,step,,d(item_3),0.6759,0.2535,0.6759,0.001,0.001,0.001,0.0676
s00_on,9,,d(item_3),move_to,step,,d(item_3),0.7077,0.2185,0.7077,0.001,0.001,0.001,0.0708
s00_on,10,,d(item_3),move_to,step,,d(item_3),0.7389,0.1842,0.7389,0.001,0.001,0.001,0.0739
s00_on,11,,d(item_3),move_to,step,,d(item_3),0.7683,0.1519,0.7683,0.001,0.001,0.001,0.0768
s00_on,12,,d(item_3),move_to,step,,d(item_3),0.7951,0.1224,0.7951,0.001,0.001,0.001,0.0795
s00_on,13,,d(item_3),move_to,step,,d(item_3),0.8186,0.0966,0.8186,0.001,0.001,0.001,0.0819
s00_on,14,,d(item_3),move_to,step,,d(item_3),0.8384,0.0747,0.8384,0.001,0.001,0.001,0.0838
s00_on,15,,d(item_3),move_to,step,,d(item_3),0.8548,0.0568,0.8548,0.001,0.001,0.001,0.0855
s00_on,16,,d(item_3),move_to,step,,d(item_3),0.8677,0.0425,0.8677,0.001,0.001,0.001,0.0868
s00_on,17,,d(item_3),move_to,step,,d(item_3),0.8779,0.0314,0.8779,0.001,0.001,0.001,0.0878
s00_on,18,,d(item_3),move_to,step,,d(item_3),0.8856,0.0229,0.8856,0.001,0.001,0.001,0.0886
s00_on,19,,d(item_3),move_to,step,,d(item_3),0.8913,0.0165,0.8913,0.001,0.001,0.001,0.0891
s00_on,20,,d(item_3),move_to,step,,d(item_3),0.8956,0.0118,0.8956,0.001,0.001,0.001,0.0896
s00_on,21,,d(item_3),move_to,step,,d(item_3),0.8987,0.0084,0.8987,0.001,0.001,0.001,0.0899
s00_on,22,,d(item_3),move_to,step,,d(item_3),0.901,0.006,0.901,0.001,0.001,0.001,0.0901
s00_on,23,,d(item_3),move_to,step,,d(item_3),0.9026,0.0042,0.9026,0.001,0.001,0.001,0.0903
s00_on,24,,d(item_3),move_to,step,,d(item_3),0.9037,0.0029,0.9037,0.001,0.001,0.001,0.0904
s00_on,25,,d(item_3),move_to,step,,d(item_3),0.9045,0.002,0.9045,0.001,0.001,0.001,0.0905
s00_on,26,,d(item_3),move_to,step,,d(item_3),0.9051,0.0014,0.9051,0.001,0.001,0.001,0.0905
s00_on,27,,d(item_3),move_to,step,,d(item_3),0.9055,0.001,0.9055,0.001,0.001,0.001,0.0905
s00_on,28,,d(item_3),move_to,step,,d(item_3),0.9055,0.001,0.9055,0.001,0.001,0.001,0.0905
s00_on,29,,d(item_3),move_to,step,,d(item_3),0.9055,0.001,0.9055,0.001,0.001,0.001,0.0905
s00_on,30,,d(item_3),move_to,step,,d(item_3),0.9055,0.001,0.9055,0.001,0.001,0.001,0.0905
s00_on,31,,d(item_3),move_to,step,,d(item_3),0.9055,0.001,0.9055,0.001,0.001,0.001,0.0905
s00_on,32,,d(item_3),move_to,step,,d(item_3),0.9055,0.001,0.9055,0.001,0.001,0.001,0.0905
s00_on,33,,d(item_3),move_to,step,,d(item_3),0.9055,0.001,0.9055,0.001,0.001,0.001,0.0905
s00_on,34,,d(item_3),move_to,step,,d(item_3),0.9055,0.001,0.9055,0.001,0.001,0.001,0.0905
s00_on,35,,d(item_3),move_to,step,,d(item_3),0.9055,0.001,0.9055,0.001,0.001,0.001,0.0905
s00_on,36,,d(item_3),move_to,step,,d(item_3),0.9055,0.001,0.9055,0.001,0.001,0.001,0.0905
s00_on,37,,d(item_3),move_to,step,,d(item_3),0.9055,0.001,0.9055,0.001,0.001,0.001,0.0905
s00_on,38,,d(item_3),move_to,step,,d(item_3),0.9055,0.001,0.9055,0.001,0.001,0.001,0.0905
s00_on,39,,d(item_3),move_to,step,,d(item_3),0.9055,0.001,0.9055,0.001,0.001,0.001,0.0905
s00_on,40,,d(item_3),move_to,,,d(item_3),0.9055,0.001,0.9055,0.001,0.001,0.001,0.0905
s00_on,41,,d(item_3),pick_up,grasp,item_3,d(item_3),0.9055,0.001,0.9055,0.001,0.001,0.001,0.0905
s00_on,42,,d(item_3),pick_up,,item_3,d(item_3),0.9055,0.001,0.9055,0.001,0.001,0.001,0.0905
s00_on,43,,d(item_3),move_to,step,item_3,d(item_3),0.9055,0.001,0.9055,0.001,0.001,0.001,0.0905
s00_on,44,,d(item_3),move_to,step,item_3,d(item_3),0.9055,0.001,0.9055,0.001,0.001,0.001,0.0905
s00_on,45,,d(item_3),move_to,step,item_3,d(item_3),0.9055,0.001,0.9055,0.001,0.001,0.001,0.0905
s00_on,46,,d(item_3),move_to,step,item_3,d(item_3),0.9055,0.001,0.9055,0.001,0.001,0.001,0.0905
s00_on,47,,d(item_3),move_to,step,item_3,d(item_3),0.9055,0.001,0.9055,0.001,0.001,0.001,0.0905
s00_on,48,,d(item_3),move_to,step,item_3,d(item_3),0.9055,0.001,0.9055,0.001,0.001,0.001,0.0905
s00_on,49,,d(item_3),move_to,step,item_3,d(item_3),0.9055,0.001,0.9055,0.001,0.001,0.001,0.0905
s00_on,50,,d(item_3),move_to,step,item_3,d(item_3),0.9055,0.001,0.9055,0.001,0.001,0.001,0.0905
s00_on,51,,d(item_3),move_to,step,item_3,d(item_3),0.9055,0.001,0.9055,0.001,0.001,0.001,0.0905
s00_on,52,,d(item_3),move_to,step,item_3,d(item_3),0.9055,0.001,0.9055,0.001,0.001,0.001,0.0905
s00_on,53,,d(item_3),move_to,step,item_3,d(item_3),0.9055,0.001,0.9055,0.001,0.001,0.001,0.0905
s00_on,54,,d(item_3),move_to,step,item_3,d(item_3),0.9055,0.001,0.9055,0.001,0.001,0.001,0.0905
s00_on,55,,d(item_3),move_to,step,item_3,d(item_3),0.9055,0.001,0.9055,0.001,0.001,0.001,0.0905
s00_on,56,,d(item_3),move_to,step,item_3,d(item_3),0.9055,0.001,0.9055,0.001,0.001,0.001,0.0905
s00_on,57,,d(item_3),move_to,step,item_3,d(item_3),0.9055,0.001,0.9055,0.001,0.001,0.001,0.0905
s00_on,58,,d(item_3),move_to,step,item_3,d(item_3),0.9055,0.001,0.9055,0.001,0.001,0.001,0.0905
s00_on,59,,d(item_3),move_to,step,item_3,d(item_3),0.9055,0.001,0.9055,0.001,0.001,0.001,0.0905
s00_on,60,,d(item_3),move_to,step,item_3,d(item_3),0.9055,0.001,0.9055,0.001,0.001,0.001,0.0905
s00_on,61,,d(item_3),move_to,step,item_3,d(item_3),0.9055,0.001,0.9055,0.001,0.001,0.001,0.0905
s00_on,62,,d(item_3),move_to,step,item_3,d(item_3),0.9055,0.001,0.9055,0.001,0.001,0.001,0.0905
s00_on,63,,d(item_3),move_to,step,item_3,d(item_3),0.9055,0.001,0.9055,0.001,0.001,0.001,0.0905
s00_on,64,,d(item_3),move_to,step,item_3,d(item_3),0.9055,0.001,0.9055,0.001,0.001,0.001,0.0905
s00_on,65,,d(item_3),move_to,step,item_3,d(item_3),0.9055,0.001,0.9055,0.001,0.001,0.001,0.0905
s00_on,66,,d(item_3),move_to,step,item_3,d(item_3),0.9055,0.001,0.9055,0.001,0.001,0.001,0.0905
s00_on,67,,d(item_3),move_to,step,item_3,d(item_3),0.9055,0.001,0.9055,0.001,0.001,0.001,0.0905
s00_on,68,,d(item_3),move_to,step,item_3,d(item_3),0.9055,0.001,0.9055,0.001,0.001,0.001,0.0905
s00_on,69,,d(item_3),move_to,step,item_3,d(item_3),0.9055,0.001,0.9055,0.001,0.001,0.001,0.0905
s00_on,70,,d(item_3),move_to,step,item_3,d(item_3),0.9055,0.001,0.9055,0.001,0.001,0.001,0.0905
s00_on,71,,d(item_3),move_to,step,item_3,d(item_3),0.9055,0.001,0.9055,0.001,0.001,0.001,0.0905
s00_on,72,,d(item_3),move_to,step,item_3,d(item_3),0.9055,0.001,0.9055,0.001,0.001,0.001,0.0905
s00_on,73,,d(item_3),move_to,step,item_3,d(item_3),0.9055,0.001,0.9055,0.001,0.001,0.001,0.0905
s00_on,74,,d(item_3),move_to,step,item_3,d(item_3),0.9055,0.001,0.9055,0.001,0.001,0.001,0.0905
s00_on,75,,d(item_3),move_to,step,item_3,d(item_3),0.9055,0.001,0.9055,0.001,0.001,0.001,0.0905
s00_on,76,,d(item_3),move_to,step,item_3,d(item_3),0.9055,0.001,0.9055,0.001,0.001,0.001,0.0905
s00_on,77,,d(item_3),move_to,,item_3,d(item_3),0.9055,0.001,0.9055,0.001,0.001,0.001,0.0905
s00_on,78,,d(item_3),place,release,,unknown,0.995,0.001,0.001,0.001,0.001,0.001,0.995
s00_on,79,,d(item_3),place,,,unknown,0.995,0.001,0.001,0.001,0.001,0.001,0.995
s00_on,80,,d(item_2),,,,unknown,0.995,0.001,0.001,0.001,0.001,0.001,0.995
s00_on,81,,d(item_2),move_to,step,,unknown,0.995,0.001,0.001,0.001,0.001,0.001,0.995
s00_on,82,,d(item_2),move_to,step,,unknown,0.995,0.001,0.001,0.001,0.001,0.001,0.995
s00_on,83,,d(item_2),move_to,step,,unknown,0.995,0.001,0.001,0.001,0.001,0.001,0.995
s00_on,84,,d(item_2),move_to,step,,unknown,0.995,0.001,0.001,0.001,0.001,0.001,0.995
s00_on,85,,d(item_2),move_to,step,,unknown,0.995,0.001,0.001,0.001,0.001,0.001,0.995
s00_on,86,,d(item_2),move_to,step,,unknown,0.995,0.001,0.001,0.001,0.001,0.001,0.995
s00_on,87,,d(item_2),move_to,step,,unknown,0.995,0.001,0.001,0.001,0.001,0.001,0.995
s00_on,88,,d(item_2),move_to,step,,unknown,0.995,0.001,0.001,0.001,0.001,0.001,0.995
s00_on,89,,d(item_2),move_to,step,,unknown,0.995,0.001,0.001,0.001,0.001,0.001,0.995
s00_on,90,,d(item_2),move_to,step,,unknown,0.995,0.001,0.001,0.001,0.001,0.001,0.995
s00_on,91,,d(item_2),move_to,step,,unknown,0.995,0.001,0.001,0.001,0.001,0.001,0.995
s00_on,92,,d(item_2),move_to,step,,unknown,0.995,0.001,0.001,0.001,0.001,0.001,0.995
s00_on,93,,d(item_2),move_to,step,,unknown,0.995,0.001,0.001,0.001,0.001,0.001,0.995
s00_on,94,,d(item_2),move_to,step,,unknown,0.995,0.001,0.001,0.001,0.001,0.001,0.995
s00_on,95,,d(item_2),move_to,step,,unknown,0.995,0.001,0.001,0.001,0.001,0.001,0.995
s00_on,96,,d(item_2),move_to,step,,unknown,0.995,0.001,0.001,0.001,0.001,0.001,0.995
s00_on,97,,d(item_2),move_to,step,,unknown,0.995,0.001,0.001,0.001,0.001,0.001,0.995
s00_on,98,,d(item_2),move_to,step,,unknown,0.995,0.001,0.001,0.001,0.001,0.001,0.995
s00_on,99,,d(item_2),move_to,step,,unknown,0.995,0.001,0.001,0.001,0.001,0.001,0.995
s00_on,100,,d(item_2),move_to,step,,unknown,0.995,0.001,0.001,0.001,0.001,0.001,0.995
s00_on,101,,d(item_2),move_to,step,,unknown,0.995,0.001,0.001,0.001,0.001,0.001,0.995
s00_on,102,,d(item_2),move_to,step,,unknown,0.995,0.001,0.001,0.001,0.001,0.001,0.995
s00_on,103,,d(item_2),move_to,step,,unknown,0.995,0.001,0.001,0.001,0.001,0.001,0.995
s00_on,104,,d(item_2),move_to,step,,unknown,0.995,0.001,0.001,0.001,0.001,0.001,0.995
s00_on,105,,d(item_2),move_to,step,,unknown,0.995,0.001,0.001,0.001,0.001,0.001,0.995
s00_on,106,,d(item_2),move_to,step,,unknown,0.995,0.001,0.001,0.001,0.001,0.001,0.995
s00_on,107,,d(item_2),move_to,step,,unknown,0.995,0.001,0.001,0.001,0.001,0.001,0.995
s00_on,108,,d(item_2),move_to,step,,unknown,0.995,0.001,0.001,0.001,0.001,0.001,0.995
s00_on,109,,d(item_2),move_to,step,,unknown,0.995,0.001,0.001,0.001,0.001,0.001,0.995
s00_on,110,,d(item_2),move_to,,,unknown,0.995,0.001,0.001,0.001,0.001,0.001,0.995
s00_on,111,,d(item_2),pick_up,grasp,item_2,unknown,0.995,0.001,0.001,0.001,0.001,0.001,0.995
s00_on,112,,d(item_2),pick_up,,item_2,unknown,0.995,0.001,0.001,0.001,0.001,0.001,0.995
s00_on,113,,d(item_2),move_to,step,item_2,unknown,0.995,0.001,0.001,0.001,0.001,0.001,0.995
s00_on,114,,d(item_2),move_to,step,item_2,unknown,0.995,0.001,0.001,0.001,0.001,0.001,0.995
s00_on,115,,d(item_2),move_to,step,item_2,unknown,0.995,0.001,0.001,0.001,0.001,0.001,0.995
s00_on,116,,d(item_2),move_to,step,item_2,unknown,0.995,0.001,0.001,0.001,0.001,0.001,0.995
s00_on,117,,d(item_2),move_to,step,item_2,unknown,0.995,0.001,0.001,0.001,0.001,0.001,0.995
s00_on,118,,d(item_2),move_to,step,item_2,unknown,0.995,0.001,0.001,0.001,0.001,0.001,0.995
s00_on,119,,d(item_2),move_to,step,item_2,unknown,0.995,0.001,0.001,0.001,0.001,0.001,0.995
s00_on,120,,d(item_2),move_to,step,item_2,unknown,0.995,0.001,0.001,0.001,0.001,0.001,0.995
s00_on,121,,d(item_2),move_to,step,item_2,unknown,0.995,0.001,0.001,0.001,0.001,0.001,0.995
s00_on,122,,d(item_2),move_to,step,item_2,unknown,0.995,0.001,0.001,0.001,0.001,0.001,0.995
s00_on,123,,d(item_2),move_to,step,item_2,unknown,0.995,0.001,0.001,0.001,0.001,0.001,0.995
s00_on,124,,d(item_2),move_to,step,item_2,unknown,0.995,0.001,0.001,0.001,0.001,0.001,0.995
s00_on,125,,d(item_2),move_to,step,item_2,unknown,0.995,0.001,0.001,0.001,0.001,0.001,0.995
s00_on,126,,d(item_2),move_to,step,item_2,unknown,0.995,0.001,0.001,0.001,0.001,0.001,0.995
s00_on,127,,d(item_2),move_to,step,item_2,unknown,0.995,0.001,0.001,0.001,0.001,0.001,0.995
s00_on,128,,d(item_2),move_to,step,item_2,unknown,0.995,0.001,0.001,0.001,0.001,0.001,0.995
s00_on,129,,d(item_2),move_to,step,item_2,unknown,0.995,0.001,0.001,0.001,0.001,0.001,0.995
s00_on,130,,d(item_2),move_to,step,item_2,unknown,0.995,0.001,0.001,0.001,0.001,0.001,0.995
s00_on,131,,d(item_2),move_to,step,item_2,unknown,0.995,0.001,0.001,0.001,0.001,0.001,0.995
s00_on,132,,d(item_2),move_to,step,item_2,unknown,0.995,0.001,0.001,0.001,0.001,0.001,0.995
s00_on,133,,d(item_2),move_to,step,item_2,unknown,0.995,0.001,0.001,0.001,0.001,0.001,0.995
s00_on,134,,d(item_2),move_to,step,item_2,unknown,0.995,0.001,0.001,0.001,0.001,0.001,0.995
s00_on,135,,d(item_2),move_to,step,item_2,unknown,0.995,0.001,0.001,0.001,0.001,0.001,0.995
s00_on,136,,d(item_2),move_to,step,item_2,unknown,0.995,0.001,0.001,0.001,0.001,0.001,0.995
s00_on,137,,d(item_2),move_to,step,item_2,unknown,0.995,0.001,0.001,0.001,0.001,0.001,0.995
s00_on,138,,d(item_2),move_to,step,item_2,unknown,0.995,0.001,0.001,0.001,0.001,0.001,0.995
s00_on,139,,d(item_2),move_to,step,item_2,unknown,0.995,0.001,0.001,0.001,0.001,0.001,0.995
s00_on,140,,d(item_2),move_to,step,item_2,unknown,0.995,0.001,0.001,0.001,0.001,0.001,0.995
s00_on,141,,d(item_2),move_to,,item_2,unknown,0.995,0.001,0.001,0.001,0.001,0.001,0.995
s00_on,142,,d(item_2),place,release,,unknown,0.995,0.001,0.001,0.001,0.001,0.001,0.995
s00_on,143,,d(item_2),place,,,unknown,0.995,0.001,0.001,0.001,0.001,0.001,0.995
s00_on,144,,unknown,,,,unknown,0.995,0.001,0.001,0.001,0.001,0.001,0.995
s00_on,145,,unknown,,,,unknown,0.995,0.001,0.001,0.001,0.001,0.001,0.995
s00_on,146,,unknown,,,,unknown,0.995,0.001,0.001,0.001,0.001,0.001,0.995
s00_on,147,,unknown,,,,unknown,0.995,0.001,0.001,0.001,0.001,0.001,0.995
s00_on,148,,unknown,,,,unknown,0.995,0.001,0.001,0.001,0.001,0.001,0.995
s00_on,149,,unknown,,,,unknown,0.995,0.001,0.001,0.001,0.001,0.001,0.995
s00_on,150,,unknown,,,,unknown,0.995,0.001,0.001,0.001,0.001,0.001,0.995
s00_on,151,,unknown,,,,unknown,0.995,0.001,0.001,0.001,0.001,0.001,0.995
s00_on,152,,unknown,,,,unknown,0.995,0.001,0.001,0.001,0.001,0.001,0.995
s00_on,153,,unknown,,,,unknown,0.995,0.001,0.001,0.001,0.001,0.001,0.995
s00_on,154,,unknown,,,,unknown,0.995,0.001,0.001,0.001,0.001,0.001,0.995
s00_on,155,,unknown,,,,unknown,0.995,0.001,0.001,0.001,0.001,0.001,0.995
s00_on,156,,unknown,,,,unknown,0.995,0.001,0.001,0.001,0.001,0.001,0.995
s00_on,157,,unknown,,,,unknown,0.995,0.001,0.001,0.001,0.001,0.001,0.995
s00_on,158,,unknown,,,,unknown,0.995,0.001,0.001,0.001,0.001,0.001,0.995
s00_on,159,,unknown,,,,unknown,0.995,0.001,0.001,0.001,0.001,0.001,0.995
s00_on,160,,unknown,,,,unknown,0.995,0.001,0.001,0.001,0.001,0.001,0.995
s00_on,161,,unknown,,,,unknown,0.995,0.001,0.001,0.001,0.001,0.001,0.995
s00_on,162,,unknown,,,,unknown,0.995,0.001,0.001,0.001,0.001,0.001,0.995
s00_on,163,,unknown,,,,unknown,0.995,0.001,0.001,0.001,0.001,0.001,0.995
s00_on,164,,unknown,,,,unknown,0.995,0.001,0.001,0.001,0.001,0.001,0.995
s00_on,165,,unknown,,,,unknown,0.995,0.001,0.001,0.001,0.001,0.001,0.995
s00_on,166,,unknown,,,,unknown,0.995,0.001,0.001,0.001,0.001,0.001,0.995
s00_on,167,,unknown,,,,unknown,0.995,0.001,0.001,0.001,0.001,0.001,0.995
s00_on,168,,unknown,,,,unknown,0.995,0.001,0.001,0.001,0.001,0.001,0.995
s20_off,0,,d(item_3),move_to,step,,d(item_3),0.206,0.1775,0.206,0.2052,0.2057,0.1851,0.0206
s20_off,1,,d(item_3),move_to,step,,d(item_3),0.217,0.1569,0.217,0.2153,0.2164,0.1726,0.0217
s20_off,2,,d(item_3),move_to,step,,d(item_3),0.229,0.1352,0.229,0.2262,0.2281,0.1586,0.0229
s20_off,3,,d(item_3),move_to,step,,d(item_3),0.2416,0.1133,0.2416,0.2374,0.2402,0.1433,0.0242
s20_off,4,,d(item_3),move_to,step,,d(item_3),0.2543,0.0924,0.2543,0.2485,0.2524,0.127,0.0254
s20_off,5,,d(item_3),move_to,step,,d(item_3),0.2666,0.0734,0.2666,0.259,0.2642,0.1102,0.0267
s20_off,6,,d(item_3),move_to,step,,d(item_3),0.2781,0.0569,0.2781,0.2684,0.2751,0.0937,0.0278
s20_off,7,,d(item_3),move_to,step,,d(item_3),0.2886,0.0432,0.2886,0.2765,0.2849,0.078,0.0289
s20_off,8,,d(item_3),move_to,step,,d(item_3),0.2979,0.0322,0.2979,0.2831,0.2935,0.0636,0.0298
s20_off,9,,d(item_3),move_to,step,,d(item_3),0.306,0.0236,0.306,0.2881,0.3008,0.051,0.0306
s20_off,10,,d(item_3),move_to,step,,d(item_3),0.3129,0.0171,0.3129,0.2916,0.3069,0.0402,0.0313
s20_off,11,,d(item_3),move_to,step,,d(item_3),0.3189,0.0122,0.3189,0.2937,0.312,0.0313,0.0319
s20_off,12,,d(item_3),move_to,step,,d(item_3),0.3242,0.0087,0.3242,0.2945,0.3162,0.024,0.0324
s20_off,13,,d(item_3),move_to,step,,d(item_3),0.3289,0.0061,0.3289,0.2941,0.3198,0.0182,0.0329
s20_off,14,,d(item_3),move_to,step,,d(item_3),0.3332,0.0043,0.3332,0.2925,0.3229,0.0137,0.0333
s20_off,15,,d(item_3),move_to,step,,d(item_3),0.3374,0.003,0.3374,0.2898,0.3258,0.0103,0.0337
s20_off,16,,d(item_3),move_to,step,,d(item_3),0.3416,0.0021,0.3416,0.286,0.3286,0.0076,0.0342
s20_off,17,,d(item_3),move_to,step,,d(item_3),0.346,0.0015,0.346,0.2809,0.3314,0.0056,0.0346
s20_off,18,,d(item_3),move_to,step,,d(item_3),0.3509,0.001,0.3509,0.2743,0.3345,0.0041,0.0351
s20_off,19,,d(item_3),move_to,step,,d(item_3),0.3564,0.001,0.3564,0.266,0.3379,0.003,0.0356
s20_off,20,,d(item_3),move_to,step,,d(item_3),0.3628,0.001,0.3628,0.2558,0.3419,0.0022,0.0363
s20_off,21,,d(item_3),move_to,,,d(item_3),0.3628,0.001,0.3628,0.2558,0.3419,0.0022,0.0363
s20_off,22,,d(item_3),pick_up,grasp,item_3,d(item_3),0.3628,0.001,0.3628,0.2558,0.3419,0.0022,0.0363
s20_off,23,,d(item_3),pick_up,,item_3,d(item_3),0.3628,0.001,0.3628,0.2558,0.3419,0.0022,0.0363
s20_off,24,,d(item_3),move_to,step,item_3,d(item_3),0.3628,0.001,0.3628,0.2558,0.3419,0.0022,0.0363
s20_off,25,,d(item_3),move_to,step,item_3,d(item_3),0.4097,0.001,0.4097,0.2338,0.3125,0.002,0.041
s20_off,26,,d(item_3),move_to,step,item_3,d(item_3),0.4667,0.001,0.4667,0.207,0.2768,0.0018,0.0467
s20_off,27,,d(item_3),move_to,step,item_3,d(item_3),0.5311,0.001,0.5311,0.1768,0.2364,0.0015,0.0531
s20_off,28,,d(item_3),move_to,step,item_3,d(item_3),0.5985,0.001,0.5985,0.1452,0.1941,0.0013,0.0599
s20_off,29,,d(item_3),move_to,step,item_3,d(item_3),0.6637,0.001,0.6637,0.1147,0.1533,0.001,0.0664
s20_off,30,,d(item_3),move_to,step,item_3,d(item_3),0.7219,0.001,0.7219,0.0873,0.1166,0.001,0.0722
s20_off,31,,d(item_3),move_to,step,item_3,d(item_3),0.7706,0.001,0.7706,0.0643,0.086,0.001,0.0771
s20_off,32,,d(item_3),move_to,step,item_3,d(item_3),0.8091,0.001,0.8091,0.0462,0.0618,0.001,0.0809
s20_off,33,,d(item_3),move_to,step,item_3,d(item_3),0.8381,0.001,0.8381,0.0326,0.0435,0.001,0.0838
s20_off,34,,d(item_3),move_to,step,item_3,d(item_3),0.8593,0.001,0.8593,0.0226,0.0302,0.001,0.0859
s20_off,35,,d(item_3),move_to,step,item_3,d(item_3),0.8743,0.001,0.8743,0.0155,0.0207,0.001,0.0874
s20_off,36,,d(item_3),move_to,step,item_3,d(item_3),0.8848,0.001,0.8848,0.0106,0.0141,0.001,0.0885
s20_off,37,,d(item_3),move_to,step,item_3,d(item_3),0.892,0.001,0.892,0.0072,0.0096,0.001,0.0892
s20_off,38,,d(item_3),move_to,step,item_3,d(item_3),0.897,0.001,0.897,0.0048,0.0065,0.001,0.0897
s20_off,39,,d(item_3),move_to,step,item_3,d(item_3),0.9003,0.001,0.9003,0.0033,0.0044,0.001,0.09
s20_off,40,,d(item_3),move_to,step,item_3,d(item_3),0.9026,0.001,0.9026,0.0022,0.0029,0.001,0.0903
s20_off,41,,d(item_3),move_to,step,item_3,d(item_3),0.9041,0.001,0.9041,0.0015,0.002,0.001,0.0904
s20_off,42,,d(item_3),move_to,step,item_3,d(item_3),0.9052,0.001,0.9052,0.001,0.0013,0.001,0.0905
s20_off,43,,d(item_3),move_to,step,item_3,d(item_3),0.9055,0.001,0.9055,0.001,0.001,0.001,0.0905
s20_off,44,,d(item_3),move_to,step,item_3,d(item_3),0.9055,0.001,0.9055,0.001,0.001,0.001,0.0905
s20_off,45,,d(item_3),move_to,step,item_3,d(item_3),0.9055,0.001,0.9055,0.001,0.001,0.001,0.0905
s20_off,46,,d(item_3),move_to,step,item_3,d(item_3),0.9055,0.001,0.9055,0.001,0.001,0.001,0.0905
s20_off,47,,d(item_3),move_to,step,item_3,d(item_3),0.9055,0.001,0.9055,0.001,0.001,0.001,0.0905
s20_off,48,,d(item_3),move_to,step,item_3,d(item_3),0.9055,0.001,0.9055,0.001,0.001,0.001,0.0905
s20_off,49,,d(item_3),move_to,step,item_3,d(item_3),0.9055,0.001,0.9055,0.001,0.001,0.001,0.0905
s20_off,50,,d(item_3),move_to,step,item_3,d(item_3),0.9055,0.001,0.9055,0.001,0.001,0.001,0.0905
s20_off,51,,d(item_3),move_to,step,item_3,d(item_3),0.9055,0.001,0.9055,0.001,0.001,0.001,0.0905
s20_off,52,,d(item_3),move_to,step,item_3,d(item_3),0.9055,0.001,0.9055,0.001,0.001,0.001,0.0905
s20_off,53,,d(item_3),move_to,,item_3,d(item_3),0.9055,0.001,0.9055,0.001,0.001,0.001,0.0905
s20_off,54,,d(item_3),place,release,,unknown,0.995,0.001,0.001,0.001,0.001,0.001,0.995
s20_off,55,,d(item_3),place,,,unknown,0.995,0.001,0.001,0.001,0.001,0.001,0.995
s20_off,56,,d(item_2),,,,unknown,0.995,0.001,0.001,0.001,0.001,0.001,0.995
s20_off,57,,d(item_2),move_to,step,,unknown,0.995,0.001,0.001,0.001,0.001,0.001,0.995
s20_off,58,,d(item_2),move_to,step,,unknown,0.995,0.001,0.001,0.001,0.001,0.001,0.995
s20_off,59,,d(item_2),move_to,step,,unknown,0.995,0.001,0.001,0.001,0.001,0.001,0.995
s20_off,60,,d(item_2),move_to,step,,unknown,0.995,0.001,0.001,0.001,0.001,0.001,0.995
s20_off,61,,d(item_2),move_to,step,,unknown,0.995,0.001,0.001,0.001,0.001,0.001,0.995
s20_off,62,,d(item_2),move_to,step,,unknown,0.995,0.001,0.001,0.001,0.001,0.001,0.995
s20_off,63,,d(item_2),move_to,step,,unknown,0.995,0.001,0.001,0.001,0.001,0.001,0.995
s20_off,64,,d(item_2),move_to,step,,unknown,0.995,0.001,0.001,0.001,0.001,0.001,0.995
s20_off,65,,d(item_2),move_to,step,,unknown,0.995,0.001,0.001,0.001,0.001,0.001,0.995
s20_off,66,,d(item_2),move_to,step,,unknown,0.995,0.001,0.001,0.001,0.001,0.001,0.995
s20_off,67,,d(item_2),move_to,step,,unknown,0.995,0.001,0.001,0.001,0.001,0.001,0.995
s20_off,68,,d(item_2),move_to,step,,unknown,0.995,0.001,0.001,0.001,0.001,0.001,0.995
s20_off,69,,d(item_2),move_to,step,,unknown,0.995,0.001,0.001,0.001,0.001,0.001,0.995
s20_off,70,,d(item_2),move_to,step,,unknown,0.995,0.001,0.001,0.001,0.001,0.001,0.995
s20_off,71,,d(item_2),move_to,step,,unknown,0.995,0.001,0.001,0.001,0.001,0.001,0.995
s20_off,72,,d(item_2),move_to,step,,unknown,0.995,0.001,0.001,0.001,0.001,0.001,0.995
s20_off,73,,d(item_2),move_to,step,,unknown,0.995,0.001,0.001,0.001,0.001,0.001,0.995
s20_off,74,,d(item_2),move_to,step,,unknown,0.995,0.001,0.001,0.001,0.001,0.001,0.995
s20_off,75,,d(item_2),move_to,step,,unknown,0.995,0.001,0.001,0.001,0.001,0.001,0.995
s20_off,76,,d(item_2),move_to,step,,unknown,0.995,0.001,0.001,0.001,0.001,0.001,0.995
s20_off,77,,d(item_2),move_to,step,,unknown,0.995,0.001,0.001,0.001,0.001,0.001,0.995
s20_off,78,,d(item_2),move_to,step,,unknown,0.995,0.001,0.001,0.001,0.001,0.001,0.995
s20_off,79,,d(item_2),move_to,step,,unknown,0.995,0.001,0.001,0.001,0.001,0.001,0.995
s20_off,80,,d(item_2),move_to,step,,unknown,0.995,0.001,0.001,0.001,0.001,0.001,0.995
s20_off,81,,d(item_2),move_to,step,,unknown,0.995,0.001,0.001,0.001,0.001,0.001,0.995
s20_off,82,,d(item_2),move_to,step,,unknown,0.995,0.001,0.001,0.001,0.001,0.001,0.995
s20_off,83,,d(item_2),move_to,step,,unknown,0.995,0.001,0.001,0.001,0.001,0.001,0.995
s20_off,84,,d(item_2),move_to,step,,unknown,0.995,0.001,0.001,0.001,0.001,0.001,0.995
s20_off,85,,d(item_2),move_to,step,,unknown,0.995,0.001,0.001,0.001,0.001,0.001,0.995
s20_off,86,,d(item_2),move_to,step,,unknown,0.995,0.001,0.001,0.001,0.001,0.001,0.995
s20_off,87,,d(item_2),move_to,step,,unknown,0.995,0.001,0.001,0.001,0.001,0.001,0.995
s20_off,88,,d(item_2),move_to,,,unknown,0.995,0.001,0.001,0.001,0.001,0.001,0.995
s20_off,89,,d(item_2),pick_up,grasp,item_2,unknown,0.995,0.001,0.001,0.001,0.001,0.001,0.995
s20_off,90,,d(item_2),pick_up,,item_2,unknown,0.995,0.001,0.001,0.001,0.001,0.001,0.995
s20_off,91,,d(item_2),move_to,step,item_2,unknown,0.995,0.001,0.001,0.001,0.001,0.001,0.995
s20_off,92,,d(item_2),move_to,step,item_2,unknown,0.995,0.001,0.001,0.001,0.001,0.001,0.995
s20_off,93,,d(item_2),move_to,step,item_2,unknown,0.995,0.001,0.001,0.001,0.001,0.001,0.995
s20_off,94,,d(item_2),move_to,step,item_2,unknown,0.995,0.001,0.001,0.001,0.001,0.001,0.995
s20_off,95,,d(item_2),move_to,step,item_2,unknown,0.995,0.001,0.001,0.001,0.001,0.001,0.995
s20_off,96,,d(item_2),move_to,step,item_2,unknown,0.995,0.001,0.001,0.001,0.001,0.001,0.995
s20_off,97,,d(item_2),move_to,step,item_2,unknown,0.995,0.001,0.001,0.001,0.001,0.001,0.995
s20_off,98,,d(item_2),move_to,step,item_2,unknown,0.995,0.001,0.001,0.001,0.001,0.001,0.995
s20_off,99,,d(item_2),move_to,step,item_2,unknown,0.995,0.001,0.001,0.001,0.001,0.001,0.995
s20_off,100,,d(item_2),move_to,step,item_2,unknown,0.995,0.001,0.001,0.001,0.001,0.001,0.995
s20_off,101,,d(item_2),move_to,step,item_2,unknown,0.995,0.001,0.001,0.001,0.001,0.001,0.995
s20_off,102,,d(item_2),move_to,step,item_2,unknown,0.995,0.001,0.001,0.001,0.001,0.001,0.995
s20_off,103,,d(item_2),move_to,step,item_2,unknown,0.995,0.001,0.001,0.001,0.001,0.001,0.995
s20_off,104,,d(item_2),move_to,step,item_2,unknown,0.995,0.001,0.001,0.001,0.001,0.001,0.995
s20_off,105,,d(item_2),move_to,step,item_2,unknown,0.995,0.001,0.001,0.001,0.001,0.001,0.995
s20_off,106,,d(item_2),move_to,step,item_2,unknown,0.995,0.001,0.001,0.001,0.001,0.001,0.995
s20_off,107,,d(item_2),move_to,step,item_2,unknown,0.995,0.001,0.001,0.001,0.001,0.001,0.995
s20_off,108,,d(item_2),move_to,step,item_2,unknown,0.995,0.001,0.001,0.001,0.001,0.001,0.995
s20_off,109,,d(item_2),move_to,step,item_2,unknown,0.995,0.001,0.001,0.001,0.001,0.001,0.995
s20_off,110,,d(item_2),move_to,step,item_2,unknown,0.995,0.001,0.001,0.001,0.001,0.001,0.995
s20_off,111,,d(item_2),move_to,step,item_2,unknown,0.995,0.001,0.001,0.001,0.001,0.001,0.995
s20_off,112,,d(item_2),move_to,step,item_2,unknown,0.995,0.001,0.001,0.001,0.001,0.001,0.995
s20_off,113,,d(item_2),move_to,step,item_2,unknown,0.995,0.001,0.001,0.001,0.001,0.001,0.995
s20_off,114,,d(item_2),move_to,step,item_2,unknown,0.995,0.001,0.001,0.001,0.001,0.001,0.995
s20_off,115,,d(item_2),move_to,step,item_2,unknown,0.995,0.001,0.001,0.001,0.001,0.001,0.995
s20_off,116,,d(item_2),move_to,step,item_2,unknown,0.995,0.001,0.001,0.001,0.001,0.001,0.995
s20_off,117,,d(item_2),move_to,step,item_2,unknown,0.995,0.001,0.001,0.001,0.001,0.001,0.995
s20_off,118,,d(item_2),move_to,step,item_2,unknown,0.995,0.001,0.001,0.001,0.001,0.001,0.995
s20_off,119,,d(item_2),move_to,step,item_2,unknown,0.995,0.001,0.001,0.001,0.001,0.001,0.995
s20_off,120,,d(item_2),move_to,step,item_2,unknown,0.995,0.001,0.001,0.001,0.001,0.001,0.995
s20_off,121,,d(item_2),move_to,,item_2,unknown,0.995,0.001,0.001,0.001,0.001,0.001,0.995
s20_off,122,,d(item_2),place,release,,unknown,0.995,0.001,0.001,0.001,0.001,0.001,0.995
s20_off,123,,d(item_2),place,,,unknown,0.995,0.001,0.001,0.001,0.001,0.001,0.995
s20_off,124,,unknown,,,,unknown,0.995,0.001,0.001,0.001,0.001,0.001,0.995
s20_off,125,,unknown,,,,unknown,0.995,0.001,0.001,0.001,0.001,0.001,0.995
s20_off,126,,unknown,,,,unknown,0.995,0.001,0.001,0.001,0.001,0.001,0.995
s20_off,127,,unknown,,,,unknown,0.995,0.001,0.001,0.001,0.001,0.001,0.995
s20_off,128,,unknown,,,,unknown,0.995,0.001,0.001,0.001,0.001,0.001,0.995
s20_off,129,,unknown,,,,unknown,0.995,0.001,0.001,0.001,0.001,0.001,0.995
s20_off,130,,unknown,,,,unknown,0.995,0.001,0.001,0.001,0.001,0.001,0.995
s20_off,131,,unknown,,,,unknown,0.995,0.001,0.001,0.001,0.001,0.001,0.995
s20_off,132,,unknown,,,,unknown,0.995,0.001,0.001,0.001,0.001,0.001,0.995
s20_off,133,,unknown,,,,unknown,0.995,0.001,0.001,0.001,0.001,0.001,0.995
s20_off,134,,unknown,,,,unknown,0.995,0.001,0.001,0.001,0.001,0.001,0.995
s20_off,135,,unknown,,,,unknown,0.995,0.001,0.001,0.001,0.001,0.001,0.995
s20_off,136,,unknown,,,,unknown,0.995,0.001,0.001,0.001,0.001,0.001,0.995
s20_off,137,,unknown,,,,unknown,0.995,0.001,0.001,0.001,0.001,0.001,0.995
s20_off,138,,unknown,,,,unknown,0.995,0.001,0.001,0.001,0.001,0.001,0.995
s20_off,139,,unknown,,,,unknown,0.995,0.001,0.001,0.001,0.001,0.001,0.995
s20_off,140,,unknown,,,,unknown,0.995,0.001,0.001,0.001,0.001,0.001,0.995
s20_off,141,,unknown,,,,unknown,0.995,0.001,0.001,0.001,0.001,0.001,0.995
s20_off,142,,unknown,,,,unknown,0.995,0.001,0.001,0.001,0.001,0.001,0.995
s20_off,143,,unknown,,,,unknown,0.995,0.001,0.001,0.001,0.001,0.001,0.995
s20_off,144,,unknown,,,,unknown,0.995,0.001,0.001,0.001,0.001,0.001,0.995
s20_off,145,,unknown,,,,unknown,0.995,0.001,0.001,0.001,0.001,0.001,0.995
s20_off,146,,unknown,,,,unknown,0.995,0.001,0.001,0.001,0.001,0.001,0.995
s20_off,147,,unknown,,,,unknown,0.995,0.001,0.001,0.001,0.001,0.001,0.995
s20_off,148,,unknown,,,,unknown,0.995,0.001,0.001,0.001,0.001,0.001,0.995
s20_off,149,,unknown,,,,unknown,0.995,0.001,0.001,0.001,0.001,0.001,0.995
s20_off,150,,unknown,,,,unknown,0.995,0.001,0.001,0.001,0.001,0.001,0.995
s20_off,151,,unknown,,,,unknown,0.995,0.001,0.001,0.001,0.001,0.001,0.995
s20_off,152,,unknown,,,,unknown,0.995,0.001,0.001,0.001,0.001,0.001,0.995
s20_off,153,,unknown,,,,unknown,0.995,0.001,0.001,0.001,0.001,0.001,0.995
s20_off,154,,unknown,,,,unknown,0.995,0.001,0.001,0.001,0.001,0.001,0.995
s20_off,155,,unknown,,,,unknown,0.995,0.001,0.001,0.001,0.001,0.001,0.995
s20_off,156,,unknown,,,,unknown,0.995,0.001,0.001,0.001,0.001,0.001,0.995
s20_off,157,,unknown,,,,unknown,0.995,0.001,0.001,0.001,0.001,0.001,0.995
s20_off,158,,unknown,,,,unknown,0.995,0.001,0.001,0.001,0.001,0.001,0.995
s20_off,159,,unknown,,,,unknown,0.995,0.001,0.001,0.001,0.001,0.001,0.995
s20_off,160,,unknown,,,,unknown,0.995,0.001,0.001,0.001,0.001,0.001,0.995
s20_off,161,,unknown,,,,unknown,0.995,0.001,0.001,0.001,0.001,0.001,0.995
s20_off,162,,unknown,,,,unknown,0.995,0.001,0.001,0.001,0.001,0.001,0.995
s20_off,163,,unknown,,,,unknown,0.995,0.001,0.001,0.001,0.001,0.001,0.995
s20_off,164,,unknown,,,,unknown,0.995,0.001,0.001,0.001,0.001,0.001,0.995
s20_off,165,,unknown,,,,unknown,0.995,0.001,0.001,0.001,0.001,0.001,0.995
s20_off,166,,unknown,,,,unknown,0.995,0.001,0.001,0.001,0.001,0.001,0.995
s20_off,167,,unknown,,,,unknown,0.995,0.001,0.001,0.001,0.001,0.001,0.995
s20_off,168,,unknown,,,,unknown,0.995,0.001,0.001,0.001,0.001,0.001,0.995
s20_off,169,,unknown,,,,unknown,0.995,0.001,0.001,0.001,0.001,0.001,0.995
s20_off,170,,unknown,,,,unknown,0.995,0.001,0.001,0.001,0.001,0.001,0.995
s20_off,171,,unknown,,,,unknown,0.995,0.001,0.001,0.001,0.001,0.001,0.995
s20_off,172,,unknown,,,,unknown,0.995,0.001,0.001,0.001,0.001,0.001,0.995
s20_off,173,,unknown,,,,unknown,0.995,0.001,0.001,0.001,0.001,0.001,0.995
s20_off,174,,unknown,,,,unknown,0.995,0.001,0.001,0.001,0.001,0.001,0.995
s20_off,175,,unknown,,,,unknown,0.995,0.001,0.001,0.001,0.001,0.001,0.995
s20_off,176,,unknown,,,,unknown,0.995,0.001,0.001,0.001,0.001,0.001,0.995
s20_off,177,,unknown,,,,unknown,0.995,0.001,0.001,0.001,0.001,0.001,0.995
s20_off,178,,unknown,,,,unknown,0.995,0.001,0.001,0.001,0.001,0.001,0.995
s20_off,179,,unknown,,,,unknown,0.995,0.001,0.001,0.001,0.001,0.001,0.995
s20_off,180,,unknown,,,,unknown,0.995,0.001,0.001,0.001,0.001,0.001,0.995
s20_off,181,,unknown,,,,unknown,0.995,0.001,0.001,0.001,0.001,0.001,0.995
s20_off,182,,unknown,,,,unknown,0.995,0.001,0.001,0.001,0.001,0.001,0.995
s20_off,183,,unknown,,,,unknown,0.995,0.001,0.001,0.001,0.001,0.001,0.995
s20_off,184,,unknown,,,,unknown,0.995,0.001,0.001,0.001,0.001,0.001,0.995
s20_off,185,,unknown,,,,unknown,0.995,0.001,0.001,0.001,0.001,0.001,0.995
s20_off,186,,unknown,,,,unknown,0.995,0.001,0.001,0.001,0.001,0.001,0.995
s20_off,187,,unknown,,,,unknown,0.995,0.001,0.001,0.001,0.001,0.001,0.995
s20_off,188,,unknown,,,,unknown,0.995,0.001,0.001,0.001,0.001,0.001,0.995
s20_off,189,,unknown,,,,unknown,0.995,0.001,0.001,0.001,0.001,0.001,0.995
s20_off,190,,unknown,,,,unknown,0.995,0.001,0.001,0.001,0.001,0.001,0.995
s20_off,191,,unknown,,,,unknown,0.995,0.001,0.001,0.001,0.001,0.001,0.995
s20_off,192,,unknown,,,,unknown,0.995,0.001,0.001,0.001,0.001,0.001,0.995
s20_off,193,,unknown,,,,unknown,0.995,0.001,0.001,0.001,0.001,0.001,0.995
s20_off,194,,unknown,,,,unknown,0.995,0.001,0.001,0.001,0.001,0.001,0.995
s20_off,195,,unknown,,,,unknown,0.995,0.001,0.001,0.001,0.001,0.001,0.995
s20_off,196,,unknown,,,,unknown,0.995,0.001,0.001,0.001,0.001,0.001,0.995
s20_off,197,,unknown,,,,unknown,0.995,0.001,0.001,0.001,0.001,0.001,0.995
s20_off,198,,unknown,,,,unknown,0.995,0.001,0.001,0.001,0.001,0.001,0.995
s20_off,199,,unknown,,,,unknown,0.995,0.001,0.001,0.001,0.001,0.001,0.995
s20_on,0,,d(item_3),move_to,step,,d(item_3),0.5082,0.438,0.5082,0.001,0.001,0.001,0.0508
s20_on,1,,d(item_3),move_to,step,,d(item_3),0.5469,0.3954,0.5469,0.001,0.001,0.001,0.0547
s20_on,2,,d(item_3),move_to,step,,d(item_3),0.5899,0.3481,0.5899,0.001,0.001,0.001,0.059
s20_on,3,,d(item_3),move_to,step,,d(item_3),0.6355,0.298,0.6355,0.001,0.001,0.001,0.0635
s20_on,4,,d(item_3),move_to,step,,d(item_3),0.6813,0.2476,0.6813,0.001,0.001,0.001,0.0681
s20_on,5,,d(item_3),move_to,step,,d(item_3),0.7249,0.1996,0.7249,0.001,0.001,0.001,0.0725
s20_on,6,,d(item_3),move_to,step,,d(item_3),0.7642,0.1564,0.7642,0.001,0.001,0.001,0.0764
s20_on,7,,d(item_3),move_to,step,,d(item_3),0.7978,0.1194,0.7978,0.001,0.001,0.001,0.0798
s20_on,8,,d(item_3),move_to,step,,d(item_3),0.8253,0.0892,0.8253,0.001,0.001,0.001,0.0825
s20_on,9,,d(item_3),move_to,step,,d(item_3),0.847,0.0653,0.847,0.001,0.001,0.001,0.0847
s20_on,10,,d(item_3),move_to,step,,d(item_3),0.8635,0.0471,0.8635,0.001,0.001,0.001,0.0864
s20_on,11,,d(item_3),move_to,step,,d(item_3),0.8758,0.0336,0.8758,0.001,0.001,0.001,0.0876
s20_on,12,,d(item_3),move_to,step,,d(item_3),0.8848,0.0237,0.8848,0.001,0.001,0.001,0.0885
s20_on,13,,d(item_3),move_to,step,,d(item_3),0.8913,0.0166,0.8913,0.001,0.001,0.001,0.0891
s20_on,14,,d(item_3),move_to,step,,d(item_3),0.8959,0.0116,0.8959,0.001,0.001,0.001,0.0896
s20_on,15,,d(item_3),move_to,step,,d(item_3),0.8991,0.008,0.8991,0.001,0.001,0.001,0.0899
s20_on,16,,d(item_3),move_to,step,,d(item_3),0.9013,0.0055,0.9013,0.001,0.001,0.001,0.0901
s20_on,17,,d(item_3),move_to,step,,d(item_3),0.9029,0.0038,0.9029,0.001,0.001,0.001,0.0903
s20_on,18,,d(item_3),move_to,step,,d(item_3),0.904,0.0026,0.904,0.001,0.001,0.001,0.0904
s20_on,19,,d(item_3),move_to,step,,d(item_3),0.9047,0.0018,0.9047,0.001,0.001,0.001,0.0905
s20_on,20,,d(item_3),move_to,step,,d(item_3),0.9053,0.0012,0.9053,0.001,0.001,0.001,0.0905
s20_on,21,,d(item_3),move_to,,,d(item_3),0.9053,0.0012,0.9053,0.001,0.001,0.001,0.0905
s20_on,22,,d(item_3),pick_up,grasp,item_3,d(item_3),0.9053,0.0012,0.9053,0.001,0.001,0.001,0.0905
s20_on,23,,d(item_3),pick_up,,item_3,d(item_3),0.9053,0.0012,0.9053,0.001,0.001,0.001,0.0905
s20_on,24,,d(item_3),move_to,step,item_3,d(item_3),0.9053,0.0012,0.9053,0.001,0.001,0.001,0.0905
s20_on,25,,d(item_3),move_to,step,item_3,d(item_3),0.9055,0.001,0.9055,0.001,0.001,0.001,0.0905
s20_on,26,,d(item_3),move_to,step,item_3,d(item_3),0.9055,0.001,0.9055,0.001,0.001,0.001,0.0905
s20_on,27,,d(item_3),move_to,step,item_3,d(item_3),0.9055,0.001,0.9055,0.001,0.001,0.001,0.0905
s20_on,28,,d(item_3),move_to,step,item_3,d(item_3),0.9055,0.001,0.9055,0.001,0.001,0.001,0.0905
s20_on,29,,d(item_3),move_to,step,item_3,d(item_3),0.9055,0.001,0.9055,0.001,0.001,0.001,0.0905
s20_on,30,,d(item_3),move_to,step,item_3,d(item_3),0.9055,0.001,0.9055,0.001,0.001,0.001,0.0905
s20_on,31,,d(item_3),move_to,step,item_3,d(item_3),0.9055,0.001,0.9055,0.001,0.001,0.001,0.0905
s20_on,32,,d(item_3),move_to,step,item_3,d(item_3),0.9055,0.001,0.9055,0.001,0.001,0.001,0.0905
s20_on,33,,d(item_3),move_to,step,item_3,d(item_3),0.9055,0.001,0.9055,0.001,0.001,0.001,0.0905
s20_on,34,,d(item_3),move_to,step,item_3,d(item_3),0.9055,0.001,0.9055,0.001,0.001,0.001,0.0905
s20_on,35,,d(item_3),move_to,step,item_3,d(item_3),0.9055,0.001,0.9055,0.001,0.001,0.001,0.0905
s20_on,36,,d(item_3),move_to,step,item_3,d(item_3),0.9055,0.001,0.9055,0.001,0.001,0.001,0.0905
s20_on,37,,d(item_3),move_to,step,item_3,d(item_3),0.9055,0.001,0.9055,0.001,0.001,0.001,0.0905
s20_on,38,,d(item_3),move_to,step,item_3,d(item_3),0.9055,0.001,0.9055,0.001,0.001,0.001,0.0905
s20_on,39,,d(item_3),move_to,step,item_3,d(item_3),0.9055,0.001,0.9055,0.001,0.001,0.001,0.0905
s20_on,40,,d(item_3),move_to,step,item_3,d(item_3),0.9055,0.001,0.9055,0.001,0.001,0.001,0.0905
s20_on,41,,d(item_3),move_to,step,item_3,d(item_3),0.9055,0.001,0.9055,0.001,0.001,0.001,0.0905
s20_on,42,,d(item_3),move_to,step,item_3,d(item_3),0.9055,0.001,0.9055,0.001,0.001,0.001,0.0905
s20_on,43,,d(item_3),move_to,step,item_3,d(item_3),0.9055,0.001,0.9055,0.001,0.001,0.001,0.0905
s20_on,44,,d(item_3),move_to,step,item_3,d(item_3),0.9055,0.001,0.9055,0.001,0.001,0.001,0.0905
s20_on,45,,d(item_3),move_to,step,item_3,d(item_3),0.9055,0.001,0.9055,0.001,0.001,0.001,0.0905
s20_on,46,,d(item_3),move_to,step,item_3,d(item_3),0.9055,0.001,0.9055,0.001,0.001,0.001,0.0905
s20_on,47,,d(item_3),move_to,step,item_3,d(item_3),0.9055,0.001,0.9055,0.001,0.001,0.001,0.0905
s20_on,48,,d(item_3),move_to,step,item_3,d(item_3),0.9055,0.001,0.9055,0.001,0.001,0.001,0.0905
s20_on,49,,d(item_3),move_to,step,item_3,d(item_3),0.9055,0.001,0.9055,0.001,0.001,0.001,0.0905
s20_on,50,,d(item_3),move_to,step,item_3,d(item_3),0.9055,0.001,0.9055,0.001,0.001,0.001,0.0905
s20_on,51,,d(item_3),move_to,step,item_3,d(item_3),0.9055,0.001,0.9055,0.001,0.001,0.001,0.0905
s20_on,52,,d(item_3),move_to,step,item_3,d(item_3),0.9055,0.001,0.9055,0.001,0.001,0.001,0.0905
s20_on,53,,d(item_3),move_to,,item_3,d(item_3),0.9055,0.001,0.9055,0.001,0.001,0.001,0.0905
s20_on,54,,d(item_3),place,release,,unknown,0.995,0.001,0.001,0.001,0.001,0.001,0.995
s20_on,55,,d(item_3),place,,,unknown,0.995,0.001,0.001,0.001,0.001,0.001,0.995
s20_on,56,,d(item_2),,,,unknown,0.995,0.001,0.001,0.001,0.001,0.001,0.995
s20_on,57,,d(item_2),move_to,step,,unknown,0.995,0.001,0.001,0.001,0.001,0.001,0.995
s20_on,58,,d(item_2),move_to,step,,unknown,0.995,0.001,0.001,0.001,0.001,0.001,0.995
s20_on,59,,d(item_2),move_to,step,,unknown,0.995,0.001,0.001,0.001,0.001,0.001,0.995
s20_on,60,,d(item_2),move_to,step,,unknown,0.995,0.001,0.001,0.001,0.001,0.001,0.995
s20_on,61,,d(item_2),move_to,step,,unknown,0.995,0.001,0.001,0.001,0.001,0.001,0.995
s20_on,62,,d(item_2),move_to,step,,unknown,0.995,0.001,0.001,0.001,0.001,0.001,0.995
s20_on,63,,d(item_2),move_to,step,,unknown,0.995,0.001,0.001,0.001,0.001,0.001,0.995
s20_on,64,,d(item_2),move_to,step,,unknown,0.995,0.001,0.001,0.001,0.001,0.001,0.995
s20_on,65,,d(item_2),move_to,step,,unknown,0.995,0.001,0.001,0.001,0.001,0.001,0.995
s20_on,66,,d(item_2),move_to,step,,unknown,0.995,0.001,0.001,0.001,0.001,0.001,0.995
s20_on,67,,d(item_2),move_to,step,,unknown,0.995,0.001,0.001,0.001,0.001,0.001,0.995
s20_on,68,,d(item_2),move_to,step,,unknown,0.995,0.001,0.001,0.001,0.001,0.001,0.995
s20_on,69,,d(item_2),move_to,step,,unknown,0.995,0.001,0.001,0.001,0.001,0.001,0.995
s20_on,70,,d(item_2),move_to,step,,unknown,0.995,0.001,0.001,0.001,0.001,0.001,0.995
s20_on,71,,d(item_2),move_to,step,,unknown,0.995,0.001,0.001,0.001,0.001,0.001,0.995
s20_on,72,,d(item_2),move_to,step,,unknown,0.995,0.001,0.001,0.001,0.001,0.001,0.995
s20_on,73,,d(item_2),move_to,step,,unknown,0.995,0.001,0.001,0.001,0.001,0.001,0.995
s20_on,74,,d(item_2),move_to,step,,unknown,0.995,0.001,0.001,0.001,0.001,0.001,0.995
s20_on,75,,d(item_2),move_to,step,,unknown,0.995,0.001,0.001,0.001,0.001,0.001,0.995
s20_on,76,,d(item_2),move_to,step,,unknown,0.995,0.001,0.001,0.001,0.001,0.001,0.995
s20_on,77,,d(item_2),move_to,step,,unknown,0.995,0.001,0.001,0.001,0.001,0.001,0.995
s20_on,78,,d(item_2),move_to,step,,unknown,0.995,0.001,0.001,0.001,0.001,0.001,0.995
s20_on,79,,d(item_2),move_to,step,,unknown,0.995,0.001,0.001,0.001,0.001,0.001,0.995
s20_on,80,,d(item_2),move_to,step,,unknown,0.995,0.001,0.001,0.001,0.001,0.001,0.995
s20_on,81,,d(item_2),move_to,step,,unknown,0.995,0.001,0.001,0.001,0.001,0.001,0.995
s20_on,82,,d(item_2),move_to,step,,unknown,0.995,0.001,0.001,0.001,0.001,0.001,0.995
s20_on,83,,d(item_2),move_to,step,,unknown,0.995,0.001,0.001,0.001,0.001,0.001,0.995
s20_on,84,,d(item_2),move_to,step,,unknown,0.995,0.001,0.001,0.001,0.001,0.001,0.995
s20_on,85,,d(item_2),move_to,step,,unknown,0.995,0.001,0.001,0.001,0.001,0.001,0.995
s20_on,86,,d(item_2),move_to,step,,unknown,0.995,0.001,0.001,0.001,0.001,0.001,0.995
s20_on,87,,d(item_2),move_to,step,,unknown,0.995,0.001,0.001,0.001,0.001,0.001,0.995
s20_on,88,,d(item_2),move_to,,,unknown,0.995,0.001,0.001,0.001,0.001,0.001,0.995
s20_on,89,,d(item_2),pick_up,grasp,item_2,unknown,0.995,0.001,0.001,0.001,0.001,0.001,0.995
s20_on,90,,d(item_2),pick_up,,item_2,unknown,0.995,0.001,0.001,0.001,0.001,0.001,0.995
s20_on,91,,d(item_2),move_to,step,item_2,unknown,0.995,0.001,0.001,0.001,0.001,0.001,0.995
s20_on,92,,d(item_2),move_to,step,item_2,unknown,0.995,0.001,0.001,0.001,0.001,0.001,0.995
s20_on,93,,d(item_2),move_to,step,item_2,unknown,0.995,0.001,0.001,0.001,0.001,0.001,0.995
s20_on,94,,d(item_2),move_to,step,item_2,unknown,0.995,0.001,0.001,0.001,0.001,0.001,0.995
s20_on,95,,d(item_2),move_to,step,item_2,unknown,0.995,0.001,0.001,0.001,0.001,0.001,0.995
s20_on,96,,d(item_2),move_to,step,item_2,unknown,0.995,0.001,0.001,0.001,0.001,0.001,0.995
s20_on,97,,d(item_2),move_to,step,item_2,unknown,0.995,0.001,0.001,0.001,0.001,0.001,0.995
s20_on,98,,d(item_2),move_to,step,item_2,unknown,0.995,0.001,0.001,0.001,0.001,0.001,0.995
s20_on,99,,d(item_2),move_to,step,item_2,unknown,0.995,0.001,0.001,0.001,0.001,0.001,0.995
s20_on,100,,d(item_2),move_to,step,item_2,unknown,0.995,0.001,0.001,0.001,0.001,0.001,0.995
s20_on,101,,d(item_2),move_to,step,item_2,unknown,0.995,0.001,0.001,0.001,0.001,0.001,0.995
s20_on,102,,d(item_2),move_to,step,item_2,unknown,0.995,0.001,0.001,0.001,0.001,0.001,0.995
s20_on,103,,d(item_2),move_to,step,item_2,unknown,0.995,0.001,0.001,0.001,0.001,0.001,0.995
s20_on,104,,d(item_2),move_to,step,item_2,unknown,0.995,0.001,0.001,0.001,0.001,0.001,0.995
s20_on,105,,d(item_2),move_to,step,item_2,unknown,0.995,0.001,0.001,0.001,0.001,0.001,0.995
s20_on,106,,d(item_2),move_to,step,item_2,unknown,0.995,0.001,0.001,0.001,0.001,0.001,0.995
s20_on,107,,d(item_2),move_to,step,item_2,unknown,0.995,0.001,0.001,0.001,0.001,0.001,0.995
s20_on,108,,d(item_2),move_to,step,item_2,unknown,0.995,0.001,0.001,0.001,0.001,0.001,0.995
s20_on,109,,d(item_2),move_to,step,item_2,unknown,0.995,0.001,0.001,0.001,0.001,0.001,0.995
s20_on,110,,d(item_2),move_to,step,item_2,unknown,0.995,0.001,0.001,0.001,0.001,0.001,0.995
s20_on,111,,d(item_2),move_to,step,item_2,unknown,0.995,0.001,0.001,0.001,0.001,0.001,0.995
s20_on,112,,d(item_2),move_to,step,item_2,unknown,0.995,0.001,0.001,0.001,0.001,0.001,0.995
s20_on,113,,d(item_2),move_to,step,item_2,unknown,0.995,0.001,0.001,0.001,0.001,0.001,0.995
s20_on,114,,d(item_2),move_to,step,item_2,unknown,0.995,0.001,0.001,0.001,0.001,0.001,0.995
s20_on,115,,d(item_2),move_to,step,item_2,unknown,0.995,0.001,0.001,0.001,0.001,0.001,0.995
s20_on,116,,d(item_2),move_to,step,item_2,unknown,0.995,0.001,0.001,0.001,0.001,0.001,0.995
s20_on,117,,d(item_2),move_to,step,item_2,unknown,0.995,0.001,0.001,0.001,0.001,0.001,0.995
s20_on,118,,d(item_2),move_to,step,item_2,unknown,0.995,0.001,0.001,0.001,0.001,0.001,0.995
s20_on,119,,d(item_2),move_to,step,item_2,unknown,0.995,0.001,0.001,0.001,0.001,0.001,0.995
s20_on,120,,d(item_2),move_to,step,item_2,unknown,0.995,0.001,0.001,0.001,0.001,0.001,0.995
s20_on,121,,d(item_2),move_to,,item_2,unknown,0.995,0.001,0.001,0.001,0.001,0.001,0.995
s20_on,122,,d(item_2),place,release,,unknown,0.995,0.001,0.001,0.001,0.001,0.001,0.995
s20_on,123,,d(item_2),place,,,unknown,0.995,0.001,0.001,0.001,0.001,0.001,0.995
s20_on,124,,unknown,,,,unknown,0.995,0.001,0.001,0.001,0.001,0.001,0.995
s20_on,125,,unknown,,,,unknown,0.995,0.001,0.001,0.001,0.001,0.001,0.995
s20_on,126,,unknown,,,,unknown,0.995,0.001,0.001,0.001,0.001,0.001,0.995
s20_on,127,,unknown,,,,unknown,0.995,0.001,0.001,0.001,0.001,0.001,0.995
s20_on,128,,unknown,,,,unknown,0.995,0.001,0.001,0.001,0.001,0.001,0.995
s20_on,129,,unknown,,,,unknown,0.995,0.001,0.001,0.001,0.001,0.001,0.995
s20_on,130,,unknown,,,,unknown,0.995,0.001,0.001,0.001,0.001,0.001,0.995
s20_on,131,,unknown,,,,unknown,0.995,0.001,0.001,0.001,0.001,0.001,0.995
s20_on,132,,unknown,,,,unknown,0.995,0.001,0.001,0.001,0.001,0.001,0.995
s20_on,133,,unknown,,,,unknown,0.995,0.001,0.001,0.001,0.001,0.001,0.995
s20_on,134,,unknown,,,,unknown,0.995,0.001,0.001,0.001,0.001,0.001,0.995
s20_on,135,,unknown,,,,unknown,0.995,0.001,0.001,0.001,0.001,0.001,0.995
s20_on,136,,unknown,,,,unknown,0.995,0.001,0.001,0.001,0.001,0.001,0.995
s20_on,137,,unknown,,,,unknown,0.995,0.001,0.001,0.001,0.001,0.001,0.995
s20_on,138,,unknown,,,,unknown,0.995,0.001,0.001,0.001,0.001,0.001,0.995
s20_on,139,,unknown,,,,unknown,0.995,0.001,0.001,0.001,0.001,0.001,0.995
s20_on,140,,unknown,,,,unknown,0.995,0.001,0.001,0.001,0.001,0.001,0.995
s20_on,141,,unknown,,,,unknown,0.995,0.001,0.001,0.001,0.001,0.001,0.995
s20_on,142,,unknown,,,,unknown,0.995,0.001,0.001,0.001,0.001,0.001,0.995
s20_on,143,,unknown,,,,unknown,0.995,0.001,0.001,0.001,0.001,0.001,0.995
s20_on,144,,unknown,,,,unknown,0.995,0.001,0.001,0.001,0.001,0.001,0.995
s20_on,145,,unknown,,,,unknown,0.995,0.001,0.001,0.001,0.001,0.001,0.995
s20_on,146,,unknown,,,,unknown,0.995,0.001,0.001,0.001,0.001,0.001,0.995
s20_on,147,,unknown,,,,unknown,0.995,0.001,0.001,0.001,0.001,0.001,0.995
s20_on,148,,unknown,,,,unknown,0.995,0.001,0.001,0.001,0.001,0.001,0.995
s20_on,149,,unknown,,,,unknown,0.995,0.001,0.001,0.001,0.001,0.001,0.995
s20_on,150,,unknown,,,,unknown,0.995,0.001,0.001,0.001,0.001,0.001,0.995
s20_on,151,,unknown,,,,unknown,0.995,0.001,0.001,0.001,0.001,0.001,0.995
s20_on,152,,unknown,,,,unknown,0.995,0.001,0.001,0.001,0.001,0.001,0.995
s20_on,153,,unknown,,,,unknown,0.995,0.001,0.001,0.001,0.001,0.001,0.995
s20_on,154,,unknown,,,,unknown,0.995,0.001,0.001,0.001,0.001,0.001,0.995
s20_on,155,,unknown,,,,unknown,0.995,0.001,0.001,0.001,0.001,0.001,0.995
s20_on,156,,unknown,,,,unknown,0.995,0.001,0.001,0.001,0.001,0.001,0.995
s20_on,157,,unknown,,,,unknown,0.995,0.001,0.001,0.001,0.001,0.001,0.995
s20_on,158,,unknown,,,,unknown,0.995,0.001,0.001,0.001,0.001,0.001,0.995
s20_on,159,,unknown,,,,unknown,0.995,0.001,0.001,0.001,0.001,0.001,0.995
s20_on,160,,unknown,,,,unknown,0.995,0.001,0.001,0.001,0.001,0.001,0.995
s20_on,161,,unknown,,,,unknown,0.995,0.001,0.001,0.001,0.001,0.001,0.995
s20_on,162,,unknown,,,,unknown,0.995,0.001,0.001,0.001,0.001,0.001,0.995
s20_on,163,,unknown,,,,unknown,0.995,0.001,0.001,0.001,0.001,0.001,0.995
s20_on,164,,unknown,,,,unknown,0.995,0.001,0.001,0.001,0.001,0.001,0.995
s20_on,165,,unknown,,,,unknown,0.995,0.001,0.001,0.001,0.001,0.001,0.995
s20_on,166,,unknown,,,,unknown,0.995,0.001,0.001,0.001,0.001,0.001,0.995
s20_on,167,,unknown,,,,unknown,0.995,0.001,0.001,0.001,0.001,0.001,0.995
s20_on,168,,unknown,,,,unknown,0.995,0.001,0.001,0.001,0.001,0.001,0.995
s20_on,169,,unknown,,,,unknown,0.995,0.001,0.001,0.001,0.001,0.001,0.995
s20_on,170,,unknown,,,,unknown,0.995,0.001,0.001,0.001,0.001,0.001,0.995
s20_on,171,,unknown,,,,unknown,0.995,0.001,0.001,0.001,0.001,0.001,0.995
s20_on,172,,unknown,,,,unknown,0.995,0.001,0.001,0.001,0.001,0.001,0.995
s20_on,173,,unknown,,,,unknown,0.995,0.001,0.001,0.001,0.001,0.001,0.995
s20_on,174,,unknown,,,,unknown,0.995,0.001,0.001,0.001,0.001,0.001,0.995
s20_on,175,,unknown,,,,unknown,0.995,0.001,0.001,0.001,0.001,0.001,0.995
s20_on,176,,unknown,,,,unknown,0.995,0.001,0.001,0.001,0.001,0.001,0.995
s20_on,177,,unknown,,,,unknown,0.995,0.001,0.001,0.001,0.001,0.001,0.995
s20_on,178,,unknown,,,,unknown,0.995,0.001,0.001,0.001,0.001,0.001,0.995
s20_on,179,,unknown,,,,unknown,0.995,0.001,0.001,0.001,0.001,0.001,0.995
s20_on,180,,unknown,,,,unknown,0.995,0.001,0.001,0.001,0.001,0.001,0.995
s20_on,181,,unknown,,,,unknown,0.995,0.001,0.001,0.001,0.001,0.001,0.995
s20_on,182,,unknown,,,,unknown,0.995,0.001,0.001,0.001,0.001,0.001,0.995
s20_on,183,,unknown,,,,unknown,0.995,0.001,0.001,0.001,0.001,0.001,0.995
s20_on,184,,unknown,,,,unknown,0.995,0.001,0.001,0.001,0.001,0.001,0.995
s20_on,185,,unknown,,,,unknown,0.995,0.001,0.001,0.001,0.001,0.001,0.995
s20_on,186,,unknown,,,,unknown,0.995,0.001,0.001,0.001,0.001,0.001,0.995
s20_on,187,,unknown,,,,unknown,0.995,0.001,0.001,0.001,0.001,0.001,0.995
s20_on,188,,unknown,,,,unknown,0.995,0.001,0.001,0.001,0.001,0.001,0.995
s20_on,189,,unknown,,,,unknown,0.995,0.001,0.001,0.001,0.001,0.001,0.995
s20_on,190,,unknown,,,,unknown,0.995,0.001,0.001,0.001,0.001,0.001,0.995
s20_on,191,,unknown,,,,unknown,0.995,0.001,0.001,0.001,0.001,0.001,0.995
s20_on,192,,unknown,,,,unknown,0.995,0.001,0.001,0.001,0.001,0.001,0.995
s20_on,193,,unknown,,,,unknown,0.995,0.001,0.001,0.001,0.001,0.001,0.995
s20_on,194,,unknown,,,,unknown,0.995,0.001,0.001,0.001,0.001,0.001,0.995
s20_on,195,,unknown,,,,unknown,0.995,0.001,0.001,0.001,0.001,0.001,0.995
s20_on,196,,unknown,,,,unknown,0.995,0.001,0.001,0.001,0.001,0.001,0.995
s20_on,197,,unknown,,,,unknown,0.995,0.001,0.001,0.001,0.001,0.001,0.995
s20_on,198,,unknown,,,,unknown,0.995,0.001,0.001,0.001,0.001,0.001,0.995
s20_on,199,,unknown,,,,unknown,0.995,0.001,0.001,0.001,0.001,0.001,0.995
s30_off,0,,d(item_3),move_to,step,,d(item_3),0.2008,0.1936,0.2008,0.1979,0.1922,0.1955,0.0201
s30_off,1,,d(item_3),move_to,step,,d(item_3),0.206,0.1909,0.206,0.2,0.1878,0.1948,0.0206
s30_off,2,,d(item_3),move_to,step,,d(item_3),0.2118,0.1879,0.2118,0.2022,0.1827,0.1942,0.0212
s30_off,3,,d(item_3),move_to,step,,d(item_3),0.2183,0.1847,0.2183,0.2047,0.1769,0.1935,0.0218
s30_off,4,,d(item_3),move_to,step,,d(item_3),0.2257,0.1811,0.2257,0.2075,0.1703,0.1928,0.0226
s30_off,5,,d(item_3),move_to,step,,d(item_3),0.2339,0.1772,0.2339,0.2105,0.1629,0.1921,0.0234
s30_off,6,,d(item_3),move_to,step,,d(item_3),0.2431,0.1729,0.2431,0.2137,0.1547,0.1913,0.0243
s30_off,7,,d(item_3),move_to,step,,d(item_3),0.2534,0.1682,0.2534,0.2172,0.1456,0.1903,0.0253
s30_off,8,,d(item_3),move_to,step,,d(item_3),0.2649,0.163,0.2649,0.2207,0.1358,0.1891,0.0265
s30_off,9,,d(item_3),move_to,step,,d(item_3),0.2778,0.1572,0.2778,0.2243,0.1253,0.1876,0.0278
s30_off,10,,d(item_3),move_to,step,,d(item_3),0.292,0.1509,0.292,0.2279,0.1142,0.1857,0.0292
s30_off,11,,d(item_3),move_to,step,,d(item_3),0.3078,0.144,0.3078,0.2312,0.1029,0.1834,0.0308
s30_off,12,,d(item_3),move_to,step,,d(item_3),0.3251,0.1365,0.3251,0.2341,0.0914,0.1804,0.0325
s30_off,13,,d(item_3),move_to,step,,d(item_3),0.344,0.1283,0.344,0.2364,0.0801,0.1767,0.0344
s30_off,14,,d(item_3),move_to,step,,d(item_3),0.3645,0.1197,0.3645,0.2378,0.0693,0.1722,0.0365
s30_off,15,,d(item_3),move_to,step,,d(item_3),0.3868,0.1106,0.3868,0.238,0.059,0.1669,0.0387
s30_off,16,,d(item_3),move_to,step,,d(item_3),0.4107,0.1013,0.4107,0.2368,0.0497,0.1606,0.0411
s30_off,17,,d(item_3),move_to,step,,d(item_3),0.4363,0.0917,0.4363,0.2338,0.0412,0.1534,0.0436
s30_off,18,,d(item_3),move_to,step,,d(item_3),0.4635,0.0822,0.4635,0.2289,0.0338,0.1452,0.0463
s30_off,19,,d(item_3),move_to,step,,d(item_3),0.4923,0.0729,0.4923,0.2219,0.0273,0.1363,0.0492
s30_off,20,,d(item_3),move_to,step,,d(item_3),0.5226,0.0639,0.5226,0.2127,0.0219,0.1267,0.0523
s30_off,21,,d(item_3),move_to,step,,d(item_3),0.5542,0.0553,0.5542,0.2013,0.0173,0.1165,0.0554
s30_off,22,,d(item_3),move_to,step,,d(item_3),0.5867,0.0473,0.5867,0.1878,0.0136,0.1059,0.0587
s30_off,23,,d(item_3),move_to,step,,d(item_3),0.6199,0.04,0.6199,0.1725,0.0105,0.0951,0.062
s30_off,24,,d(item_3),move_to,step,,d(item_3),0.6532,0.0334,0.6532,0.1557,0.0081,0.0844,0.0653
s30_off,25,,d(item_3),move_to,step,,d(item_3),0.6859,0.0275,0.6859,0.138,0.0061,0.0738,0.0686
s30_off,26,,d(item_3),move_to,step,,d(item_3),0.7175,0.0224,0.7175,0.12,0.0046,0.0637,0.0717
s30_off,27,,d(item_3),move_to,step,,d(item_3),0.7472,0.018,0.7472,0.1024,0.0034,0.0542,0.0747
s30_off,28,,d(item_3),move_to,step,,d(item_3),0.7746,0.0143,0.7746,0.0856,0.0025,0.0455,0.0775
s30_off,29,,d(item_3),move_to,step,,d(item_3),0.7992,0.0112,0.7992,0.0702,0.0019,0.0376,0.0799
s30_off,30,,d(item_3),move_to,step,,d(item_3),0.8207,0.0087,0.8207,0.0565,0.0013,0.0307,0.0821
s30_off,31,,d(item_3),move_to,step,,d(item_3),0.8391,0.0066,0.8391,0.0447,0.001,0.0247,0.0839
s30_off,32,,d(item_3),move_to,step,,d(item_3),0.8542,0.005,0.8542,0.0348,0.001,0.0196,0.0854
s30_off,33,,d(item_3),move_to,step,,d(item_3),0.8665,0.0038,0.8665,0.0267,0.001,0.0154,0.0867
s30_off,34,,d(item_3),move_to,step,,d(item_3),0.8764,0.0028,0.8764,0.0202,0.001,0.012,0.0876
s30_off,35,,d(item_3),move_to,step,,d(item_3),0.8842,0.0021,0.8842,0.0151,0.001,0.0092,0.0884
s30_off,36,,d(item_3),move_to,step,,d(item_3),0.8903,0.0015,0.8903,0.0111,0.001,0.007,0.089
s30_off,37,,d(item_3),move_to,step,,d(item_3),0.8949,0.0011,0.8949,0.0082,0.001,0.0053,0.0895
s30_off,38,,d(item_3),move_to,,,d(item_3),0.8949,0.0011,0.8949,0.0082,0.001,0.0053,0.0895
s30_off,39,,d(item_3),pick_up,grasp,item_3,d(item_3),0.8949,0.0011,0.8949,0.0082,0.001,0.0053,0.0895
s30_off,40,,d(item_3),pick_up,,item_3,d(item_3),0.8949,0.0011,0.8949,0.0082,0.001,0.0053,0.0895
s30_off,41,,d(item_3),move_to,step,item_3,d(item_3),0.8949,0.0011,0.8949,0.0082,0.001,0.0053,0.0895
s30_off,42,,d(item_3),move_to,step,item_3,d(item_3),0.8974,0.001,0.8974,0.0066,0.001,0.0043,0.0897
s30_off,43,,d(item_3),move_to,step,item_3,d(item_3),0.8996,0.001,0.8996,0.0051,0.001,0.0033,0.09
s30_off,44,,d(item_3),move_to,step,item_3,d(item_3),0.9015,0.001,0.9015,0.0038,0.001,0.0025,0.0902
s30_off,45,,d(item_3),move_to,step,item_3,d(item_3),0.9031,0.001,0.9031,0.0028,0.001,0.0018,0.0903
s30_off,46,,d(item_3),move_to,step,item_3,d(item_3),0.9043,0.001,0.9043,0.002,0.001,0.0013,0.0904
s30_off,47,,d(item_3),move_to,step,item_3,d(item_3),0.9051,0.001,0.9051,0.0014,0.001,0.001,0.0905
s30_off,48,,d(item_3),move_to,step,item_3,d(item_3),0.9055,0.001,0.9055,0.001,0.001,0.001,0.0905
s30_off,49,,d(item_3),move_to,step,item_3,d(item_3),0.9055,0.001,0.9055,0.001,0.001,0.001,0.0905
s30_off,50,,d(item_3),move_to,step,item_3,d(item_3),0.9055,0.001,0.9055,0.001,0.001,0.001,0.0905
s30_off,51,,d(item_3),move_to,step,item_3,d(item_3),0.9055,0.001,0.9055,0.001,0.001,0.001,0.0905
s30_off,52,,d(item_3),move_to,step,item_3,d(item_3),0.9055,0.001,0.9055,0.001,0.001,0.001,0.0905
s30_off,53,,d(item_3),move_to,step,item_3,d(item_3),0.9055,0.001,0.9055,0.001,0.001,0.001,0.0905
s30_off,54,,d(item_3),move_to,step,item_3,d(item_3),0.9055,0.001,0.9055,0.001,0.001,0.001,0.0905
s30_off,55,,d(item_3),move_to,step,item_3,d(item_3),0.9055,0.001,0.9055,0.001,0.001,0.001,0.0905
s30_off,56,,d(item_3),move_to,step,item_3,d(item_3),0.9055,0.001,0.9055,0.001,0.001,0.001,0.0905
s30_off,57,,d(item_3),move_to,step,item_3,d(item_3),0.9055,0.001,0.9055,0.001,0.001,0.001,0.0905
s30_off,58,,d(item_3),move_to,step,item_3,d(item_3),0.9055,0.001,0.9055,0.001,0.001,0.001,0.0905
s30_off,59,,d(item_3),move_to,step,item_3,d(item_3),0.9055,0.001,0.9055,0.001,0.001,0.001,0.0905
s30_off,60,,d(item_3),move_to,step,item_3,d(item_3),0.9055,0.001,0.9055,0.001,0.001,0.001,0.0905
s30_off,61,,d(item_3),move_to,step,item_3,d(item_3),0.9055,0.001,0.9055,0.001,0.001,0.001,0.0905
s30_off,62,,d(item_3),move_to,step,item_3,d(item_3),0.9055,0.001,0.9055,0.001,0.001,0.001,0.0905
s30_off,63,,d(item_3),move_to,step,item_3,d(item_3),0.9055,0.001,0.9055,0.001,0.001,0.001,0.0905
s30_off,64,,d(item_3),move_to,step,item_3,d(item_3),0.9055,0.001,0.9055,0.001,0.001,0.001,0.0905
s30_off,65,,d(item_3),move_to,step,item_3,d(item_3),0.9055,0.001,0.9055,0.001,0.001,0.001,0.0905
s30_off,66,,d(item_3),move_to,step,item_3,d(item_3),0.9055,0.001,0.9055,0.001,0.001,0.001,0.0905
s30_off,67,,d(item_3),move_to,step,item_3,d(item_3),0.9055,0.001,0.9055,0.001,0.001,0.001,0.0905
s30_off,68,,d(item_3),move_to,step,item_3,d(item_3),0.9055,0.001,0.9055,0.001,0.001,0.001,0.0905
s30_off,69,,d(item_3),move_to,step,item_3,d(item_3),0.9055,0.001,0.9055,0.001,0.001,0.001,0.0905
s30_off,70,,d(item_3),move_to,step,item_3,d(item_3),0.9055,0.001,0.9055,0.001,0.001,0.001,0.0905
s30_off,71,,d(item_3),move_to,step,item_3,d(item_3),0.9055,0.001,0.9055,0.001,0.001,0.001,0.0905
s30_off,72,,d(item_3),move_to,step,item_3,d(item_3),0.9055,0.001,0.9055,0.001,0.001,0.001,0.0905
s30_off,73,,d(item_3),move_to,,item_3,d(item_3),0.9055,0.001,0.9055,0.001,0.001,0.001,0.0905
s30_off,74,,d(item_3),place,release,,unknown,0.995,0.001,0.001,0.001,0.001,0.001,0.995
s30_off,75,,d(item_3),place,,,unknown,0.995,0.001,0.001,0.001,0.001,0.001,0.995
s30_off,76,,d(item_7),,,,unknown,0.995,0.001,0.001,0.001,0.001,0.001,0.995
s30_off,77,,d(item_7),move_to,step,,unknown,0.995,0.001,0.001,0.001,0.001,0.001,0.995
s30_off,78,,d(item_7),move_to,step,,unknown,0.995,0.001,0.001,0.001,0.001,0.001,0.995
s30_off,79,,d(item_7),move_to,step,,unknown,0.995,0.001,0.001,0.001,0.001,0.001,0.995
s30_off,80,,d(item_7),move_to,step,,unknown,0.995,0.001,0.001,0.001,0.001,0.001,0.995
s30_off,81,,d(item_7),move_to,step,,unknown,0.995,0.001,0.001,0.001,0.001,0.001,0.995
s30_off,82,,d(item_7),move_to,step,,unknown,0.995,0.001,0.001,0.001,0.001,0.001,0.995
s30_off,83,,d(item_7),move_to,step,,unknown,0.995,0.001,0.001,0.001,0.001,0.001,0.995
s30_off,84,,d(item_7),move_to,step,,unknown,0.995,0.001,0.001,0.001,0.001,0.001,0.995
s30_off,85,,d(item_7),move_to,step,,unknown,0.995,0.001,0.001,0.001,0.001,0.001,0.995
s30_off,86,,d(item_7),move_to,step,,unknown,0.995,0.001,0.001,0.001,0.001,0.001,0.995
s30_off,87,,d(item_7),move_to,step,,unknown,0.995,0.001,0.001,0.001,0.001,0.001,0.995
s30_off,88,,d(item_7),move_to,step,,unknown,0.995,0.001,0.001,0.001,0.001,0.001,0.995
s30_off,89,,d(item_7),move_to,step,,unknown,0.995,0.001,0.001,0.001,0.001,0.001,0.995
s30_off,90,,d(item_7),move_to,step,,unknown,0.995,0.001,0.001,0.001,0.001,0.001,0.995
s30_off,91,,d(item_7),move_to,step,,unknown,0.995,0.001,0.001,0.001,0.001,0.001,0.995
s30_off,92,,d(item_7),move_to,step,,unknown,0.995,0.001,0.001,0.001,0.001,0.001,0.995
s30_off,93,,d(item_7),move_to,step,,unknown,0.995,0.001,0.001,0.001,0.001,0.001,0.995
s30_off,94,,d(item_7),move_to,step,,unknown,0.995,0.001,0.001,0.001,0.001,0.001,0.995
s30_off,95,,d(item_7),move_to,step,,unknown,0.995,0.001,0.001,0.001,0.001,0.001,0.995
s30_off,96,,d(item_7),move_to,step,,unknown,0.995,0.001,0.001,0.001,0.001,0.001,0.995
s30_off,97,,d(item_7),move_to,,,unknown,0.995,0.001,0.001,0.001,0.001,0.001,0.995
s30_off,98,,d(item_7),pick_up,grasp,item_7,unknown,0.995,0.001,0.001,0.001,0.001,0.001,0.995
s30_off,99,,d(item_7),pick_up,,item_7,unknown,0.995,0.001,0.001,0.001,0.001,0.001,0.995
s30_off,100,,d(item_7),move_to,step,item_7,unknown,0.995,0.001,0.001,0.001,0.001,0.001,0.995
s30_off,101,,d(item_7),move_to,step,item_7,unknown,0.995,0.001,0.001,0.001,0.001,0.001,0.995
s30_off,102,,d(item_7),move_to,step,item_7,unknown,0.995,0.001,0.001,0.001,0.001,0.001,0.995
s30_off,103,,d(item_7),move_to,step,item_7,unknown,0.995,0.001,0.001,0.001,0.001,0.001,0.995
s30_off,104,,d(item_7),move_to,step,item_7,unknown,0.995,0.001,0.001,0.001,0.001,0.001,0.995
s30_off,105,,d(item_7),move_to,step,item_7,unknown,0.995,0.001,0.001,0.001,0.001,0.001,0.995
s30_off,106,,d(item_7),move_to,step,item_7,unknown,0.995,0.001,0.001,0.001,0.001,0.001,0.995
s30_off,107,,d(item_7),move_to,step,item_7,unknown,0.995,0.001,0.001,0.001,0.001,0.001,0.995
s30_off,108,,d(item_7),move_to,step,item_7,unknown,0.995,0.001,0.001,0.001,0.001,0.001,0.995
s30_off,109,,d(item_7),move_to,step,item_7,unknown,0.995,0.001,0.001,0.001,0.001,0.001,0.995
s30_off,110,,d(item_7),move_to,step,item_7,unknown,0.995,0.001,0.001,0.001,0.001,0.001,0.995
s30_off,111,,d(item_7),move_to,step,item_7,unknown,0.995,0.001,0.001,0.001,0.001,0.001,0.995
s30_off,112,,d(item_7),move_to,step,item_7,unknown,0.995,0.001,0.001,0.001,0.001,0.001,0.995
s30_off,113,,d(item_7),move_to,step,item_7,unknown,0.995,0.001,0.001,0.001,0.001,0.001,0.995
s30_off,114,,d(item_7),move_to,step,item_7,unknown,0.995,0.001,0.001,0.001,0.001,0.001,0.995
s30_off,115,,d(item_7),move_to,step,item_7,unknown,0.995,0.001,0.001,0.001,0.001,0.001,0.995
s30_off,116,,d(item_7),move_to,step,item_7,unknown,0.995,0.001,0.001,0.001,0.001,0.001,0.995
s30_off,117,,d(item_7),move_to,step,item_7,unknown,0.995,0.001,0.001,0.001,0.001,0.001,0.995
s30_off,118,,d(item_7),move_to,step,item_7,unknown,0.995,0.001,0.001,0.001,0.001,0.001,0.995
s30_off,119,,d(item_7),move_to,step,item_7,unknown,0.995,0.001,0.001,0.001,0.001,0.001,0.995
s30_off,120,,d(item_7),move_to,,item_7,unknown,0.995,0.001,0.001,0.001,0.001,0.001,0.995
s30_off,121,,d(item_7),place,release,,unknown,0.995,0.001,0.001,0.001,0.001,0.001,0.995
s30_off,122,,d(item_7),place,,,unknown,0.995,0.001,0.001,0.001,0.001,0.001,0.995
s30_off,123,,unknown,,,,unknown,0.995,0.001,0.001,0.001,0.001,0.001,0.995
s30_off,124,,unknown,,,,unknown,0.995,0.001,0.001,0.001,0.001,0.001,0.995
s30_off,125,,unknown,,,,unknown,0.995,0.001,0.001,0.001,0.001,0.001,0.995
s30_off,126,,unknown,,,,unknown,0.995,0.001,0.001,0.001,0.001,0.001,0.995
s30_off,127,,unknown,,,,unknown,0.995,0.001,0.001,0.001,0.001,0.001,0.995
s30_off,128,,unknown,,,,unknown,0.995,0.001,0.001,0.001,0.001,0.001,0.995
s30_off,129,,unknown,,,,unknown,0.995,0.001,0.001,0.001,0.001,0.001,0.995
s30_off,130,,unknown,,,,unknown,0.995,0.001,0.001,0.001,0.001,0.001,0.995
s30_off,131,,unknown,,,,unknown,0.995,0.001,0.001,0.001,0.001,0.001,0.995
s30_off,132,,unknown,,,,unknown,0.995,0.001,0.001,0.001,0.001,0.001,0.995
s30_off,133,,unknown,,,,unknown,0.995,0.001,0.001,0.001,0.001,0.001,0.995
s30_off,134,,unknown,,,,unknown,0.995,0.001,0.001,0.001,0.001,0.001,0.995
s30_off,135,,unknown,,,,unknown,0.995,0.001,0.001,0.001,0.001,0.001,0.995
s30_off,136,,unknown,,,,unknown,0.995,0.001,0.001,0.001,0.001,0.001,0.995
s30_off,137,,unknown,,,,unknown,0.995,0.001,0.001,0.001,0.001,0.001,0.995
s30_off,138,,unknown,,,,unknown,0.995,0.001,0.001,0.001,0.001,0.001,0.995
s30_off,139,,unknown,,,,unknown,0.995,0.001,0.001,0.001,0.001,0.001,0.995
s30_off,140,,unknown,,,,unknown,0.995,0.001,0.001,0.001,0.001,0.001,0.995
s30_off,141,,unknown,,,,unknown,0.995,0.001,0.001,0.001,0.001,0.001,0.995
s30_off,142,,unknown,,,,unknown,0.995,0.001,0.001,0.001,0.001,0.001,0.995
s30_off,143,,unknown,,,,unknown,0.995,0.001,0.001,0.001,0.001,0.001,0.995
s30_off,144,,unknown,,,,unknown,0.995,0.001,0.001,0.001,0.001,0.001,0.995
s30_off,145,,unknown,,,,unknown,0.995,0.001,0.001,0.001,0.001,0.001,0.995
s30_off,146,,unknown,,,,unknown,0.995,0.001,0.001,0.001,0.001,0.001,0.995
s30_off,147,,unknown,,,,unknown,0.995,0.001,0.001,0.001,0.001,0.001,0.995
s30_off,148,,unknown,,,,unknown,0.995,0.001,0.001,0.001,0.001,0.001,0.995
s30_off,149,,unknown,,,,unknown,0.995,0.001,0.001,0.001,0.001,0.001,0.995
s30_off,150,,unknown,,,,unknown,0.995,0.001,0.001,0.001,0.001,0.001,0.995
s30_off,151,,unknown,,,,unknown,0.995,0.001,0.001,0.001,0.001,0.001,0.995
s30_off,152,,unknown,,,,unknown,0.995,0.001,0.001,0.001,0.001,0.001,0.995
s30_off,153,,unknown,,,,unknown,0.995,0.001,0.001,0.001,0.001,0.001,0.995
s30_off,154,,unknown,,,,unknown,0.995,0.001,0.001,0.001,0.001,0.001,0.995
s30_off,155,,unknown,,,,unknown,0.995,0.001,0.001,0.001,0.001,0.001,0.995
s30_off,156,,unknown,,,,unknown,0.995,0.001,0.001,0.001,0.001,0.001,0.995
s30_off,157,,unknown,,,,unknown,0.995,0.001,0.001,0.001,0.001,0.001,0.995
s30_off,158,,unknown,,,,unknown,0.995,0.001,0.001,0.001,0.001,0.001,0.995
s30_on,0,,d(item_3),move_to,step,,d(item_3),0.4808,0.001,0.4808,0.001,0.001,0.4681,0.0481
s30_on,1,,d(item_3),move_to,step,,d(item_3),0.4873,0.001,0.4873,0.001,0.001,0.4609,0.0487
s30_on,2,,d(item_3),move_to,step,,d(item_3),0.4943,0.001,0.4943,0.001,0.001,0.4532,0.0494
s30_on,3,,d(item_3),move_to,step,,d(item_3),0.5019,0.001,0.5019,0.001,0.001,0.4449,0.0502
s30_on,4,,d(item_3),move_to,step,,d(item_3),0.5101,0.001,0.5101,0.001,0.001,0.4359,0.051
s30_on,5,,d(item_3),move_to,step,,d(item_3),0.5189,0.001,0.5189,0.001,0.001,0.4262,0.0519
s30_on,6,,d(item_3),move_to,step,,d(item_3),0.5284,0.001,0.5284,0.001,0.001,0.4157,0.0528
s30_on,7,,d(item_3),move_to,step,,d(item_3),0.5387,0.001,0.5387,0.001,0.001,0.4045,0.0539
s30_on,8,,d(item_3),move_to,step,,d(item_3),0.5497,0.001,0.5497,0.001,0.001,0.3923,0.055
s30_on,9,,d(item_3),move_to,step,,d(item_3),0.5616,0.001,0.5616,0.001,0.001,0.3793,0.0562
s30_on,10,,d(item_3),move_to,step,,d(item_3),0.5743,0.001,0.5743,0.001,0.001,0.3653,0.0574
s30_on,11,,d(item_3),move_to,step,,d(item_3),0.5879,0.001,0.5879,0.001,0.001,0.3503,0.0588
s30_on,12,,d(item_3),move_to,step,,d(item_3),0.6024,0.001,0.6024,0.001,0.001,0.3343,0.0602
s30_on,13,,d(item_3),move_to,step,,d(item_3),0.6178,0.001,0.6178,0.001,0.001,0.3174,0.0618
s30_on,14,,d(item_3),move_to,step,,d(item_3),0.634,0.001,0.634,0.001,0.001,0.2996,0.0634
s30_on,15,,d(item_3),move_to,step,,d(item_3),0.651,0.001,0.651,0.001,0.001,0.2809,0.0651
s30_on,16,,d(item_3),move_to,step,,d(item_3),0.6687,0.001,0.6687,0.001,0.001,0.2615,0.0669
s30_on,17,,d(item_3),move_to,step,,d(item_3),0.6869,0.001,0.6869,0.001,0.001,0.2415,0.0687
s30_on,18,,d(item_3),move_to,step,,d(item_3),0.7054,0.001,0.7054,0.001,0.001,0.2211,0.0705
s30_on,19,,d(item_3),move_to,step,,d(item_3),0.7241,0.001,0.7241,0.001,0.001,0.2005,0.0724
s30_on,20,,d(item_3),move_to,step,,d(item_3),0.7427,0.001,0.7427,0.001,0.001,0.18,0.0743
s30_on,21,,d(item_3),move_to,step,,d(item_3),0.761,0.001,0.761,0.001,0.001,0.1599,0.0761
s30_on,22,,d(item_3),move_to,step,,d(item_3),0.7786,0.001,0.7786,0.001,0.001,0.1405,0.0779
s30_on,23,,d(item_3),move_to,step,,d(item_3),0.7954,0.001,0.7954,0.001,0.001,0.1221,0.0795
s30_on,24,,d(item_3),move_to,step,,d(item_3),0.8111,0.001,0.8111,0.001,0.001,0.1048,0.0811
s30_on,25,,d(item_3),move_to,step,,d(item_3),0.8256,0.001,0.8256,0.001,0.001,0.0889,0.0826
s30_on,26,,d(item_3),move_to,step,,d(item_3),0.8386,0.001,0.8386,0.001,0.001,0.0745,0.0839
s30_on,27,,d(item_3),move_to,step,,d(item_3),0.8503,0.001,0.8503,0.001,0.001,0.0617,0.085
s30_on,28,,d(item_3),move_to,step,,d(item_3),0.8604,0.001,0.8604,0.001,0.001,0.0505,0.086
s30_on,29,,d(item_3),move_to,step,,d(item_3),0.8692,0.001,0.8692,0.001,0.001,0.0409,0.0869
s30_on,30,,d(item_3),move_to,step,,d(item_3),0.8766,0.001,0.8766,0.001,0.001,0.0328,0.0877
s30_on,31,,d(item_3),move_to,step,,d(item_3),0.8827,0.001,0.8827,0.001,0.001,0.026,0.0883
s30_on,32,,d(item_3),move_to,step,,d(item_3),0.8878,0.001,0.8878,0.001,0.001,0.0204,0.0888
s30_on,33,,d(item_3),move_to,step,,d(item_3),0.8919,0.001,0.8919,0.001,0.001,0.0159,0.0892
s30_on,34,,d(item_3),move_to,step,,d(item_3),0.8952,0.001,0.8952,0.001,0.001,0.0122,0.0895
s30_on,35,,d(item_3),move_to,step,,d(item_3),0.8979,0.001,0.8979,0.001,0.001,0.0094,0.0898
s30_on,36,,d(item_3),move_to,step,,d(item_3),0.8999,0.001,0.8999,0.001,0.001,0.0071,0.09
s30_on,37,,d(item_3),move_to,step,,d(item_3),0.9015,0.001,0.9015,0.001,0.001,0.0053,0.0902
s30_on,38,,d(item_3),move_to,,,d(item_3),0.9015,0.001,0.9015,0.001,0.001,0.0053,0.0902
s30_on,39,,d(item_3),pick_up,grasp,item_3,d(item_3),0.9015,0.001,0.9015,0.001,0.001,0.0053,0.0902
s30_on,40,,d(item_3),pick_up,,item_3,d(item_3),0.9015,0.001,0.9015,0.001,0.001,0.0053,0.0902
s30_on,41,,d(item_3),move_to,step,item_3,d(item_3),0.9015,0.001,0.9015,0.001,0.001,0.0053,0.0902
s30_on,42,,d(item_3),move_to,step,item_3,d(item_3),0.9024,0.001,0.9024,0.001,0.001,0.0043,0.0902
s30_on,43,,d(item_3),move_to,step,item_3,d(item_3),0.9033,0.001,0.9033,0.001,0.001,0.0033,0.0903
s30_on,44,,d(item_3),move_to,step,item_3,d(item_3),0.9041,0.001,0.9041,0.001,0.001,0.0025,0.0904
s30_on,45,,d(item_3),move_to,step,item_3,d(item_3),0.9047,0.001,0.9047,0.001,0.001,0.0018,0.0905
s30_on,46,,d(item_3),move_to,step,item_3,d(item_3),0.9052,0.001,0.9052,0.001,0.001,0.0013,0.0905
s30_on,47,,d(item_3),move_to,step,item_3,d(item_3),0.9055,0.001,0.9055,0.001,0.001,0.001,0.0905
s30_on,48,,d(item_3),move_to,step,item_3,d(item_3),0.9055,0.001,0.9055,0.001,0.001,0.001,0.0905
s30_on,49,,d(item_3),move_to,step,item_3,d(item_3),0.9055,0.001,0.9055,0.001,0.001,0.001,0.0905
s30_on,50,,d(item_3),move_to,step,item_3,d(item_3),0.9055,0.001,0.9055,0.001,0.001,0.001,0.0905
s30_on,51,,d(item_3),move_to,step,item_3,d(item_3),0.9055,0.001,0.9055,0.001,0.001,0.001,0.0905
s30_on,52,,d(item_3),move_to,step,item_3,d(item_3),0.9055,0.001,0.9055,0.001,0.001,0.001,0.0905
s30_on,53,,d(item_3),move_to,step,item_3,d(item_3),0.9055,0.001,0.9055,0.001,0.001,0.001,0.0905
s30_on,54,,d(item_3),move_to,step,item_3,d(item_3),0.9055,0.001,0.9055,0.001,0.001,0.001,0.0905
s30_on,55,,d(item_3),move_to,step,item_3,d(item_3),0.9055,0.001,0.9055,0.001,0.001,0.001,0.0905
s30_on,56,,d(item_3),move_to,step,item_3,d(item_3),0.9055,0.001,0.9055,0.001,0.001,0.001,0.0905
s30_on,57,,d(item_3),move_to,step,item_3,d(item_3),0.9055,0.001,0.9055,0.001,0.001,0.001,0.0905
s30_on,58,,d(item_3),move_to,step,item_3,d(item_3),0.9055,0.001,0.9055,0.001,0.001,0.001,0.0905
s30_on,59,,d(item_3),move_to,step,item_3,d(item_3),0.9055,0.001,0.9055,0.001,0.001,0.001,0.0905
s30_on,60,,d(item_3),move_to,step,item_3,d(item_3),0.9055,0.001,0.9055,0.001,0.001,0.001,0.0905
s30_on,61,,d(item_3),move_to,step,item_3,d(item_3),0.9055,0.001,0.9055,0.001,0.001,0.001,0.0905
s30_on,62,,d(item_3),move_to,step,item_3,d(item_3),0.9055,0.001,0.9055,0.001,0.001,0.001,0.0905
s30_on,63,,d(item_3),move_to,step,item_3,d(item_3),0.9055,0.001,0.9055,0.001,0.001,0.001,0.0905
s30_on,64,,d(item_3),move_to,step,item_3,d(item_3),0.9055,0.001,0.9055,0.001,0.001,0.001,0.0905
s30_on,65,,d(item_3),move_to,step,item_3,d(item_3),0.9055,0.001,0.9055,0.001,0.001,0.001,0.0905
s30_on,66,,d(item_3),move_to,step,item_3,d(item_3),0.9055,0.001,0.9055,0.001,0.001,0.001,0.0905
s30_on,67,,d(item_3),move_to,step,item_3,d(item_3),0.9055,0.001,0.9055,0.001,0.001,0.001,0.0905
s30_on,68,,d(item_3),move_to,step,item_3,d(item_3),0.9055,0.001,0.9055,0.001,0.001,0.001,0.0905
s30_on,69,,d(item_3),move_to,step,item_3,d(item_3),0.9055,0.001,0.9055,0.001,0.001,0.001,0.0905
s30_on,70,,d(item_3),move_to,step,item_3,d(item_3),0.9055,0.001,0.9055,0.001,0.001,0.001,0.0905
s30_on,71,,d(item_3),move_to,step,item_3,d(item_3),0.9055,0.001,0.9055,0.001,0.001,0.001,0.0905
s30_on,72,,d(item_3),move_to,step,item_3,d(item_3),0.9055,0.001,0.9055,0.001,0.001,0.001,0.0905
s30_on,73,,d(item_3),move_to,,item_3,d(item_3),0.9055,0.001,0.9055,0.001,0.001,0.001,0.0905
s30_on,74,,d(item_3),place,release,,unknown,0.995,0.001,0.001,0.001,0.001,0.001,0.995
s30_on,75,,d(item_3),place,,,unknown,0.995,0.001,0.001,0.001,0.001,0.001,0.995
s30_on,76,,d(item_7),,,,unknown,0.995,0.001,0.001,0.001,0.001,0.001,0.995
s30_on,77,,d(item_7),move_to,step,,unknown,0.995,0.001,0.001,0.001,0.001,0.001,0.995
s30_on,78,,d(item_7),move_to,step,,unknown,0.995,0.001,0.001,0.001,0.001,0.001,0.995
s30_on,79,,d(item_7),move_to,step,,unknown,0.995,0.001,0.001,0.001,0.001,0.001,0.995
s30_on,80,,d(item_7),move_to,step,,unknown,0.995,0.001,0.001,0.001,0.001,0.001,0.995
s30_on,81,,d(item_7),move_to,step,,unknown,0.995,0.001,0.001,0.001,0.001,0.001,0.995
s30_on,82,,d(item_7),move_to,step,,unknown,0.995,0.001,0.001,0.001,0.001,0.001,0.995
s30_on,83,,d(item_7),move_to,step,,unknown,0.995,0.001,0.001,0.001,0.001,0.001,0.995
s30_on,84,,d(item_7),move_to,step,,unknown,0.995,0.001,0.001,0.001,0.001,0.001,0.995
s30_on,85,,d(item_7),move_to,step,,unknown,0.995,0.001,0.001,0.001,0.001,0.001,0.995
s30_on,86,,d(item_7),move_to,step,,unknown,0.995,0.001,0.001,0.001,0.001,0.001,0.995
s30_on,87,,d(item_7),move_to,step,,unknown,0.995,0.001,0.001,0.001,0.001,0.001,0.995
s30_on,88,,d(item_7),move_to,step,,unknown,0.995,0.001,0.001,0.001,0.001,0.001,0.995
s30_on,89,,d(item_7),move_to,step,,unknown,0.995,0.001,0.001,0.001,0.001,0.001,0.995
s30_on,90,,d(item_7),move_to,step,,unknown,0.995,0.001,0.001,0.001,0.001,0.001,0.995
s30_on,91,,d(item_7),move_to,step,,unknown,0.995,0.001,0.001,0.001,0.001,0.001,0.995
s30_on,92,,d(item_7),move_to,step,,unknown,0.995,0.001,0.001,0.001,0.001,0.001,0.995
s30_on,93,,d(item_7),move_to,step,,unknown,0.995,0.001,0.001,0.001,0.001,0.001,0.995
s30_on,94,,d(item_7),move_to,step,,unknown,0.995,0.001,0.001,0.001,0.001,0.001,0.995
s30_on,95,,d(item_7),move_to,step,,unknown,0.995,0.001,0.001,0.001,0.001,0.001,0.995
s30_on,96,,d(item_7),move_to,step,,unknown,0.995,0.001,0.001,0.001,0.001,0.001,0.995
s30_on,97,,d(item_7),move_to,,,unknown,0.995,0.001,0.001,0.001,0.001,0.001,0.995
s30_on,98,,d(item_7),pick_up,grasp,item_7,unknown,0.995,0.001,0.001,0.001,0.001,0.001,0.995
s30_on,99,,d(item_7),pick_up,,item_7,unknown,0.995,0.001,0.001,0.001,0.001,0.001,0.995
s30_on,100,,d(item_7),move_to,step,item_7,unknown,0.995,0.001,0.001,0.001,0.001,0.001,0.995
s30_on,101,,d(item_7),move_to,step,item_7,unknown,0.995,0.001,0.001,0.001,0.001,0.001,0.995
s30_on,102,,d(item_7),move_to,step,item_7,unknown,0.995,0.001,0.001,0.001,0.001,0.001,0.995
s30_on,103,,d(item_7),move_to,step,item_7,unknown,0.995,0.001,0.001,0.001,0.001,0.001,0.995
s30_on,104,,d(item_7),move_to,step,item_7,unknown,0.995,0.001,0.001,0.001,0.001,0.001,0.995
s30_on,105,,d(item_7),move_to,step,item_7,unknown,0.995,0.001,0.001,0.001,0.001,0.001,0.995
s30_on,106,,d(item_7),move_to,step,item_7,unknown,0.995,0.001,0.001,0.001,0.001,0.001,0.995
s30_on,107,,d(item_7),move_to,step,item_7,unknown,0.995,0.001,0.001,0.001,0.001,0.001,0.995
s30_on,108,,d(item_7),move_to,step,item_7,unknown,0.995,0.001,0.001,0.001,0.001,0.001,0.995
s30_on,109,,d(item_7),move_to,step,item_7,unknown,0.995,0.001,0.001,0.001,0.001,0.001,0.995
s30_on,110,,d(item_7),move_to,step,item_7,unknown,0.995,0.001,0.001,0.001,0.001,0.001,0.995
s30_on,111,,d(item_7),move_to,step,item_7,unknown,0.995,0.001,0.001,0.001,0.001,0.001,0.995
s30_on,112,,d(item_7),move_to,step,item_7,unknown,0.995,0.001,0.001,0.001,0.001,0.001,0.995
s30_on,113,,d(item_7),move_to,step,item_7,unknown,0.995,0.001,0.001,0.001,0.001,0.001,0.995
s30_on,114,,d(item_7),move_to,step,item_7,unknown,0.995,0.001,0.001,0.001,0.001,0.001,0.995
s30_on,115,,d(item_7),move_to,step,item_7,unknown,0.995,0.001,0.001,0.001,0.001,0.001,0.995
s30_on,116,,d(item_7),move_to,step,item_7,unknown,0.995,0.001,0.001,0.001,0.001,0.001,0.995
s30_on,117,,d(item_7),move_to,step,item_7,unknown,0.995,0.001,0.001,0.001,0.001,0.001,0.995
s30_on,118,,d(item_7),move_to,step,item_7,unknown,0.995,0.001,0.001,0.001,0.001,0.001,0.995
s30_on,119,,d(item_7),move_to,step,item_7,unknown,0.995,0.001,0.001,0.001,0.001,0.001,0.995
s30_on,120,,d(item_7),move_to,,item_7,unknown,0.995,0.001,0.001,0.001,0.001,0.001,0.995
s30_on,121,,d(item_7),place,release,,unknown,0.995,0.001,0.001,0.001,0.001,0.001,0.995
s30_on,122,,d(item_7),place,,,unknown,0.995,0.001,0.001,0.001,0.001,0.001,0.995
s30_on,123,,unknown,,,,unknown,0.995,0.001,0.001,0.001,0.001,0.001,0.995
s30_on,124,,unknown,,,,unknown,0.995,0.001,0.001,0.001,0.001,0.001,0.995
s30_on,125,,unknown,,,,unknown,0.995,0.001,0.001,0.001,0.001,0.001,0.995
s30_on,126,,unknown,,,,unknown,0.995,0.001,0.001,0.001,0.001,0.001,0.995
s30_on,127,,unknown,,,,unknown,0.995,0.001,0.001,0.001,0.001,0.001,0.995
s30_on,128,,unknown,,,,unknown,0.995,0.001,0.001,0.001,0.001,0.001,0.995
s30_on,129,,unknown,,,,unknown,0.995,0.001,0.001,0.001,0.001,0.001,0.995
s30_on,130,,unknown,,,,unknown,0.995,0.001,0.001,0.001,0.001,0.001,0.995
s30_on,131,,unknown,,,,unknown,0.995,0.001,0.001,0.001,0.001,0.001,0.995
s30_on,132,,unknown,,,,unknown,0.995,0.001,0.001,0.001,0.001,0.001,0.995
s30_on,133,,unknown,,,,unknown,0.995,0.001,0.001,0.001,0.001,0.001,0.995
s30_on,134,,unknown,,,,unknown,0.995,0.001,0.001,0.001,0.001,0.001,0.995
s30_on,135,,unknown,,,,unknown,0.995,0.001,0.001,0.001,0.001,0.001,0.995
s30_on,136,,unknown,,,,unknown,0.995,0.001,0.001,0.001,0.001,0.001,0.995
s30_on,137,,unknown,,,,unknown,0.995,0.001,0.001,0.001,0.001,0.001,0.995
s30_on,138,,unknown,,,,unknown,0.995,0.001,0.001,0.001,0.001,0.001,0.995
s30_on,139,,unknown,,,,unknown,0.995,0.001,0.001,0.001,0.001,0.001,0.995
s30_on,140,,unknown,,,,unknown,0.995,0.001,0.001,0.001,0.001,0.001,0.995
s30_on,141,,unknown,,,,unknown,0.995,0.001,0.001,0.001,0.001,0.001,0.995
s30_on,142,,unknown,,,,unknown,0.995,0.001,0.001,0.001,0.001,0.001,0.995
s30_on,143,,unknown,,,,unknown,0.995,0.001,0.001,0.001,0.001,0.001,0.995
s30_on,144,,unknown,,,,unknown,0.995,0.001,0.001,0.001,0.001,0.001,0.995
s30_on,145,,unknown,,,,unknown,0.995,0.001,0.001,0.001,0.001,0.001,0.995
s30_on,146,,unknown,,,,unknown,0.995,0.001,0.001,0.001,0.001,0.001,0.995
s30_on,147,,unknown,,,,unknown,0.995,0.001,0.001,0.001,0.001,0.001,0.995
s30_on,148,,unknown,,,,unknown,0.995,0.001,0.001,0.001,0.001,0.001,0.995
s30_on,149,,unknown,,,,unknown,0.995,0.001,0.001,0.001,0.001,0.001,0.995
s30_on,150,,unknown,,,,unknown,0.995,0.001,0.001,0.001,0.001,0.001,0.995
s30_on,151,,unknown,,,,unknown,0.995,0.001,0.001,0.001,0.001,0.001,0.995
s30_on,152,,unknown,,,,unknown,0.995,0.001,0.001,0.001,0.001,0.001,0.995
s30_on,153,,unknown,,,,unknown,0.995,0.001,0.001,0.001,0.001,0.001,0.995
s30_on,154,,unknown,,,,unknown,0.995,0.001,0.001,0.001,0.001,0.001,0.995
s30_on,155,,unknown,,,,unknown,0.995,0.001,0.001,0.001,0.001,0.001,0.995
s30_on,156,,unknown,,,,unknown,0.995,0.001,0.001,0.001,0.001,0.001,0.995
s30_on,157,,unknown,,,,unknown,0.995,0.001,0.001,0.001,0.001,0.001,0.995
s30_on,158,,unknown,,,,unknown,0.995,0.001,0.001,0.001,0.001,0.001,0.995
s30_on,159,,unknown,,,,unknown,0.995,0.001,0.001,0.001,0.001,0.001,0.995
s40_off,0,seg1,d(item_3),move_to,step,,d(item_3),0.159,0.1295,0.1531,0.159,0.1347,0.1397,0.1375,0.1306,0.0159
s40_off,1,seg1,d(item_3),move_to,step,,d(item_3),0.1815,0.1162,0.1678,0.1815,0.127,0.1379,0.133,0.1184,0.0181
s40_off,2,seg1,d(item_3),move_to,step,,d(item_3),0.2086,0.1016,0.1846,0.2086,0.1177,0.1348,0.1269,0.105,0.0209
s40_off,3,seg1,d(item_3),move_to,step,,d(item_3),0.2401,0.0865,0.2027,0.2401,0.1068,0.13,0.1191,0.0908,0.024
s40_off,4,seg1,d(item_3),move_to,step,,d(item_3),0.2756,0.0717,0.221,0.2756,0.0947,0.1231,0.1096,0.0766,0.0276
s40_off,5,seg1,d(item_3),move_to,step,,d(item_3),0.3141,0.058,0.2384,0.3141,0.0821,0.1142,0.0986,0.0631,0.0314
s40_off,6,seg1,d(item_3),move_to,step,,d(item_3),0.3546,0.0458,0.2535,0.3546,0.0694,0.1037,0.0867,0.0508,0.0355
s40_off,7,seg1,d(item_3),move_to,step,,d(item_3),0.3957,0.0354,0.2653,0.3957,0.0573,0.092,0.0745,0.04,0.0396
s40_off,8,seg1,d(item_3),move_to,step,,d(item_3),0.4365,0.0269,0.273,0.4365,0.0464,0.08,0.0627,0.0309,0.0436
s40_off,9,seg1,d(item_3),move_to,step,,d(item_3),0.476,0.02,0.2763,0.476,0.0368,0.0681,0.0517,0.0235,0.0476
s40_off,10,seg1,d(item_3),move_to,step,,d(item_3),0.5136,0.0147,0.2751,0.5136,0.0287,0.057,0.0419,0.0176,0.0514
s40_off,11,seg1,d(item_3),move_to,step,,d(item_3),0.5492,0.0107,0.2698,0.5492,0.0221,0.047,0.0334,0.013,0.0549
s40_off,12,seg1,d(item_3),move_to,step,,d(item_3),0.5825,0.0077,0.2608,0.5825,0.0168,0.0382,0.0263,0.0095,0.0582
s40_off,13,seg1,d(item_3),move_to,step,,d(item_3),0.6137,0.0055,0.2488,0.6137,0.0126,0.0307,0.0205,0.0069,0.0614
s40_off,14,seg1,d(item_3),move_to,step,,d(item_3),0.6428,0.0039,0.2344,0.6428,0.0094,0.0244,0.0158,0.0049,0.0643
s40_off,15,seg1,d(item_3),move_to,step,,d(item_3),0.6702,0.0027,0.2183,0.6702,0.0069,0.0192,0.0121,0.0035,0.067
s40_off,16,seg1,d(item_3),move_to,step,,d(item_3),0.6958,0.0019,0.2009,0.6958,0.0051,0.0151,0.0092,0.0025,0.0696
s40_off,17,seg1,d(item_3),move_to,step,,d(item_3),0.7197,0.0013,0.1828,0.7197,0.0037,0.0117,0.0069,0.0018,0.072
s40_off,18,seg1,d(item_3),move_to,step,,d(item_3),0.742,0.001,0.1646,0.742,0.0027,0.009,0.0052,0.0013,0.0742
s40_off,19,seg1,d(item_3),move_to,step,,d(item_3),0.7624,0.001,0.1466,0.7624,0.002,0.0069,0.0039,0.001,0.0762
s40_off,20,seg1,d(item_3),move_to,step,,d(item_3),0.7812,0.001,0.1291,0.7812,0.0014,0.0053,0.0029,0.001,0.0781
s40_off,21,seg1,d(item_3),move_to,step,,d(item_3),0.7984,0.001,0.1126,0.7984,0.001,0.004,0.0021,0.001,0.0798
s40_off,22,seg1,d(item_3),move_to,step,,d(item_3),0.8139,0.001,0.0972,0.8139,0.001,0.003,0.0016,0.001,0.0814
s40_off,23,seg1,d(item_3),move_to,step,,d(item_3),0.8278,0.001,0.083,0.8278,0.001,0.0023,0.0011,0.001,0.0828
s40_off,24,seg1,d(item_3),move_to,step,,d(item_3),0.8401,0.001,0.0702,0.8401,0.001,0.0017,0.001,0.001,0.084
s40_off,25,seg1,d(item_3),move_to,step,,d(item_3),0.8508,0.001,0.0588,0.8508,0.001,0.0013,0.001,0.001,0.0851
s40_off,26,seg1,d(item_3),move_to,step,,d(item_3),0.8602,0.001,0.0488,0.8602,0.001,0.001,0.001,0.001,0.086
s40_off,27,seg1,d(item_3),move_to,step,,d(item_3),0.8681,0.001,0.0401,0.8681,0.001,0.001,0.001,0.001,0.0868
s40_off,28,seg1,d(item_3),move_to,step,,d(item_3),0.8748,0.001,0.0327,0.8748,0.001,0.001,0.001,0.001,0.0875
s40_off,29,seg1,d(item_3),move_to,step,,d(item_3),0.8805,0.001,0.0265,0.8805,0.001,0.001,0.001,0.001,0.0881
s40_off,30,seg1,d(item_3),move_to,step,,d(item_3),0.8853,0.001,0.0212,0.8853,0.001,0.001,0.001,0.001,0.0885
s40_off,31,seg1,d(item_3),move_to,step,,d(item_3),0.8892,0.001,0.0169,0.8892,0.001,0.001,0.001,0.001,0.0889
s40_off,32,seg1,d(item_3),move_to,step,,d(item_3),0.8924,0.001,0.0134,0.8924,0.001,0.001,0.001,0.001,0.0892
s40_off,33,seg1,d(item_3),move_to,step,,d(item_3),0.895,0.001,0.0105,0.895,0.001,0.001,0.001,0.001,0.0895
s40_off,34,seg1,d(item_3),move_to,step,,d(item_3),0.8971,0.001,0.0082,0.8971,0.001,0.001,0.001,0.001,0.0897
s40_off,35,seg1,d(item_3),move_to,step,,d(item_3),0.8988,0.001,0.0063,0.8988,0.001,0.001,0.001,0.001,0.0899
s40_off,36,seg1,d(item_3),move_to,step,,d(item_3),0.9001,0.001,0.0049,0.9001,0.001,0.001,0.001,0.001,0.09
s40_off,37,seg1,d(item_3),move_to,step,,d(item_3),0.9012,0.001,0.0037,0.9012,0.001,0.001,0.001,0.001,0.0901
s40_off,38,seg1,d(item_3),move_to,step,,d(item_3),0.902,0.001,0.0028,0.902,0.001,0.001,0.001,0.001,0.0902
s40_off,39,seg1,d(item_3),move_to,step,,d(item_3),0.9026,0.001,0.0021,0.9026,0.001,0.001,0.001,0.001,0.0903
s40_off,40,seg1,d(item_3),move_to,step,,d(item_3),0.9031,0.001,0.0016,0.9031,0.001,0.001,0.001,0.001,0.0903
s40_off,41,seg1,d(item_3),move_to,step,,d(item_3),0.9035,0.001,0.0012,0.9035,0.001,0.001,0.001,0.001,0.0903
s40_off,42,seg1,d(item_3),move_to,step,,d(item_3),0.9037,0.001,0.001,0.9037,0.001,0.001,0.001,0.001,0.0904
s40_off,43,seg1,d(item_3),move_to,step,,d(item_3),0.9037,0.001,0.001,0.9037,0.001,0.001,0.001,0.001,0.0904
s40_off,44,seg1,d(item_3),move_to,step,,d(item_3),0.9037,0.001,0.001,0.9037,0.001,0.001,0.001,0.001,0.0904
s40_off,45,seg1,d(item_3),move_to,step,,d(item_3),0.9037,0.001,0.001,0.9037,0.001,0.001,0.001,0.001,0.0904
s40_off,46,seg1,d(item_3),move_to,step,,d(item_3),0.9037,0.001,0.001,0.9037,0.001,0.001,0.001,0.001,0.0904
s40_off,47,seg1,d(item_3),move_to,step,,d(item_3),0.9037,0.001,0.001,0.9037,0.001,0.001,0.001,0.001,0.0904
s40_off,48,seg1,d(item_3),move_to,step,,d(item_3),0.9037,0.001,0.001,0.9037,0.001,0.001,0.001,0.001,0.0904
s40_off,49,seg1,d(item_3),move_to,step,,d(item_3),0.9037,0.001,0.001,0.9037,0.001,0.001,0.001,0.001,0.0904
s40_off,50,seg1,d(item_3),move_to,step,,d(item_3),0.9037,0.001,0.001,0.9037,0.001,0.001,0.001,0.001,0.0904
s40_off,51,seg1,d(item_3),move_to,step,,d(item_3),0.9037,0.001,0.001,0.9037,0.001,0.001,0.001,0.001,0.0904
s40_off,52,seg1,d(item_3),move_to,step,,d(item_3),0.9037,0.001,0.001,0.9037,0.001,0.001,0.001,0.001,0.0904
s40_off,53,seg1,d(item_3),move_to,step,,d(item_3),0.9037,0.001,0.001,0.9037,0.001,0.001,0.001,0.001,0.0904
s40_off,54,seg1,d(item_3),move_to,step,,d(item_3),0.9037,0.001,0.001,0.9037,0.001,0.001,0.001,0.001,0.0904
s40_off,55,seg1,d(item_3),move_to,step,,d(item_3),0.9037,0.001,0.001,0.9037,0.001,0.001,0.001,0.001,0.0904
s40_off,56,seg1,d(item_3),move_to,step,,d(item_3),0.9037,0.001,0.001,0.9037,0.001,0.001,0.001,0.001,0.0904
s40_off,57,seg1,d(item_3),move_to,step,,d(item_3),0.9037,0.001,0.001,0.9037,0.001,0.001,0.001,0.001,0.0904
s40_off,58,seg1,d(item_3),move_to,step,,d(item_3),0.9037,0.001,0.001,0.9037,0.001,0.001,0.001,0.001,0.0904
s40_off,59,seg1,d(item_3),move_to,,,d(item_3),0.9037,0.001,0.001,0.9037,0.001,0.001,0.001,0.001,0.0904
s40_off,60,seg1,d(item_3),pick_up,grasp,item_3,d(item_3),0.9037,0.001,0.001,0.9037,0.001,0.001,0.001,0.001,0.0904
s40_off,61,seg1,d(item_3),pick_up,,item_3,d(item_3),0.9037,0.001,0.001,0.9037,0.001,0.001,0.001,0.001,0.0904
s40_off,62,seg1,d(item_3),move_to,step,item_3,d(item_3),0.9037,0.001,0.001,0.9037,0.001,0.001,0.001,0.001,0.0904
s40_off,63,seg1,d(item_3),move_to,step,item_3,d(item_3),0.9037,0.001,0.001,0.9037,0.001,0.001,0.001,0.001,0.0904
s40_off,64,seg1,d(item_3),move_to,step,item_3,d(item_3),0.9037,0.001,0.001,0.9037,0.001,0.001,0.001,0.001,0.0904
s40_off,65,seg1,d(item_3),move_to,step,item_3,d(item_3),0.9037,0.001,0.001,0.9037,0.001,0.001,0.001,0.001,0.0904
s40_off,66,seg1,d(item_3),move_to,step,item_3,d(item_3),0.9037,0.001,0.001,0.9037,0.001,0.001,0.001,0.001,0.0904
s40_off,67,seg1,d(item_3),move_to,step,item_3,d(item_3),0.9037,0.001,0.001,0.9037,0.001,0.001,0.001,0.001,0.0904
s40_off,68,seg1,d(item_3),move_to,step,item_3,d(item_3),0.9037,0.001,0.001,0.9037,0.001,0.001,0.001,0.001,0.0904
s40_off,69,seg1,d(item_3),move_to,step,item_3,d(item_3),0.9037,0.001,0.001,0.9037,0.001,0.001,0.001,0.001,0.0904
s40_off,70,seg1,d(item_3),move_to,step,item_3,d(item_3),0.9037,0.001,0.001,0.9037,0.001,0.001,0.001,0.001,0.0904
s40_off,71,seg1,d(item_3),move_to,step,item_3,d(item_3),0.9037,0.001,0.001,0.9037,0.001,0.001,0.001,0.001,0.0904
s40_off,72,seg1,d(item_3),move_to,step,item_3,d(item_3),0.9037,0.001,0.001,0.9037,0.001,0.001,0.001,0.001,0.0904
s40_off,73,seg1,d(item_3),move_to,step,item_3,d(item_3),0.9037,0.001,0.001,0.9037,0.001,0.001,0.001,0.001,0.0904
s40_off,74,seg1,d(item_3),move_to,step,item_3,d(item_3),0.9037,0.001,0.001,0.9037,0.001,0.001,0.001,0.001,0.0904
s40_off,75,seg1,d(item_3),move_to,step,item_3,d(item_3),0.9037,0.001,0.001,0.9037,0.001,0.001,0.001,0.001,0.0904
s40_off,76,seg1,d(item_3),move_to,step,item_3,d(item_3),0.9037,0.001,0.001,0.9037,0.001,0.001,0.001,0.001,0.0904
s40_off,77,seg1,d(item_3),move_to,step,item_3,d(item_3),0.9037,0.001,0.001,0.9037,0.001,0.001,0.001,0.001,0.0904
s40_off,78,seg1,d(item_3),move_to,step,item_3,d(item_3),0.9037,0.001,0.001,0.9037,0.001,0.001,0.001,0.001,0.0904
s40_off,79,seg1,d(item_3),move_to,step,item_3,d(item_3),0.9037,0.001,0.001,0.9037,0.001,0.001,0.001,0.001,0.0904
s40_off,80,seg1,d(item_3),move_to,step,item_3,d(item_3),0.9037,0.001,0.001,0.9037,0.001,0.001,0.001,0.001,0.0904
s40_off,81,seg1,d(item_3),move_to,step,item_3,d(item_3),0.9037,0.001,0.001,0.9037,0.001,0.001,0.001,0.001,0.0904
s40_off,82,seg1,d(item_3),move_to,step,item_3,d(item_3),0.9037,0.001,0.001,0.9037,0.001,0.001,0.001,0.001,0.0904
s40_off,83,seg1,d(item_3),move_to,step,item_3,d(item_3),0.9037,0.001,0.001,0.9037,0.001,0.001,0.001,0.001,0.0904
s40_off,84,seg1,d(item_3),move_to,step,item_3,d(item_3),0.9037,0.001,0.001,0.9037,0.001,0.001,0.001,0.001,0.0904
s40_off,85,seg1,d(item_3),move_to,step,item_3,d(item_3),0.9037,0.001,0.001,0.9037,0.001,0.001,0.001,0.001,0.0904
s40_off,86,seg1,d(item_3),move_to,step,item_3,d(item_3),0.9037,0.001,0.001,0.9037,0.001,0.001,0.001,0.001,0.0904
s40_off,87,seg1,d(item_3),move_to,step,item_3,d(item_3),0.9037,0.001,0.001,0.9037,0.001,0.001,0.001,0.001,0.0904
s40_off,88,seg1,d(item_3),move_to,step,item_3,d(item_3),0.9037,0.001,0.001,0.9037,0.001,0.001,0.001,0.001,0.0904
s40_off,89,seg1,d(item_3),move_to,step,item_3,d(item_3),0.9037,0.001,0.001,0.9037,0.001,0.001,0.001,0.001,0.0904
s40_off,90,seg1,d(item_3),move_to,step,item_3,d(item_3),0.9037,0.001,0.001,0.9037,0.001,0.001,0.001,0.001,0.0904
s40_off,91,seg1,d(item_3),move_to,step,item_3,d(item_3),0.9037,0.001,0.001,0.9037,0.001,0.001,0.001,0.001,0.0904
s40_off,92,seg1,d(item_3),move_to,step,item_3,d(item_3),0.9037,0.001,0.001,0.9037,0.001,0.001,0.001,0.001,0.0904
s40_off,93,seg1,d(item_3),move_to,step,item_3,d(item_3),0.9037,0.001,0.001,0.9037,0.001,0.001,0.001,0.001,0.0904
s40_off,94,seg1,d(item_3),move_to,step,item_3,d(item_3),0.9037,0.001,0.001,0.9037,0.001,0.001,0.001,0.001,0.0904
s40_off,95,seg1,d(item_3),move_to,step,item_3,d(item_3),0.9037,0.001,0.001,0.9037,0.001,0.001,0.001,0.001,0.0904
s40_off,96,seg1,d(item_3),move_to,step,item_3,d(item_3),0.9037,0.001,0.001,0.9037,0.001,0.001,0.001,0.001,0.0904
s40_off,97,seg1,d(item_3),move_to,step,item_3,d(item_3),0.9037,0.001,0.001,0.9037,0.001,0.001,0.001,0.001,0.0904
s40_off,98,seg1,d(item_3),move_to,step,item_3,d(item_3),0.9037,0.001,0.001,0.9037,0.001,0.001,0.001,0.001,0.0904
s40_off,99,seg1,d(item_3),move_to,step,item_3,d(item_3),0.9037,0.001,0.001,0.9037,0.001,0.001,0.001,0.001,0.0904
s40_off,100,seg1,d(item_3),move_to,step,item_3,d(item_3),0.9037,0.001,0.001,0.9037,0.001,0.001,0.001,0.001,0.0904
s40_off,101,seg1,d(item_3),move_to,step,item_3,d(item_3),0.9037,0.001,0.001,0.9037,0.001,0.001,0.001,0.001,0.0904
s40_off,102,seg1,d(item_3),move_to,step,item_3,d(item_3),0.9037,0.001,0.001,0.9037,0.001,0.001,0.001,0.001,0.0904
s40_off,103,seg1,d(item_3),move_to,step,item_3,d(item_3),0.9037,0.001,0.001,0.9037,0.001,0.001,0.001,0.001,0.0904
s40_off,104,seg1,d(item_3),move_to,step,item_3,d(item_3),0.9037,0.001,0.001,0.9037,0.001,0.001,0.001,0.001,0.0904
s40_off,105,seg1,d(item_3),move_to,step,item_3,d(item_3),0.9037,0.001,0.001,0.9037,0.001,0.001,0.001,0.001,0.0904
s40_off,106,seg1,d(item_3),move_to,step,item_3,d(item_3),0.9037,0.001,0.001,0.9037,0.001,0.001,0.001,0.001,0.0904
s40_off,107,seg1,d(item_3),move_to,step,item_3,d(item_3),0.9037,0.001,0.001,0.9037,0.001,0.001,0.001,0.001,0.0904
s40_off,108,seg1,d(item_3),move_to,step,item_3,d(item_3),0.9037,0.001,0.001,0.9037,0.001,0.001,0.001,0.001,0.0904
s40_off,109,seg1,d(item_3),move_to,step,item_3,d(item_3),0.9037,0.001,0.001,0.9037,0.001,0.001,0.001,0.001,0.0904
s40_off,110,seg1,d(item_3),move_to,step,item_3,d(item_3),0.9037,0.001,0.001,0.9037,0.001,0.001,0.001,0.001,0.0904
s40_off,111,seg1,d(item_3),move_to,step,item_3,d(item_3),0.9037,0.001,0.001,0.9037,0.001,0.001,0.001,0.001,0.0904
s40_off,112,seg1,d(item_3),move_to,step,item_3,d(item_3),0.9037,0.001,0.001,0.9037,0.001,0.001,0.001,0.001,0.0904
s40_off,113,seg1,d(item_3),move_to,step,item_3,d(item_3),0.9037,0.001,0.001,0.9037,0.001,0.001,0.001,0.001,0.0904
s40_off,114,seg1,d(item_3),move_to,,item_3,d(item_3),0.9037,0.001,0.001,0.9037,0.001,0.001,0.001,0.001,0.0904
s40_off,115,seg1,d(item_3),place,release,,unknown,0.993,0.001,0.001,0.001,0.001,0.001,0.001,0.001,0.993
s40_off,116,seg1,d(item_3),place,,,ac,0.4738,0.4738,0.4738,0.001,0.001,0.001,0.001,0.001,0.0474
s40_off,117,seg2,coffee,,,,ac,0.4738,0.4738,0.4738,0.001,0.001,0.001,0.001,0.001,0.0474
s40_off,118,seg2,coffee,move_to,step,,coffee,0.5022,0.4426,0.5022,0.001,0.001,0.001,0.001,0.001,0.0502
s40_off,119,seg2,coffee,move_to,step,,coffee,0.5345,0.4071,0.5345,0.001,0.001,0.001,0.001,0.001,0.0534
s40_off,120,seg2,coffee,move_to,step,,coffee,0.5701,0.3679,0.5701,0.001,0.001,0.001,0.001,0.001,0.057
s40_off,121,seg2,coffee,move_to,step,,coffee,0.6084,0.3258,0.6084,0.001,0.001,0.001,0.001,0.001,0.0608
s40_off,122,seg2,coffee,move_to,step,,coffee,0.6479,0.2824,0.6479,0.001,0.001,0.001,0.001,0.001,0.0648
s40_off,123,seg2,coffee,move_to,step,,coffee,0.6871,0.2392,0.6871,0.001,0.001,0.001,0.001,0.001,0.0687
s40_off,124,seg2,coffee,move_to,step,,coffee,0.7246,0.198,0.7246,0.001,0.001,0.001,0.001,0.001,0.0725
s40_off,125,seg2,coffee,move_to,step,,coffee,0.7589,0.1602,0.7589,0.001,0.001,0.001,0.001,0.001,0.0759
s40_off,126,seg2,coffee,move_to,step,,coffee,0.7892,0.1269,0.7892,0.001,0.001,0.001,0.001,0.001,0.0789
s40_off,127,seg2,coffee,move_to,step,,coffee,0.8149,0.0986,0.8149,0.001,0.001,0.001,0.001,0.001,0.0815
s40_off,128,seg2,coffee,move_to,step,,coffee,0.8361,0.0754,0.8361,0.001,0.001,0.001,0.001,0.001,0.0836
s40_off,129,seg2,coffee,move_to,step,,coffee,0.853,0.0567,0.853,0.001,0.001,0.001,0.001,0.001,0.0853
s40_off,130,seg2,coffee,move_to,step,,coffee,0.8662,0.0422,0.8662,0.001,0.001,0.001,0.001,0.001,0.0866
s40_off,131,seg2,coffee,move_to,step,,coffee,0.8764,0.031,0.8764,0.001,0.001,0.001,0.001,0.001,0.0876
s40_off,132,seg2,coffee,move_to,step,,coffee,0.884,0.0226,0.884,0.001,0.001,0.001,0.001,0.001,0.0884
s40_off,133,seg2,coffee,move_to,step,,coffee,0.8897,0.0163,0.8897,0.001,0.001,0.001,0.001,0.001,0.089
s40_off,134,seg2,coffee,move_to,step,,coffee,0.8939,0.0117,0.8939,0.001,0.001,0.001,0.001,0.001,0.0894
s40_off,135,seg2,coffee,move_to,step,,coffee,0.8969,0.0084,0.8969,0.001,0.001,0.001,0.001,0.001,0.0897
s40_off,136,seg2,coffee,move_to,step,,coffee,0.8991,0.006,0.8991,0.001,0.001,0.001,0.001,0.001,0.0899
s40_off,137,seg2,coffee,move_to,step,,coffee,0.9007,0.0042,0.9007,0.001,0.001,0.001,0.001,0.001,0.0901
s40_off,138,seg2,coffee,move_to,step,,coffee,0.9019,0.003,0.9019,0.001,0.001,0.001,0.001,0.001,0.0902
s40_off,139,seg2,coffee,move_to,step,,coffee,0.9027,0.0021,0.9027,0.001,0.001,0.001,0.001,0.001,0.0903
s40_off,140,seg2,coffee,move_to,step,,coffee,0.9032,0.0015,0.9032,0.001,0.001,0.001,0.001,0.001,0.0903
s40_off,141,seg2,coffee,move_to,step,,coffee,0.9036,0.001,0.9036,0.001,0.001,0.001,0.001,0.001,0.0904
s40_off,142,seg2,coffee,move_to,step,,coffee,0.9037,0.001,0.9037,0.001,0.001,0.001,0.001,0.001,0.0904
s40_off,143,seg2,coffee,move_to,step,,coffee,0.9037,0.001,0.9037,0.001,0.001,0.001,0.001,0.001,0.0904
s40_off,144,seg2,coffee,move_to,step,,coffee,0.9037,0.001,0.9037,0.001,0.001,0.001,0.001,0.001,0.0904
s40_off,145,seg2,coffee,move_to,step,,coffee,0.9037,0.001,0.9037,0.001,0.001,0.001,0.001,0.001,0.0904
s40_off,146,seg2,coffee,move_to,step,,coffee,0.9037,0.001,0.9037,0.001,0.001,0.001,0.001,0.001,0.0904
s40_off,147,seg2,coffee,move_to,step,,coffee,0.9037,0.001,0.9037,0.001,0.001,0.001,0.001,0.001,0.0904
s40_off,148,seg2,coffee,move_to,step,,coffee,0.9037,0.001,0.9037,0.001,0.001,0.001,0.001,0.001,0.0904
s40_off,149,seg2,coffee,move_to,step,,coffee,0.9037,0.001,0.9037,0.001,0.001,0.001,0.001,0.001,0.0904
s40_off,150,seg2,coffee,move_to,step,,coffee,0.9037,0.001,0.9037,0.001,0.001,0.001,0.001,0.001,0.0904
s40_off,151,seg2,coffee,move_to,step,,coffee,0.9037,0.001,0.9037,0.001,0.001,0.001,0.001,0.001,0.0904
s40_off,152,seg2,coffee,move_to,step,,coffee,0.9037,0.001,0.9037,0.001,0.001,0.001,0.001,0.001,0.0904
s40_off,153,seg2,coffee,move_to,step,,coffee,0.9037,0.001,0.9037,0.001,0.001,0.001,0.001,0.001,0.0904
s40_off,154,seg2,coffee,move_to,,,coffee,0.9037,0.001,0.9037,0.001,0.001,0.001,0.001,0.001,0.0904
s40_off,155,seg2,coffee,wait_at,stand,,coffee,0.9037,0.001,0.9037,0.001,0.001,0.001,0.001,0.001,0.0904
s40_off,156,seg2,coffee,wait_at,stand,,coffee,0.9037,0.001,0.9037,0.001,0.001,0.001,0.001,0.001,0.0904
s40_off,157,seg2,coffee,wait_at,stand,,coffee,0.9037,0.001,0.9037,0.001,0.001,0.001,0.001,0.001,0.0904
s40_off,158,seg2,coffee,wait_at,stand,,coffee,0.9037,0.001,0.9037,0.001,0.001,0.001,0.001,0.001,0.0904
s40_off,159,seg2,coffee,wait_at,stand,,coffee,0.9037,0.001,0.9037,0.001,0.001,0.001,0.001,0.001,0.0904
s40_off,160,seg2,coffee,wait_at,stand,,coffee,0.9037,0.001,0.9037,0.001,0.001,0.001,0.001,0.001,0.0904
s40_off,161,seg2,coffee,wait_at,stand,,coffee,0.9037,0.001,0.9037,0.001,0.001,0.001,0.001,0.001,0.0904
s40_off,162,seg2,coffee,wait_at,stand,,coffee,0.9037,0.001,0.9037,0.001,0.001,0.001,0.001,0.001,0.0904
s40_off,163,seg2,coffee,wait_at,stand,,coffee,0.9037,0.001,0.9037,0.001,0.001,0.001,0.001,0.001,0.0904
s40_off,164,seg2,coffee,wait_at,stand,,coffee,0.9037,0.001,0.9037,0.001,0.001,0.001,0.001,0.001,0.0904
s40_off,165,seg2,coffee,wait_at,stand,,coffee,0.9037,0.001,0.9037,0.001,0.001,0.001,0.001,0.001,0.0904
s40_off,166,seg2,coffee,wait_at,stand,,coffee,0.9037,0.001,0.9037,0.001,0.001,0.001,0.001,0.001,0.0904
s40_off,167,seg2,coffee,wait_at,stand,,coffee,0.9037,0.001,0.9037,0.001,0.001,0.001,0.001,0.001,0.0904
s40_off,168,seg2,coffee,wait_at,stand,,coffee,0.9037,0.001,0.9037,0.001,0.001,0.001,0.001,0.001,0.0904
s40_off,169,seg2,coffee,wait_at,stand,,coffee,0.9037,0.001,0.9037,0.001,0.001,0.001,0.001,0.001,0.0904
s40_off,170,seg2,coffee,wait_at,stand,,coffee,0.9037,0.001,0.9037,0.001,0.001,0.001,0.001,0.001,0.0904
s40_off,171,seg2,coffee,wait_at,stand,,coffee,0.9037,0.001,0.9037,0.001,0.001,0.001,0.001,0.001,0.0904
s40_off,172,seg2,coffee,wait_at,stand,,coffee,0.9037,0.001,0.9037,0.001,0.001,0.001,0.001,0.001,0.0904
s40_off,173,seg2,coffee,wait_at,stand,,coffee,0.9037,0.001,0.9037,0.001,0.001,0.001,0.001,0.001,0.0904
s40_off,174,seg2,coffee,wait_at,stand,,coffee,0.9037,0.001,0.9037,0.001,0.001,0.001,0.001,0.001,0.0904
s40_off,175,seg2,coffee,wait_at,stand,,coffee,0.9037,0.001,0.9037,0.001,0.001,0.001,0.001,0.001,0.0904
s40_off,176,seg2,coffee,wait_at,stand,,coffee,0.9037,0.001,0.9037,0.001,0.001,0.001,0.001,0.001,0.0904
s40_off,177,seg2,coffee,wait_at,stand,,coffee,0.9037,0.001,0.9037,0.001,0.001,0.001,0.001,0.001,0.0904
s40_off,178,seg2,coffee,wait_at,stand,,coffee,0.9037,0.001,0.9037,0.001,0.001,0.001,0.001,0.001,0.0904
s40_off,179,seg2,coffee,wait_at,stand,,coffee,0.9037,0.001,0.9037,0.001,0.001,0.001,0.001,0.001,0.0904
s40_off,180,seg2,coffee,wait_at,stand,,coffee,0.9037,0.001,0.9037,0.001,0.001,0.001,0.001,0.001,0.0904
s40_off,181,seg2,coffee,wait_at,stand,,coffee,0.9037,0.001,0.9037,0.001,0.001,0.001,0.001,0.001,0.0904
s40_off,182,seg2,coffee,wait_at,stand,,coffee,0.9037,0.001,0.9037,0.001,0.001,0.001,0.001,0.001,0.0904
s40_off,183,seg2,coffee,wait_at,stand,,coffee,0.9037,0.001,0.9037,0.001,0.001,0.001,0.001,0.001,0.0904
s40_off,184,seg2,coffee,wait_at,stand,,unknown,0.993,0.001,0.001,0.001,0.001,0.001,0.001,0.001,0.993
s40_off,185,seg2,coffee,wait_at,,,ac,0.9037,0.9037,0.001,0.001,0.001,0.001,0.001,0.001,0.0904
s40_off,186,seg3a,unknown,,,,ac,0.9037,0.9037,0.001,0.001,0.001,0.001,0.001,0.001,0.0904
s40_off,187,seg3a,unknown,move_to,step,,ac,0.8997,0.8997,0.001,0.001,0.001,0.001,0.001,0.001,0.0944
s40_off,188,seg3a,unknown,move_to,step,,ac,0.8951,0.8951,0.001,0.001,0.001,0.001,0.001,0.001,0.0989
s40_off,189,seg3a,unknown,move_to,step,,ac,0.89,0.89,0.001,0.001,0.001,0.001,0.001,0.001,0.104
s40_off,190,seg3a,unknown,move_to,step,,ac,0.8843,0.8843,0.001,0.001,0.001,0.001,0.001,0.001,0.1097
s40_off,191,seg3a,unknown,move_to,step,,ac,0.8777,0.8777,0.001,0.001,0.001,0.001,0.001,0.001,0.1163
s40_off,192,seg3a,unknown,move_to,step,,ac,0.8703,0.8703,0.001,0.001,0.001,0.001,0.001,0.001,0.1237
s40_off,193,seg3a,unknown,move_to,step,,ac,0.8618,0.8618,0.001,0.001,0.001,0.001,0.001,0.001,0.1322
s40_off,194,seg3a,unknown,move_to,step,,ac,0.8522,0.8522,0.001,0.001,0.001,0.001,0.001,0.001,0.1418
s40_off,195,seg3a,unknown,move_to,step,,ac,0.8413,0.8413,0.001,0.001,0.001,0.001,0.001,0.001,0.1528
s40_off,196,seg3a,unknown,move_to,step,,ac,0.8288,0.8288,0.001,0.001,0.001,0.001,0.001,0.001,0.1653
s40_off,197,seg3a,unknown,move_to,step,,ac,0.8145,0.8145,0.001,0.001,0.001,0.001,0.001,0.001,0.1795
s40_off,198,seg3a,unknown,move_to,step,,ac,0.7983,0.7983,0.001,0.001,0.001,0.001,0.001,0.001,0.1957
s40_off,199,seg3a,unknown,move_to,step,,ac,0.7799,0.7799,0.001,0.001,0.001,0.001,0.001,0.001,0.2141
s40_off,200,seg3a,unknown,move_to,step,,ac,0.7591,0.7591,0.001,0.001,0.001,0.001,0.001,0.001,0.235
s40_off,201,seg3a,unknown,move_to,step,,ac,0.7355,0.7355,0.001,0.001,0.001,0.001,0.001,0.001,0.2585
s40_off,202,seg3a,unknown,move_to,step,,ac,0.7091,0.7091,0.001,0.001,0.001,0.001,0.001,0.001,0.2849
s40_off,203,seg3a,unknown,move_to,step,,ac,0.6796,0.6796,0.001,0.001,0.001,0.001,0.001,0.001,0.3144
s40_off,204,seg3a,unknown,move_to,step,,ac,0.647,0.647,0.001,0.001,0.001,0.001,0.001,0.001,0.347
s40_off,205,seg3a,unknown,move_to,step,,ac,0.6112,0.6112,0.001,0.001,0.001,0.001,0.001,0.001,0.3828
s40_off,206,seg3a,unknown,move_to,,,ac,0.6112,0.6112,0.001,0.001,0.001,0.001,0.001,0.001,0.3828
s40_off,207,seg3a,unknown,wait_at,stand,,ac,0.6112,0.6112,0.001,0.001,0.001,0.001,0.001,0.001,0.3828
s40_off,208,seg3a,unknown,wait_at,,,ac,0.6112,0.6112,0.001,0.001,0.001,0.001,0.001,0.001,0.3828
s40_off,209,seg3b,unknown,,,,ac,0.6112,0.6112,0.001,0.001,0.001,0.001,0.001,0.001,0.3828
s40_off,210,seg3b,unknown,move_to,step,,ac,0.5217,0.5217,0.001,0.001,0.001,0.001,0.001,0.001,0.4723
s40_off,211,seg3b,unknown,move_to,step,,unknown,0.5654,0.4286,0.001,0.001,0.001,0.001,0.001,0.001,0.5654
s40_off,212,seg3b,unknown,move_to,step,,unknown,0.6553,0.3387,0.001,0.001,0.001,0.001,0.001,0.001,0.6553
s40_off,213,seg3b,unknown,move_to,step,,unknown,0.7357,0.2583,0.001,0.001,0.001,0.001,0.001,0.001,0.7357
s40_off,214,seg3b,unknown,move_to,step,,unknown,0.8031,0.1909,0.001,0.001,0.001,0.001,0.001,0.001,0.8031
s40_off,215,seg3b,unknown,move_to,step,,unknown,0.8565,0.1376,0.001,0.001,0.001,0.001,0.001,0.001,0.8565
s40_off,216,seg3b,unknown,move_to,step,,unknown,0.8968,0.0972,0.001,0.001,0.001,0.001,0.001,0.001,0.8968
s40_off,217,seg3b,unknown,move_to,step,,unknown,0.9263,0.0677,0.001,0.001,0.001,0.001,0.001,0.001,0.9263
s40_off,218,seg3b,unknown,move_to,step,,unknown,0.9474,0.0466,0.001,0.001,0.001,0.001,0.001,0.001,0.9474
s40_off,219,seg3b,unknown,move_to,step,,unknown,0.9621,0.0319,0.001,0.001,0.001,0.001,0.001,0.001,0.9621
s40_off,220,seg3b,unknown,move_to,step,,unknown,0.9723,0.0217,0.001,0.001,0.001,0.001,0.001,0.001,0.9723
s40_off,221,seg3b,unknown,move_to,step,,unknown,0.9793,0.0147,0.001,0.001,0.001,0.001,0.001,0.001,0.9793
s40_off,222,seg3b,unknown,move_to,step,,unknown,0.9841,0.0099,0.001,0.001,0.001,0.001,0.001,0.001,0.9841
s40_off,223,seg3b,unknown,move_to,step,,unknown,0.9873,0.0067,0.001,0.001,0.001,0.001,0.001,0.001,0.9873
s40_off,224,seg3b,unknown,move_to,step,,unknown,0.9895,0.0045,0.001,0.001,0.001,0.001,0.001,0.001,0.9895
s40_off,225,seg3b,unknown,move_to,step,,unknown,0.991,0.003,0.001,0.001,0.001,0.001,0.001,0.001,0.991
s40_off,226,seg3b,unknown,move_to,step,,unknown,0.992,0.002,0.001,0.001,0.001,0.001,0.001,0.001,0.992
s40_off,227,seg3b,unknown,move_to,,,unknown,0.992,0.002,0.001,0.001,0.001,0.001,0.001,0.001,0.992
s40_off,228,seg3b,unknown,wait_at,stand,,unknown,0.992,0.002,0.001,0.001,0.001,0.001,0.001,0.001,0.992
s40_off,229,seg3b,unknown,wait_at,,,unknown,0.992,0.002,0.001,0.001,0.001,0.001,0.001,0.001,0.992
s40_off,230,seg4,d(item_6),,,,unknown,0.992,0.002,0.001,0.001,0.001,0.001,0.001,0.001,0.992
s40_off,231,seg4,d(item_6),move_to,step,,unknown,0.9921,0.0019,0.001,0.001,0.001,0.001,0.001,0.001,0.9921
s40_off,232,seg4,d(item_6),move_to,step,,unknown,0.9923,0.0017,0.001,0.001,0.001,0.001,0.001,0.001,0.9923
s40_off,233,seg4,d(item_6),move_to,step,,unknown,0.9924,0.0016,0.001,0.001,0.001,0.001,0.001,0.001,0.9924
s40_off,234,seg4,d(item_6),move_to,step,,unknown,0.9926,0.0015,0.001,0.001,0.001,0.001,0.001,0.001,0.9926
s40_off,235,seg4,d(item_6),move_to,step,,unknown,0.9927,0.0013,0.001,0.001,0.001,0.001,0.001,0.001,0.9927
s40_off,236,seg4,d(item_6),move_to,step,,unknown,0.9928,0.0012,0.001,0.001,0.001,0.001,0.001,0.001,0.9928
s40_off,237,seg4,d(item_6),move_to,step,,unknown,0.9929,0.0011,0.001,0.001,0.001,0.001,0.001,0.001,0.9929
s40_off,238,seg4,d(item_6),move_to,step,,unknown,0.993,0.001,0.001,0.001,0.001,0.001,0.001,0.001,0.993
s40_off,239,seg4,d(item_6),move_to,step,,unknown,0.993,0.001,0.001,0.001,0.001,0.001,0.001,0.001,0.993
s40_off,240,seg4,d(item_6),move_to,step,,unknown,0.993,0.001,0.001,0.001,0.001,0.001,0.001,0.001,0.993
s40_off,241,seg4,d(item_6),move_to,step,,unknown,0.993,0.001,0.001,0.001,0.001,0.001,0.001,0.001,0.993
s40_off,242,seg4,d(item_6),move_to,step,,unknown,0.993,0.001,0.001,0.001,0.001,0.001,0.001,0.001,0.993
s40_off,243,seg4,d(item_6),move_to,step,,unknown,0.993,0.001,0.001,0.001,0.001,0.001,0.001,0.001,0.993
s40_off,244,seg4,d(item_6),move_to,step,,unknown,0.993,0.001,0.001,0.001,0.001,0.001,0.001,0.001,0.993
s40_off,245,seg4,d(item_6),move_to,step,,unknown,0.993,0.001,0.001,0.001,0.001,0.001,0.001,0.001,0.993
s40_off,246,seg4,d(item_6),move_to,step,,unknown,0.993,0.001,0.001,0.001,0.001,0.001,0.001,0.001,0.993
s40_off,247,seg4,d(item_6),move_to,step,,unknown,0.993,0.001,0.001,0.001,0.001,0.001,0.001,0.001,0.993
s40_off,248,seg4,d(item_6),move_to,step,,unknown,0.993,0.001,0.001,0.001,0.001,0.001,0.001,0.001,0.993
s40_off,249,seg4,d(item_6),move_to,step,,unknown,0.993,0.001,0.001,0.001,0.001,0.001,0.001,0.001,0.993
s40_off,250,seg4,d(item_6),move_to,step,,unknown,0.993,0.001,0.001,0.001,0.001,0.001,0.001,0.001,0.993
s40_off,251,seg4,d(item_6),move_to,step,,unknown,0.993,0.001,0.001,0.001,0.001,0.001,0.001,0.001,0.993
s40_off,252,seg4,d(item_6),move_to,step,,unknown,0.993,0.001,0.001,0.001,0.001,0.001,0.001,0.001,0.993
s40_off,253,seg4,d(item_6),move_to,step,,unknown,0.993,0.001,0.001,0.001,0.001,0.001,0.001,0.001,0.993
s40_off,254,seg4,d(item_6),move_to,step,,unknown,0.993,0.001,0.001,0.001,0.001,0.001,0.001,0.001,0.993
s40_off,255,seg4,d(item_6),move_to,step,,unknown,0.993,0.001,0.001,0.001,0.001,0.001,0.001,0.001,0.993
s40_off,256,seg4,d(item_6),move_to,step,,unknown,0.993,0.001,0.001,0.001,0.001,0.001,0.001,0.001,0.993
s40_off,257,seg4,d(item_6),move_to,step,,unknown,0.993,0.001,0.001,0.001,0.001,0.001,0.001,0.001,0.993
s40_off,258,seg4,d(item_6),move_to,step,,unknown,0.993,0.001,0.001,0.001,0.001,0.001,0.001,0.001,0.993
s40_off,259,seg4,d(item_6),move_to,step,,unknown,0.993,0.001,0.001,0.001,0.001,0.001,0.001,0.001,0.993
s40_off,260,seg4,d(item_6),move_to,step,,unknown,0.993,0.001,0.001,0.001,0.001,0.001,0.001,0.001,0.993
s40_off,261,seg4,d(item_6),move_to,step,,unknown,0.993,0.001,0.001,0.001,0.001,0.001,0.001,0.001,0.993
s40_off,262,seg4,d(item_6),move_to,step,,unknown,0.993,0.001,0.001,0.001,0.001,0.001,0.001,0.001,0.993
s40_off,263,seg4,d(item_6),move_to,step,,unknown,0.993,0.001,0.001,0.001,0.001,0.001,0.001,0.001,0.993
s40_off,264,seg4,d(item_6),move_to,step,,unknown,0.993,0.001,0.001,0.001,0.001,0.001,0.001,0.001,0.993
s40_off,265,seg4,d(item_6),move_to,step,,unknown,0.993,0.001,0.001,0.001,0.001,0.001,0.001,0.001,0.993
s40_off,266,seg4,d(item_6),move_to,step,,unknown,0.993,0.001,0.001,0.001,0.001,0.001,0.001,0.001,0.993
s40_off,267,seg4,d(item_6),move_to,step,,unknown,0.993,0.001,0.001,0.001,0.001,0.001,0.001,0.001,0.993
s40_off,268,seg4,d(item_6),move_to,step,,unknown,0.993,0.001,0.001,0.001,0.001,0.001,0.001,0.001,0.993
s40_off,269,seg4,d(item_6),move_to,step,,unknown,0.993,0.001,0.001,0.001,0.001,0.001,0.001,0.001,0.993
s40_off,270,seg4,d(item_6),move_to,step,,unknown,0.993,0.001,0.001,0.001,0.001,0.001,0.001,0.001,0.993
s40_off,271,seg4,d(item_6),move_to,,,unknown,0.993,0.001,0.001,0.001,0.001,0.001,0.001,0.001,0.993
s40_off,272,seg4,d(item_6),pick_up,grasp,item_6,unknown,0.993,0.001,0.001,0.001,0.001,0.001,0.001,0.001,0.993
s40_off,273,seg4,d(item_6),pick_up,,item_6,unknown,0.993,0.001,0.001,0.001,0.001,0.001,0.001,0.001,0.993
s40_off,274,seg4,d(item_6),move_to,step,item_6,unknown,0.993,0.001,0.001,0.001,0.001,0.001,0.001,0.001,0.993
s40_off,275,seg4,d(item_6),move_to,step,item_6,unknown,0.993,0.001,0.001,0.001,0.001,0.001,0.001,0.001,0.993
s40_off,276,seg4,d(item_6),move_to,step,item_6,unknown,0.993,0.001,0.001,0.001,0.001,0.001,0.001,0.001,0.993
s40_off,277,seg4,d(item_6),move_to,step,item_6,unknown,0.993,0.001,0.001,0.001,0.001,0.001,0.001,0.001,0.993
s40_off,278,seg4,d(item_6),move_to,step,item_6,unknown,0.993,0.001,0.001,0.001,0.001,0.001,0.001,0.001,0.993
s40_off,279,seg4,d(item_6),move_to,step,item_6,unknown,0.993,0.001,0.001,0.001,0.001,0.001,0.001,0.001,0.993
s40_off,280,seg4,d(item_6),move_to,step,item_6,unknown,0.993,0.001,0.001,0.001,0.001,0.001,0.001,0.001,0.993
s40_off,281,seg4,d(item_6),move_to,step,item_6,unknown,0.993,0.001,0.001,0.001,0.001,0.001,0.001,0.001,0.993
s40_off,282,seg4,d(item_6),move_to,step,item_6,unknown,0.993,0.001,0.001,0.001,0.001,0.001,0.001,0.001,0.993
s40_off,283,seg4,d(item_6),move_to,step,item_6,unknown,0.993,0.001,0.001,0.001,0.001,0.001,0.001,0.001,0.993
s40_off,284,seg4,d(item_6),move_to,step,item_6,unknown,0.993,0.001,0.001,0.001,0.001,0.001,0.001,0.001,0.993
s40_off,285,seg4,d(item_6),move_to,step,item_6,unknown,0.993,0.001,0.001,0.001,0.001,0.001,0.001,0.001,0.993
s40_off,286,seg4,d(item_6),move_to,step,item_6,unknown,0.993,0.001,0.001,0.001,0.001,0.001,0.001,0.001,0.993
s40_off,287,seg4,d(item_6),move_to,step,item_6,unknown,0.993,0.001,0.001,0.001,0.001,0.001,0.001,0.001,0.993
s40_off,288,seg4,d(item_6),move_to,step,item_6,unknown,0.993,0.001,0.001,0.001,0.001,0.001,0.001,0.001,0.993
s40_off,289,seg4,d(item_6),move_to,step,item_6,unknown,0.993,0.001,0.001,0.001,0.001,0.001,0.001,0.001,0.993
s40_off,290,seg4,d(item_6),move_to,step,item_6,unknown,0.993,0.001,0.001,0.001,0.001,0.001,0.001,0.001,0.993
s40_off,291,seg4,d(item_6),move_to,step,item_6,unknown,0.993,0.001,0.001,0.001,0.001,0.001,0.001,0.001,0.993
s40_off,292,seg4,d(item_6),move_to,step,item_6,unknown,0.993,0.001,0.001,0.001,0.001,0.001,0.001,0.001,0.993
s40_off,293,seg4,d(item_6),move_to,step,item_6,unknown,0.993,0.001,0.001,0.001,0.001,0.001,0.001,0.001,0.993
s40_off,294,seg4,d(item_6),move_to,step,item_6,unknown,0.993,0.001,0.001,0.001,0.001,0.001,0.001,0.001,0.993
s40_off,295,seg4,d(item_6),move_to,step,item_6,unknown,0.993,0.001,0.001,0.001,0.001,0.001,0.001,0.001,0.993
s40_off,296,seg4,d(item_6),move_to,step,item_6,unknown,0.993,0.001,0.001,0.001,0.001,0.001,0.001,0.001,0.993
s40_off,297,seg4,d(item_6),move_to,step,item_6,unknown,0.993,0.001,0.001,0.001,0.001,0.001,0.001,0.001,0.993
s40_off,298,seg4,d(item_6),move_to,step,item_6,unknown,0.993,0.001,0.001,0.001,0.001,0.001,0.001,0.001,0.993
s40_off,299,seg4,d(item_6),move_to,step,item_6,unknown,0.993,0.001,0.001,0.001,0.001,0.001,0.001,0.001,0.993
s40_off,300,seg4,d(item_6),move_to,step,item_6,unknown,0.993,0.001,0.001,0.001,0.001,0.001,0.001,0.001,0.993
s40_off,301,seg4,d(item_6),move_to,step,item_6,unknown,0.993,0.001,0.001,0.001,0.001,0.001,0.001,0.001,0.993
s40_off,302,seg4,d(item_6),move_to,step,item_6,unknown,0.993,0.001,0.001,0.001,0.001,0.001,0.001,0.001,0.993
s40_off,303,seg4,d(item_6),move_to,step,item_6,unknown,0.993,0.001,0.001,0.001,0.001,0.001,0.001,0.001,0.993
s40_off,304,seg4,d(item_6),move_to,step,item_6,unknown,0.993,0.001,0.001,0.001,0.001,0.001,0.001,0.001,0.993
s40_off,305,seg4,d(item_6),move_to,step,item_6,unknown,0.993,0.001,0.001,0.001,0.001,0.001,0.001,0.001,0.993
s40_off,306,seg4,d(item_6),move_to,step,item_6,unknown,0.993,0.001,0.001,0.001,0.001,0.001,0.001,0.001,0.993
s40_off,307,seg4,d(item_6),move_to,step,item_6,unknown,0.993,0.001,0.001,0.001,0.001,0.001,0.001,0.001,0.993
s40_off,308,seg4,d(item_6),move_to,step,item_6,unknown,0.993,0.001,0.001,0.001,0.001,0.001,0.001,0.001,0.993
s40_off,309,seg4,d(item_6),move_to,step,item_6,unknown,0.993,0.001,0.001,0.001,0.001,0.001,0.001,0.001,0.993
s40_off,310,seg4,d(item_6),move_to,step,item_6,unknown,0.993,0.001,0.001,0.001,0.001,0.001,0.001,0.001,0.993
s40_off,311,seg4,d(item_6),move_to,step,item_6,unknown,0.993,0.001,0.001,0.001,0.001,0.001,0.001,0.001,0.993
s40_off,312,seg4,d(item_6),move_to,step,item_6,unknown,0.993,0.001,0.001,0.001,0.001,0.001,0.001,0.001,0.993
s40_off,313,seg4,d(item_6),move_to,step,item_6,unknown,0.993,0.001,0.001,0.001,0.001,0.001,0.001,0.001,0.993
s40_off,314,seg4,d(item_6),move_to,step,item_6,unknown,0.993,0.001,0.001,0.001,0.001,0.001,0.001,0.001,0.993
s40_off,315,seg4,d(item_6),move_to,step,item_6,unknown,0.993,0.001,0.001,0.001,0.001,0.001,0.001,0.001,0.993
s40_off,316,seg4,d(item_6),move_to,step,item_6,unknown,0.993,0.001,0.001,0.001,0.001,0.001,0.001,0.001,0.993
s40_off,317,seg4,d(item_6),move_to,step,item_6,unknown,0.993,0.001,0.001,0.001,0.001,0.001,0.001,0.001,0.993
s40_off,318,seg4,d(item_6),move_to,step,item_6,unknown,0.993,0.001,0.001,0.001,0.001,0.001,0.001,0.001,0.993
s40_off,319,seg4,d(item_6),move_to,step,item_6,unknown,0.993,0.001,0.001,0.001,0.001,0.001,0.001,0.001,0.993
s40_off,320,seg4,d(item_6),move_to,step,item_6,unknown,0.993,0.001,0.001,0.001,0.001,0.001,0.001,0.001,0.993
s40_off,321,seg4,d(item_6),move_to,step,item_6,unknown,0.993,0.001,0.001,0.001,0.001,0.001,0.001,0.001,0.993
s40_off,322,seg4,d(item_6),move_to,step,item_6,unknown,0.993,0.001,0.001,0.001,0.001,0.001,0.001,0.001,0.993
s40_off,323,seg4,d(item_6),move_to,step,item_6,unknown,0.993,0.001,0.001,0.001,0.001,0.001,0.001,0.001,0.993
s40_off,324,seg4,d(item_6),move_to,step,item_6,unknown,0.993,0.001,0.001,0.001,0.001,0.001,0.001,0.001,0.993
s40_off,325,seg4,d(item_6),move_to,step,item_6,unknown,0.993,0.001,0.001,0.001,0.001,0.001,0.001,0.001,0.993
s40_off,326,seg4,d(item_6),move_to,step,item_6,unknown,0.993,0.001,0.001,0.001,0.001,0.001,0.001,0.001,0.993
s40_off,327,seg4,d(item_6),move_to,step,item_6,unknown,0.993,0.001,0.001,0.001,0.001,0.001,0.001,0.001,0.993
s40_off,328,seg4,d(item_6),move_to,step,item_6,unknown,0.993,0.001,0.001,0.001,0.001,0.001,0.001,0.001,0.993
s40_off,329,seg4,d(item_6),move_to,step,item_6,unknown,0.993,0.001,0.001,0.001,0.001,0.001,0.001,0.001,0.993
s40_off,330,seg4,d(item_6),move_to,,item_6,unknown,0.993,0.001,0.001,0.001,0.001,0.001,0.001,0.001,0.993
s40_off,331,seg4,d(item_6),place,release,,unknown,0.993,0.001,0.001,0.001,0.001,0.001,0.001,0.001,0.993
s40_off,332,seg4,d(item_6),place,,,ac,0.9036,0.9036,0.001,0.001,0.001,0.001,0.001,0.001,0.0904
s40_off,333,done,unknown,,,,ac,0.9036,0.9036,0.001,0.001,0.001,0.001,0.001,0.001,0.0904
s40_off,334,done,unknown,,,,ac,0.9036,0.9036,0.001,0.001,0.001,0.001,0.001,0.001,0.0904
s40_off,335,done,unknown,,,,ac,0.9036,0.9036,0.001,0.001,0.001,0.001,0.001,0.001,0.0904
s40_off,336,done,unknown,,,,ac,0.9036,0.9036,0.001,0.001,0.001,0.001,0.001,0.001,0.0904
s40_off,337,done,unknown,,,,ac,0.9036,0.9036,0.001,0.001,0.001,0.001,0.001,0.001,0.0904
s40_off,338,done,unknown,,,,ac,0.9036,0.9036,0.001,0.001,0.001,0.001,0.001,0.001,0.0904
s40_off,339,done,unknown,,,,ac,0.9036,0.9036,0.001,0.001,0.001,0.001,0.001,0.001,0.0904
s40_off,340,done,unknown,,,,ac,0.9036,0.9036,0.001,0.001,0.001,0.001,0.001,0.001,0.0904
s40_off,341,done,unknown,,,,ac,0.9036,0.9036,0.001,0.001,0.001,0.001,0.001,0.001,0.0904
s40_off,342,done,unknown,,,,ac,0.9036,0.9036,0.001,0.001,0.001,0.001,0.001,0.001,0.0904
s40_off,343,done,unknown,,,,ac,0.9036,0.9036,0.001,0.001,0.001,0.001,0.001,0.001,0.0904
s40_off,344,done,unknown,,,,ac,0.9036,0.9036,0.001,0.001,0.001,0.001,0.001,0.001,0.0904
s40_off,345,done,unknown,,,,ac,0.9036,0.9036,0.001,0.001,0.001,0.001,0.001,0.001,0.0904
s40_off,346,done,unknown,,,,ac,0.9036,0.9036,0.001,0.001,0.001,0.001,0.001,0.001,0.0904
s40_off,347,done,unknown,,,,ac,0.9036,0.9036,0.001,0.001,0.001,0.001,0.001,0.001,0.0904
s40_off,348,done,unknown,,,,ac,0.9036,0.9036,0.001,0.001,0.001,0.001,0.001,0.001,0.0904
s40_off,349,done,unknown,,,,ac,0.9036,0.9036,0.001,0.001,0.001,0.001,0.001,0.001,0.0904
s40_off,350,done,unknown,,,,ac,0.9036,0.9036,0.001,0.001,0.001,0.001,0.001,0.001,0.0904
s40_off,351,done,unknown,,,,ac,0.9036,0.9036,0.001,0.001,0.001,0.001,0.001,0.001,0.0904
s40_off,352,done,unknown,,,,ac,0.9036,0.9036,0.001,0.001,0.001,0.001,0.001,0.001,0.0904
s40_off,353,done,unknown,,,,ac,0.9036,0.9036,0.001,0.001,0.001,0.001,0.001,0.001,0.0904
s40_off,354,done,unknown,,,,ac,0.9036,0.9036,0.001,0.001,0.001,0.001,0.001,0.001,0.0904
s40_off,355,done,unknown,,,,ac,0.9036,0.9036,0.001,0.001,0.001,0.001,0.001,0.001,0.0904
s40_off,356,done,unknown,,,,ac,0.9036,0.9036,0.001,0.001,0.001,0.001,0.001,0.001,0.0904
s40_off,357,done,unknown,,,,ac,0.9036,0.9036,0.001,0.001,0.001,0.001,0.001,0.001,0.0904
s40_off,358,done,unknown,,,,ac,0.9036,0.9036,0.001,0.001,0.001,0.001,0.001,0.001,0.0904
s40_off,359,done,unknown,,,,ac,0.9036,0.9036,0.001,0.001,0.001,0.001,0.001,0.001,0.0904
s40_off,360,done,unknown,,,,ac,0.9036,0.9036,0.001,0.001,0.001,0.001,0.001,0.001,0.0904
s40_off,361,done,unknown,,,,ac,0.9036,0.9036,0.001,0.001,0.001,0.001,0.001,0.001,0.0904
s40_off,362,done,unknown,,,,ac,0.9036,0.9036,0.001,0.001,0.001,0.001,0.001,0.001,0.0904
s40_off,363,done,unknown,,,,ac,0.9036,0.9036,0.001,0.001,0.001,0.001,0.001,0.001,0.0904
s40_off,364,done,unknown,,,,ac,0.9036,0.9036,0.001,0.001,0.001,0.001,0.001,0.001,0.0904
s40_off,365,done,unknown,,,,ac,0.9036,0.9036,0.001,0.001,0.001,0.001,0.001,0.001,0.0904
s40_off,366,done,unknown,,,,ac,0.9036,0.9036,0.001,0.001,0.001,0.001,0.001,0.001,0.0904
s40_off,367,done,unknown,,,,ac,0.9036,0.9036,0.001,0.001,0.001,0.001,0.001,0.001,0.0904
s40_off,368,done,unknown,,,,ac,0.9036,0.9036,0.001,0.001,0.001,0.001,0.001,0.001,0.0904
s40_off,369,done,unknown,,,,ac,0.9036,0.9036,0.001,0.001,0.001,0.001,0.001,0.001,0.0904
s40_off,370,done,unknown,,,,ac,0.9036,0.9036,0.001,0.001,0.001,0.001,0.001,0.001,0.0904
s40_off,371,done,unknown,,,,ac,0.9036,0.9036,0.001,0.001,0.001,0.001,0.001,0.001,0.0904
s40_off,372,done,unknown,,,,ac,0.9036,0.9036,0.001,0.001,0.001,0.001,0.001,0.001,0.0904
s40_off,373,done,unknown,,,,ac,0.9036,0.9036,0.001,0.001,0.001,0.001,0.001,0.001,0.0904
s40_off,374,done,unknown,,,,ac,0.9036,0.9036,0.001,0.001,0.001,0.001,0.001,0.001,0.0904
s40_off,375,done,unknown,,,,ac,0.9036,0.9036,0.001,0.001,0.001,0.001,0.001,0.001,0.0904
s40_off,376,done,unknown,,,,ac,0.9036,0.9036,0.001,0.001,0.001,0.001,0.001,0.001,0.0904
s40_off,377,done,unknown,,,,ac,0.9036,0.9036,0.001,0.001,0.001,0.001,0.001,0.001,0.0904
s40_off,378,done,unknown,,,,ac,0.9036,0.9036,0.001,0.001,0.001,0.001,0.001,0.001,0.0904
s40_on,0,seg1,d(item_3),move_to,step,,d(item_3),0.2664,0.217,0.2566,0.2664,0.001,0.001,0.2303,0.001,0.0266
s40_on,1,seg1,d(item_3),move_to,step,,d(item_3),0.2934,0.1879,0.2714,0.2934,0.001,0.001,0.215,0.001,0.0293
s40_on,2,seg1,d(item_3),move_to,step,,d(item_3),0.3236,0.1576,0.2864,0.3236,0.001,0.001,0.197,0.001,0.0324
s40_on,3,seg1,d(item_3),move_to,step,,d(item_3),0.356,0.1282,0.3005,0.356,0.001,0.001,0.1767,0.001,0.0356
s40_on,4,seg1,d(item_3),move_to,step,,d(item_3),0.3894,0.1013,0.3124,0.3894,0.001,0.001,0.1549,0.001,0.0389
s40_on,5,seg1,d(item_3),move_to,step,,d(item_3),0.4229,0.0781,0.321,0.4229,0.001,0.001,0.1328,0.001,0.0423
s40_on,6,seg1,d(item_3),move_to,step,,d(item_3),0.4555,0.0589,0.3257,0.4555,0.001,0.001,0.1114,0.001,0.0455
s40_on,7,seg1,d(item_3),move_to,step,,d(item_3),0.4867,0.0436,0.3263,0.4867,0.001,0.001,0.0917,0.001,0.0487
s40_on,8,seg1,d(item_3),move_to,step,,d(item_3),0.5164,0.0318,0.323,0.5164,0.001,0.001,0.0741,0.001,0.0516
s40_on,9,seg1,d(item_3),move_to,step,,d(item_3),0.5445,0.0229,0.3161,0.5445,0.001,0.001,0.0591,0.001,0.0544
s40_on,10,seg1,d(item_3),move_to,step,,d(item_3),0.5711,0.0164,0.3059,0.5711,0.001,0.001,0.0465,0.001,0.0571
s40_on,11,seg1,d(item_3),move_to,step,,d(item_3),0.5964,0.0116,0.293,0.5964,0.001,0.001,0.0363,0.001,0.0596
s40_on,12,seg1,d(item_3),move_to,step,,d(item_3),0.6207,0.0082,0.278,0.6207,0.001,0.001,0.028,0.001,0.0621
s40_on,13,seg1,d(item_3),move_to,step,,d(item_3),0.6441,0.0058,0.2612,0.6441,0.001,0.001,0.0215,0.001,0.0644
s40_on,14,seg1,d(item_3),move_to,step,,d(item_3),0.6667,0.004,0.2432,0.6667,0.001,0.001,0.0164,0.001,0.0667
s40_on,15,seg1,d(item_3),move_to,step,,d(item_3),0.6886,0.0028,0.2243,0.6886,0.001,0.001,0.0124,0.001,0.0689
s40_on,16,seg1,d(item_3),move_to,step,,d(item_3),0.7098,0.002,0.2049,0.7098,0.001,0.001,0.0094,0.001,0.071
s40_on,17,seg1,d(item_3),move_to,step,,d(item_3),0.7301,0.0014,0.1855,0.7301,0.001,0.001,0.007,0.001,0.073
s40_on,18,seg1,d(item_3),move_to,step,,d(item_3),0.7495,0.001,0.1663,0.7495,0.001,0.001,0.0053,0.001,0.075
s40_on,19,seg1,d(item_3),move_to,step,,d(item_3),0.7677,0.001,0.1476,0.7677,0.001,0.001,0.0039,0.001,0.0768
s40_on,20,seg1,d(item_3),move_to,step,,d(item_3),0.7849,0.001,0.1297,0.7849,0.001,0.001,0.0029,0.001,0.0785
s40_on,21,seg1,d(item_3),move_to,step,,d(item_3),0.8008,0.001,0.1129,0.8008,0.001,0.001,0.0021,0.001,0.0801
s40_on,22,seg1,d(item_3),move_to,step,,d(item_3),0.8155,0.001,0.0974,0.8155,0.001,0.001,0.0016,0.001,0.0816
s40_on,23,seg1,d(item_3),move_to,step,,d(item_3),0.8289,0.001,0.0831,0.8289,0.001,0.001,0.0012,0.001,0.0829
s40_on,24,seg1,d(item_3),move_to,step,,d(item_3),0.8407,0.001,0.0703,0.8407,0.001,0.001,0.001,0.001,0.0841
s40_on,25,seg1,d(item_3),move_to,step,,d(item_3),0.8511,0.001,0.0588,0.8511,0.001,0.001,0.001,0.001,0.0851
s40_on,26,seg1,d(item_3),move_to,step,,d(item_3),0.8602,0.001,0.0488,0.8602,0.001,0.001,0.001,0.001,0.086
s40_on,27,seg1,d(item_3),move_to,step,,d(item_3),0.8681,0.001,0.0401,0.8681,0.001,0.001,0.001,0.001,0.0868
s40_on,28,seg1,d(item_3),move_to,step,,d(item_3),0.8748,0.001,0.0327,0.8748,0.001,0.001,0.001,0.001,0.0875
s40_on,29,seg1,d(item_3),move_to,step,,d(item_3),0.8805,0.001,0.0265,0.8805,0.001,0.001,0.001,0.001,0.088
s40_on,30,seg1,d(item_3),move_to,step,,d(item_3),0.8853,0.001,0.0212,0.8853,0.001,0.001,0.001,0.001,0.0885
s40_on,31,seg1,d(item_3),move_to,step,,d(item_3),0.8892,0.001,0.0169,0.8892,0.001,0.001,0.001,0.001,0.0889
s40_on,32,seg1,d(item_3),move_to,step,,d(item_3),0.8924,0.001,0.0134,0.8924,0.001,0.001,0.001,0.001,0.0892
s40_on,33,seg1,d(item_3),move_to,step,,d(item_3),0.895,0.001,0.0105,0.895,0.001,0.001,0.001,0.001,0.0895
s40_on,34,seg1,d(item_3),move_to,step,,d(item_3),0.8971,0.001,0.0082,0.8971,0.001,0.001,0.001,0.001,0.0897
s40_on,35,seg1,d(item_3),move_to,step,,d(item_3),0.8988,0.001,0.0063,0.8988,0.001,0.001,0.001,0.001,0.0899
s40_on,36,seg1,d(item_3),move_to,step,,d(item_3),0.9001,0.001,0.0049,0.9001,0.001,0.001,0.001,0.001,0.09
s40_on,37,seg1,d(item_3),move_to,step,,d(item_3),0.9012,0.001,0.0037,0.9012,0.001,0.001,0.001,0.001,0.0901
s40_on,38,seg1,d(item_3),move_to,step,,d(item_3),0.902,0.001,0.0028,0.902,0.001,0.001,0.001,0.001,0.0902
s40_on,39,seg1,d(item_3),move_to,step,,d(item_3),0.9026,0.001,0.0021,0.9026,0.001,0.001,0.001,0.001,0.0903
s40_on,40,seg1,d(item_3),move_to,step,,d(item_3),0.9031,0.001,0.0016,0.9031,0.001,0.001,0.001,0.001,0.0903
s40_on,41,seg1,d(item_3),move_to,step,,d(item_3),0.9035,0.001,0.0012,0.9035,0.001,0.001,0.001,0.001,0.0903
s40_on,42,seg1,d(item_3),move_to,step,,d(item_3),0.9037,0.001,0.001,0.9037,0.001,0.001,0.001,0.001,0.0904
s40_on,43,seg1,d(item_3),move_to,step,,d(item_3),0.9037,0.001,0.001,0.9037,0.001,0.001,0.001,0.001,0.0904
s40_on,44,seg1,d(item_3),move_to,step,,d(item_3),0.9037,0.001,0.001,0.9037,0.001,0.001,0.001,0.001,0.0904
s40_on,45,seg1,d(item_3),move_to,step,,d(item_3),0.9037,0.001,0.001,0.9037,0.001,0.001,0.001,0.001,0.0904
s40_on,46,seg1,d(item_3),move_to,step,,d(item_3),0.9037,0.001,0.001,0.9037,0.001,0.001,0.001,0.001,0.0904
s40_on,47,seg1,d(item_3),move_to,step,,d(item_3),0.9037,0.001,0.001,0.9037,0.001,0.001,0.001,0.001,0.0904
s40_on,48,seg1,d(item_3),move_to,step,,d(item_3),0.9037,0.001,0.001,0.9037,0.001,0.001,0.001,0.001,0.0904
s40_on,49,seg1,d(item_3),move_to,step,,d(item_3),0.9037,0.001,0.001,0.9037,0.001,0.001,0.001,0.001,0.0904
s40_on,50,seg1,d(item_3),move_to,step,,d(item_3),0.9037,0.001,0.001,0.9037,0.001,0.001,0.001,0.001,0.0904
s40_on,51,seg1,d(item_3),move_to,step,,d(item_3),0.9037,0.001,0.001,0.9037,0.001,0.001,0.001,0.001,0.0904
s40_on,52,seg1,d(item_3),move_to,step,,d(item_3),0.9037,0.001,0.001,0.9037,0.001,0.001,0.001,0.001,0.0904
s40_on,53,seg1,d(item_3),move_to,step,,d(item_3),0.9037,0.001,0.001,0.9037,0.001,0.001,0.001,0.001,0.0904
s40_on,54,seg1,d(item_3),move_to,step,,d(item_3),0.9037,0.001,0.001,0.9037,0.001,0.001,0.001,0.001,0.0904
s40_on,55,seg1,d(item_3),move_to,step,,d(item_3),0.9037,0.001,0.001,0.9037,0.001,0.001,0.001,0.001,0.0904
s40_on,56,seg1,d(item_3),move_to,step,,d(item_3),0.9037,0.001,0.001,0.9037,0.001,0.001,0.001,0.001,0.0904
s40_on,57,seg1,d(item_3),move_to,step,,d(item_3),0.9037,0.001,0.001,0.9037,0.001,0.001,0.001,0.001,0.0904
s40_on,58,seg1,d(item_3),move_to,step,,d(item_3),0.9037,0.001,0.001,0.9037,0.001,0.001,0.001,0.001,0.0904
s40_on,59,seg1,d(item_3),move_to,,,d(item_3),0.9037,0.001,0.001,0.9037,0.001,0.001,0.001,0.001,0.0904
s40_on,60,seg1,d(item_3),pick_up,grasp,item_3,d(item_3),0.9037,0.001,0.001,0.9037,0.001,0.001,0.001,0.001,0.0904
s40_on,61,seg1,d(item_3),pick_up,,item_3,d(item_3),0.9037,0.001,0.001,0.9037,0.001,0.001,0.001,0.001,0.0904
s40_on,62,seg1,d(item_3),move_to,step,item_3,d(item_3),0.9037,0.001,0.001,0.9037,0.001,0.001,0.001,0.001,0.0904
s40_on,63,seg1,d(item_3),move_to,step,item_3,d(item_3),0.9037,0.001,0.001,0.9037,0.001,0.001,0.001,0.001,0.0904
s40_on,64,seg1,d(item_3),move_to,step,item_3,d(item_3),0.9037,0.001,0.001,0.9037,0.001,0.001,0.001,0.001,0.0904
s40_on,65,seg1,d(item_3),move_to,step,item_3,d(item_3),0.9037,0.001,0.001,0.9037,0.001,0.001,0.001,0.001,0.0904
s40_on,66,seg1,d(item_3),move_to,step,item_3,d(item_3),0.9037,0.001,0.001,0.9037,0.001,0.001,0.001,0.001,0.0904
s40_on,67,seg1,d(item_3),move_to,step,item_3,d(item_3),0.9037,0.001,0.001,0.9037,0.001,0.001,0.001,0.001,0.0904
s40_on,68,seg1,d(item_3),move_to,step,item_3,d(item_3),0.9037,0.001,0.001,0.9037,0.001,0.001,0.001,0.001,0.0904
s40_on,69,seg1,d(item_3),move_to,step,item_3,d(item_3),0.9037,0.001,0.001,0.9037,0.001,0.001,0.001,0.001,0.0904
s40_on,70,seg1,d(item_3),move_to,step,item_3,d(item_3),0.9037,0.001,0.001,0.9037,0.001,0.001,0.001,0.001,0.0904
s40_on,71,seg1,d(item_3),move_to,step,item_3,d(item_3),0.9037,0.001,0.001,0.9037,0.001,0.001,0.001,0.001,0.0904
s40_on,72,seg1,d(item_3),move_to,step,item_3,d(item_3),0.9037,0.001,0.001,0.9037,0.001,0.001,0.001,0.001,0.0904
s40_on,73,seg1,d(item_3),move_to,step,item_3,d(item_3),0.9037,0.001,0.001,0.9037,0.001,0.001,0.001,0.001,0.0904
s40_on,74,seg1,d(item_3),move_to,step,item_3,d(item_3),0.9037,0.001,0.001,0.9037,0.001,0.001,0.001,0.001,0.0904
s40_on,75,seg1,d(item_3),move_to,step,item_3,d(item_3),0.9037,0.001,0.001,0.9037,0.001,0.001,0.001,0.001,0.0904
s40_on,76,seg1,d(item_3),move_to,step,item_3,d(item_3),0.9037,0.001,0.001,0.9037,0.001,0.001,0.001,0.001,0.0904
s40_on,77,seg1,d(item_3),move_to,step,item_3,d(item_3),0.9037,0.001,0.001,0.9037,0.001,0.001,0.001,0.001,0.0904
s40_on,78,seg1,d(item_3),move_to,step,item_3,d(item_3),0.9037,0.001,0.001,0.9037,0.001,0.001,0.001,0.001,0.0904
s40_on,79,seg1,d(item_3),move_to,step,item_3,d(item_3),0.9037,0.001,0.001,0.9037,0.001,0.001,0.001,0.001,0.0904
s40_on,80,seg1,d(item_3),move_to,step,item_3,d(item_3),0.9037,0.001,0.001,0.9037,0.001,0.001,0.001,0.001,0.0904
s40_on,81,seg1,d(item_3),move_to,step,item_3,d(item_3),0.9037,0.001,0.001,0.9037,0.001,0.001,0.001,0.001,0.0904
s40_on,82,seg1,d(item_3),move_to,step,item_3,d(item_3),0.9037,0.001,0.001,0.9037,0.001,0.001,0.001,0.001,0.0904
s40_on,83,seg1,d(item_3),move_to,step,item_3,d(item_3),0.9037,0.001,0.001,0.9037,0.001,0.001,0.001,0.001,0.0904
s40_on,84,seg1,d(item_3),move_to,step,item_3,d(item_3),0.9037,0.001,0.001,0.9037,0.001,0.001,0.001,0.001,0.0904
s40_on,85,seg1,d(item_3),move_to,step,item_3,d(item_3),0.9037,0.001,0.001,0.9037,0.001,0.001,0.001,0.001,0.0904
s40_on,86,seg1,d(item_3),move_to,step,item_3,d(item_3),0.9037,0.001,0.001,0.9037,0.001,0.001,0.001,0.001,0.0904
s40_on,87,seg1,d(item_3),move_to,step,item_3,d(item_3),0.9037,0.001,0.001,0.9037,0.001,0.001,0.001,0.001,0.0904
s40_on,88,seg1,d(item_3),move_to,step,item_3,d(item_3),0.9037,0.001,0.001,0.9037,0.001,0.001,0.001,0.001,0.0904
s40_on,89,seg1,d(item_3),move_to,step,item_3,d(item_3),0.9037,0.001,0.001,0.9037,0.001,0.001,0.001,0.001,0.0904
s40_on,90,seg1,d(item_3),move_to,step,item_3,d(item_3),0.9037,0.001,0.001,0.9037,0.001,0.001,0.001,0.001,0.0904
s40_on,91,seg1,d(item_3),move_to,step,item_3,d(item_3),0.9037,0.001,0.001,0.9037,0.001,0.001,0.001,0.001,0.0904
s40_on,92,seg1,d(item_3),move_to,step,item_3,d(item_3),0.9037,0.001,0.001,0.9037,0.001,0.001,0.001,0.001,0.0904
s40_on,93,seg1,d(item_3),move_to,step,item_3,d(item_3),0.9037,0.001,0.001,0.9037,0.001,0.001,0.001,0.001,0.0904
s40_on,94,seg1,d(item_3),move_to,step,item_3,d(item_3),0.9037,0.001,0.001,0.9037,0.001,0.001,0.001,0.001,0.0904
s40_on,95,seg1,d(item_3),move_to,step,item_3,d(item_3),0.9037,0.001,0.001,0.9037,0.001,0.001,0.001,0.001,0.0904
s40_on,96,seg1,d(item_3),move_to,step,item_3,d(item_3),0.9037,0.001,0.001,0.9037,0.001,0.001,0.001,0.001,0.0904
s40_on,97,seg1,d(item_3),move_to,step,item_3,d(item_3),0.9037,0.001,0.001,0.9037,0.001,0.001,0.001,0.001,0.0904
s40_on,98,seg1,d(item_3),move_to,step,item_3,d(item_3),0.9037,0.001,0.001,0.9037,0.001,0.001,0.001,0.001,0.0904
s40_on,99,seg1,d(item_3),move_to,step,item_3,d(item_3),0.9037,0.001,0.001,0.9037,0.001,0.001,0.001,0.001,0.0904
s40_on,100,seg1,d(item_3),move_to,step,item_3,d(item_3),0.9037,0.001,0.001,0.9037,0.001,0.001,0.001,0.001,0.0904
s40_on,101,seg1,d(item_3),move_to,step,item_3,d(item_3),0.9037,0.001,0.001,0.9037,0.001,0.001,0.001,0.001,0.0904
s40_on,102,seg1,d(item_3),move_to,step,item_3,d(item_3),0.9037,0.001,0.001,0.9037,0.001,0.001,0.001,0.001,0.0904
s40_on,103,seg1,d(item_3),move_to,step,item_3,d(item_3),0.9037,0.001,0.001,0.9037,0.001,0.001,0.001,0.001,0.0904
s40_on,104,seg1,d(item_3),move_to,step,item_3,d(item_3),0.9037,0.001,0.001,0.9037,0.001,0.001,0.001,0.001,0.0904
s40_on,105,seg1,d(item_3),move_to,step,item_3,d(item_3),0.9037,0.001,0.001,0.9037,0.001,0.001,0.001,0.001,0.0904
s40_on,106,seg1,d(item_3),move_to,step,item_3,d(item_3),0.9037,0.001,0.001,0.9037,0.001,0.001,0.001,0.001,0.0904
s40_on,107,seg1,d(item_3),move_to,step,item_3,d(item_3),0.9037,0.001,0.001,0.9037,0.001,0.001,0.001,0.001,0.0904
s40_on,108,seg1,d(item_3),move_to,step,item_3,d(item_3),0.9037,0.001,0.001,0.9037,0.001,0.001,0.001,0.001,0.0904
s40_on,109,seg1,d(item_3),move_to,step,item_3,d(item_3),0.9037,0.001,0.001,0.9037,0.001,0.001,0.001,0.001,0.0904
s40_on,110,seg1,d(item_3),move_to,step,item_3,d(item_3),0.9037,0.001,0.001,0.9037,0.001,0.001,0.001,0.001,0.0904
s40_on,111,seg1,d(item_3),move_to,step,item_3,d(item_3),0.9037,0.001,0.001,0.9037,0.001,0.001,0.001,0.001,0.0904
s40_on,112,seg1,d(item_3),move_to,step,item_3,d(item_3),0.9037,0.001,0.001,0.9037,0.001,0.001,0.001,0.001,0.0904
s40_on,113,seg1,d(item_3),move_to,step,item_3,d(item_3),0.9037,0.001,0.001,0.9037,0.001,0.001,0.001,0.001,0.0904
s40_on,114,seg1,d(item_3),move_to,,item_3,d(item_3),0.9037,0.001,0.001,0.9037,0.001,0.001,0.001,0.001,0.0904
s40_on,115,seg1,d(item_3),place,release,,unknown,0.993,0.001,0.001,0.001,0.001,0.001,0.001,0.001,0.993
s40_on,116,seg1,d(item_3),place,,,ac,0.4738,0.4738,0.4738,0.001,0.001,0.001,0.001,0.001,0.0474
s40_on,117,seg2,coffee,,,,ac,0.4738,0.4738,0.4738,0.001,0.001,0.001,0.001,0.001,0.0474
s40_on,118,seg2,coffee,move_to,step,,coffee,0.5022,0.4426,0.5022,0.001,0.001,0.001,0.001,0.001,0.0502
s40_on,119,seg2,coffee,move_to,step,,coffee,0.5345,0.4071,0.5345,0.001,0.001,0.001,0.001,0.001,0.0534
s40_on,120,seg2,coffee,move_to,step,,coffee,0.5701,0.3679,0.5701,0.001,0.001,0.001,0.001,0.001,0.057
s40_on,121,seg2,coffee,move_to,step,,coffee,0.6083,0.3258,0.6083,0.001,0.001,0.001,0.001,0.001,0.0608
s40_on,122,seg2,coffee,move_to,step,,coffee,0.6478,0.2824,0.6478,0.001,0.001,0.001,0.001,0.001,0.0648
s40_on,123,seg2,coffee,move_to,step,,coffee,0.6871,0.2392,0.6871,0.001,0.001,0.001,0.001,0.001,0.0687
s40_on,124,seg2,coffee,move_to,step,,coffee,0.7246,0.198,0.7246,0.001,0.001,0.001,0.001,0.001,0.0725
s40_on,125,seg2,coffee,move_to,step,,coffee,0.7589,0.1602,0.7589,0.001,0.001,0.001,0.001,0.001,0.0759
s40_on,126,seg2,coffee,move_to,step,,coffee,0.7892,0.1269,0.7892,0.001,0.001,0.001,0.001,0.001,0.0789
s40_on,127,seg2,coffee,move_to,step,,coffee,0.8149,0.0986,0.8149,0.001,0.001,0.001,0.001,0.001,0.0815
s40_on,128,seg2,coffee,move_to,step,,coffee,0.836,0.0754,0.836,0.001,0.001,0.001,0.001,0.001,0.0836
s40_on,129,seg2,coffee,move_to,step,,coffee,0.853,0.0567,0.853,0.001,0.001,0.001,0.001,0.001,0.0853
s40_on,130,seg2,coffee,move_to,step,,coffee,0.8662,0.0422,0.8662,0.001,0.001,0.001,0.001,0.001,0.0866
s40_on,131,seg2,coffee,move_to,step,,coffee,0.8764,0.031,0.8764,0.001,0.001,0.001,0.001,0.001,0.0876
s40_on,132,seg2,coffee,move_to,step,,coffee,0.884,0.0226,0.884,0.001,0.001,0.001,0.001,0.001,0.0884
s40_on,133,seg2,coffee,move_to,step,,coffee,0.8897,0.0163,0.8897,0.001,0.001,0.001,0.001,0.001,0.089
s40_on,134,seg2,coffee,move_to,step,,coffee,0.8939,0.0117,0.8939,0.001,0.001,0.001,0.001,0.001,0.0894
s40_on,135,seg2,coffee,move_to,step,,coffee,0.8969,0.0084,0.8969,0.001,0.001,0.001,0.001,0.001,0.0897
s40_on,136,seg2,coffee,move_to,step,,coffee,0.8991,0.006,0.8991,0.001,0.001,0.001,0.001,0.001,0.0899
s40_on,137,seg2,coffee,move_to,step,,coffee,0.9007,0.0042,0.9007,0.001,0.001,0.001,0.001,0.001,0.0901
s40_on,138,seg2,coffee,move_to,step,,coffee,0.9018,0.003,0.9018,0.001,0.001,0.001,0.001,0.001,0.0902
s40_on,139,seg2,coffee,move_to,step,,coffee,0.9026,0.0021,0.9026,0.001,0.001,0.001,0.001,0.001,0.0903
s40_on,140,seg2,coffee,move_to,step,,coffee,0.9032,0.0015,0.9032,0.001,0.001,0.001,0.001,0.001,0.0903
s40_on,141,seg2,coffee,move_to,step,,coffee,0.9036,0.001,0.9036,0.001,0.001,0.001,0.001,0.001,0.0904
s40_on,142,seg2,coffee,move_to,step,,coffee,0.9036,0.001,0.9036,0.001,0.001,0.001,0.001,0.001,0.0904
s40_on,143,seg2,coffee,move_to,step,,coffee,0.9036,0.001,0.9036,0.001,0.001,0.001,0.001,0.001,0.0904
s40_on,144,seg2,coffee,move_to,step,,coffee,0.9036,0.001,0.9036,0.001,0.001,0.001,0.001,0.001,0.0904
s40_on,145,seg2,coffee,move_to,step,,coffee,0.9036,0.001,0.9036,0.001,0.001,0.001,0.001,0.001,0.0904
s40_on,146,seg2,coffee,move_to,step,,coffee,0.9036,0.001,0.9036,0.001,0.001,0.001,0.001,0.001,0.0904
s40_on,147,seg2,coffee,move_to,step,,coffee,0.9036,0.001,0.9036,0.001,0.001,0.001,0.001,0.001,0.0904
s40_on,148,seg2,coffee,move_to,step,,coffee,0.9036,0.001,0.9036,0.001,0.001,0.001,0.001,0.001,0.0904
s40_on,149,seg2,coffee,move_to,step,,coffee,0.9036,0.001,0.9036,0.001,0.001,0.001,0.001,0.001,0.0904
s40_on,150,seg2,coffee,move_to,step,,coffee,0.9036,0.001,0.9036,0.001,0.001,0.001,0.001,0.001,0.0904
s40_on,151,seg2,coffee,move_to,step,,coffee,0.9036,0.001,0.9036,0.001,0.001,0.001,0.001,0.001,0.0904
s40_on,152,seg2,coffee,move_to,step,,coffee,0.9036,0.001,0.9036,0.001,0.001,0.001,0.001,0.001,0.0904
s40_on,153,seg2,coffee,move_to,step,,coffee,0.9036,0.001,0.9036,0.001,0.001,0.001,0.001,0.001,0.0904
s40_on,154,seg2,coffee,move_to,,,coffee,0.9036,0.001,0.9036,0.001,0.001,0.001,0.001,0.001,0.0904
s40_on,155,seg2,coffee,wait_at,stand,,coffee,0.9036,0.001,0.9036,0.001,0.001,0.001,0.001,0.001,0.0904
s40_on,156,seg2,coffee,wait_at,stand,,coffee,0.9036,0.001,0.9036,0.001,0.001,0.001,0.001,0.001,0.0904
s40_on,157,seg2,coffee,wait_at,stand,,coffee,0.9036,0.001,0.9036,0.001,0.001,0.001,0.001,0.001,0.0904
s40_on,158,seg2,coffee,wait_at,stand,,coffee,0.9036,0.001,0.9036,0.001,0.001,0.001,0.001,0.001,0.0904
s40_on,159,seg2,coffee,wait_at,stand,,coffee,0.9036,0.001,0.9036,0.001,0.001,0.001,0.001,0.001,0.0904
s40_on,160,seg2,coffee,wait_at,stand,,coffee,0.9036,0.001,0.9036,0.001,0.001,0.001,0.001,0.001,0.0904
s40_on,161,seg2,coffee,wait_at,stand,,coffee,0.9036,0.001,0.9036,0.001,0.001,0.001,0.001,0.001,0.0904
s40_on,162,seg2,coffee,wait_at,stand,,coffee,0.9036,0.001,0.9036,0.001,0.001,0.001,0.001,0.001,0.0904
s40_on,163,seg2,coffee,wait_at,stand,,coffee,0.9036,0.001,0.9036,0.001,0.001,0.001,0.001,0.001,0.0904
s40_on,164,seg2,coffee,wait_at,stand,,coffee,0.9036,0.001,0.9036,0.001,0.001,0.001,0.001,0.001,0.0904
s40_on,165,seg2,coffee,wait_at,stand,,coffee,0.9036,0.001,0.9036,0.001,0.001,0.001,0.001,0.001,0.0904
s40_on,166,seg2,coffee,wait_at,stand,,coffee,0.9036,0.001,0.9036,0.001,0.001,0.001,0.001,0.001,0.0904
s40_on,167,seg2,coffee,wait_at,stand,,coffee,0.9036,0.001,0.9036,0.001,0.001,0.001,0.001,0.001,0.0904
s40_on,168,seg2,coffee,wait_at,stand,,coffee,0.9036,0.001,0.9036,0.001,0.001,0.001,0.001,0.001,0.0904
s40_on,169,seg2,coffee,wait_at,stand,,coffee,0.9036,0.001,0.9036,0.001,0.001,0.001,0.001,0.001,0.0904
s40_on,170,seg2,coffee,wait_at,stand,,coffee,0.9036,0.001,0.9036,0.001,0.001,0.001,0.001,0.001,0.0904
s40_on,171,seg2,coffee,wait_at,stand,,coffee,0.9036,0.001,0.9036,0.001,0.001,0.001,0.001,0.001,0.0904
s40_on,172,seg2,coffee,wait_at,stand,,coffee,0.9036,0.001,0.9036,0.001,0.001,0.001,0.001,0.001,0.0904
s40_on,173,seg2,coffee,wait_at,stand,,coffee,0.9036,0.001,0.9036,0.001,0.001,0.001,0.001,0.001,0.0904
s40_on,174,seg2,coffee,wait_at,stand,,coffee,0.9036,0.001,0.9036,0.001,0.001,0.001,0.001,0.001,0.0904
s40_on,175,seg2,coffee,wait_at,stand,,coffee,0.9036,0.001,0.9036,0.001,0.001,0.001,0.001,0.001,0.0904
s40_on,176,seg2,coffee,wait_at,stand,,coffee,0.9036,0.001,0.9036,0.001,0.001,0.001,0.001,0.001,0.0904
s40_on,177,seg2,coffee,wait_at,stand,,coffee,0.9036,0.001,0.9036,0.001,0.001,0.001,0.001,0.001,0.0904
s40_on,178,seg2,coffee,wait_at,stand,,coffee,0.9036,0.001,0.9036,0.001,0.001,0.001,0.001,0.001,0.0904
s40_on,179,seg2,coffee,wait_at,stand,,coffee,0.9036,0.001,0.9036,0.001,0.001,0.001,0.001,0.001,0.0904
s40_on,180,seg2,coffee,wait_at,stand,,coffee,0.9036,0.001,0.9036,0.001,0.001,0.001,0.001,0.001,0.0904
s40_on,181,seg2,coffee,wait_at,stand,,coffee,0.9036,0.001,0.9036,0.001,0.001,0.001,0.001,0.001,0.0904
s40_on,182,seg2,coffee,wait_at,stand,,coffee,0.9036,0.001,0.9036,0.001,0.001,0.001,0.001,0.001,0.0904
s40_on,183,seg2,coffee,wait_at,stand,,coffee,0.9036,0.001,0.9036,0.001,0.001,0.001,0.001,0.001,0.0904
s40_on,184,seg2,coffee,wait_at,stand,,unknown,0.993,0.001,0.001,0.001,0.001,0.001,0.001,0.001,0.993
s40_on,185,seg2,coffee,wait_at,,,ac,0.9036,0.9036,0.001,0.001,0.001,0.001,0.001,0.001,0.0904
s40_on,186,seg3a,unknown,,,,ac,0.9036,0.9036,0.001,0.001,0.001,0.001,0.001,0.001,0.0904
s40_on,187,seg3a,unknown,move_to,step,,ac,0.8996,0.8996,0.001,0.001,0.001,0.001,0.001,0.001,0.0944
s40_on,188,seg3a,unknown,move_to,step,,ac,0.8951,0.8951,0.001,0.001,0.001,0.001,0.001,0.001,0.0989
s40_on,189,seg3a,unknown,move_to,step,,ac,0.89,0.89,0.001,0.001,0.001,0.001,0.001,0.001,0.104
s40_on,190,seg3a,unknown,move_to,step,,ac,0.8843,0.8843,0.001,0.001,0.001,0.001,0.001,0.001,0.1097
s40_on,191,seg3a,unknown,move_to,step,,ac,0.8777,0.8777,0.001,0.001,0.001,0.001,0.001,0.001,0.1163
s40_on,192,seg3a,unknown,move_to,step,,ac,0.8703,0.8703,0.001,0.001,0.001,0.001,0.001,0.001,0.1237
s40_on,193,seg3a,unknown,move_to,step,,ac,0.8618,0.8618,0.001,0.001,0.001,0.001,0.001,0.001,0.1322
s40_on,194,seg3a,unknown,move_to,step,,ac,0.8522,0.8522,0.001,0.001,0.001,0.001,0.001,0.001,0.1418
s40_on,195,seg3a,unknown,move_to,step,,ac,0.8413,0.8413,0.001,0.001,0.001,0.001,0.001,0.001,0.1528
s40_on,196,seg3a,unknown,move_to,step,,ac,0.8288,0.8288,0.001,0.001,0.001,0.001,0.001,0.001,0.1653
s40_on,197,seg3a,unknown,move_to,step,,ac,0.8145,0.8145,0.001,0.001,0.001,0.001,0.001,0.001,0.1795
s40_on,198,seg3a,unknown,move_to,step,,ac,0.7983,0.7983,0.001,0.001,0.001,0.001,0.001,0.001,0.1957
s40_on,199,seg3a,unknown,move_to,step,,ac,0.7799,0.7799,0.001,0.001,0.001,0.001,0.001,0.001,0.2141
s40_on,200,seg3a,unknown,move_to,step,,ac,0.7591,0.7591,0.001,0.001,0.001,0.001,0.001,0.001,0.235
s40_on,201,seg3a,unknown,move_to,step,,ac,0.7355,0.7355,0.001,0.001,0.001,0.001,0.001,0.001,0.2585
s40_on,202,seg3a,unknown,move_to,step,,ac,0.7091,0.7091,0.001,0.001,0.001,0.001,0.001,0.001,0.2849
s40_on,203,seg3a,unknown,move_to,step,,ac,0.6796,0.6796,0.001,0.001,0.001,0.001,0.001,0.001,0.3144
s40_on,204,seg3a,unknown,move_to,step,,ac,0.647,0.647,0.001,0.001,0.001,0.001,0.001,0.001,0.347
s40_on,205,seg3a,unknown,move_to,step,,ac,0.6112,0.6112,0.001,0.001,0.001,0.001,0.001,0.001,0.3828
s40_on,206,seg3a,unknown,move_to,,,ac,0.6112,0.6112,0.001,0.001,0.001,0.001,0.001,0.001,0.3828
s40_on,207,seg3a,unknown,wait_at,stand,,ac,0.6112,0.6112,0.001,0.001,0.001,0.001,0.001,0.001,0.3828
s40_on,208,seg3a,unknown,wait_at,,,ac,0.6112,0.6112,0.001,0.001,0.001,0.001,0.001,0.001,0.3828
s40_on,209,seg3b,unknown,,,,ac,0.6112,0.6112,0.001,0.001,0.001,0.001,0.001,0.001,0.3828
s40_on,210,seg3b,unknown,move_to,step,,ac,0.5217,0.5217,0.001,0.001,0.001,0.001,0.001,0.001,0.4723
s40_on,211,seg3b,unknown,move_to,step,,unknown,0.5654,0.4286,0.001,0.001,0.001,0.001,0.001,0.001,0.5654
s40_on,212,seg3b,unknown,move_to,step,,unknown,0.6553,0.3387,0.001,0.001,0.001,0.001,0.001,0.001,0.6553
s40_on,213,seg3b,unknown,move_to,step,,unknown,0.7357,0.2583,0.001,0.001,0.001,0.001,0.001,0.001,0.7357
s40_on,214,seg3b,unknown,move_to,step,,unknown,0.8031,0.1909,0.001,0.001,0.001,0.001,0.001,0.001,0.8031
s40_on,215,seg3b,unknown,move_to,step,,unknown,0.8564,0.1376,0.001,0.001,0.001,0.001,0.001,0.001,0.8564
s40_on,216,seg3b,unknown,move_to,step,,unknown,0.8968,0.0972,0.001,0.001,0.001,0.001,0.001,0.001,0.8968
s40_on,217,seg3b,unknown,move_to,step,,unknown,0.9263,0.0677,0.001,0.001,0.001,0.001,0.001,0.001,0.9263
s40_on,218,seg3b,unknown,move_to,step,,unknown,0.9474,0.0466,0.001,0.001,0.001,0.001,0.001,0.001,0.9474
s40_on,219,seg3b,unknown,move_to,step,,unknown,0.9621,0.0319,0.001,0.001,0.001,0.001,0.001,0.001,0.9621
s40_on,220,seg3b,unknown,move_to,step,,unknown,0.9723,0.0217,0.001,0.001,0.001,0.001,0.001,0.001,0.9723
s40_on,221,seg3b,unknown,move_to,step,,unknown,0.9793,0.0147,0.001,0.001,0.001,0.001,0.001,0.001,0.9793
s40_on,222,seg3b,unknown,move_to,step,,unknown,0.9841,0.0099,0.001,0.001,0.001,0.001,0.001,0.001,0.9841
s40_on,223,seg3b,unknown,move_to,step,,unknown,0.9873,0.0067,0.001,0.001,0.001,0.001,0.001,0.001,0.9873
s40_on,224,seg3b,unknown,move_to,step,,unknown,0.9895,0.0045,0.001,0.001,0.001,0.001,0.001,0.001,0.9895
s40_on,225,seg3b,unknown,move_to,step,,unknown,0.991,0.003,0.001,0.001,0.001,0.001,0.001,0.001,0.991
s40_on,226,seg3b,unknown,move_to,step,,unknown,0.992,0.002,0.001,0.001,0.001,0.001,0.001,0.001,0.992
s40_on,227,seg3b,unknown,move_to,,,unknown,0.992,0.002,0.001,0.001,0.001,0.001,0.001,0.001,0.992
s40_on,228,seg3b,unknown,wait_at,stand,,unknown,0.992,0.002,0.001,0.001,0.001,0.001,0.001,0.001,0.992
s40_on,229,seg3b,unknown,wait_at,,,unknown,0.992,0.002,0.001,0.001,0.001,0.001,0.001,0.001,0.992
s40_on,230,seg4,d(item_6),,,,unknown,0.992,0.002,0.001,0.001,0.001,0.001,0.001,0.001,0.992
s40_on,231,seg4,d(item_6),move_to,step,,unknown,0.9921,0.0019,0.001,0.001,0.001,0.001,0.001,0.001,0.9921
s40_on,232,seg4,d(item_6),move_to,step,,unknown,0.9923,0.0017,0.001,0.001,0.001,0.001,0.001,0.001,0.9923
s40_on,233,seg4,d(item_6),move_to,step,,unknown,0.9924,0.0016,0.001,0.001,0.001,0.001,0.001,0.001,0.9924
s40_on,234,seg4,d(item_6),move_to,step,,unknown,0.9925,0.0015,0.001,0.001,0.001,0.001,0.001,0.001,0.9925
s40_on,235,seg4,d(item_6),move_to,step,,unknown,0.9927,0.0013,0.001,0.001,0.001,0.001,0.001,0.001,0.9927
s40_on,236,seg4,d(item_6),move_to,step,,unknown,0.9928,0.0012,0.001,0.001,0.001,0.001,0.001,0.001,0.9928
s40_on,237,seg4,d(item_6),move_to,step,,unknown,0.9929,0.0011,0.001,0.001,0.001,0.001,0.001,0.001,0.9929
s40_on,238,seg4,d(item_6),move_to,step,,unknown,0.993,0.001,0.001,0.001,0.001,0.001,0.001,0.001,0.993
s40_on,239,seg4,d(item_6),move_to,step,,unknown,0.993,0.001,0.001,0.001,0.001,0.001,0.001,0.001,0.993
s40_on,240,seg4,d(item_6),move_to,step,,unknown,0.993,0.001,0.001,0.001,0.001,0.001,0.001,0.001,0.993
s40_on,241,seg4,d(item_6),move_to,step,,unknown,0.993,0.001,0.001,0.001,0.001,0.001,0.001,0.001,0.993
s40_on,242,seg4,d(item_6),move_to,step,,unknown,0.993,0.001,0.001,0.001,0.001,0.001,0.001,0.001,0.993
s40_on,243,seg4,d(item_6),move_to,step,,unknown,0.993,0.001,0.001,0.001,0.001,0.001,0.001,0.001,0.993
s40_on,244,seg4,d(item_6),move_to,step,,unknown,0.993,0.001,0.001,0.001,0.001,0.001,0.001,0.001,0.993
s40_on,245,seg4,d(item_6),move_to,step,,unknown,0.993,0.001,0.001,0.001,0.001,0.001,0.001,0.001,0.993
s40_on,246,seg4,d(item_6),move_to,step,,unknown,0.993,0.001,0.001,0.001,0.001,0.001,0.001,0.001,0.993
s40_on,247,seg4,d(item_6),move_to,step,,unknown,0.993,0.001,0.001,0.001,0.001,0.001,0.001,0.001,0.993
s40_on,248,seg4,d(item_6),move_to,step,,unknown,0.993,0.001,0.001,0.001,0.001,0.001,0.001,0.001,0.993
s40_on,249,seg4,d(item_6),move_to,step,,unknown,0.993,0.001,0.001,0.001,0.001,0.001,0.001,0.001,0.993
s40_on,250,seg4,d(item_6),move_to,step,,unknown,0.993,0.001,0.001,0.001,0.001,0.001,0.001,0.001,0.993
s40_on,251,seg4,d(item_6),move_to,step,,unknown,0.993,0.001,0.001,0.001,0.001,0.001,0.001,0.001,0.993
s40_on,252,seg4,d(item_6),move_to,step,,unknown,0.993,0.001,0.001,0.001,0.001,0.001,0.001,0.001,0.993
s40_on,253,seg4,d(item_6),move_to,step,,unknown,0.993,0.001,0.001,0.001,0.001,0.001,0.001,0.001,0.993
s40_on,254,seg4,d(item_6),move_to,step,,unknown,0.993,0.001,0.001,0.001,0.001,0.001,0.001,0.001,0.993
s40_on,255,seg4,d(item_6),move_to,step,,unknown,0.993,0.001,0.001,0.001,0.001,0.001,0.001,0.001,0.993
s40_on,256,seg4,d(item_6),move_to,step,,unknown,0.993,0.001,0.001,0.001,0.001,0.001,0.001,0.001,0.993
s40_on,257,seg4,d(item_6),move_to,step,,unknown,0.993,0.001,0.001,0.001,0.001,0.001,0.001,0.001,0.993
s40_on,258,seg4,d(item_6),move_to,step,,unknown,0.993,0.001,0.001,0.001,0.001,0.001,0.001,0.001,0.993
s40_on,259,seg4,d(item_6),move_to,step,,unknown,0.993,0.001,0.001,0.001,0.001,0.001,0.001,0.001,0.993
s40_on,260,seg4,d(item_6),move_to,step,,unknown,0.993,0.001,0.001,0.001,0.001,0.001,0.001,0.001,0.993
s40_on,261,seg4,d(item_6),move_to,step,,unknown,0.993,0.001,0.001,0.001,0.001,0.001,0.001,0.001,0.993
s40_on,262,seg4,d(item_6),move_to,step,,unknown,0.993,0.001,0.001,0.001,0.001,0.001,0.001,0.001,0.993
s40_on,263,seg4,d(item_6),move_to,step,,unknown,0.993,0.001,0.001,0.001,0.001,0.001,0.001,0.001,0.993
s40_on,264,seg4,d(item_6),move_to,step,,unknown,0.993,0.001,0.001,0.001,0.001,0.001,0.001,0.001,0.993
s40_on,265,seg4,d(item_6),move_to,step,,unknown,0.993,0.001,0.001,0.001,0.001,0.001,0.001,0.001,0.993
s40_on,266,seg4,d(item_6),move_to,step,,unknown,0.993,0.001,0.001,0.001,0.001,0.001,0.001,0.001,0.993
s40_on,267,seg4,d(item_6),move_to,step,,unknown,0.993,0.001,0.001,0.001,0.001,0.001,0.001,0.001,0.993
s40_on,268,seg4,d(item_6),move_to,step,,unknown,0.993,0.001,0.001,0.001,0.001,0.001,0.001,0.001,0.993
s40_on,269,seg4,d(item_6),move_to,step,,unknown,0.993,0.001,0.001,0.001,0.001,0.001,0.001,0.001,0.993
s40_on,270,seg4,d(item_6),move_to,step,,unknown,0.993,0.001,0.001,0.001,0.001,0.001,0.001,0.001,0.993
s40_on,271,seg4,d(item_6),move_to,,,unknown,0.993,0.001,0.001,0.001,0.001,0.001,0.001,0.001,0.993
s40_on,272,seg4,d(item_6),pick_up,grasp,item_6,unknown,0.993,0.001,0.001,0.001,0.001,0.001,0.001,0.001,0.993
s40_on,273,seg4,d(item_6),pick_up,,item_6,unknown,0.993,0.001,0.001,0.001,0.001,0.001,0.001,0.001,0.993
s40_on,274,seg4,d(item_6),move_to,step,item_6,unknown,0.993,0.001,0.001,0.001,0.001,0.001,0.001,0.001,0.993
s40_on,275,seg4,d(item_6),move_to,step,item_6,unknown,0.993,0.001,0.001,0.001,0.001,0.001,0.001,0.001,0.993
s40_on,276,seg4,d(item_6),move_to,step,item_6,unknown,0.993,0.001,0.001,0.001,0.001,0.001,0.001,0.001,0.993
s40_on,277,seg4,d(item_6),move_to,step,item_6,unknown,0.993,0.001,0.001,0.001,0.001,0.001,0.001,0.001,0.993
s40_on,278,seg4,d(item_6),move_to,step,item_6,unknown,0.993,0.001,0.001,0.001,0.001,0.001,0.001,0.001,0.993
s40_on,279,seg4,d(item_6),move_to,step,item_6,unknown,0.993,0.001,0.001,0.001,0.001,0.001,0.001,0.001,0.993
s40_on,280,seg4,d(item_6),move_to,step,item_6,unknown,0.993,0.001,0.001,0.001,0.001,0.001,0.001,0.001,0.993
s40_on,281,seg4,d(item_6),move_to,step,item_6,unknown,0.993,0.001,0.001,0.001,0.001,0.001,0.001,0.001,0.993
s40_on,282,seg4,d(item_6),move_to,step,item_6,unknown,0.993,0.001,0.001,0.001,0.001,0.001,0.001,0.001,0.993
s40_on,283,seg4,d(item_6),move_to,step,item_6,unknown,0.993,0.001,0.001,0.001,0.001,0.001,0.001,0.001,0.993
s40_on,284,seg4,d(item_6),move_to,step,item_6,unknown,0.993,0.001,0.001,0.001,0.001,0.001,0.001,0.001,0.993
s40_on,285,seg4,d(item_6),move_to,step,item_6,unknown,0.993,0.001,0.001,0.001,0.001,0.001,0.001,0.001,0.993
s40_on,286,seg4,d(item_6),move_to,step,item_6,unknown,0.993,0.001,0.001,0.001,0.001,0.001,0.001,0.001,0.993
s40_on,287,seg4,d(item_6),move_to,step,item_6,unknown,0.993,0.001,0.001,0.001,0.001,0.001,0.001,0.001,0.993
s40_on,288,seg4,d(item_6),move_to,step,item_6,unknown,0.993,0.001,0.001,0.001,0.001,0.001,0.001,0.001,0.993
s40_on,289,seg4,d(item_6),move_to,step,item_6,unknown,0.993,0.001,0.001,0.001,0.001,0.001,0.001,0.001,0.993
s40_on,290,seg4,d(item_6),move_to,step,item_6,unknown,0.993,0.001,0.001,0.001,0.001,0.001,0.001,0.001,0.993
s40_on,291,seg4,d(item_6),move_to,step,item_6,unknown,0.993,0.001,0.001,0.001,0.001,0.001,0.001,0.001,0.993
s40_on,292,seg4,d(item_6),move_to,step,item_6,unknown,0.993,0.001,0.001,0.001,0.001,0.001,0.001,0.001,0.993
s40_on,293,seg4,d(item_6),move_to,step,item_6,unknown,0.993,0.001,0.001,0.001,0.001,0.001,0.001,0.001,0.993
s40_on,294,seg4,d(item_6),move_to,step,item_6,unknown,0.993,0.001,0.001,0.001,0.001,0.001,0.001,0.001,0.993
s40_on,295,seg4,d(item_6),move_to,step,item_6,unknown,0.993,0.001,0.001,0.001,0.001,0.001,0.001,0.001,0.993
s40_on,296,seg4,d(item_6),move_to,step,item_6,unknown,0.993,0.001,0.001,0.001,0.001,0.001,0.001,0.001,0.993
s40_on,297,seg4,d(item_6),move_to,step,item_6,unknown,0.993,0.001,0.001,0.001,0.001,0.001,0.001,0.001,0.993
s40_on,298,seg4,d(item_6),move_to,step,item_6,unknown,0.993,0.001,0.001,0.001,0.001,0.001,0.001,0.001,0.993
s40_on,299,seg4,d(item_6),move_to,step,item_6,unknown,0.993,0.001,0.001,0.001,0.001,0.001,0.001,0.001,0.993
s40_on,300,seg4,d(item_6),move_to,step,item_6,unknown,0.993,0.001,0.001,0.001,0.001,0.001,0.001,0.001,0.993
s40_on,301,seg4,d(item_6),move_to,step,item_6,unknown,0.993,0.001,0.001,0.001,0.001,0.001,0.001,0.001,0.993
s40_on,302,seg4,d(item_6),move_to,step,item_6,unknown,0.993,0.001,0.001,0.001,0.001,0.001,0.001,0.001,0.993
s40_on,303,seg4,d(item_6),move_to,step,item_6,unknown,0.993,0.001,0.001,0.001,0.001,0.001,0.001,0.001,0.993
s40_on,304,seg4,d(item_6),move_to,step,item_6,unknown,0.993,0.001,0.001,0.001,0.001,0.001,0.001,0.001,0.993
s40_on,305,seg4,d(item_6),move_to,step,item_6,unknown,0.993,0.001,0.001,0.001,0.001,0.001,0.001,0.001,0.993
s40_on,306,seg4,d(item_6),move_to,step,item_6,unknown,0.993,0.001,0.001,0.001,0.001,0.001,0.001,0.001,0.993
s40_on,307,seg4,d(item_6),move_to,step,item_6,unknown,0.993,0.001,0.001,0.001,0.001,0.001,0.001,0.001,0.993
s40_on,308,seg4,d(item_6),move_to,step,item_6,unknown,0.993,0.001,0.001,0.001,0.001,0.001,0.001,0.001,0.993
s40_on,309,seg4,d(item_6),move_to,step,item_6,unknown,0.993,0.001,0.001,0.001,0.001,0.001,0.001,0.001,0.993
s40_on,310,seg4,d(item_6),move_to,step,item_6,unknown,0.993,0.001,0.001,0.001,0.001,0.001,0.001,0.001,0.993
s40_on,311,seg4,d(item_6),move_to,step,item_6,unknown,0.993,0.001,0.001,0.001,0.001,0.001,0.001,0.001,0.993
s40_on,312,seg4,d(item_6),move_to,step,item_6,unknown,0.993,0.001,0.001,0.001,0.001,0.001,0.001,0.001,0.993
s40_on,313,seg4,d(item_6),move_to,step,item_6,unknown,0.993,0.001,0.001,0.001,0.001,0.001,0.001,0.001,0.993
s40_on,314,seg4,d(item_6),move_to,step,item_6,unknown,0.993,0.001,0.001,0.001,0.001,0.001,0.001,0.001,0.993
s40_on,315,seg4,d(item_6),move_to,step,item_6,unknown,0.993,0.001,0.001,0.001,0.001,0.001,0.001,0.001,0.993
s40_on,316,seg4,d(item_6),move_to,step,item_6,unknown,0.993,0.001,0.001,0.001,0.001,0.001,0.001,0.001,0.993
s40_on,317,seg4,d(item_6),move_to,step,item_6,unknown,0.993,0.001,0.001,0.001,0.001,0.001,0.001,0.001,0.993
s40_on,318,seg4,d(item_6),move_to,step,item_6,unknown,0.993,0.001,0.001,0.001,0.001,0.001,0.001,0.001,0.993
s40_on,319,seg4,d(item_6),move_to,step,item_6,unknown,0.993,0.001,0.001,0.001,0.001,0.001,0.001,0.001,0.993
s40_on,320,seg4,d(item_6),move_to,step,item_6,unknown,0.993,0.001,0.001,0.001,0.001,0.001,0.001,0.001,0.993
s40_on,321,seg4,d(item_6),move_to,step,item_6,unknown,0.993,0.001,0.001,0.001,0.001,0.001,0.001,0.001,0.993
s40_on,322,seg4,d(item_6),move_to,step,item_6,unknown,0.993,0.001,0.001,0.001,0.001,0.001,0.001,0.001,0.993
s40_on,323,seg4,d(item_6),move_to,step,item_6,unknown,0.993,0.001,0.001,0.001,0.001,0.001,0.001,0.001,0.993
s40_on,324,seg4,d(item_6),move_to,step,item_6,unknown,0.993,0.001,0.001,0.001,0.001,0.001,0.001,0.001,0.993
s40_on,325,seg4,d(item_6),move_to,step,item_6,unknown,0.993,0.001,0.001,0.001,0.001,0.001,0.001,0.001,0.993
s40_on,326,seg4,d(item_6),move_to,step,item_6,unknown,0.993,0.001,0.001,0.001,0.001,0.001,0.001,0.001,0.993
s40_on,327,seg4,d(item_6),move_to,step,item_6,unknown,0.993,0.001,0.001,0.001,0.001,0.001,0.001,0.001,0.993
s40_on,328,seg4,d(item_6),move_to,step,item_6,unknown,0.993,0.001,0.001,0.001,0.001,0.001,0.001,0.001,0.993
s40_on,329,seg4,d(item_6),move_to,step,item_6,unknown,0.993,0.001,0.001,0.001,0.001,0.001,0.001,0.001,0.993
s40_on,330,seg4,d(item_6),move_to,,item_6,unknown,0.993,0.001,0.001,0.001,0.001,0.001,0.001,0.001,0.993
s40_on,331,seg4,d(item_6),place,release,,unknown,0.993,0.001,0.001,0.001,0.001,0.001,0.001,0.001,0.993
s40_on,332,seg4,d(item_6),place,,,ac,0.9036,0.9036,0.001,0.001,0.001,0.001,0.001,0.001,0.0904
s40_on,333,done,unknown,,,,ac,0.9036,0.9036,0.001,0.001,0.001,0.001,0.001,0.001,0.0904
s40_on,334,done,unknown,,,,ac,0.9036,0.9036,0.001,0.001,0.001,0.001,0.001,0.001,0.0904
s40_on,335,done,unknown,,,,ac,0.9036,0.9036,0.001,0.001,0.001,0.001,0.001,0.001,0.0904
s40_on,336,done,unknown,,,,ac,0.9036,0.9036,0.001,0.001,0.001,0.001,0.001,0.001,0.0904
s40_on,337,done,unknown,,,,ac,0.9036,0.9036,0.001,0.001,0.001,0.001,0.001,0.001,0.0904
s40_on,338,done,unknown,,,,ac,0.9036,0.9036,0.001,0.001,0.001,0.001,0.001,0.001,0.0904
s40_on,339,done,unknown,,,,ac,0.9036,0.9036,0.001,0.001,0.001,0.001,0.001,0.001,0.0904
s40_on,340,done,unknown,,,,ac,0.9036,0.9036,0.001,0.001,0.001,0.001,0.001,0.001,0.0904
s40_on,341,done,unknown,,,,ac,0.9036,0.9036,0.001,0.001,0.001,0.001,0.001,0.001,0.0904
s40_on,342,done,unknown,,,,ac,0.9036,0.9036,0.001,0.001,0.001,0.001,0.001,0.001,0.0904
s40_on,343,done,unknown,,,,ac,0.9036,0.9036,0.001,0.001,0.001,0.001,0.001,0.001,0.0904
s40_on,344,done,unknown,,,,ac,0.9036,0.9036,0.001,0.001,0.001,0.001,0.001,0.001,0.0904
s40_on,345,done,unknown,,,,ac,0.9036,0.9036,0.001,0.001,0.001,0.001,0.001,0.001,0.0904
s40_on,346,done,unknown,,,,ac,0.9036,0.9036,0.001,0.001,0.001,0.001,0.001,0.001,0.0904
s40_on,347,done,unknown,,,,ac,0.9036,0.9036,0.001,0.001,0.001,0.001,0.001,0.001,0.0904
s40_on,348,done,unknown,,,,ac,0.9036,0.9036,0.001,0.001,0.001,0.001,0.001,0.001,0.0904
s40_on,349,done,unknown,,,,ac,0.9036,0.9036,0.001,0.001,0.001,0.001,0.001,0.001,0.0904
s40_on,350,done,unknown,,,,ac,0.9036,0.9036,0.001,0.001,0.001,0.001,0.001,0.001,0.0904
s40_on,351,done,unknown,,,,ac,0.9036,0.9036,0.001,0.001,0.001,0.001,0.001,0.001,0.0904
s40_on,352,done,unknown,,,,ac,0.9036,0.9036,0.001,0.001,0.001,0.001,0.001,0.001,0.0904
s40_on,353,done,unknown,,,,ac,0.9036,0.9036,0.001,0.001,0.001,0.001,0.001,0.001,0.0904
s40_on,354,done,unknown,,,,ac,0.9036,0.9036,0.001,0.001,0.001,0.001,0.001,0.001,0.0904
s40_on,355,done,unknown,,,,ac,0.9036,0.9036,0.001,0.001,0.001,0.001,0.001,0.001,0.0904
s40_on,356,done,unknown,,,,ac,0.9036,0.9036,0.001,0.001,0.001,0.001,0.001,0.001,0.0904
s40_on,357,done,unknown,,,,ac,0.9036,0.9036,0.001,0.001,0.001,0.001,0.001,0.001,0.0904
s40_on,358,done,unknown,,,,ac,0.9036,0.9036,0.001,0.001,0.001,0.001,0.001,0.001,0.0904
s40_on,359,done,unknown,,,,ac,0.9036,0.9036,0.001,0.001,0.001,0.001,0.001,0.001,0.0904
s40_on,360,done,unknown,,,,ac,0.9036,0.9036,0.001,0.001,0.001,0.001,0.001,0.001,0.0904
s40_on,361,done,unknown,,,,ac,0.9036,0.9036,0.001,0.001,0.001,0.001,0.001,0.001,0.0904
s40_on,362,done,unknown,,,,ac,0.9036,0.9036,0.001,0.001,0.001,0.001,0.001,0.001,0.0904
s40_on,363,done,unknown,,,,ac,0.9036,0.9036,0.001,0.001,0.001,0.001,0.001,0.001,0.0904
s40_on,364,done,unknown,,,,ac,0.9036,0.9036,0.001,0.001,0.001,0.001,0.001,0.001,0.0904
s40_on,365,done,unknown,,,,ac,0.9036,0.9036,0.001,0.001,0.001,0.001,0.001,0.001,0.0904
s40_on,366,done,unknown,,,,ac,0.9036,0.9036,0.001,0.001,0.001,0.001,0.001,0.001,0.0904
s40_on,367,done,unknown,,,,ac,0.9036,0.9036,0.001,0.001,0.001,0.001,0.001,0.001,0.0904
s40_on,368,done,unknown,,,,ac,0.9036,0.9036,0.001,0.001,0.001,0.001,0.001,0.001,0.0904
s40_on,369,done,unknown,,,,ac,0.9036,0.9036,0.001,0.001,0.001,0.001,0.001,0.001,0.0904
s40_on,370,done,unknown,,,,ac,0.9036,0.9036,0.001,0.001,0.001,0.001,0.001,0.001,0.0904
s40_on,371,done,unknown,,,,ac,0.9036,0.9036,0.001,0.001,0.001,0.001,0.001,0.001,0.0904
s40_on,372,done,unknown,,,,ac,0.9036,0.9036,0.001,0.001,0.001,0.001,0.001,0.001,0.0904
s40_on,373,done,unknown,,,,ac,0.9036,0.9036,0.001,0.001,0.001,0.001,0.001,0.001,0.0904
s40_on,374,done,unknown,,,,ac,0.9036,0.9036,0.001,0.001,0.001,0.001,0.001,0.001,0.0904
s40_on,375,done,unknown,,,,ac,0.9036,0.9036,0.001,0.001,0.001,0.001,0.001,0.001,0.0904
s40_on,376,done,unknown,,,,ac,0.9036,0.9036,0.001,0.001,0.001,0.001,0.001,0.001,0.0904
s40_on,377,done,unknown,,,,ac,0.9036,0.9036,0.001,0.001,0.001,0.001,0.001,0.001,0.0904
s40_on,378,done,unknown,,,,ac,0.9036,0.9036,0.001,0.001,0.001,0.001,0.001,0.001,0.0904
nobound/s40_off,0,seg1,d(item_3),move_to,step,,d(item_3),0.159,0.1295,0.1531,0.159,0.1347,0.1397,0.1375,0.1306,0.0159
nobound/s40_off,1,seg1,d(item_3),move_to,step,,d(item_3),0.1815,0.1162,0.1678,0.1815,0.127,0.1379,0.133,0.1184,0.0181
nobound/s40_off,2,seg1,d(item_3),move_to,step,,d(item_3),0.2086,0.1016,0.1846,0.2086,0.1177,0.1348,0.1269,0.105,0.0209
nobound/s40_off,3,seg1,d(item_3),move_to,step,,d(item_3),0.2401,0.0865,0.2027,0.2401,0.1068,0.13,0.1191,0.0908,0.024
nobound/s40_off,4,seg1,d(item_3),move_to,step,,d(item_3),0.2756,0.0717,0.221,0.2756,0.0947,0.1231,0.1096,0.0766,0.0276
nobound/s40_off,5,seg1,d(item_3),move_to,step,,d(item_3),0.3141,0.058,0.2384,0.3141,0.0821,0.1142,0.0986,0.0631,0.0314
nobound/s40_off,6,seg1,d(item_3),move_to,step,,d(item_3),0.3546,0.0458,0.2535,0.3546,0.0694,0.1037,0.0867,0.0508,0.0355
nobound/s40_off,7,seg1,d(item_3),move_to,step,,d(item_3),0.3957,0.0354,0.2653,0.3957,0.0573,0.092,0.0745,0.04,0.0396
nobound/s40_off,8,seg1,d(item_3),move_to,step,,d(item_3),0.4365,0.0269,0.273,0.4365,0.0464,0.08,0.0627,0.0309,0.0436
nobound/s40_off,9,seg1,d(item_3),move_to,step,,d(item_3),0.476,0.02,0.2763,0.476,0.0368,0.0681,0.0517,0.0235,0.0476
nobound/s40_off,10,seg1,d(item_3),move_to,step,,d(item_3),0.5136,0.0147,0.2751,0.5136,0.0287,0.057,0.0419,0.0176,0.0514
nobound/s40_off,11,seg1,d(item_3),move_to,step,,d(item_3),0.5492,0.0107,0.2698,0.5492,0.0221,0.047,0.0334,0.013,0.0549
nobound/s40_off,12,seg1,d(item_3),move_to,step,,d(item_3),0.5825,0.0077,0.2608,0.5825,0.0168,0.0382,0.0263,0.0095,0.0582
nobound/s40_off,13,seg1,d(item_3),move_to,step,,d(item_3),0.6137,0.0055,0.2488,0.6137,0.0126,0.0307,0.0205,0.0069,0.0614
nobound/s40_off,14,seg1,d(item_3),move_to,step,,d(item_3),0.6428,0.0039,0.2344,0.6428,0.0094,0.0244,0.0158,0.0049,0.0643
nobound/s40_off,15,seg1,d(item_3),move_to,step,,d(item_3),0.6702,0.0027,0.2183,0.6702,0.0069,0.0192,0.0121,0.0035,0.067
nobound/s40_off,16,seg1,d(item_3),move_to,step,,d(item_3),0.6958,0.0019,0.2009,0.6958,0.0051,0.0151,0.0092,0.0025,0.0696
nobound/s40_off,17,seg1,d(item_3),move_to,step,,d(item_3),0.7197,0.0013,0.1828,0.7197,0.0037,0.0117,0.0069,0.0018,0.072
nobound/s40_off,18,seg1,d(item_3),move_to,step,,d(item_3),0.742,0.001,0.1646,0.742,0.0027,0.009,0.0052,0.0013,0.0742
nobound/s40_off,19,seg1,d(item_3),move_to,step,,d(item_3),0.7624,0.001,0.1466,0.7624,0.002,0.0069,0.0039,0.001,0.0762
nobound/s40_off,20,seg1,d(item_3),move_to,step,,d(item_3),0.7812,0.001,0.1291,0.7812,0.0014,0.0053,0.0029,0.001,0.0781
nobound/s40_off,21,seg1,d(item_3),move_to,step,,d(item_3),0.7984,0.001,0.1126,0.7984,0.001,0.004,0.0021,0.001,0.0798
nobound/s40_off,22,seg1,d(item_3),move_to,step,,d(item_3),0.8139,0.001,0.0972,0.8139,0.001,0.003,0.0016,0.001,0.0814
nobound/s40_off,23,seg1,d(item_3),move_to,step,,d(item_3),0.8278,0.001,0.083,0.8278,0.001,0.0023,0.0011,0.001,0.0828
nobound/s40_off,24,seg1,d(item_3),move_to,step,,d(item_3),0.8401,0.001,0.0702,0.8401,0.001,0.0017,0.001,0.001,0.084
nobound/s40_off,25,seg1,d(item_3),move_to,step,,d(item_3),0.8508,0.001,0.0588,0.8508,0.001,0.0013,0.001,0.001,0.0851
nobound/s40_off,26,seg1,d(item_3),move_to,step,,d(item_3),0.8602,0.001,0.0488,0.8602,0.001,0.001,0.001,0.001,0.086
nobound/s40_off,27,seg1,d(item_3),move_to,step,,d(item_3),0.8681,0.001,0.0401,0.8681,0.001,0.001,0.001,0.001,0.0868
nobound/s40_off,28,seg1,d(item_3),move_to,step,,d(item_3),0.8748,0.001,0.0327,0.8748,0.001,0.001,0.001,0.001,0.0875
nobound/s40_off,29,seg1,d(item_3),move_to,step,,d(item_3),0.8805,0.001,0.0265,0.8805,0.001,0.001,0.001,0.001,0.0881
nobound/s40_off,30,seg1,d(item_3),move_to,step,,d(item_3),0.8853,0.001,0.0212,0.8853,0.001,0.001,0.001,0.001,0.0885
nobound/s40_off,31,seg1,d(item_3),move_to,step,,d(item_3),0.8892,0.001,0.0169,0.8892,0.001,0.001,0.001,0.001,0.0889
nobound/s40_off,32,seg1,d(item_3),move_to,step,,d(item_3),0.8924,0.001,0.0134,0.8924,0.001,0.001,0.001,0.001,0.0892
nobound/s40_off,33,seg1,d(item_3),move_to,step,,d(item_3),0.895,0.001,0.0105,0.895,0.001,0.001,0.001,0.001,0.0895
nobound/s40_off,34,seg1,d(item_3),move_to,step,,d(item_3),0.8971,0.001,0.0082,0.8971,0.001,0.001,0.001,0.001,0.0897
nobound/s40_off,35,seg1,d(item_3),move_to,step,,d(item_3),0.8988,0.001,0.0063,0.8988,0.001,0.001,0.001,0.001,0.0899
nobound/s40_off,36,seg1,d(item_3),move_to,step,,d(item_3),0.9001,0.001,0.0049,0.9001,0.001,0.001,0.001,0.001,0.09
nobound/s40_off,37,seg1,d(item_3),move_to,step,,d(item_3),0.9012,0.001,0.0037,0.9012,0.001,0.001,0.001,0.001,0.0901
nobound/s40_off,38,seg1,d(item_3),move_to,step,,d(item_3),0.902,0.001,0.0028,0.902,0.001,0.001,0.001,0.001,0.0902
nobound/s40_off,39,seg1,d(item_3),move_to,step,,d(item_3),0.9026,0.001,0.0021,0.9026,0.001,0.001,0.001,0.001,0.0903
nobound/s40_off,40,seg1,d(item_3),move_to,step,,d(item_3),0.9031,0.001,0.0016,0.9031,0.001,0.001,0.001,0.001,0.0903
nobound/s40_off,41,seg1,d(item_3),move_to,step,,d(item_3),0.9035,0.001,0.0012,0.9035,0.001,0.001,0.001,0.001,0.0903
nobound/s40_off,42,seg1,d(item_3),move_to,step,,d(item_3),0.9037,0.001,0.001,0.9037,0.001,0.001,0.001,0.001,0.0904
nobound/s40_off,43,seg1,d(item_3),move_to,step,,d(item_3),0.9037,0.001,0.001,0.9037,0.001,0.001,0.001,0.001,0.0904
nobound/s40_off,44,seg1,d(item_3),move_to,step,,d(item_3),0.9037,0.001,0.001,0.9037,0.001,0.001,0.001,0.001,0.0904
nobound/s40_off,45,seg1,d(item_3),move_to,step,,d(item_3),0.9037,0.001,0.001,0.9037,0.001,0.001,0.001,0.001,0.0904
nobound/s40_off,46,seg1,d(item_3),move_to,step,,d(item_3),0.9037,0.001,0.001,0.9037,0.001,0.001,0.001,0.001,0.0904
nobound/s40_off,47,seg1,d(item_3),move_to,step,,d(item_3),0.9037,0.001,0.001,0.9037,0.001,0.001,0.001,0.001,0.0904
nobound/s40_off,48,seg1,d(item_3),move_to,step,,d(item_3),0.9037,0.001,0.001,0.9037,0.001,0.001,0.001,0.001,0.0904
nobound/s40_off,49,seg1,d(item_3),move_to,step,,d(item_3),0.9037,0.001,0.001,0.9037,0.001,0.001,0.001,0.001,0.0904
nobound/s40_off,50,seg1,d(item_3),move_to,step,,d(item_3),0.9037,0.001,0.001,0.9037,0.001,0.001,0.001,0.001,0.0904
nobound/s40_off,51,seg1,d(item_3),move_to,step,,d(item_3),0.9037,0.001,0.001,0.9037,0.001,0.001,0.001,0.001,0.0904
nobound/s40_off,52,seg1,d(item_3),move_to,step,,d(item_3),0.9037,0.001,0.001,0.9037,0.001,0.001,0.001,0.001,0.0904
nobound/s40_off,53,seg1,d(item_3),move_to,step,,d(item_3),0.9037,0.001,0.001,0.9037,0.001,0.001,0.001,0.001,0.0904
nobound/s40_off,54,seg1,d(item_3),move_to,step,,d(item_3),0.9037,0.001,0.001,0.9037,0.001,0.001,0.001,0.001,0.0904
nobound/s40_off,55,seg1,d(item_3),move_to,step,,d(item_3),0.9037,0.001,0.001,0.9037,0.001,0.001,0.001,0.001,0.0904
nobound/s40_off,56,seg1,d(item_3),move_to,step,,d(item_3),0.9037,0.001,0.001,0.9037,0.001,0.001,0.001,0.001,0.0904
nobound/s40_off,57,seg1,d(item_3),move_to,step,,d(item_3),0.9037,0.001,0.001,0.9037,0.001,0.001,0.001,0.001,0.0904
nobound/s40_off,58,seg1,d(item_3),move_to,step,,d(item_3),0.9037,0.001,0.001,0.9037,0.001,0.001,0.001,0.001,0.0904
nobound/s40_off,59,seg1,d(item_3),move_to,,,d(item_3),0.9037,0.001,0.001,0.9037,0.001,0.001,0.001,0.001,0.0904
nobound/s40_off,60,seg1,d(item_3),pick_up,grasp,item_3,d(item_3),0.9037,0.001,0.001,0.9037,0.001,0.001,0.001,0.001,0.0904
nobound/s40_off,61,seg1,d(item_3),pick_up,,item_3,d(item_3),0.9037,0.001,0.001,0.9037,0.001,0.001,0.001,0.001,0.0904
nobound/s40_off,62,seg1,d(item_3),move_to,step,item_3,d(item_3),0.9037,0.001,0.001,0.9037,0.001,0.001,0.001,0.001,0.0904
nobound/s40_off,63,seg1,d(item_3),move_to,step,item_3,d(item_3),0.9037,0.001,0.001,0.9037,0.001,0.001,0.001,0.001,0.0904
nobound/s40_off,64,seg1,d(item_3),move_to,step,item_3,d(item_3),0.9037,0.001,0.001,0.9037,0.001,0.001,0.001,0.001,0.0904
nobound/s40_off,65,seg1,d(item_3),move_to,step,item_3,d(item_3),0.9037,0.001,0.001,0.9037,0.001,0.001,0.001,0.001,0.0904
nobound/s40_off,66,seg1,d(item_3),move_to,step,item_3,d(item_3),0.9037,0.001,0.001,0.9037,0.001,0.001,0.001,0.001,0.0904
nobound/s40_off,67,seg1,d(item_3),move_to,step,item_3,d(item_3),0.9037,0.001,0.001,0.9037,0.001,0.001,0.001,0.001,0.0904
nobound/s40_off,68,seg1,d(item_3),move_to,step,item_3,d(item_3),0.9037,0.001,0.001,0.9037,0.001,0.001,0.001,0.001,0.0904
nobound/s40_off,69,seg1,d(item_3),move_to,step,item_3,d(item_3),0.9037,0.001,0.001,0.9037,0.001,0.001,0.001,0.001,0.0904
nobound/s40_off,70,seg1,d(item_3),move_to,step,item_3,d(item_3),0.9037,0.001,0.001,0.9037,0.001,0.001,0.001,0.001,0.0904
nobound/s40_off,71,seg1,d(item_3),move_to,step,item_3,d(item_3),0.9037,0.001,0.001,0.9037,0.001,0.001,0.001,0.001,0.0904
nobound/s40_off,72,seg1,d(item_3),move_to,step,item_3,d(item_3),0.9037,0.001,0.001,0.9037,0.001,0.001,0.001,0.001,0.0904
nobound/s40_off,73,seg1,d(item_3),move_to,step,item_3,d(item_3),0.9037,0.001,0.001,0.9037,0.001,0.001,0.001,0.001,0.0904
nobound/s40_off,74,seg1,d(item_3),move_to,step,item_3,d(item_3),0.9037,0.001,0.001,0.9037,0.001,0.001,0.001,0.001,0.0904
nobound/s40_off,75,seg1,d(item_3),move_to,step,item_3,d(item_3),0.9037,0.001,0.001,0.9037,0.001,0.001,0.001,0.001,0.0904
nobound/s40_off,76,seg1,d(item_3),move_to,step,item_3,d(item_3),0.9037,0.001,0.001,0.9037,0.001,0.001,0.001,0.001,0.0904
nobound/s40_off,77,seg1,d(item_3),move_to,step,item_3,d(item_3),0.9037,0.001,0.001,0.9037,0.001,0.001,0.001,0.001,0.0904
nobound/s40_off,78,seg1,d(item_3),move_to,step,item_3,d(item_3),0.9037,0.001,0.001,0.9037,0.001,0.001,0.001,0.001,0.0904
nobound/s40_off,79,seg1,d(item_3),move_to,step,item_3,d(item_3),0.9037,0.001,0.001,0.9037,0.001,0.001,0.001,0.001,0.0904
nobound/s40_off,80,seg1,d(item_3),move_to,step,item_3,d(item_3),0.9037,0.001,0.001,0.9037,0.001,0.001,0.001,0.001,0.0904
nobound/s40_off,81,seg1,d(item_3),move_to,step,item_3,d(item_3),0.9037,0.001,0.001,0.9037,0.001,0.001,0.001,0.001,0.0904
nobound/s40_off,82,seg1,d(item_3),move_to,step,item_3,d(item_3),0.9037,0.001,0.001,0.9037,0.001,0.001,0.001,0.001,0.0904
nobound/s40_off,83,seg1,d(item_3),move_to,step,item_3,d(item_3),0.9037,0.001,0.001,0.9037,0.001,0.001,0.001,0.001,0.0904
nobound/s40_off,84,seg1,d(item_3),move_to,step,item_3,d(item_3),0.9037,0.001,0.001,0.9037,0.001,0.001,0.001,0.001,0.0904
nobound/s40_off,85,seg1,d(item_3),move_to,step,item_3,d(item_3),0.9037,0.001,0.001,0.9037,0.001,0.001,0.001,0.001,0.0904
nobound/s40_off,86,seg1,d(item_3),move_to,step,item_3,d(item_3),0.9037,0.001,0.001,0.9037,0.001,0.001,0.001,0.001,0.0904
nobound/s40_off,87,seg1,d(item_3),move_to,step,item_3,d(item_3),0.9037,0.001,0.001,0.9037,0.001,0.001,0.001,0.001,0.0904
nobound/s40_off,88,seg1,d(item_3),move_to,step,item_3,d(item_3),0.9037,0.001,0.001,0.9037,0.001,0.001,0.001,0.001,0.0904
nobound/s40_off,89,seg1,d(item_3),move_to,step,item_3,d(item_3),0.9037,0.001,0.001,0.9037,0.001,0.001,0.001,0.001,0.0904
nobound/s40_off,90,seg1,d(item_3),move_to,step,item_3,d(item_3),0.9037,0.001,0.001,0.9037,0.001,0.001,0.001,0.001,0.0904
nobound/s40_off,91,seg1,d(item_3),move_to,step,item_3,d(item_3),0.9037,0.001,0.001,0.9037,0.001,0.001,0.001,0.001,0.0904
nobound/s40_off,92,seg1,d(item_3),move_to,step,item_3,d(item_3),0.9037,0.001,0.001,0.9037,0.001,0.001,0.001,0.001,0.0904
nobound/s40_off,93,seg1,d(item_3),move_to,step,item_3,d(item_3),0.9037,0.001,0.001,0.9037,0.001,0.001,0.001,0.001,0.0904
nobound/s40_off,94,seg1,d(item_3),move_to,step,item_3,d(item_3),0.9037,0.001,0.001,0.9037,0.001,0.001,0.001,0.001,0.0904
nobound/s40_off,95,seg1,d(item_3),move_to,step,item_3,d(item_3),0.9037,0.001,0.001,0.9037,0.001,0.001,0.001,0.001,0.0904
nobound/s40_off,96,seg1,d(item_3),move_to,step,item_3,d(item_3),0.9037,0.001,0.001,0.9037,0.001,0.001,0.001,0.001,0.0904
nobound/s40_off,97,seg1,d(item_3),move_to,step,item_3,d(item_3),0.9037,0.001,0.001,0.9037,0.001,0.001,0.001,0.001,0.0904
nobound/s40_off,98,seg1,d(item_3),move_to,step,item_3,d(item_3),0.9037,0.001,0.001,0.9037,0.001,0.001,0.001,0.001,0.0904
nobound/s40_off,99,seg1,d(item_3),move_to,step,item_3,d(item_3),0.9037,0.001,0.001,0.9037,0.001,0.001,0.001,0.001,0.0904
nobound/s40_off,100,seg1,d(item_3),move_to,step,item_3,d(item_3),0.9037,0.001,0.001,0.9037,0.001,0.001,0.001,0.001,0.0904
nobound/s40_off,101,seg1,d(item_3),move_to,step,item_3,d(item_3),0.9037,0.001,0.001,0.9037,0.001,0.001,0.001,0.001,0.0904
nobound/s40_off,102,seg1,d(item_3),move_to,step,item_3,d(item_3),0.9037,0.001,0.001,0.9037,0.001,0.001,0.001,0.001,0.0904
nobound/s40_off,103,seg1,d(item_3),move_to,step,item_3,d(item_3),0.9037,0.001,0.001,0.9037,0.001,0.001,0.001,0.001,0.0904
nobound/s40_off,104,seg1,d(item_3),move_to,step,item_3,d(item_3),0.9037,0.001,0.001,0.9037,0.001,0.001,0.001,0.001,0.0904
nobound/s40_off,105,seg1,d(item_3),move_to,step,item_3,d(item_3),0.9037,0.001,0.001,0.9037,0.001,0.001,0.001,0.001,0.0904
nobound/s40_off,106,seg1,d(item_3),move_to,step,item_3,d(item_3),0.9037,0.001,0.001,0.9037,0.001,0.001,0.001,0.001,0.0904
nobound/s40_off,107,seg1,d(item_3),move_to,step,item_3,d(item_3),0.9037,0.001,0.001,0.9037,0.001,0.001,0.001,0.001,0.0904
nobound/s40_off,108,seg1,d(item_3),move_to,step,item_3,d(item_3),0.9037,0.001,0.001,0.9037,0.001,0.001,0.001,0.001,0.0904
nobound/s40_off,109,seg1,d(item_3),move_to,step,item_3,d(item_3),0.9037,0.001,0.001,0.9037,0.001,0.001,0.001,0.001,0.0904
nobound/s40_off,110,seg1,d(item_3),move_to,step,item_3,d(item_3),0.9037,0.001,0.001,0.9037,0.001,0.001,0.001,0.001,0.0904
nobound/s40_off,111,seg1,d(item_3),move_to,step,item_3,d(item_3),0.9037,0.001,0.001,0.9037,0.001,0.001,0.001,0.001,0.0904
nobound/s40_off,112,seg1,d(item_3),move_to,step,item_3,d(item_3),0.9037,0.001,0.001,0.9037,0.001,0.001,0.001,0.001,0.0904
nobound/s40_off,113,seg1,d(item_3),move_to,step,item_3,d(item_3),0.9037,0.001,0.001,0.9037,0.001,0.001,0.001,0.001,0.0904
nobound/s40_off,114,seg1,d(item_3),move_to,,item_3,d(item_3),0.9037,0.001,0.001,0.9037,0.001,0.001,0.001,0.001,0.0904
nobound/s40_off,115,seg1,d(item_3),place,release,,unknown,0.993,0.001,0.001,0.001,0.001,0.001,0.001,0.001,0.993
nobound/s40_off,116,seg1,d(item_3),place,,,unknown,0.993,0.001,0.001,0.001,0.001,0.001,0.001,0.001,0.993
nobound/s40_off,117,seg2,coffee,,,,unknown,0.993,0.001,0.001,0.001,0.001,0.001,0.001,0.001,0.993
nobound/s40_off,118,seg2,coffee,move_to,step,,unknown,0.993,0.001,0.001,0.001,0.001,0.001,0.001,0.001,0.993
nobound/s40_off,119,seg2,coffee,move_to,step,,unknown,0.993,0.001,0.001,0.001,0.001,0.001,0.001,0.001,0.993
nobound/s40_off,120,seg2,coffee,move_to,step,,unknown,0.993,0.001,0.001,0.001,0.001,0.001,0.001,0.001,0.993
nobound/s40_off,121,seg2,coffee,move_to,step,,unknown,0.993,0.001,0.001,0.001,0.001,0.001,0.001,0.001,0.993
nobound/s40_off,122,seg2,coffee,move_to,step,,unknown,0.993,0.001,0.001,0.001,0.001,0.001,0.001,0.001,0.993
nobound/s40_off,123,seg2,coffee,move_to,step,,unknown,0.993,0.001,0.001,0.001,0.001,0.001,0.001,0.001,0.993
nobound/s40_off,124,seg2,coffee,move_to,step,,unknown,0.993,0.001,0.001,0.001,0.001,0.001,0.001,0.001,0.993
nobound/s40_off,125,seg2,coffee,move_to,step,,unknown,0.993,0.001,0.001,0.001,0.001,0.001,0.001,0.001,0.993
nobound/s40_off,126,seg2,coffee,move_to,step,,unknown,0.993,0.001,0.001,0.001,0.001,0.001,0.001,0.001,0.993
nobound/s40_off,127,seg2,coffee,move_to,step,,unknown,0.993,0.001,0.001,0.001,0.001,0.001,0.001,0.001,0.993
nobound/s40_off,128,seg2,coffee,move_to,step,,unknown,0.993,0.001,0.001,0.001,0.001,0.001,0.001,0.001,0.993
nobound/s40_off,129,seg2,coffee,move_to,step,,unknown,0.993,0.001,0.001,0.001,0.001,0.001,0.001,0.001,0.993
nobound/s40_off,130,seg2,coffee,move_to,step,,unknown,0.993,0.001,0.001,0.001,0.001,0.001,0.001,0.001,0.993
nobound/s40_off,131,seg2,coffee,move_to,step,,unknown,0.993,0.001,0.001,0.001,0.001,0.001,0.001,0.001,0.993
nobound/s40_off,132,seg2,coffee,move_to,step,,unknown,0.993,0.001,0.001,0.001,0.001,0.001,0.001,0.001,0.993
nobound/s40_off,133,seg2,coffee,move_to,step,,unknown,0.993,0.001,0.001,0.001,0.001,0.001,0.001,0.001,0.993
nobound/s40_off,134,seg2,coffee,move_to,step,,unknown,0.993,0.001,0.001,0.001,0.001,0.001,0.001,0.001,0.993
nobound/s40_off,135,seg2,coffee,move_to,step,,unknown,0.993,0.001,0.001,0.001,0.001,0.001,0.001,0.001,0.993
nobound/s40_off,136,seg2,coffee,move_to,step,,unknown,0.993,0.001,0.001,0.001,0.001,0.001,0.001,0.001,0.993
nobound/s40_off,137,seg2,coffee,move_to,step,,unknown,0.993,0.001,0.001,0.001,0.001,0.001,0.001,0.001,0.993
nobound/s40_off,138,seg2,coffee,move_to,step,,unknown,0.993,0.001,0.001,0.001,0.001,0.001,0.001,0.001,0.993
nobound/s40_off,139,seg2,coffee,move_to,step,,unknown,0.993,0.001,0.001,0.001,0.001,0.001,0.001,0.001,0.993
nobound/s40_off,140,seg2,coffee,move_to,step,,unknown,0.993,0.001,0.001,0.001,0.001,0.001,0.001,0.001,0.993
nobound/s40_off,141,seg2,coffee,move_to,step,,unknown,0.993,0.001,0.001,0.001,0.001,0.001,0.001,0.001,0.993
nobound/s40_off,142,seg2,coffee,move_to,step,,unknown,0.993,0.001,0.001,0.001,0.001,0.001,0.001,0.001,0.993
nobound/s40_off,143,seg2,coffee,move_to,step,,unknown,0.993,0.001,0.001,0.001,0.001,0.001,0.001,0.001,0.993
nobound/s40_off,144,seg2,coffee,move_to,step,,unknown,0.993,0.001,0.001,0.001,0.001,0.001,0.001,0.001,0.993
nobound/s40_off,145,seg2,coffee,move_to,step,,unknown,0.993,0.001,0.001,0.001,0.001,0.001,0.001,0.001,0.993
nobound/s40_off,146,seg2,coffee,move_to,step,,unknown,0.993,0.001,0.001,0.001,0.001,0.001,0.001,0.001,0.993
nobound/s40_off,147,seg2,coffee,move_to,step,,unknown,0.993,0.001,0.001,0.001,0.001,0.001,0.001,0.001,0.993
nobound/s40_off,148,seg2,coffee,move_to,step,,unknown,0.993,0.001,0.001,0.001,0.001,0.001,0.001,0.001,0.993
nobound/s40_off,149,seg2,coffee,move_to,step,,unknown,0.993,0.001,0.001,0.001,0.001,0.001,0.001,0.001,0.993
nobound/s40_off,150,seg2,coffee,move_to,step,,unknown,0.993,0.001,0.001,0.001,0.001,0.001,0.001,0.001,0.993
nobound/s40_off,151,seg2,coffee,move_to,step,,unknown,0.993,0.001,0.001,0.001,0.001,0.001,0.001,0.001,0.993
nobound/s40_off,152,seg2,coffee,move_to,step,,unknown,0.993,0.001,0.001,0.001,0.001,0.001,0.001,0.001,0.993
nobound/s40_off,153,seg2,coffee,move_to,step,,unknown,0.993,0.001,0.001,0.001,0.001,0.001,0.001,0.001,0.993
nobound/s40_off,154,seg2,coffee,move_to,,,unknown,0.993,0.001,0.001,0.001,0.001,0.001,0.001,0.001,0.993
nobound/s40_off,155,seg2,coffee,wait_at,stand,,unknown,0.993,0.001,0.001,0.001,0.001,0.001,0.001,0.001,0.993
nobound/s40_off,156,seg2,coffee,wait_at,stand,,unknown,0.993,0.001,0.001,0.001,0.001,0.001,0.001,0.001,0.993
nobound/s40_off,157,seg2,coffee,wait_at,stand,,unknown,0.993,0.001,0.001,0.001,0.001,0.001,0.001,0.001,0.993
nobound/s40_off,158,seg2,coffee,wait_at,stand,,unknown,0.993,0.001,0.001,0.001,0.001,0.001,0.001,0.001,0.993
nobound/s40_off,159,seg2,coffee,wait_at,stand,,unknown,0.993,0.001,0.001,0.001,0.001,0.001,0.001,0.001,0.993
nobound/s40_off,160,seg2,coffee,wait_at,stand,,unknown,0.993,0.001,0.001,0.001,0.001,0.001,0.001,0.001,0.993
nobound/s40_off,161,seg2,coffee,wait_at,stand,,unknown,0.993,0.001,0.001,0.001,0.001,0.001,0.001,0.001,0.993
nobound/s40_off,162,seg2,coffee,wait_at,stand,,unknown,0.993,0.001,0.001,0.001,0.001,0.001,0.001,0.001,0.993
nobound/s40_off,163,seg2,coffee,wait_at,stand,,unknown,0.993,0.001,0.001,0.001,0.001,0.001,0.001,0.001,0.993
nobound/s40_off,164,seg2,coffee,wait_at,stand,,unknown,0.993,0.001,0.001,0.001,0.001,0.001,0.001,0.001,0.993
nobound/s40_off,165,seg2,coffee,wait_at,stand,,unknown,0.993,0.001,0.001,0.001,0.001,0.001,0.001,0.001,0.993
nobound/s40_off,166,seg2,coffee,wait_at,stand,,unknown,0.993,0.001,0.001,0.001,0.001,0.001,0.001,0.001,0.993
nobound/s40_off,167,seg2,coffee,wait_at,stand,,unknown,0.993,0.001,0.001,0.001,0.001,0.001,0.001,0.001,0.993
nobound/s40_off,168,seg2,coffee,wait_at,stand,,unknown,0.993,0.001,0.001,0.001,0.001,0.001,0.001,0.001,0.993
nobound/s40_off,169,seg2,coffee,wait_at,stand,,unknown,0.993,0.001,0.001,0.001,0.001,0.001,0.001,0.001,0.993
nobound/s40_off,170,seg2,coffee,wait_at,stand,,unknown,0.993,0.001,0.001,0.001,0.001,0.001,0.001,0.001,0.993
nobound/s40_off,171,seg2,coffee,wait_at,stand,,unknown,0.993,0.001,0.001,0.001,0.001,0.001,0.001,0.001,0.993
nobound/s40_off,172,seg2,coffee,wait_at,stand,,unknown,0.993,0.001,0.001,0.001,0.001,0.001,0.001,0.001,0.993
nobound/s40_off,173,seg2,coffee,wait_at,stand,,unknown,0.993,0.001,0.001,0.001,0.001,0.001,0.001,0.001,0.993
nobound/s40_off,174,seg2,coffee,wait_at,stand,,unknown,0.993,0.001,0.001,0.001,0.001,0.001,0.001,0.001,0.993
nobound/s40_off,175,seg2,coffee,wait_at,stand,,unknown,0.993,0.001,0.001,0.001,0.001,0.001,0.001,0.001,0.993
nobound/s40_off,176,seg2,coffee,wait_at,stand,,unknown,0.993,0.001,0.001,0.001,0.001,0.001,0.001,0.001,0.993
nobound/s40_off,177,seg2,coffee,wait_at,stand,,unknown,0.993,0.001,0.001,0.001,0.001,0.001,0.001,0.001,0.993
nobound/s40_off,178,seg2,coffee,wait_at,stand,,unknown,0.993,0.001,0.001,0.001,0.001,0.001,0.001,0.001,0.993
nobound/s40_off,179,seg2,coffee,wait_at,stand,,unknown,0.993,0.001,0.001,0.001,0.001,0.001,0.001,0.001,0.993
nobound/s40_off,180,seg2,coffee,wait_at,stand,,unknown,0.993,0.001,0.001,0.001,0.001,0.001,0.001,0.001,0.993
nobound/s40_off,181,seg2,coffee,wait_at,stand,,unknown,0.993,0.001,0.001,0.001,0.001,0.001,0.001,0.001,0.993
nobound/s40_off,182,seg2,coffee,wait_at,stand,,unknown,0.993,0.001,0.001,0.001,0.001,0.001,0.001,0.001,0.993
nobound/s40_off,183,seg2,coffee,wait_at,stand,,unknown,0.993,0.001,0.001,0.001,0.001,0.001,0.001,0.001,0.993
nobound/s40_off,184,seg2,coffee,wait_at,stand,,unknown,0.993,0.001,0.001,0.001,0.001,0.001,0.001,0.001,0.993
nobound/s40_off,185,seg2,coffee,wait_at,,,unknown,0.993,0.001,0.001,0.001,0.001,0.001,0.001,0.001,0.993
nobound/s40_off,186,seg3a,unknown,,,,unknown,0.993,0.001,0.001,0.001,0.001,0.001,0.001,0.001,0.993
nobound/s40_off,187,seg3a,unknown,move_to,step,,unknown,0.993,0.001,0.001,0.001,0.001,0.001,0.001,0.001,0.993
nobound/s40_off,188,seg3a,unknown,move_to,step,,unknown,0.993,0.001,0.001,0.001,0.001,0.001,0.001,0.001,0.993
nobound/s40_off,189,seg3a,unknown,move_to,step,,unknown,0.993,0.001,0.001,0.001,0.001,0.001,0.001,0.001,0.993
nobound/s40_off,190,seg3a,unknown,move_to,step,,unknown,0.993,0.001,0.001,0.001,0.001,0.001,0.001,0.001,0.993
nobound/s40_off,191,seg3a,unknown,move_to,step,,unknown,0.993,0.001,0.001,0.001,0.001,0.001,0.001,0.001,0.993
nobound/s40_off,192,seg3a,unknown,move_to,step,,unknown,0.993,0.001,0.001,0.001,0.001,0.001,0.001,0.001,0.993
nobound/s40_off,193,seg3a,unknown,move_to,step,,unknown,0.993,0.001,0.001,0.001,0.001,0.001,0.001,0.001,0.993
nobound/s40_off,194,seg3a,unknown,move_to,step,,unknown,0.993,0.001,0.001,0.001,0.001,0.001,0.001,0.001,0.993
nobound/s40_off,195,seg3a,unknown,move_to,step,,unknown,0.993,0.001,0.001,0.001,0.001,0.001,0.001,0.001,0.993
nobound/s40_off,196,seg3a,unknown,move_to,step,,unknown,0.993,0.001,0.001,0.001,0.001,0.001,0.001,0.001,0.993
nobound/s40_off,197,seg3a,unknown,move_to,step,,unknown,0.993,0.001,0.001,0.001,0.001,0.001,0.001,0.001,0.993
nobound/s40_off,198,seg3a,unknown,move_to,step,,unknown,0.993,0.001,0.001,0.001,0.001,0.001,0.001,0.001,0.993
nobound/s40_off,199,seg3a,unknown,move_to,step,,unknown,0.993,0.001,0.001,0.001,0.001,0.001,0.001,0.001,0.993
nobound/s40_off,200,seg3a,unknown,move_to,step,,unknown,0.993,0.001,0.001,0.001,0.001,0.001,0.001,0.001,0.993
nobound/s40_off,201,seg3a,unknown,move_to,step,,unknown,0.993,0.001,0.001,0.001,0.001,0.001,0.001,0.001,0.993
nobound/s40_off,202,seg3a,unknown,move_to,step,,unknown,0.993,0.001,0.001,0.001,0.001,0.001,0.001,0.001,0.993
nobound/s40_off,203,seg3a,unknown,move_to,step,,unknown,0.993,0.001,0.001,0.001,0.001,0.001,0.001,0.001,0.993
nobound/s40_off,204,seg3a,unknown,move_to,step,,unknown,0.993,0.001,0.001,0.001,0.001,0.001,0.001,0.001,0.993
nobound/s40_off,205,seg3a,unknown,move_to,step,,unknown,0.993,0.001,0.001,0.001,0.001,0.001,0.001,0.001,0.993
nobound/s40_off,206,seg3a,unknown,move_to,,,unknown,0.993,0.001,0.001,0.001,0.001,0.001,0.001,0.001,0.993
nobound/s40_off,207,seg3a,unknown,wait_at,stand,,unknown,0.993,0.001,0.001,0.001,0.001,0.001,0.001,0.001,0.993
nobound/s40_off,208,seg3a,unknown,wait_at,,,unknown,0.993,0.001,0.001,0.001,0.001,0.001,0.001,0.001,0.993
nobound/s40_off,209,seg3b,unknown,,,,unknown,0.993,0.001,0.001,0.001,0.001,0.001,0.001,0.001,0.993
nobound/s40_off,210,seg3b,unknown,move_to,step,,unknown,0.993,0.001,0.001,0.001,0.001,0.001,0.001,0.001,0.993
nobound/s40_off,211,seg3b,unknown,move_to,step,,unknown,0.993,0.001,0.001,0.001,0.001,0.001,0.001,0.001,0.993
nobound/s40_off,212,seg3b,unknown,move_to,step,,unknown,0.993,0.001,0.001,0.001,0.001,0.001,0.001,0.001,0.993
nobound/s40_off,213,seg3b,unknown,move_to,step,,unknown,0.993,0.001,0.001,0.001,0.001,0.001,0.001,0.001,0.993
nobound/s40_off,214,seg3b,unknown,move_to,step,,unknown,0.993,0.001,0.001,0.001,0.001,0.001,0.001,0.001,0.993
nobound/s40_off,215,seg3b,unknown,move_to,step,,unknown,0.993,0.001,0.001,0.001,0.001,0.001,0.001,0.001,0.993
nobound/s40_off,216,seg3b,unknown,move_to,step,,unknown,0.993,0.001,0.001,0.001,0.001,0.001,0.001,0.001,0.993
nobound/s40_off,217,seg3b,unknown,move_to,step,,unknown,0.993,0.001,0.001,0.001,0.001,0.001,0.001,0.001,0.993
nobound/s40_off,218,seg3b,unknown,move_to,step,,unknown,0.993,0.001,0.001,0.001,0.001,0.001,0.001,0.001,0.993
nobound/s40_off,219,seg3b,unknown,move_to,step,,unknown,0.993,0.001,0.001,0.001,0.001,0.001,0.001,0.001,0.993
nobound/s40_off,220,seg3b,unknown,move_to,step,,unknown,0.993,0.001,0.001,0.001,0.001,0.001,0.001,0.001,0.993
nobound/s40_off,221,seg3b,unknown,move_to,step,,unknown,0.993,0.001,0.001,0.001,0.001,0.001,0.001,0.001,0.993
nobound/s40_off,222,seg3b,unknown,move_to,step,,unknown,0.993,0.001,0.001,0.001,0.001,0.001,0.001,0.001,0.993
nobound/s40_off,223,seg3b,unknown,move_to,step,,unknown,0.993,0.001,0.001,0.001,0.001,0.001,0.001,0.001,0.993
nobound/s40_off,224,seg3b,unknown,move_to,step,,unknown,0.993,0.001,0.001,0.001,0.001,0.001,0.001,0.001,0.993
nobound/s40_off,225,seg3b,unknown,move_to,step,,unknown,0.993,0.001,0.001,0.001,0.001,0.001,0.001,0.001,0.993
nobound/s40_off,226,seg3b,unknown,move_to,step,,unknown,0.993,0.001,0.001,0.001,0.001,0.001,0.001,0.001,0.993
nobound/s40_off,227,seg3b,unknown,move_to,,,unknown,0.993,0.001,0.001,0.001,0.001,0.001,0.001,0.001,0.993
nobound/s40_off,228,seg3b,unknown,wait_at,stand,,unknown,0.993,0.001,0.001,0.001,0.001,0.001,0.001,0.001,0.993
nobound/s40_off,229,seg3b,unknown,wait_at,,,unknown,0.993,0.001,0.001,0.001,0.001,0.001,0.001,0.001,0.993
nobound/s40_off,230,seg4,d(item_6),,,,unknown,0.993,0.001,0.001,0.001,0.001,0.001,0.001,0.001,0.993
nobound/s40_off,231,seg4,d(item_6),move_to,step,,unknown,0.993,0.001,0.001,0.001,0.001,0.001,0.001,0.001,0.993
nobound/s40_off,232,seg4,d(item_6),move_to,step,,unknown,0.993,0.001,0.001,0.001,0.001,0.001,0.001,0.001,0.993
nobound/s40_off,233,seg4,d(item_6),move_to,step,,unknown,0.993,0.001,0.001,0.001,0.001,0.001,0.001,0.001,0.993
nobound/s40_off,234,seg4,d(item_6),move_to,step,,unknown,0.993,0.001,0.001,0.001,0.001,0.001,0.001,0.001,0.993
nobound/s40_off,235,seg4,d(item_6),move_to,step,,unknown,0.993,0.001,0.001,0.001,0.001,0.001,0.001,0.001,0.993
nobound/s40_off,236,seg4,d(item_6),move_to,step,,unknown,0.993,0.001,0.001,0.001,0.001,0.001,0.001,0.001,0.993
nobound/s40_off,237,seg4,d(item_6),move_to,step,,unknown,0.993,0.001,0.001,0.001,0.001,0.001,0.001,0.001,0.993
nobound/s40_off,238,seg4,d(item_6),move_to,step,,unknown,0.993,0.001,0.001,0.001,0.001,0.001,0.001,0.001,0.993
nobound/s40_off,239,seg4,d(item_6),move_to,step,,unknown,0.993,0.001,0.001,0.001,0.001,0.001,0.001,0.001,0.993
nobound/s40_off,240,seg4,d(item_6),move_to,step,,unknown,0.993,0.001,0.001,0.001,0.001,0.001,0.001,0.001,0.993
nobound/s40_off,241,seg4,d(item_6),move_to,step,,unknown,0.993,0.001,0.001,0.001,0.001,0.001,0.001,0.001,0.993
nobound/s40_off,242,seg4,d(item_6),move_to,step,,unknown,0.993,0.001,0.001,0.001,0.001,0.001,0.001,0.001,0.993
nobound/s40_off,243,seg4,d(item_6),move_to,step,,unknown,0.993,0.001,0.001,0.001,0.001,0.001,0.001,0.001,0.993
nobound/s40_off,244,seg4,d(item_6),move_to,step,,unknown,0.993,0.001,0.001,0.001,0.001,0.001,0.001,0.001,0.993
nobound/s40_off,245,seg4,d(item_6),move_to,step,,unknown,0.993,0.001,0.001,0.001,0.001,0.001,0.001,0.001,0.993
nobound/s40_off,246,seg4,d(item_6),move_to,step,,unknown,0.993,0.001,0.001,0.001,0.001,0.001,0.001,0.001,0.993
nobound/s40_off,247,seg4,d(item_6),move_to,step,,unknown,0.993,0.001,0.001,0.001,0.001,0.001,0.001,0.001,0.993
nobound/s40_off,248,seg4,d(item_6),move_to,step,,unknown,0.993,0.001,0.001,0.001,0.001,0.001,0.001,0.001,0.993
nobound/s40_off,249,seg4,d(item_6),move_to,step,,unknown,0.993,0.001,0.001,0.001,0.001,0.001,0.001,0.001,0.993
nobound/s40_off,250,seg4,d(item_6),move_to,step,,unknown,0.993,0.001,0.001,0.001,0.001,0.001,0.001,0.001,0.993
nobound/s40_off,251,seg4,d(item_6),move_to,step,,unknown,0.993,0.001,0.001,0.001,0.001,0.001,0.001,0.001,0.993
nobound/s40_off,252,seg4,d(item_6),move_to,step,,unknown,0.993,0.001,0.001,0.001,0.001,0.001,0.001,0.001,0.993
nobound/s40_off,253,seg4,d(item_6),move_to,step,,unknown,0.993,0.001,0.001,0.001,0.001,0.001,0.001,0.001,0.993
nobound/s40_off,254,seg4,d(item_6),move_to,step,,unknown,0.993,0.001,0.001,0.001,0.001,0.001,0.001,0.001,0.993
nobound/s40_off,255,seg4,d(item_6),move_to,step,,unknown,0.993,0.001,0.001,0.001,0.001,0.001,0.001,0.001,0.993
nobound/s40_off,256,seg4,d(item_6),move_to,step,,unknown,0.993,0.001,0.001,0.001,0.001,0.001,0.001,0.001,0.993
nobound/s40_off,257,seg4,d(item_6),move_to,step,,unknown,0.993,0.001,0.001,0.001,0.001,0.001,0.001,0.001,0.993
nobound/s40_off,258,seg4,d(item_6),move_to,step,,unknown,0.993,0.001,0.001,0.001,0.001,0.001,0.001,0.001,0.993
nobound/s40_off,259,seg4,d(item_6),move_to,step,,unknown,0.993,0.001,0.001,0.001,0.001,0.001,0.001,0.001,0.993
nobound/s40_off,260,seg4,d(item_6),move_to,step,,unknown,0.993,0.001,0.001,0.001,0.001,0.001,0.001,0.001,0.993
nobound/s40_off,261,seg4,d(item_6),move_to,step,,unknown,0.993,0.001,0.001,0.001,0.001,0.001,0.001,0.001,0.993
nobound/s40_off,262,seg4,d(item_6),move_to,step,,unknown,0.993,0.001,0.001,0.001,0.001,0.001,0.001,0.001,0.993
nobound/s40_off,263,seg4,d(item_6),move_to,step,,unknown,0.993,0.001,0.001,0.001,0.001,0.001,0.001,0.001,0.993
nobound/s40_off,264,seg4,d(item_6),move_to,step,,unknown,0.993,0.001,0.001,0.001,0.001,0.001,0.001,0.001,0.993
nobound/s40_off,265,seg4,d(item_6),move_to,step,,unknown,0.993,0.001,0.001,0.001,0.001,0.001,0.001,0.001,0.993
nobound/s40_off,266,seg4,d(item_6),move_to,step,,unknown,0.993,0.001,0.001,0.001,0.001,0.001,0.001,0.001,0.993
nobound/s40_off,267,seg4,d(item_6),move_to,step,,unknown,0.993,0.001,0.001,0.001,0.001,0.001,0.001,0.001,0.993
nobound/s40_off,268,seg4,d(item_6),move_to,step,,unknown,0.993,0.001,0.001,0.001,0.001,0.001,0.001,0.001,0.993
nobound/s40_off,269,seg4,d(item_6),move_to,step,,unknown,0.993,0.001,0.001,0.001,0.001,0.001,0.001,0.001,0.993
nobound/s40_off,270,seg4,d(item_6),move_to,step,,unknown,0.993,0.001,0.001,0.001,0.001,0.001,0.001,0.001,0.993
nobound/s40_off,271,seg4,d(item_6),move_to,,,unknown,0.993,0.001,0.001,0.001,0.001,0.001,0.001,0.001,0.993
nobound/s40_off,272,seg4,d(item_6),pick_up,grasp,item_6,unknown,0.993,0.001,0.001,0.001,0.001,0.001,0.001,0.001,0.993
nobound/s40_off,273,seg4,d(item_6),pick_up,,item_6,unknown,0.993,0.001,0.001,0.001,0.001,0.001,0.001,0.001,0.993
nobound/s40_off,274,seg4,d(item_6),move_to,step,item_6,unknown,0.993,0.001,0.001,0.001,0.001,0.001,0.001,0.001,0.993
nobound/s40_off,275,seg4,d(item_6),move_to,step,item_6,unknown,0.993,0.001,0.001,0.001,0.001,0.001,0.001,0.001,0.993
nobound/s40_off,276,seg4,d(item_6),move_to,step,item_6,unknown,0.993,0.001,0.001,0.001,0.001,0.001,0.001,0.001,0.993
nobound/s40_off,277,seg4,d(item_6),move_to,step,item_6,unknown,0.993,0.001,0.001,0.001,0.001,0.001,0.001,0.001,0.993
nobound/s40_off,278,seg4,d(item_6),move_to,step,item_6,unknown,0.993,0.001,0.001,0.001,0.001,0.001,0.001,0.001,0.993
nobound/s40_off,279,seg4,d(item_6),move_to,step,item_6,unknown,0.993,0.001,0.001,0.001,0.001,0.001,0.001,0.001,0.993
nobound/s40_off,280,seg4,d(item_6),move_to,step,item_6,unknown,0.993,0.001,0.001,0.001,0.001,0.001,0.001,0.001,0.993
nobound/s40_off,281,seg4,d(item_6),move_to,step,item_6,unknown,0.993,0.001,0.001,0.001,0.001,0.001,0.001,0.001,0.993
nobound/s40_off,282,seg4,d(item_6),move_to,step,item_6,unknown,0.993,0.001,0.001,0.001,0.001,0.001,0.001,0.001,0.993
nobound/s40_off,283,seg4,d(item_6),move_to,step,item_6,unknown,0.993,0.001,0.001,0.001,0.001,0.001,0.001,0.001,0.993
nobound/s40_off,284,seg4,d(item_6),move_to,step,item_6,unknown,0.993,0.001,0.001,0.001,0.001,0.001,0.001,0.001,0.993
nobound/s40_off,285,seg4,d(item_6),move_to,step,item_6,unknown,0.993,0.001,0.001,0.001,0.001,0.001,0.001,0.001,0.993
nobound/s40_off,286,seg4,d(item_6),move_to,step,item_6,unknown,0.993,0.001,0.001,0.001,0.001,0.001,0.001,0.001,0.993
nobound/s40_off,287,seg4,d(item_6),move_to,step,item_6,unknown,0.993,0.001,0.001,0.001,0.001,0.001,0.001,0.001,0.993
nobound/s40_off,288,seg4,d(item_6),move_to,step,item_6,unknown,0.993,0.001,0.001,0.001,0.001,0.001,0.001,0.001,0.993
nobound/s40_off,289,seg4,d(item_6),move_to,step,item_6,unknown,0.993,0.001,0.001,0.001,0.001,0.001,0.001,0.001,0.993
nobound/s40_off,290,seg4,d(item_6),move_to,step,item_6,unknown,0.993,0.001,0.001,0.001,0.001,0.001,0.001,0.001,0.993
nobound/s40_off,291,seg4,d(item_6),move_to,step,item_6,unknown,0.993,0.001,0.001,0.001,0.001,0.001,0.001,0.001,0.993
nobound/s40_off,292,seg4,d(item_6),move_to,step,item_6,unknown,0.993,0.001,0.001,0.001,0.001,0.001,0.001,0.001,0.993
nobound/s40_off,293,seg4,d(item_6),move_to,step,item_6,unknown,0.993,0.001,0.001,0.001,0.001,0.001,0.001,0.001,0.993
nobound/s40_off,294,seg4,d(item_6),move_to,step,item_6,unknown,0.993,0.001,0.001,0.001,0.001,0.001,0.001,0.001,0.993
nobound/s40_off,295,seg4,d(item_6),move_to,step,item_6,unknown,0.993,0.001,0.001,0.001,0.001,0.001,0.001,0.001,0.993
nobound/s40_off,296,seg4,d(item_6),move_to,step,item_6,unknown,0.993,0.001,0.001,0.001,0.001,0.001,0.001,0.001,0.993
nobound/s40_off,297,seg4,d(item_6),move_to,step,item_6,unknown,0.993,0.001,0.001,0.001,0.001,0.001,0.001,0.001,0.993
nobound/s40_off,298,seg4,d(item_6),move_to,step,item_6,unknown,0.993,0.001,0.001,0.001,0.001,0.001,0.001,0.001,0.993
nobound/s40_off,299,seg4,d(item_6),move_to,step,item_6,unknown,0.993,0.001,0.001,0.001,0.001,0.001,0.001,0.001,0.993
nobound/s40_off,300,seg4,d(item_6),move_to,step,item_6,unknown,0.993,0.001,0.001,0.001,0.001,0.001,0.001,0.001,0.993
nobound/s40_off,301,seg4,d(item_6),move_to,step,item_6,unknown,0.993,0.001,0.001,0.001,0.001,0.001,0.001,0.001,0.993
nobound/s40_off,302,seg4,d(item_6),move_to,step,item_6,unknown,0.993,0.001,0.001,0.001,0.001,0.001,0.001,0.001,0.993
nobound/s40_off,303,seg4,d(item_6),move_to,step,item_6,unknown,0.993,0.001,0.001,0.001,0.001,0.001,0.001,0.001,0.993
nobound/s40_off,304,seg4,d(item_6),move_to,step,item_6,unknown,0.993,0.001,0.001,0.001,0.001,0.001,0.001,0.001,0.993
nobound/s40_off,305,seg4,d(item_6),move_to,step,item_6,unknown,0.993,0.001,0.001,0.001,0.001,0.001,0.001,0.001,0.993
nobound/s40_off,306,seg4,d(item_6),move_to,step,item_6,unknown,0.993,0.001,0.001,0.001,0.001,0.001,0.001,0.001,0.993
nobound/s40_off,307,seg4,d(item_6),move_to,step,item_6,unknown,0.993,0.001,0.001,0.001,0.001,0.001,0.001,0.001,0.993
nobound/s40_off,308,seg4,d(item_6),move_to,step,item_6,unknown,0.993,0.001,0.001,0.001,0.001,0.001,0.001,0.001,0.993
nobound/s40_off,309,seg4,d(item_6),move_to,step,item_6,unknown,0.993,0.001,0.001,0.001,0.001,0.001,0.001,0.001,0.993
nobound/s40_off,310,seg4,d(item_6),move_to,step,item_6,unknown,0.993,0.001,0.001,0.001,0.001,0.001,0.001,0.001,0.993
nobound/s40_off,311,seg4,d(item_6),move_to,step,item_6,unknown,0.993,0.001,0.001,0.001,0.001,0.001,0.001,0.001,0.993
nobound/s40_off,312,seg4,d(item_6),move_to,step,item_6,unknown,0.993,0.001,0.001,0.001,0.001,0.001,0.001,0.001,0.993
nobound/s40_off,313,seg4,d(item_6),move_to,step,item_6,unknown,0.993,0.001,0.001,0.001,0.001,0.001,0.001,0.001,0.993
nobound/s40_off,314,seg4,d(item_6),move_to,step,item_6,unknown,0.993,0.001,0.001,0.001,0.001,0.001,0.001,0.001,0.993
nobound/s40_off,315,seg4,d(item_6),move_to,step,item_6,unknown,0.993,0.001,0.001,0.001,0.001,0.001,0.001,0.001,0.993
nobound/s40_off,316,seg4,d(item_6),move_to,step,item_6,unknown,0.993,0.001,0.001,0.001,0.001,0.001,0.001,0.001,0.993
nobound/s40_off,317,seg4,d(item_6),move_to,step,item_6,unknown,0.993,0.001,0.001,0.001,0.001,0.001,0.001,0.001,0.993
nobound/s40_off,318,seg4,d(item_6),move_to,step,item_6,unknown,0.993,0.001,0.001,0.001,0.001,0.001,0.001,0.001,0.993
nobound/s40_off,319,seg4,d(item_6),move_to,step,item_6,unknown,0.993,0.001,0.001,0.001,0.001,0.001,0.001,0.001,0.993
nobound/s40_off,320,seg4,d(item_6),move_to,step,item_6,unknown,0.993,0.001,0.001,0.001,0.001,0.001,0.001,0.001,0.993
nobound/s40_off,321,seg4,d(item_6),move_to,step,item_6,unknown,0.993,0.001,0.001,0.001,0.001,0.001,0.001,0.001,0.993
nobound/s40_off,322,seg4,d(item_6),move_to,step,item_6,unknown,0.993,0.001,0.001,0.001,0.001,0.001,0.001,0.001,0.993
nobound/s40_off,323,seg4,d(item_6),move_to,step,item_6,unknown,0.993,0.001,0.001,0.001,0.001,0.001,0.001,0.001,0.993
nobound/s40_off,324,seg4,d(item_6),move_to,step,item_6,unknown,0.993,0.001,0.001,0.001,0.001,0.001,0.001,0.001,0.993
nobound/s40_off,325,seg4,d(item_6),move_to,step,item_6,unknown,0.993,0.001,0.001,0.001,0.001,0.001,0.001,0.001,0.993
nobound/s40_off,326,seg4,d(item_6),move_to,step,item_6,unknown,0.993,0.001,0.001,0.001,0.001,0.001,0.001,0.001,0.993
nobound/s40_off,327,seg4,d(item_6),move_to,step,item_6,unknown,0.993,0.001,0.001,0.001,0.001,0.001,0.001,0.001,0.993
nobound/s40_off,328,seg4,d(item_6),move_to,step,item_6,unknown,0.993,0.001,0.001,0.001,0.001,0.001,0.001,0.001,0.993
nobound/s40_off,329,seg4,d(item_6),move_to,step,item_6,unknown,0.993,0.001,0.001,0.001,0.001,0.001,0.001,0.001,0.993
nobound/s40_off,330,seg4,d(item_6),move_to,,item_6,unknown,0.993,0.001,0.001,0.001,0.001,0.001,0.001,0.001,0.993
nobound/s40_off,331,seg4,d(item_6),place,release,,unknown,0.993,0.001,0.001,0.001,0.001,0.001,0.001,0.001,0.993
nobound/s40_off,332,seg4,d(item_6),place,,,unknown,0.993,0.001,0.001,0.001,0.001,0.001,0.001,0.001,0.993
nobound/s40_off,333,done,unknown,,,,unknown,0.993,0.001,0.001,0.001,0.001,0.001,0.001,0.001,0.993
nobound/s40_off,334,done,unknown,,,,unknown,0.993,0.001,0.001,0.001,0.001,0.001,0.001,0.001,0.993
nobound/s40_off,335,done,unknown,,,,unknown,0.993,0.001,0.001,0.001,0.001,0.001,0.001,0.001,0.993
nobound/s40_off,336,done,unknown,,,,unknown,0.993,0.001,0.001,0.001,0.001,0.001,0.001,0.001,0.993
nobound/s40_off,337,done,unknown,,,,unknown,0.993,0.001,0.001,0.001,0.001,0.001,0.001,0.001,0.993
nobound/s40_off,338,done,unknown,,,,unknown,0.993,0.001,0.001,0.001,0.001,0.001,0.001,0.001,0.993
nobound/s40_off,339,done,unknown,,,,unknown,0.993,0.001,0.001,0.001,0.001,0.001,0.001,0.001,0.993
nobound/s40_off,340,done,unknown,,,,unknown,0.993,0.001,0.001,0.001,0.001,0.001,0.001,0.001,0.993
nobound/s40_off,341,done,unknown,,,,unknown,0.993,0.001,0.001,0.001,0.001,0.001,0.001,0.001,0.993
nobound/s40_off,342,done,unknown,,,,unknown,0.993,0.001,0.001,0.001,0.001,0.001,0.001,0.001,0.993
nobound/s40_off,343,done,unknown,,,,unknown,0.993,0.001,0.001,0.001,0.001,0.001,0.001,0.001,0.993
nobound/s40_off,344,done,unknown,,,,unknown,0.993,0.001,0.001,0.001,0.001,0.001,0.001,0.001,0.993
nobound/s40_off,345,done,unknown,,,,unknown,0.993,0.001,0.001,0.001,0.001,0.001,0.001,0.001,0.993
nobound/s40_off,346,done,unknown,,,,unknown,0.993,0.001,0.001,0.001,0.001,0.001,0.001,0.001,0.993
nobound/s40_off,347,done,unknown,,,,unknown,0.993,0.001,0.001,0.001,0.001,0.001,0.001,0.001,0.993
nobound/s40_off,348,done,unknown,,,,unknown,0.993,0.001,0.001,0.001,0.001,0.001,0.001,0.001,0.993
nobound/s40_off,349,done,unknown,,,,unknown,0.993,0.001,0.001,0.001,0.001,0.001,0.001,0.001,0.993
nobound/s40_off,350,done,unknown,,,,unknown,0.993,0.001,0.001,0.001,0.001,0.001,0.001,0.001,0.993
nobound/s40_off,351,done,unknown,,,,unknown,0.993,0.001,0.001,0.001,0.001,0.001,0.001,0.001,0.993
nobound/s40_off,352,done,unknown,,,,unknown,0.993,0.001,0.001,0.001,0.001,0.001,0.001,0.001,0.993
nobound/s40_off,353,done,unknown,,,,unknown,0.993,0.001,0.001,0.001,0.001,0.001,0.001,0.001,0.993
nobound/s40_off,354,done,unknown,,,,unknown,0.993,0.001,0.001,0.001,0.001,0.001,0.001,0.001,0.993
nobound/s40_off,355,done,unknown,,,,unknown,0.993,0.001,0.001,0.001,0.001,0.001,0.001,0.001,0.993
nobound/s40_off,356,done,unknown,,,,unknown,0.993,0.001,0.001,0.001,0.001,0.001,0.001,0.001,0.993
nobound/s40_off,357,done,unknown,,,,unknown,0.993,0.001,0.001,0.001,0.001,0.001,0.001,0.001,0.993
nobound/s40_off,358,done,unknown,,,,unknown,0.993,0.001,0.001,0.001,0.001,0.001,0.001,0.001,0.993
nobound/s40_off,359,done,unknown,,,,unknown,0.993,0.001,0.001,0.001,0.001,0.001,0.001,0.001,0.993
nobound/s40_off,360,done,unknown,,,,unknown,0.993,0.001,0.001,0.001,0.001,0.001,0.001,0.001,0.993
nobound/s40_off,361,done,unknown,,,,unknown,0.993,0.001,0.001,0.001,0.001,0.001,0.001,0.001,0.993
nobound/s40_off,362,done,unknown,,,,unknown,0.993,0.001,0.001,0.001,0.001,0.001,0.001,0.001,0.993
nobound/s40_off,363,done,unknown,,,,unknown,0.993,0.001,0.001,0.001,0.001,0.001,0.001,0.001,0.993
nobound/s40_off,364,done,unknown,,,,unknown,0.993,0.001,0.001,0.001,0.001,0.001,0.001,0.001,0.993
nobound/s40_off,365,done,unknown,,,,unknown,0.993,0.001,0.001,0.001,0.001,0.001,0.001,0.001,0.993
nobound/s40_off,366,done,unknown,,,,unknown,0.993,0.001,0.001,0.001,0.001,0.001,0.001,0.001,0.993
nobound/s40_off,367,done,unknown,,,,unknown,0.993,0.001,0.001,0.001,0.001,0.001,0.001,0.001,0.993
nobound/s40_off,368,done,unknown,,,,unknown,0.993,0.001,0.001,0.001,0.001,0.001,0.001,0.001,0.993
nobound/s40_off,369,done,unknown,,,,unknown,0.993,0.001,0.001,0.001,0.001,0.001,0.001,0.001,0.993
nobound/s40_off,370,done,unknown,,,,unknown,0.993,0.001,0.001,0.001,0.001,0.001,0.001,0.001,0.993
nobound/s40_off,371,done,unknown,,,,unknown,0.993,0.001,0.001,0.001,0.001,0.001,0.001,0.001,0.993
nobound/s40_off,372,done,unknown,,,,unknown,0.993,0.001,0.001,0.001,0.001,0.001,0.001,0.001,0.993
nobound/s40_off,373,done,unknown,,,,unknown,0.993,0.001,0.001,0.001,0.001,0.001,0.001,0.001,0.993
nobound/s40_off,374,done,unknown,,,,unknown,0.993,0.001,0.001,0.001,0.001,0.001,0.001,0.001,0.993
nobound/s40_off,375,done,unknown,,,,unknown,0.993,0.001,0.001,0.001,0.001,0.001,0.001,0.001,0.993
nobound/s40_off,376,done,unknown,,,,unknown,0.993,0.001,0.001,0.001,0.001,0.001,0.001,0.001,0.993
nobound/s40_off,377,done,unknown,,,,unknown,0.993,0.001,0.001,0.001,0.001,0.001,0.001,0.001,0.993
nobound/s40_off,378,done,unknown,,,,unknown,0.993,0.001,0.001,0.001,0.001,0.001,0.001,0.001,0.993
nobound/s40_on,0,seg1,d(item_3),move_to,step,,d(item_3),0.2664,0.217,0.2566,0.2664,0.001,0.001,0.2303,0.001,0.0266
nobound/s40_on,1,seg1,d(item_3),move_to,step,,d(item_3),0.2934,0.1879,0.2714,0.2934,0.001,0.001,0.215,0.001,0.0293
nobound/s40_on,2,seg1,d(item_3),move_to,step,,d(item_3),0.3236,0.1576,0.2864,0.3236,0.001,0.001,0.197,0.001,0.0324
nobound/s40_on,3,seg1,d(item_3),move_to,step,,d(item_3),0.356,0.1282,0.3005,0.356,0.001,0.001,0.1767,0.001,0.0356
nobound/s40_on,4,seg1,d(item_3),move_to,step,,d(item_3),0.3894,0.1013,0.3124,0.3894,0.001,0.001,0.1549,0.001,0.0389
nobound/s40_on,5,seg1,d(item_3),move_to,step,,d(item_3),0.4229,0.0781,0.321,0.4229,0.001,0.001,0.1328,0.001,0.0423
nobound/s40_on,6,seg1,d(item_3),move_to,step,,d(item_3),0.4555,0.0589,0.3257,0.4555,0.001,0.001,0.1114,0.001,0.0455
nobound/s40_on,7,seg1,d(item_3),move_to,step,,d(item_3),0.4867,0.0436,0.3263,0.4867,0.001,0.001,0.0917,0.001,0.0487
nobound/s40_on,8,seg1,d(item_3),move_to,step,,d(item_3),0.5164,0.0318,0.323,0.5164,0.001,0.001,0.0741,0.001,0.0516
nobound/s40_on,9,seg1,d(item_3),move_to,step,,d(item_3),0.5445,0.0229,0.3161,0.5445,0.001,0.001,0.0591,0.001,0.0544
nobound/s40_on,10,seg1,d(item_3),move_to,step,,d(item_3),0.5711,0.0164,0.3059,0.5711,0.001,0.001,0.0465,0.001,0.0571
nobound/s40_on,11,seg1,d(item_3),move_to,step,,d(item_3),0.5964,0.0116,0.293,0.5964,0.001,0.001,0.0363,0.001,0.0596
nobound/s40_on,12,seg1,d(item_3),move_to,step,,d(item_3),0.6207,0.0082,0.278,0.6207,0.001,0.001,0.028,0.001,0.0621
nobound/s40_on,13,seg1,d(item_3),move_to,step,,d(item_3),0.6441,0.0058,0.2612,0.6441,0.001,0.001,0.0215,0.001,0.0644
nobound/s40_on,14,seg1,d(item_3),move_to,step,,d(item_3),0.6667,0.004,0.2432,0.6667,0.001,0.001,0.0164,0.001,0.0667
nobound/s40_on,15,seg1,d(item_3),move_to,step,,d(item_3),0.6886,0.0028,0.2243,0.6886,0.001,0.001,0.0124,0.001,0.0689
nobound/s40_on,16,seg1,d(item_3),move_to,step,,d(item_3),0.7098,0.002,0.2049,0.7098,0.001,0.001,0.0094,0.001,0.071
nobound/s40_on,17,seg1,d(item_3),move_to,step,,d(item_3),0.7301,0.0014,0.1855,0.7301,0.001,0.001,0.007,0.001,0.073
nobound/s40_on,18,seg1,d(item_3),move_to,step,,d(item_3),0.7495,0.001,0.1663,0.7495,0.001,0.001,0.0053,0.001,0.075
nobound/s40_on,19,seg1,d(item_3),move_to,step,,d(item_3),0.7677,0.001,0.1476,0.7677,0.001,0.001,0.0039,0.001,0.0768
nobound/s40_on,20,seg1,d(item_3),move_to,step,,d(item_3),0.7849,0.001,0.1297,0.7849,0.001,0.001,0.0029,0.001,0.0785
nobound/s40_on,21,seg1,d(item_3),move_to,step,,d(item_3),0.8008,0.001,0.1129,0.8008,0.001,0.001,0.0021,0.001,0.0801
nobound/s40_on,22,seg1,d(item_3),move_to,step,,d(item_3),0.8155,0.001,0.0974,0.8155,0.001,0.001,0.0016,0.001,0.0816
nobound/s40_on,23,seg1,d(item_3),move_to,step,,d(item_3),0.8289,0.001,0.0831,0.8289,0.001,0.001,0.0012,0.001,0.0829
nobound/s40_on,24,seg1,d(item_3),move_to,step,,d(item_3),0.8407,0.001,0.0703,0.8407,0.001,0.001,0.001,0.001,0.0841
nobound/s40_on,25,seg1,d(item_3),move_to,step,,d(item_3),0.8511,0.001,0.0588,0.8511,0.001,0.001,0.001,0.001,0.0851
nobound/s40_on,26,seg1,d(item_3),move_to,step,,d(item_3),0.8602,0.001,0.0488,0.8602,0.001,0.001,0.001,0.001,0.086
nobound/s40_on,27,seg1,d(item_3),move_to,step,,d(item_3),0.8681,0.001,0.0401,0.8681,0.001,0.001,0.001,0.001,0.0868
nobound/s40_on,28,seg1,d(item_3),move_to,step,,d(item_3),0.8748,0.001,0.0327,0.8748,0.001,0.001,0.001,0.001,0.0875
nobound/s40_on,29,seg1,d(item_3),move_to,step,,d(item_3),0.8805,0.001,0.0265,0.8805,0.001,0.001,0.001,0.001,0.088
nobound/s40_on,30,seg1,d(item_3),move_to,step,,d(item_3),0.8853,0.001,0.0212,0.8853,0.001,0.001,0.001,0.001,0.0885
nobound/s40_on,31,seg1,d(item_3),move_to,step,,d(item_3),0.8892,0.001,0.0169,0.8892,0.001,0.001,0.001,0.001,0.0889
nobound/s40_on,32,seg1,d(item_3),move_to,step,,d(item_3),0.8924,0.001,0.0134,0.8924,0.001,0.001,0.001,0.001,0.0892
nobound/s40_on,33,seg1,d(item_3),move_to,step,,d(item_3),0.895,0.001,0.0105,0.895,0.001,0.001,0.001,0.001,0.0895
nobound/s40_on,34,seg1,d(item_3),move_to,step,,d(item_3),0.8971,0.001,0.0082,0.8971,0.001,0.001,0.001,0.001,0.0897
nobound/s40_on,35,seg1,d(item_3),move_to,step,,d(item_3),0.8988,0.001,0.0063,0.8988,0.001,0.001,0.001,0.001,0.0899
nobound/s40_on,36,seg1,d(item_3),move_to,step,,d(item_3),0.9001,0.001,0.0049,0.9001,0.001,0.001,0.001,0.001,0.09
nobound/s40_on,37,seg1,d(item_3),move_to,step,,d(item_3),0.9012,0.001,0.0037,0.9012,0.001,0.001,0.001,0.001,0.0901
nobound/s40_on,38,seg1,d(item_3),move_to,step,,d(item_3),0.902,0.001,0.0028,0.902,0.001,0.001,0.001,0.001,0.0902
nobound/s40_on,39,seg1,d(item_3),move_to,step,,d(item_3),0.9026,0.001,0.0021,0.9026,0.001,0.001,0.001,0.001,0.0903
nobound/s40_on,40,seg1,d(item_3),move_to,step,,d(item_3),0.9031,0.001,0.0016,0.9031,0.001,0.001,0.001,0.001,0.0903
nobound/s40_on,41,seg1,d(item_3),move_to,step,,d(item_3),0.9035,0.001,0.0012,0.9035,0.001,0.001,0.001,0.001,0.0903
nobound/s40_on,42,seg1,d(item_3),move_to,step,,d(item_3),0.9037,0.001,0.001,0.9037,0.001,0.001,0.001,0.001,0.0904
nobound/s40_on,43,seg1,d(item_3),move_to,step,,d(item_3),0.9037,0.001,0.001,0.9037,0.001,0.001,0.001,0.001,0.0904
nobound/s40_on,44,seg1,d(item_3),move_to,step,,d(item_3),0.9037,0.001,0.001,0.9037,0.001,0.001,0.001,0.001,0.0904
nobound/s40_on,45,seg1,d(item_3),move_to,step,,d(item_3),0.9037,0.001,0.001,0.9037,0.001,0.001,0.001,0.001,0.0904
nobound/s40_on,46,seg1,d(item_3),move_to,step,,d(item_3),0.9037,0.001,0.001,0.9037,0.001,0.001,0.001,0.001,0.0904
nobound/s40_on,47,seg1,d(item_3),move_to,step,,d(item_3),0.9037,0.001,0.001,0.9037,0.001,0.001,0.001,0.001,0.0904
nobound/s40_on,48,seg1,d(item_3),move_to,step,,d(item_3),0.9037,0.001,0.001,0.9037,0.001,0.001,0.001,0.001,0.0904
nobound/s40_on,49,seg1,d(item_3),move_to,step,,d(item_3),0.9037,0.001,0.001,0.9037,0.001,0.001,0.001,0.001,0.0904
nobound/s40_on,50,seg1,d(item_3),move_to,step,,d(item_3),0.9037,0.001,0.001,0.9037,0.001,0.001,0.001,0.001,0.0904
nobound/s40_on,51,seg1,d(item_3),move_to,step,,d(item_3),0.9037,0.001,0.001,0.9037,0.001,0.001,0.001,0.001,0.0904
nobound/s40_on,52,seg1,d(item_3),move_to,step,,d(item_3),0.9037,0.001,0.001,0.9037,0.001,0.001,0.001,0.001,0.0904
nobound/s40_on,53,seg1,d(item_3),move_to,step,,d(item_3),0.9037,0.001,0.001,0.9037,0.001,0.001,0.001,0.001,0.0904
nobound/s40_on,54,seg1,d(item_3),move_to,step,,d(item_3),0.9037,0.001,0.001,0.9037,0.001,0.001,0.001,0.001,0.0904
nobound/s40_on,55,seg1,d(item_3),move_to,step,,d(item_3),0.9037,0.001,0.001,0.9037,0.001,0.001,0.001,0.001,0.0904
nobound/s40_on,56,seg1,d(item_3),move_to,step,,d(item_3),0.9037,0.001,0.001,0.9037,0.001,0.001,0.001,0.001,0.0904
nobound/s40_on,57,seg1,d(item_3),move_to,step,,d(item_3),0.9037,0.001,0.001,0.9037,0.001,0.001,0.001,0.001,0.0904
nobound/s40_on,58,seg1,d(item_3),move_to,step,,d(item_3),0.9037,0.001,0.001,0.9037,0.001,0.001,0.001,0.001,0.0904
nobound/s40_on,59,seg1,d(item_3),move_to,,,d(item_3),0.9037,0.001,0.001,0.9037,0.001,0.001,0.001,0.001,0.0904
nobound/s40_on,60,seg1,d(item_3),pick_up,grasp,item_3,d(item_3),0.9037,0.001,0.001,0.9037,0.001,0.001,0.001,0.001,0.0904
nobound/s40_on,61,seg1,d(item_3),pick_up,,item_3,d(item_3),0.9037,0.001,0.001,0.9037,0.001,0.001,0.001,0.001,0.0904
nobound/s40_on,62,seg1,d(item_3),move_to,step,item_3,d(item_3),0.9037,0.001,0.001,0.9037,0.001,0.001,0.001,0.001,0.0904
nobound/s40_on,63,seg1,d(item_3),move_to,step,item_3,d(item_3),0.9037,0.001,0.001,0.9037,0.001,0.001,0.001,0.001,0.0904
nobound/s40_on,64,seg1,d(item_3),move_to,step,item_3,d(item_3),0.9037,0.001,0.001,0.9037,0.001,0.001,0.001,0.001,0.0904
nobound/s40_on,65,seg1,d(item_3),move_to,step,item_3,d(item_3),0.9037,0.001,0.001,0.9037,0.001,0.001,0.001,0.001,0.0904
nobound/s40_on,66,seg1,d(item_3),move_to,step,item_3,d(item_3),0.9037,0.001,0.001,0.9037,0.001,0.001,0.001,0.001,0.0904
nobound/s40_on,67,seg1,d(item_3),move_to,step,item_3,d(item_3),0.9037,0.001,0.001,0.9037,0.001,0.001,0.001,0.001,0.0904
nobound/s40_on,68,seg1,d(item_3),move_to,step,item_3,d(item_3),0.9037,0.001,0.001,0.9037,0.001,0.001,0.001,0.001,0.0904
nobound/s40_on,69,seg1,d(item_3),move_to,step,item_3,d(item_3),0.9037,0.001,0.001,0.9037,0.001,0.001,0.001,0.001,0.0904
nobound/s40_on,70,seg1,d(item_3),move_to,step,item_3,d(item_3),0.9037,0.001,0.001,0.9037,0.001,0.001,0.001,0.001,0.0904
nobound/s40_on,71,seg1,d(item_3),move_to,step,item_3,d(item_3),0.9037,0.001,0.001,0.9037,0.001,0.001,0.001,0.001,0.0904
nobound/s40_on,72,seg1,d(item_3),move_to,step,item_3,d(item_3),0.9037,0.001,0.001,0.9037,0.001,0.001,0.001,0.001,0.0904
nobound/s40_on,73,seg1,d(item_3),move_to,step,item_3,d(item_3),0.9037,0.001,0.001,0.9037,0.001,0.001,0.001,0.001,0.0904
nobound/s40_on,74,seg1,d(item_3),move_to,step,item_3,d(item_3),0.9037,0.001,0.001,0.9037,0.001,0.001,0.001,0.001,0.0904
nobound/s40_on,75,seg1,d(item_3),move_to,step,item_3,d(item_3),0.9037,0.001,0.001,0.9037,0.001,0.001,0.001,0.001,0.0904
nobound/s40_on,76,seg1,d(item_3),move_to,step,item_3,d(item_3),0.9037,0.001,0.001,0.9037,0.001,0.001,0.001,0.001,0.0904
nobound/s40_on,77,seg1,d(item_3),move_to,step,item_3,d(item_3),0.9037,0.001,0.001,0.9037,0.001,0.001,0.001,0.001,0.0904
nobound/s40_on,78,seg1,d(item_3),move_to,step,item_3,d(item_3),0.9037,0.001,0.001,0.9037,0.001,0.001,0.001,0.001,0.0904
nobound/s40_on,79,seg1,d(item_3),move_to,step,item_3,d(item_3),0.9037,0.001,0.001,0.9037,0.001,0.001,0.001,0.001,0.0904
nobound/s40_on,80,seg1,d(item_3),move_to,step,item_3,d(item_3),0.9037,0.001,0.001,0.9037,0.001,0.001,0.001,0.001,0.0904
nobound/s40_on,81,seg1,d(item_3),move_to,step,item_3,d(item_3),0.9037,0.001,0.001,0.9037,0.001,0.001,0.001,0.001,0.0904
nobound/s40_on,82,seg1,d(item_3),move_to,step,item_3,d(item_3),0.9037,0.001,0.001,0.9037,0.001,0.001,0.001,0.001,0.0904
nobound/s40_on,83,seg1,d(item_3),move_to,step,item_3,d(item_3),0.9037,0.001,0.001,0.9037,0.001,0.001,0.001,0.001,0.0904
nobound/s40_on,84,seg1,d(item_3),move_to,step,item_3,d(item_3),0.9037,0.001,0.001,0.9037,0.001,0.001,0.001,0.001,0.0904
nobound/s40_on,85,seg1,d(item_3),move_to,step,item_3,d(item_3),0.9037,0.001,0.001,0.9037,0.001,0.001,0.001,0.001,0.0904
nobound/s40_on,86,seg1,d(item_3),move_to,step,item_3,d(item_3),0.9037,0.001,0.001,0.9037,0.001,0.001,0.001,0.001,0.0904
nobound/s40_on,87,seg1,d(item_3),move_to,step,item_3,d(item_3),0.9037,0.001,0.001,0.9037,0.001,0.001,0.001,0.001,0.0904
nobound/s40_on,88,seg1,d(item_3),move_to,step,item_3,d(item_3),0.9037,0.001,0.001,0.9037,0.001,0.001,0.001,0.001,0.0904
nobound/s40_on,89,seg1,d(item_3),move_to,step,item_3,d(item_3),0.9037,0.001,0.001,0.9037,0.001,0.001,0.001,0.001,0.0904
nobound/s40_on,90,seg1,d(item_3),move_to,step,item_3,d(item_3),0.9037,0.001,0.001,0.9037,0.001,0.001,0.001,0.001,0.0904
nobound/s40_on,91,seg1,d(item_3),move_to,step,item_3,d(item_3),0.9037,0.001,0.001,0.9037,0.001,0.001,0.001,0.001,0.0904
nobound/s40_on,92,seg1,d(item_3),move_to,step,item_3,d(item_3),0.9037,0.001,0.001,0.9037,0.001,0.001,0.001,0.001,0.0904
nobound/s40_on,93,seg1,d(item_3),move_to,step,item_3,d(item_3),0.9037,0.001,0.001,0.9037,0.001,0.001,0.001,0.001,0.0904
nobound/s40_on,94,seg1,d(item_3),move_to,step,item_3,d(item_3),0.9037,0.001,0.001,0.9037,0.001,0.001,0.001,0.001,0.0904
nobound/s40_on,95,seg1,d(item_3),move_to,step,item_3,d(item_3),0.9037,0.001,0.001,0.9037,0.001,0.001,0.001,0.001,0.0904
nobound/s40_on,96,seg1,d(item_3),move_to,step,item_3,d(item_3),0.9037,0.001,0.001,0.9037,0.001,0.001,0.001,0.001,0.0904
nobound/s40_on,97,seg1,d(item_3),move_to,step,item_3,d(item_3),0.9037,0.001,0.001,0.9037,0.001,0.001,0.001,0.001,0.0904
nobound/s40_on,98,seg1,d(item_3),move_to,step,item_3,d(item_3),0.9037,0.001,0.001,0.9037,0.001,0.001,0.001,0.001,0.0904
nobound/s40_on,99,seg1,d(item_3),move_to,step,item_3,d(item_3),0.9037,0.001,0.001,0.9037,0.001,0.001,0.001,0.001,0.0904
nobound/s40_on,100,seg1,d(item_3),move_to,step,item_3,d(item_3),0.9037,0.001,0.001,0.9037,0.001,0.001,0.001,0.001,0.0904
nobound/s40_on,101,seg1,d(item_3),move_to,step,item_3,d(item_3),0.9037,0.001,0.001,0.9037,0.001,0.001,0.001,0.001,0.0904
nobound/s40_on,102,seg1,d(item_3),move_to,step,item_3,d(item_3),0.9037,0.001,0.001,0.9037,0.001,0.001,0.001,0.001,0.0904
nobound/s40_on,103,seg1,d(item_3),move_to,step,item_3,d(item_3),0.9037,0.001,0.001,0.9037,0.001,0.001,0.001,0.001,0.0904
nobound/s40_on,104,seg1,d(item_3),move_to,step,item_3,d(item_3),0.9037,0.001,0.001,0.9037,0.001,0.001,0.001,0.001,0.0904
nobound/s40_on,105,seg1,d(item_3),move_to,step,item_3,d(item_3),0.9037,0.001,0.001,0.9037,0.001,0.001,0.001,0.001,0.0904
nobound/s40_on,106,seg1,d(item_3),move_to,step,item_3,d(item_3),0.9037,0.001,0.001,0.9037,0.001,0.001,0.001,0.001,0.0904
nobound/s40_on,107,seg1,d(item_3),move_to,step,item_3,d(item_3),0.9037,0.001,0.001,0.9037,0.001,0.001,0.001,0.001,0.0904
nobound/s40_on,108,seg1,d(item_3),move_to,step,item_3,d(item_3),0.9037,0.001,0.001,0.9037,0.001,0.001,0.001,0.001,0.0904
nobound/s40_on,109,seg1,d(item_3),move_to,step,item_3,d(item_3),0.9037,0.001,0.001,0.9037,0.001,0.001,0.001,0.001,0.0904
nobound/s40_on,110,seg1,d(item_3),move_to,step,item_3,d(item_3),0.9037,0.001,0.001,0.9037,0.001,0.001,0.001,0.001,0.0904
nobound/s40_on,111,seg1,d(item_3),move_to,step,item_3,d(item_3),0.9037,0.001,0.001,0.9037,0.001,0.001,0.001,0.001,0.0904
nobound/s40_on,112,seg1,d(item_3),move_to,step,item_3,d(item_3),0.9037,0.001,0.001,0.9037,0.001,0.001,0.001,0.001,0.0904
nobound/s40_on,113,seg1,d(item_3),move_to,step,item_3,d(item_3),0.9037,0.001,0.001,0.9037,0.001,0.001,0.001,0.001,0.0904
nobound/s40_on,114,seg1,d(item_3),move_to,,item_3,d(item_3),0.9037,0.001,0.001,0.9037,0.001,0.001,0.001,0.001,0.0904
nobound/s40_on,115,seg1,d(item_3),place,release,,unknown,0.993,0.001,0.001,0.001,0.001,0.001,0.001,0.001,0.993
nobound/s40_on,116,seg1,d(item_3),place,,,unknown,0.993,0.001,0.001,0.001,0.001,0.001,0.001,0.001,0.993
nobound/s40_on,117,seg2,coffee,,,,unknown,0.993,0.001,0.001,0.001,0.001,0.001,0.001,0.001,0.993
nobound/s40_on,118,seg2,coffee,move_to,step,,unknown,0.993,0.001,0.001,0.001,0.001,0.001,0.001,0.001,0.993
nobound/s40_on,119,seg2,coffee,move_to,step,,unknown,0.993,0.001,0.001,0.001,0.001,0.001,0.001,0.001,0.993
nobound/s40_on,120,seg2,coffee,move_to,step,,unknown,0.993,0.001,0.001,0.001,0.001,0.001,0.001,0.001,0.993
nobound/s40_on,121,seg2,coffee,move_to,step,,unknown,0.993,0.001,0.001,0.001,0.001,0.001,0.001,0.001,0.993
nobound/s40_on,122,seg2,coffee,move_to,step,,unknown,0.993,0.001,0.001,0.001,0.001,0.001,0.001,0.001,0.993
nobound/s40_on,123,seg2,coffee,move_to,step,,unknown,0.993,0.001,0.001,0.001,0.001,0.001,0.001,0.001,0.993
nobound/s40_on,124,seg2,coffee,move_to,step,,unknown,0.993,0.001,0.001,0.001,0.001,0.001,0.001,0.001,0.993
nobound/s40_on,125,seg2,coffee,move_to,step,,unknown,0.993,0.001,0.001,0.001,0.001,0.001,0.001,0.001,0.993
nobound/s40_on,126,seg2,coffee,move_to,step,,unknown,0.993,0.001,0.001,0.001,0.001,0.001,0.001,0.001,0.993
nobound/s40_on,127,seg2,coffee,move_to,step,,unknown,0.993,0.001,0.001,0.001,0.001,0.001,0.001,0.001,0.993
nobound/s40_on,128,seg2,coffee,move_to,step,,unknown,0.993,0.001,0.001,0.001,0.001,0.001,0.001,0.001,0.993
nobound/s40_on,129,seg2,coffee,move_to,step,,unknown,0.993,0.001,0.001,0.001,0.001,0.001,0.001,0.001,0.993
nobound/s40_on,130,seg2,coffee,move_to,step,,unknown,0.993,0.001,0.001,0.001,0.001,0.001,0.001,0.001,0.993
nobound/s40_on,131,seg2,coffee,move_to,step,,unknown,0.993,0.001,0.001,0.001,0.001,0.001,0.001,0.001,0.993
nobound/s40_on,132,seg2,coffee,move_to,step,,unknown,0.993,0.001,0.001,0.001,0.001,0.001,0.001,0.001,0.993
nobound/s40_on,133,seg2,coffee,move_to,step,,unknown,0.993,0.001,0.001,0.001,0.001,0.001,0.001,0.001,0.993
nobound/s40_on,134,seg2,coffee,move_to,step,,unknown,0.993,0.001,0.001,0.001,0.001,0.001,0.001,0.001,0.993
nobound/s40_on,135,seg2,coffee,move_to,step,,unknown,0.993,0.001,0.001,0.001,0.001,0.001,0.001,0.001,0.993
nobound/s40_on,136,seg2,coffee,move_to,step,,unknown,0.993,0.001,0.001,0.001,0.001,0.001,0.001,0.001,0.993
nobound/s40_on,137,seg2,coffee,move_to,step,,unknown,0.993,0.001,0.001,0.001,0.001,0.001,0.001,0.001,0.993
nobound/s40_on,138,seg2,coffee,move_to,step,,unknown,0.993,0.001,0.001,0.001,0.001,0.001,0.001,0.001,0.993
nobound/s40_on,139,seg2,coffee,move_to,step,,unknown,0.993,0.001,0.001,0.001,0.001,0.001,0.001,0.001,0.993
nobound/s40_on,140,seg2,coffee,move_to,step,,unknown,0.993,0.001,0.001,0.001,0.001,0.001,0.001,0.001,0.993
nobound/s40_on,141,seg2,coffee,move_to,step,,unknown,0.993,0.001,0.001,0.001,0.001,0.001,0.001,0.001,0.993
nobound/s40_on,142,seg2,coffee,move_to,step,,unknown,0.993,0.001,0.001,0.001,0.001,0.001,0.001,0.001,0.993
nobound/s40_on,143,seg2,coffee,move_to,step,,unknown,0.993,0.001,0.001,0.001,0.001,0.001,0.001,0.001,0.993
nobound/s40_on,144,seg2,coffee,move_to,step,,unknown,0.993,0.001,0.001,0.001,0.001,0.001,0.001,0.001,0.993
nobound/s40_on,145,seg2,coffee,move_to,step,,unknown,0.993,0.001,0.001,0.001,0.001,0.001,0.001,0.001,0.993
nobound/s40_on,146,seg2,coffee,move_to,step,,unknown,0.993,0.001,0.001,0.001,0.001,0.001,0.001,0.001,0.993
nobound/s40_on,147,seg2,coffee,move_to,step,,unknown,0.993,0.001,0.001,0.001,0.001,0.001,0.001,0.001,0.993
nobound/s40_on,148,seg2,coffee,move_to,step,,unknown,0.993,0.001,0.001,0.001,0.001,0.001,0.001,0.001,0.993
nobound/s40_on,149,seg2,coffee,move_to,step,,unknown,0.993,0.001,0.001,0.001,0.001,0.001,0.001,0.001,0.993
nobound/s40_on,150,seg2,coffee,move_to,step,,unknown,0.993,0.001,0.001,0.001,0.001,0.001,0.001,0.001,0.993
nobound/s40_on,151,seg2,coffee,move_to,step,,unknown,0.993,0.001,0.001,0.001,0.001,0.001,0.001,0.001,0.993
nobound/s40_on,152,seg2,coffee,move_to,step,,unknown,0.993,0.001,0.001,0.001,0.001,0.001,0.001,0.001,0.993
nobound/s40_on,153,seg2,coffee,move_to,step,,unknown,0.993,0.001,0.001,0.001,0.001,0.001,0.001,0.001,0.993
nobound/s40_on,154,seg2,coffee,move_to,,,unknown,0.993,0.001,0.001,0.001,0.001,0.001,0.001,0.001,0.993
nobound/s40_on,155,seg2,coffee,wait_at,stand,,unknown,0.993,0.001,0.001,0.001,0.001,0.001,0.001,0.001,0.993
nobound/s40_on,156,seg2,coffee,wait_at,stand,,unknown,0.993,0.001,0.001,0.001,0.001,0.001,0.001,0.001,0.993
nobound/s40_on,157,seg2,coffee,wait_at,stand,,unknown,0.993,0.001,0.001,0.001,0.001,0.001,0.001,0.001,0.993
nobound/s40_on,158,seg2,coffee,wait_at,stand,,unknown,0.993,0.001,0.001,0.001,0.001,0.001,0.001,0.001,0.993
nobound/s40_on,159,seg2,coffee,wait_at,stand,,unknown,0.993,0.001,0.001,0.001,0.001,0.001,0.001,0.001,0.993
nobound/s40_on,160,seg2,coffee,wait_at,stand,,unknown,0.993,0.001,0.001,0.001,0.001,0.001,0.001,0.001,0.993
nobound/s40_on,161,seg2,coffee,wait_at,stand,,unknown,0.993,0.001,0.001,0.001,0.001,0.001,0.001,0.001,0.993
nobound/s40_on,162,seg2,coffee,wait_at,stand,,unknown,0.993,0.001,0.001,0.001,0.001,0.001,0.001,0.001,0.993
nobound/s40_on,163,seg2,coffee,wait_at,stand,,unknown,0.993,0.001,0.001,0.001,0.001,0.001,0.001,0.001,0.993
nobound/s40_on,164,seg2,coffee,wait_at,stand,,unknown,0.993,0.001,0.001,0.001,0.001,0.001,0.001,0.001,0.993
nobound/s40_on,165,seg2,coffee,wait_at,stand,,unknown,0.993,0.001,0.001,0.001,0.001,0.001,0.001,0.001,0.993
nobound/s40_on,166,seg2,coffee,wait_at,stand,,unknown,0.993,0.001,0.001,0.001,0.001,0.001,0.001,0.001,0.993
nobound/s40_on,167,seg2,coffee,wait_at,stand,,unknown,0.993,0.001,0.001,0.001,0.001,0.001,0.001,0.001,0.993
nobound/s40_on,168,seg2,coffee,wait_at,stand,,unknown,0.993,0.001,0.001,0.001,0.001,0.001,0.001,0.001,0.993
nobound/s40_on,169,seg2,coffee,wait_at,stand,,unknown,0.993,0.001,0.001,0.001,0.001,0.001,0.001,0.001,0.993
nobound/s40_on,170,seg2,coffee,wait_at,stand,,unknown,0.993,0.001,0.001,0.001,0.001,0.001,0.001,0.001,0.993
nobound/s40_on,171,seg2,coffee,wait_at,stand,,unknown,0.993,0.001,0.001,0.001,0.001,0.001,0.001,0.001,0.993
nobound/s40_on,172,seg2,coffee,wait_at,stand,,unknown,0.993,0.001,0.001,0.001,0.001,0.001,0.001,0.001,0.993
nobound/s40_on,173,seg2,coffee,wait_at,stand,,unknown,0.993,0.001,0.001,0.001,0.001,0.001,0.001,0.001,0.993
nobound/s40_on,174,seg2,coffee,wait_at,stand,,unknown,0.993,0.001,0.001,0.001,0.001,0.001,0.001,0.001,0.993
nobound/s40_on,175,seg2,coffee,wait_at,stand,,unknown,0.993,0.001,0.001,0.001,0.001,0.001,0.001,0.001,0.993
nobound/s40_on,176,seg2,coffee,wait_at,stand,,unknown,0.993,0.001,0.001,0.001,0.001,0.001,0.001,0.001,0.993
nobound/s40_on,177,seg2,coffee,wait_at,stand,,unknown,0.993,0.001,0.001,0.001,0.001,0.001,0.001,0.001,0.993
nobound/s40_on,178,seg2,coffee,wait_at,stand,,unknown,0.993,0.001,0.001,0.001,0.001,0.001,0.001,0.001,0.993
nobound/s40_on,179,seg2,coffee,wait_at,stand,,unknown,0.993,0.001,0.001,0.001,0.001,0.001,0.001,0.001,0.993
nobound/s40_on,180,seg2,coffee,wait_at,stand,,unknown,0.993,0.001,0.001,0.001,0.001,0.001,0.001,0.001,0.993
nobound/s40_on,181,seg2,coffee,wait_at,stand,,unknown,0.993,0.001,0.001,0.001,0.001,0.001,0.001,0.001,0.993
nobound/s40_on,182,seg2,coffee,wait_at,stand,,unknown,0.993,0.001,0.001,0.001,0.001,0.001,0.001,0.001,0.993
nobound/s40_on,183,seg2,coffee,wait_at,stand,,unknown,0.993,0.001,0.001,0.001,0.001,0.001,0.001,0.001,0.993
nobound/s40_on,184,seg2,coffee,wait_at,stand,,unknown,0.993,0.001,0.001,0.001,0.001,0.001,0.001,0.001,0.993
nobound/s40_on,185,seg2,coffee,wait_at,,,unknown,0.993,0.001,0.001,0.001,0.001,0.001,0.001,0.001,0.993
nobound/s40_on,186,seg3a,unknown,,,,unknown,0.993,0.001,0.001,0.001,0.001,0.001,0.001,0.001,0.993
nobound/s40_on,187,seg3a,unknown,move_to,step,,unknown,0.993,0.001,0.001,0.001,0.001,0.001,0.001,0.001,0.993
nobound/s40_on,188,seg3a,unknown,move_to,step,,unknown,0.993,0.001,0.001,0.001,0.001,0.001,0.001,0.001,0.993
nobound/s40_on,189,seg3a,unknown,move_to,step,,unknown,0.993,0.001,0.001,0.001,0.001,0.001,0.001,0.001,0.993
nobound/s40_on,190,seg3a,unknown,move_to,step,,unknown,0.993,0.001,0.001,0.001,0.001,0.001,0.001,0.001,0.993
nobound/s40_on,191,seg3a,unknown,move_to,step,,unknown,0.993,0.001,0.001,0.001,0.001,0.001,0.001,0.001,0.993
nobound/s40_on,192,seg3a,unknown,move_to,step,,unknown,0.993,0.001,0.001,0.001,0.001,0.001,0.001,0.001,0.993
nobound/s40_on,193,seg3a,unknown,move_to,step,,unknown,0.993,0.001,0.001,0.001,0.001,0.001,0.001,0.001,0.993
nobound/s40_on,194,seg3a,unknown,move_to,step,,unknown,0.993,0.001,0.001,0.001,0.001,0.001,0.001,0.001,0.993
nobound/s40_on,195,seg3a,unknown,move_to,step,,unknown,0.993,0.001,0.001,0.001,0.001,0.001,0.001,0.001,0.993
nobound/s40_on,196,seg3a,unknown,move_to,step,,unknown,0.993,0.001,0.001,0.001,0.001,0.001,0.001,0.001,0.993
nobound/s40_on,197,seg3a,unknown,move_to,step,,unknown,0.993,0.001,0.001,0.001,0.001,0.001,0.001,0.001,0.993
nobound/s40_on,198,seg3a,unknown,move_to,step,,unknown,0.993,0.001,0.001,0.001,0.001,0.001,0.001,0.001,0.993
nobound/s40_on,199,seg3a,unknown,move_to,step,,unknown,0.993,0.001,0.001,0.001,0.001,0.001,0.001,0.001,0.993
nobound/s40_on,200,seg3a,unknown,move_to,step,,unknown,0.993,0.001,0.001,0.001,0.001,0.001,0.001,0.001,0.993
nobound/s40_on,201,seg3a,unknown,move_to,step,,unknown,0.993,0.001,0.001,0.001,0.001,0.001,0.001,0.001,0.993
nobound/s40_on,202,seg3a,unknown,move_to,step,,unknown,0.993,0.001,0.001,0.001,0.001,0.001,0.001,0.001,0.993
nobound/s40_on,203,seg3a,unknown,move_to,step,,unknown,0.993,0.001,0.001,0.001,0.001,0.001,0.001,0.001,0.993
nobound/s40_on,204,seg3a,unknown,move_to,step,,unknown,0.993,0.001,0.001,0.001,0.001,0.001,0.001,0.001,0.993
nobound/s40_on,205,seg3a,unknown,move_to,step,,unknown,0.993,0.001,0.001,0.001,0.001,0.001,0.001,0.001,0.993
nobound/s40_on,206,seg3a,unknown,move_to,,,unknown,0.993,0.001,0.001,0.001,0.001,0.001,0.001,0.001,0.993
nobound/s40_on,207,seg3a,unknown,wait_at,stand,,unknown,0.993,0.001,0.001,0.001,0.001,0.001,0.001,0.001,0.993
nobound/s40_on,208,seg3a,unknown,wait_at,,,unknown,0.993,0.001,0.001,0.001,0.001,0.001,0.001,0.001,0.993
nobound/s40_on,209,seg3b,unknown,,,,unknown,0.993,0.001,0.001,0.001,0.001,0.001,0.001,0.001,0.993
nobound/s40_on,210,seg3b,unknown,move_to,step,,unknown,0.993,0.001,0.001,0.001,0.001,0.001,0.001,0.001,0.993
nobound/s40_on,211,seg3b,unknown,move_to,step,,unknown,0.993,0.001,0.001,0.001,0.001,0.001,0.001,0.001,0.993
nobound/s40_on,212,seg3b,unknown,move_to,step,,unknown,0.993,0.001,0.001,0.001,0.001,0.001,0.001,0.001,0.993
nobound/s40_on,213,seg3b,unknown,move_to,step,,unknown,0.993,0.001,0.001,0.001,0.001,0.001,0.001,0.001,0.993
nobound/s40_on,214,seg3b,unknown,move_to,step,,unknown,0.993,0.001,0.001,0.001,0.001,0.001,0.001,0.001,0.993
nobound/s40_on,215,seg3b,unknown,move_to,step,,unknown,0.993,0.001,0.001,0.001,0.001,0.001,0.001,0.001,0.993
nobound/s40_on,216,seg3b,unknown,move_to,step,,unknown,0.993,0.001,0.001,0.001,0.001,0.001,0.001,0.001,0.993
nobound/s40_on,217,seg3b,unknown,move_to,step,,unknown,0.993,0.001,0.001,0.001,0.001,0.001,0.001,0.001,0.993
nobound/s40_on,218,seg3b,unknown,move_to,step,,unknown,0.993,0.001,0.001,0.001,0.001,0.001,0.001,0.001,0.993
nobound/s40_on,219,seg3b,unknown,move_to,step,,unknown,0.993,0.001,0.001,0.001,0.001,0.001,0.001,0.001,0.993
nobound/s40_on,220,seg3b,unknown,move_to,step,,unknown,0.993,0.001,0.001,0.001,0.001,0.001,0.001,0.001,0.993
nobound/s40_on,221,seg3b,unknown,move_to,step,,unknown,0.993,0.001,0.001,0.001,0.001,0.001,0.001,0.001,0.993
nobound/s40_on,222,seg3b,unknown,move_to,step,,unknown,0.993,0.001,0.001,0.001,0.001,0.001,0.001,0.001,0.993
nobound/s40_on,223,seg3b,unknown,move_to,step,,unknown,0.993,0.001,0.001,0.001,0.001,0.001,0.001,0.001,0.993
nobound/s40_on,224,seg3b,unknown,move_to,step,,unknown,0.993,0.001,0.001,0.001,0.001,0.001,0.001,0.001,0.993
nobound/s40_on,225,seg3b,unknown,move_to,step,,unknown,0.993,0.001,0.001,0.001,0.001,0.001,0.001,0.001,0.993
nobound/s40_on,226,seg3b,unknown,move_to,step,,unknown,0.993,0.001,0.001,0.001,0.001,0.001,0.001,0.001,0.993
nobound/s40_on,227,seg3b,unknown,move_to,,,unknown,0.993,0.001,0.001,0.001,0.001,0.001,0.001,0.001,0.993
nobound/s40_on,228,seg3b,unknown,wait_at,stand,,unknown,0.993,0.001,0.001,0.001,0.001,0.001,0.001,0.001,0.993
nobound/s40_on,229,seg3b,unknown,wait_at,,,unknown,0.993,0.001,0.001,0.001,0.001,0.001,0.001,0.001,0.993
nobound/s40_on,230,seg4,d(item_6),,,,unknown,0.993,0.001,0.001,0.001,0.001,0.001,0.001,0.001,0.993
nobound/s40_on,231,seg4,d(item_6),move_to,step,,unknown,0.993,0.001,0.001,0.001,0.001,0.001,0.001,0.001,0.993
nobound/s40_on,232,seg4,d(item_6),move_to,step,,unknown,0.993,0.001,0.001,0.001,0.001,0.001,0.001,0.001,0.993
nobound/s40_on,233,seg4,d(item_6),move_to,step,,unknown,0.993,0.001,0.001,0.001,0.001,0.001,0.001,0.001,0.993
nobound/s40_on,234,seg4,d(item_6),move_to,step,,unknown,0.993,0.001,0.001,0.001,0.001,0.001,0.001,0.001,0.993
nobound/s40_on,235,seg4,d(item_6),move_to,step,,unknown,0.993,0.001,0.001,0.001,0.001,0.001,0.001,0.001,0.993
nobound/s40_on,236,seg4,d(item_6),move_to,step,,unknown,0.993,0.001,0.001,0.001,0.001,0.001,0.001,0.001,0.993
nobound/s40_on,237,seg4,d(item_6),move_to,step,,unknown,0.993,0.001,0.001,0.001,0.001,0.001,0.001,0.001,0.993
nobound/s40_on,238,seg4,d(item_6),move_to,step,,unknown,0.993,0.001,0.001,0.001,0.001,0.001,0.001,0.001,0.993
nobound/s40_on,239,seg4,d(item_6),move_to,step,,unknown,0.993,0.001,0.001,0.001,0.001,0.001,0.001,0.001,0.993
nobound/s40_on,240,seg4,d(item_6),move_to,step,,unknown,0.993,0.001,0.001,0.001,0.001,0.001,0.001,0.001,0.993
nobound/s40_on,241,seg4,d(item_6),move_to,step,,unknown,0.993,0.001,0.001,0.001,0.001,0.001,0.001,0.001,0.993
nobound/s40_on,242,seg4,d(item_6),move_to,step,,unknown,0.993,0.001,0.001,0.001,0.001,0.001,0.001,0.001,0.993
nobound/s40_on,243,seg4,d(item_6),move_to,step,,unknown,0.993,0.001,0.001,0.001,0.001,0.001,0.001,0.001,0.993
nobound/s40_on,244,seg4,d(item_6),move_to,step,,unknown,0.993,0.001,0.001,0.001,0.001,0.001,0.001,0.001,0.993
nobound/s40_on,245,seg4,d(item_6),move_to,step,,unknown,0.993,0.001,0.001,0.001,0.001,0.001,0.001,0.001,0.993
nobound/s40_on,246,seg4,d(item_6),move_to,step,,unknown,0.993,0.001,0.001,0.001,0.001,0.001,0.001,0.001,0.993
nobound/s40_on,247,seg4,d(item_6),move_to,step,,unknown,0.993,0.001,0.001,0.001,0.001,0.001,0.001,0.001,0.993
nobound/s40_on,248,seg4,d(item_6),move_to,step,,unknown,0.993,0.001,0.001,0.001,0.001,0.001,0.001,0.001,0.993
nobound/s40_on,249,seg4,d(item_6),move_to,step,,unknown,0.993,0.001,0.001,0.001,0.001,0.001,0.001,0.001,0.993
nobound/s40_on,250,seg4,d(item_6),move_to,step,,unknown,0.993,0.001,0.001,0.001,0.001,0.001,0.001,0.001,0.993
nobound/s40_on,251,seg4,d(item_6),move_to,step,,unknown,0.993,0.001,0.001,0.001,0.001,0.001,0.001,0.001,0.993
nobound/s40_on,252,seg4,d(item_6),move_to,step,,unknown,0.993,0.001,0.001,0.001,0.001,0.001,0.001,0.001,0.993
nobound/s40_on,253,seg4,d(item_6),move_to,step,,unknown,0.993,0.001,0.001,0.001,0.001,0.001,0.001,0.001,0.993
nobound/s40_on,254,seg4,d(item_6),move_to,step,,unknown,0.993,0.001,0.001,0.001,0.001,0.001,0.001,0.001,0.993
nobound/s40_on,255,seg4,d(item_6),move_to,step,,unknown,0.993,0.001,0.001,0.001,0.001,0.001,0.001,0.001,0.993
nobound/s40_on,256,seg4,d(item_6),move_to,step,,unknown,0.993,0.001,0.001,0.001,0.001,0.001,0.001,0.001,0.993
nobound/s40_on,257,seg4,d(item_6),move_to,step,,unknown,0.993,0.001,0.001,0.001,0.001,0.001,0.001,0.001,0.993
nobound/s40_on,258,seg4,d(item_6),move_to,step,,unknown,0.993,0.001,0.001,0.001,0.001,0.001,0.001,0.001,0.993
nobound/s40_on,259,seg4,d(item_6),move_to,step,,unknown,0.993,0.001,0.001,0.001,0.001,0.001,0.001,0.001,0.993
nobound/s40_on,260,seg4,d(item_6),move_to,step,,unknown,0.993,0.001,0.001,0.001,0.001,0.001,0.001,0.001,0.993
nobound/s40_on,261,seg4,d(item_6),move_to,step,,unknown,0.993,0.001,0.001,0.001,0.001,0.001,0.001,0.001,0.993
nobound/s40_on,262,seg4,d(item_6),move_to,step,,unknown,0.993,0.001,0.001,0.001,0.001,0.001,0.001,0.001,0.993
nobound/s40_on,263,seg4,d(item_6),move_to,step,,unknown,0.993,0.001,0.001,0.001,0.001,0.001,0.001,0.001,0.993
nobound/s40_on,264,seg4,d(item_6),move_to,step,,unknown,0.993,0.001,0.001,0.001,0.001,0.001,0.001,0.001,0.993
nobound/s40_on,265,seg4,d(item_6),move_to,step,,unknown,0.993,0.001,0.001,0.001,0.001,0.001,0.001,0.001,0.993
nobound/s40_on,266,seg4,d(item_6),move_to,step,,unknown,0.993,0.001,0.001,0.001,0.001,0.001,0.001,0.001,0.993
nobound/s40_on,267,seg4,d(item_6),move_to,step,,unknown,0.993,0.001,0.001,0.001,0.001,0.001,0.001,0.001,0.993
nobound/s40_on,268,seg4,d(item_6),move_to,step,,unknown,0.993,0.001,0.001,0.001,0.001,0.001,0.001,0.001,0.993
nobound/s40_on,269,seg4,d(item_6),move_to,step,,unknown,0.993,0.001,0.001,0.001,0.001,0.001,0.001,0.001,0.993
nobound/s40_on,270,seg4,d(item_6),move_to,step,,unknown,0.993,0.001,0.001,0.001,0.001,0.001,0.001,0.001,0.993
nobound/s40_on,271,seg4,d(item_6),move_to,,,unknown,0.993,0.001,0.001,0.001,0.001,0.001,0.001,0.001,0.993
nobound/s40_on,272,seg4,d(item_6),pick_up,grasp,item_6,unknown,0.993,0.001,0.001,0.001,0.001,0.001,0.001,0.001,0.993
nobound/s40_on,273,seg4,d(item_6),pick_up,,item_6,unknown,0.993,0.001,0.001,0.001,0.001,0.001,0.001,0.001,0.993
nobound/s40_on,274,seg4,d(item_6),move_to,step,item_6,unknown,0.993,0.001,0.001,0.001,0.001,0.001,0.001,0.001,0.993
nobound/s40_on,275,seg4,d(item_6),move_to,step,item_6,unknown,0.993,0.001,0.001,0.001,0.001,0.001,0.001,0.001,0.993
nobound/s40_on,276,seg4,d(item_6),move_to,step,item_6,unknown,0.993,0.001,0.001,0.001,0.001,0.001,0.001,0.001,0.993
nobound/s40_on,277,seg4,d(item_6),move_to,step,item_6,unknown,0.993,0.001,0.001,0.001,0.001,0.001,0.001,0.001,0.993
nobound/s40_on,278,seg4,d(item_6),move_to,step,item_6,unknown,0.993,0.001,0.001,0.001,0.001,0.001,0.001,0.001,0.993
nobound/s40_on,279,seg4,d(item_6),move_to,step,item_6,unknown,0.993,0.001,0.001,0.001,0.001,0.001,0.001,0.001,0.993
nobound/s40_on,280,seg4,d(item_6),move_to,step,item_6,unknown,0.993,0.001,0.001,0.001,0.001,0.001,0.001,0.001,0.993
nobound/s40_on,281,seg4,d(item_6),move_to,step,item_6,unknown,0.993,0.001,0.001,0.001,0.001,0.001,0.001,0.001,0.993
nobound/s40_on,282,seg4,d(item_6),move_to,step,item_6,unknown,0.993,0.001,0.001,0.001,0.001,0.001,0.001,0.001,0.993
nobound/s40_on,283,seg4,d(item_6),move_to,step,item_6,unknown,0.993,0.001,0.001,0.001,0.001,0.001,0.001,0.001,0.993
nobound/s40_on,284,seg4,d(item_6),move_to,step,item_6,unknown,0.993,0.001,0.001,0.001,0.001,0.001,0.001,0.001,0.993
nobound/s40_on,285,seg4,d(item_6),move_to,step,item_6,unknown,0.993,0.001,0.001,0.001,0.001,0.001,0.001,0.001,0.993
nobound/s40_on,286,seg4,d(item_6),move_to,step,item_6,unknown,0.993,0.001,0.001,0.001,0.001,0.001,0.001,0.001,0.993
nobound/s40_on,287,seg4,d(item_6),move_to,step,item_6,unknown,0.993,0.001,0.001,0.001,0.001,0.001,0.001,0.001,0.993
nobound/s40_on,288,seg4,d(item_6),move_to,step,item_6,unknown,0.993,0.001,0.001,0.001,0.001,0.001,0.001,0.001,0.993
nobound/s40_on,289,seg4,d(item_6),move_to,step,item_6,unknown,0.993,0.001,0.001,0.001,0.001,0.001,0.001,0.001,0.993
nobound/s40_on,290,seg4,d(item_6),move_to,step,item_6,unknown,0.993,0.001,0.001,0.001,0.001,0.001,0.001,0.001,0.993
nobound/s40_on,291,seg4,d(item_6),move_to,step,item_6,unknown,0.993,0.001,0.001,0.001,0.001,0.001,0.001,0.001,0.993
nobound/s40_on,292,seg4,d(item_6),move_to,step,item_6,unknown,0.993,0.001,0.001,0.001,0.001,0.001,0.001,0.001,0.993
nobound/s40_on,293,seg4,d(item_6),move_to,step,item_6,unknown,0.993,0.001,0.001,0.001,0.001,0.001,0.001,0.001,0.993
nobound/s40_on,294,seg4,d(item_6),move_to,step,item_6,unknown,0.993,0.001,0.001,0.001,0.001,0.001,0.001,0.001,0.993
nobound/s40_on,295,seg4,d(item_6),move_to,step,item_6,unknown,0.993,0.001,0.001,0.001,0.001,0.001,0.001,0.001,0.993
nobound/s40_on,296,seg4,d(item_6),move_to,step,item_6,unknown,0.993,0.001,0.001,0.001,0.001,0.001,0.001,0.001,0.993
nobound/s40_on,297,seg4,d(item_6),move_to,step,item_6,unknown,0.993,0.001,0.001,0.001,0.001,0.001,0.001,0.001,0.993
nobound/s40_on,298,seg4,d(item_6),move_to,step,item_6,unknown,0.993,0.001,0.001,0.001,0.001,0.001,0.001,0.001,0.993
nobound/s40_on,299,seg4,d(item_6),move_to,step,item_6,unknown,0.993,0.001,0.001,0.001,0.001,0.001,0.001,0.001,0.993
nobound/s40_on,300,seg4,d(item_6),move_to,step,item_6,unknown,0.993,0.001,0.001,0.001,0.001,0.001,0.001,0.001,0.993
nobound/s40_on,301,seg4,d(item_6),move_to,step,item_6,unknown,0.993,0.001,0.001,0.001,0.001,0.001,0.001,0.001,0.993
nobound/s40_on,302,seg4,d(item_6),move_to,step,item_6,unknown,0.993,0.001,0.001,0.001,0.001,0.001,0.001,0.001,0.993
nobound/s40_on,303,seg4,d(item_6),move_to,step,item_6,unknown,0.993,0.001,0.001,0.001,0.001,0.001,0.001,0.001,0.993
nobound/s40_on,304,seg4,d(item_6),move_to,step,item_6,unknown,0.993,0.001,0.001,0.001,0.001,0.001,0.001,0.001,0.993
nobound/s40_on,305,seg4,d(item_6),move_to,step,item_6,unknown,0.993,0.001,0.001,0.001,0.001,0.001,0.001,0.001,0.993
nobound/s40_on,306,seg4,d(item_6),move_to,step,item_6,unknown,0.993,0.001,0.001,0.001,0.001,0.001,0.001,0.001,0.993
nobound/s40_on,307,seg4,d(item_6),move_to,step,item_6,unknown,0.993,0.001,0.001,0.001,0.001,0.001,0.001,0.001,0.993
nobound/s40_on,308,seg4,d(item_6),move_to,step,item_6,unknown,0.993,0.001,0.001,0.001,0.001,0.001,0.001,0.001,0.993
nobound/s40_on,309,seg4,d(item_6),move_to,step,item_6,unknown,0.993,0.001,0.001,0.001,0.001,0.001,0.001,0.001,0.993
nobound/s40_on,310,seg4,d(item_6),move_to,step,item_6,unknown,0.993,0.001,0.001,0.001,0.001,0.001,0.001,0.001,0.993
nobound/s40_on,311,seg4,d(item_6),move_to,step,item_6,unknown,0.993,0.001,0.001,0.001,0.001,0.001,0.001,0.001,0.993
nobound/s40_on,312,seg4,d(item_6),move_to,step,item_6,unknown,0.993,0.001,0.001,0.001,0.001,0.001,0.001,0.001,0.993
nobound/s40_on,313,seg4,d(item_6),move_to,step,item_6,unknown,0.993,0.001,0.001,0.001,0.001,0.001,0.001,0.001,0.993
nobound/s40_on,314,seg4,d(item_6),move_to,step,item_6,unknown,0.993,0.001,0.001,0.001,0.001,0.001,0.001,0.001,0.993
nobound/s40_on,315,seg4,d(item_6),move_to,step,item_6,unknown,0.993,0.001,0.001,0.001,0.001,0.001,0.001,0.001,0.993
nobound/s40_on,316,seg4,d(item_6),move_to,step,item_6,unknown,0.993,0.001,0.001,0.001,0.001,0.001,0.001,0.001,0.993
nobound/s40_on,317,seg4,d(item_6),move_to,step,item_6,unknown,0.993,0.001,0.001,0.001,0.001,0.001,0.001,0.001,0.993
nobound/s40_on,318,seg4,d(item_6),move_to,step,item_6,unknown,0.993,0.001,0.001,0.001,0.001,0.001,0.001,0.001,0.993
nobound/s40_on,319,seg4,d(item_6),move_to,step,item_6,unknown,0.993,0.001,0.001,0.001,0.001,0.001,0.001,0.001,0.993
nobound/s40_on,320,seg4,d(item_6),move_to,step,item_6,unknown,0.993,0.001,0.001,0.001,0.001,0.001,0.001,0.001,0.993
nobound/s40_on,321,seg4,d(item_6),move_to,step,item_6,unknown,0.993,0.001,0.001,0.001,0.001,0.001,0.001,0.001,0.993
nobound/s40_on,322,seg4,d(item_6),move_to,step,item_6,unknown,0.993,0.001,0.001,0.001,0.001,0.001,0.001,0.001,0.993
nobound/s40_on,323,seg4,d(item_6),move_to,step,item_6,unknown,0.993,0.001,0.001,0.001,0.001,0.001,0.001,0.001,0.993
nobound/s40_on,324,seg4,d(item_6),move_to,step,item_6,unknown,0.993,0.001,0.001,0.001,0.001,0.001,0.001,0.001,0.993
nobound/s40_on,325,seg4,d(item_6),move_to,step,item_6,unknown,0.993,0.001,0.001,0.001,0.001,0.001,0.001,0.001,0.993
nobound/s40_on,326,seg4,d(item_6),move_to,step,item_6,unknown,0.993,0.001,0.001,0.001,0.001,0.001,0.001,0.001,0.993
nobound/s40_on,327,seg4,d(item_6),move_to,step,item_6,unknown,0.993,0.001,0.001,0.001,0.001,0.001,0.001,0.001,0.993
nobound/s40_on,328,seg4,d(item_6),move_to,step,item_6,unknown,0.993,0.001,0.001,0.001,0.001,0.001,0.001,0.001,0.993
nobound/s40_on,329,seg4,d(item_6),move_to,step,item_6,unknown,0.993,0.001,0.001,0.001,0.001,0.001,0.001,0.001,0.993
nobound/s40_on,330,seg4,d(item_6),move_to,,item_6,unknown,0.993,0.001,0.001,0.001,0.001,0.001,0.001,0.001,0.993
nobound/s40_on,331,seg4,d(item_6),place,release,,unknown,0.993,0.001,0.001,0.001,0.001,0.001,0.001,0.001,0.993
nobound/s40_on,332,seg4,d(item_6),place,,,unknown,0.993,0.001,0.001,0.001,0.001,0.001,0.001,0.001,0.993
nobound/s40_on,333,done,unknown,,,,unknown,0.993,0.001,0.001,0.001,0.001,0.001,0.001,0.001,0.993
nobound/s40_on,334,done,unknown,,,,unknown,0.993,0.001,0.001,0.001,0.001,0.001,0.001,0.001,0.993
nobound/s40_on,335,done,unknown,,,,unknown,0.993,0.001,0.001,0.001,0.001,0.001,0.001,0.001,0.993
nobound/s40_on,336,done,unknown,,,,unknown,0.993,0.001,0.001,0.001,0.001,0.001,0.001,0.001,0.993
nobound/s40_on,337,done,unknown,,,,unknown,0.993,0.001,0.001,0.001,0.001,0.001,0.001,0.001,0.993
nobound/s40_on,338,done,unknown,,,,unknown,0.993,0.001,0.001,0.001,0.001,0.001,0.001,0.001,0.993
nobound/s40_on,339,done,unknown,,,,unknown,0.993,0.001,0.001,0.001,0.001,0.001,0.001,0.001,0.993
nobound/s40_on,340,done,unknown,,,,unknown,0.993,0.001,0.001,0.001,0.001,0.001,0.001,0.001,0.993
nobound/s40_on,341,done,unknown,,,,unknown,0.993,0.001,0.001,0.001,0.001,0.001,0.001,0.001,0.993
nobound/s40_on,342,done,unknown,,,,unknown,0.993,0.001,0.001,0.001,0.001,0.001,0.001,0.001,0.993
nobound/s40_on,343,done,unknown,,,,unknown,0.993,0.001,0.001,0.001,0.001,0.001,0.001,0.001,0.993
nobound/s40_on,344,done,unknown,,,,unknown,0.993,0.001,0.001,0.001,0.001,0.001,0.001,0.001,0.993
nobound/s40_on,345,done,unknown,,,,unknown,0.993,0.001,0.001,0.001,0.001,0.001,0.001,0.001,0.993
nobound/s40_on,346,done,unknown,,,,unknown,0.993,0.001,0.001,0.001,0.001,0.001,0.001,0.001,0.993
nobound/s40_on,347,done,unknown,,,,unknown,0.993,0.001,0.001,0.001,0.001,0.001,0.001,0.001,0.993
nobound/s40_on,348,done,unknown,,,,unknown,0.993,0.001,0.001,0.001,0.001,0.001,0.001,0.001,0.993
nobound/s40_on,349,done,unknown,,,,unknown,0.993,0.001,0.001,0.001,0.001,0.001,0.001,0.001,0.993
nobound/s40_on,350,done,unknown,,,,unknown,0.993,0.001,0.001,0.001,0.001,0.001,0.001,0.001,0.993
nobound/s40_on,351,done,unknown,,,,unknown,0.993,0.001,0.001,0.001,0.001,0.001,0.001,0.001,0.993
nobound/s40_on,352,done,unknown,,,,unknown,0.993,0.001,0.001,0.001,0.001,0.001,0.001,0.001,0.993
nobound/s40_on,353,done,unknown,,,,unknown,0.993,0.001,0.001,0.001,0.001,0.001,0.001,0.001,0.993
nobound/s40_on,354,done,unknown,,,,unknown,0.993,0.001,0.001,0.001,0.001,0.001,0.001,0.001,0.993
nobound/s40_on,355,done,unknown,,,,unknown,0.993,0.001,0.001,0.001,0.001,0.001,0.001,0.001,0.993
nobound/s40_on,356,done,unknown,,,,unknown,0.993,0.001,0.001,0.001,0.001,0.001,0.001,0.001,0.993
nobound/s40_on,357,done,unknown,,,,unknown,0.993,0.001,0.001,0.001,0.001,0.001,0.001,0.001,0.993
nobound/s40_on,358,done,unknown,,,,unknown,0.993,0.001,0.001,0.001,0.001,0.001,0.001,0.001,0.993
nobound/s40_on,359,done,unknown,,,,unknown,0.993,0.001,0.001,0.001,0.001,0.001,0.001,0.001,0.993
nobound/s40_on,360,done,unknown,,,,unknown,0.993,0.001,0.001,0.001,0.001,0.001,0.001,0.001,0.993
nobound/s40_on,361,done,unknown,,,,unknown,0.993,0.001,0.001,0.001,0.001,0.001,0.001,0.001,0.993
nobound/s40_on,362,done,unknown,,,,unknown,0.993,0.001,0.001,0.001,0.001,0.001,0.001,0.001,0.993
nobound/s40_on,363,done,unknown,,,,unknown,0.993,0.001,0.001,0.001,0.001,0.001,0.001,0.001,0.993
nobound/s40_on,364,done,unknown,,,,unknown,0.993,0.001,0.001,0.001,0.001,0.001,0.001,0.001,0.993
nobound/s40_on,365,done,unknown,,,,unknown,0.993,0.001,0.001,0.001,0.001,0.001,0.001,0.001,0.993
nobound/s40_on,366,done,unknown,,,,unknown,0.993,0.001,0.001,0.001,0.001,0.001,0.001,0.001,0.993
nobound/s40_on,367,done,unknown,,,,unknown,0.993,0.001,0.001,0.001,0.001,0.001,0.001,0.001,0.993
nobound/s40_on,368,done,unknown,,,,unknown,0.993,0.001,0.001,0.001,0.001,0.001,0.001,0.001,0.993
nobound/s40_on,369,done,unknown,,,,unknown,0.993,0.001,0.001,0.001,0.001,0.001,0.001,0.001,0.993
nobound/s40_on,370,done,unknown,,,,unknown,0.993,0.001,0.001,0.001,0.001,0.001,0.001,0.001,0.993
nobound/s40_on,371,done,unknown,,,,unknown,0.993,0.001,0.001,0.001,0.001,0.001,0.001,0.001,0.993
nobound/s40_on,372,done,unknown,,,,unknown,0.993,0.001,0.001,0.001,0.001,0.001,0.001,0.001,0.993
nobound/s40_on,373,done,unknown,,,,unknown,0.993,0.001,0.001,0.001,0.001,0.001,0.001,0.001,0.993
nobound/s40_on,374,done,unknown,,,,unknown,0.993,0.001,0.001,0.001,0.001,0.001,0.001,0.001,0.993
nobound/s40_on,375,done,unknown,,,,unknown,0.993,0.001,0.001,0.001,0.001,0.001,0.001,0.001,0.993
nobound/s40_on,376,done,unknown,,,,unknown,0.993,0.001,0.001,0.001,0.001,0.001,0.001,0.001,0.993
nobound/s40_on,377,done,unknown,,,,unknown,0.993,0.001,0.001,0.001,0.001,0.001,0.001,0.001,0.993
nobound/s40_on,378,done,unknown,,,,unknown,0.993,0.001,0.001,0.001,0.001,0.001,0.001,0.001,0.993
A_release/s40_off,0,seg1,d(item_3),move_to,step,,d(item_3),0.159,0.1295,0.1531,0.159,0.1347,0.1397,0.1375,0.1306,0.0159
A_release/s40_off,1,seg1,d(item_3),move_to,step,,d(item_3),0.1815,0.1162,0.1678,0.1815,0.127,0.1379,0.133,0.1184,0.0181
A_release/s40_off,2,seg1,d(item_3),move_to,step,,d(item_3),0.2086,0.1016,0.1846,0.2086,0.1177,0.1348,0.1269,0.105,0.0209
A_release/s40_off,3,seg1,d(item_3),move_to,step,,d(item_3),0.2401,0.0865,0.2027,0.2401,0.1068,0.13,0.1191,0.0908,0.024
A_release/s40_off,4,seg1,d(item_3),move_to,step,,d(item_3),0.2756,0.0717,0.221,0.2756,0.0947,0.1231,0.1096,0.0766,0.0276
A_release/s40_off,5,seg1,d(item_3),move_to,step,,d(item_3),0.3141,0.058,0.2384,0.3141,0.0821,0.1142,0.0986,0.0631,0.0314
A_release/s40_off,6,seg1,d(item_3),move_to,step,,d(item_3),0.3546,0.0458,0.2535,0.3546,0.0694,0.1037,0.0867,0.0508,0.0355
A_release/s40_off,7,seg1,d(item_3),move_to,step,,d(item_3),0.3957,0.0354,0.2653,0.3957,0.0573,0.092,0.0745,0.04,0.0396
A_release/s40_off,8,seg1,d(item_3),move_to,step,,d(item_3),0.4365,0.0269,0.273,0.4365,0.0464,0.08,0.0627,0.0309,0.0436
A_release/s40_off,9,seg1,d(item_3),move_to,step,,d(item_3),0.476,0.02,0.2763,0.476,0.0368,0.0681,0.0517,0.0235,0.0476
A_release/s40_off,10,seg1,d(item_3),move_to,step,,d(item_3),0.5136,0.0147,0.2751,0.5136,0.0287,0.057,0.0419,0.0176,0.0514
A_release/s40_off,11,seg1,d(item_3),move_to,step,,d(item_3),0.5492,0.0107,0.2698,0.5492,0.0221,0.047,0.0334,0.013,0.0549
A_release/s40_off,12,seg1,d(item_3),move_to,step,,d(item_3),0.5825,0.0077,0.2608,0.5825,0.0168,0.0382,0.0263,0.0095,0.0582
A_release/s40_off,13,seg1,d(item_3),move_to,step,,d(item_3),0.6137,0.0055,0.2488,0.6137,0.0126,0.0307,0.0205,0.0069,0.0614
A_release/s40_off,14,seg1,d(item_3),move_to,step,,d(item_3),0.6428,0.0039,0.2344,0.6428,0.0094,0.0244,0.0158,0.0049,0.0643
A_release/s40_off,15,seg1,d(item_3),move_to,step,,d(item_3),0.6702,0.0027,0.2183,0.6702,0.0069,0.0192,0.0121,0.0035,0.067
A_release/s40_off,16,seg1,d(item_3),move_to,step,,d(item_3),0.6958,0.0019,0.2009,0.6958,0.0051,0.0151,0.0092,0.0025,0.0696
A_release/s40_off,17,seg1,d(item_3),move_to,step,,d(item_3),0.7197,0.0013,0.1828,0.7197,0.0037,0.0117,0.0069,0.0018,0.072
A_release/s40_off,18,seg1,d(item_3),move_to,step,,d(item_3),0.742,0.001,0.1646,0.742,0.0027,0.009,0.0052,0.0013,0.0742
A_release/s40_off,19,seg1,d(item_3),move_to,step,,d(item_3),0.7624,0.001,0.1466,0.7624,0.002,0.0069,0.0039,0.001,0.0762
A_release/s40_off,20,seg1,d(item_3),move_to,step,,d(item_3),0.7812,0.001,0.1291,0.7812,0.0014,0.0053,0.0029,0.001,0.0781
A_release/s40_off,21,seg1,d(item_3),move_to,step,,d(item_3),0.7984,0.001,0.1126,0.7984,0.001,0.004,0.0021,0.001,0.0798
A_release/s40_off,22,seg1,d(item_3),move_to,step,,d(item_3),0.8139,0.001,0.0972,0.8139,0.001,0.003,0.0016,0.001,0.0814
A_release/s40_off,23,seg1,d(item_3),move_to,step,,d(item_3),0.8278,0.001,0.083,0.8278,0.001,0.0023,0.0011,0.001,0.0828
A_release/s40_off,24,seg1,d(item_3),move_to,step,,d(item_3),0.8401,0.001,0.0702,0.8401,0.001,0.0017,0.001,0.001,0.084
A_release/s40_off,25,seg1,d(item_3),move_to,step,,d(item_3),0.8508,0.001,0.0588,0.8508,0.001,0.0013,0.001,0.001,0.0851
A_release/s40_off,26,seg1,d(item_3),move_to,step,,d(item_3),0.8602,0.001,0.0488,0.8602,0.001,0.001,0.001,0.001,0.086
A_release/s40_off,27,seg1,d(item_3),move_to,step,,d(item_3),0.8681,0.001,0.0401,0.8681,0.001,0.001,0.001,0.001,0.0868
A_release/s40_off,28,seg1,d(item_3),move_to,step,,d(item_3),0.8748,0.001,0.0327,0.8748,0.001,0.001,0.001,0.001,0.0875
A_release/s40_off,29,seg1,d(item_3),move_to,step,,d(item_3),0.8805,0.001,0.0265,0.8805,0.001,0.001,0.001,0.001,0.0881
A_release/s40_off,30,seg1,d(item_3),move_to,step,,d(item_3),0.8853,0.001,0.0212,0.8853,0.001,0.001,0.001,0.001,0.0885
A_release/s40_off,31,seg1,d(item_3),move_to,step,,d(item_3),0.8892,0.001,0.0169,0.8892,0.001,0.001,0.001,0.001,0.0889
A_release/s40_off,32,seg1,d(item_3),move_to,step,,d(item_3),0.8924,0.001,0.0134,0.8924,0.001,0.001,0.001,0.001,0.0892
A_release/s40_off,33,seg1,d(item_3),move_to,step,,d(item_3),0.895,0.001,0.0105,0.895,0.001,0.001,0.001,0.001,0.0895
A_release/s40_off,34,seg1,d(item_3),move_to,step,,d(item_3),0.8971,0.001,0.0082,0.8971,0.001,0.001,0.001,0.001,0.0897
A_release/s40_off,35,seg1,d(item_3),move_to,step,,d(item_3),0.8988,0.001,0.0063,0.8988,0.001,0.001,0.001,0.001,0.0899
A_release/s40_off,36,seg1,d(item_3),move_to,step,,d(item_3),0.9001,0.001,0.0049,0.9001,0.001,0.001,0.001,0.001,0.09
A_release/s40_off,37,seg1,d(item_3),move_to,step,,d(item_3),0.9012,0.001,0.0037,0.9012,0.001,0.001,0.001,0.001,0.0901
A_release/s40_off,38,seg1,d(item_3),move_to,step,,d(item_3),0.902,0.001,0.0028,0.902,0.001,0.001,0.001,0.001,0.0902
A_release/s40_off,39,seg1,d(item_3),move_to,step,,d(item_3),0.9026,0.001,0.0021,0.9026,0.001,0.001,0.001,0.001,0.0903
A_release/s40_off,40,seg1,d(item_3),move_to,step,,d(item_3),0.9031,0.001,0.0016,0.9031,0.001,0.001,0.001,0.001,0.0903
A_release/s40_off,41,seg1,d(item_3),move_to,step,,d(item_3),0.9035,0.001,0.0012,0.9035,0.001,0.001,0.001,0.001,0.0903
A_release/s40_off,42,seg1,d(item_3),move_to,step,,d(item_3),0.9037,0.001,0.001,0.9037,0.001,0.001,0.001,0.001,0.0904
A_release/s40_off,43,seg1,d(item_3),move_to,step,,d(item_3),0.9037,0.001,0.001,0.9037,0.001,0.001,0.001,0.001,0.0904
A_release/s40_off,44,seg1,d(item_3),move_to,step,,d(item_3),0.9037,0.001,0.001,0.9037,0.001,0.001,0.001,0.001,0.0904
A_release/s40_off,45,seg1,d(item_3),move_to,step,,d(item_3),0.9037,0.001,0.001,0.9037,0.001,0.001,0.001,0.001,0.0904
A_release/s40_off,46,seg1,d(item_3),move_to,step,,d(item_3),0.9037,0.001,0.001,0.9037,0.001,0.001,0.001,0.001,0.0904
A_release/s40_off,47,seg1,d(item_3),move_to,step,,d(item_3),0.9037,0.001,0.001,0.9037,0.001,0.001,0.001,0.001,0.0904
A_release/s40_off,48,seg1,d(item_3),move_to,step,,d(item_3),0.9037,0.001,0.001,0.9037,0.001,0.001,0.001,0.001,0.0904
A_release/s40_off,49,seg1,d(item_3),move_to,step,,d(item_3),0.9037,0.001,0.001,0.9037,0.001,0.001,0.001,0.001,0.0904
A_release/s40_off,50,seg1,d(item_3),move_to,step,,d(item_3),0.9037,0.001,0.001,0.9037,0.001,0.001,0.001,0.001,0.0904
A_release/s40_off,51,seg1,d(item_3),move_to,step,,d(item_3),0.9037,0.001,0.001,0.9037,0.001,0.001,0.001,0.001,0.0904
A_release/s40_off,52,seg1,d(item_3),move_to,step,,d(item_3),0.9037,0.001,0.001,0.9037,0.001,0.001,0.001,0.001,0.0904
A_release/s40_off,53,seg1,d(item_3),move_to,step,,d(item_3),0.9037,0.001,0.001,0.9037,0.001,0.001,0.001,0.001,0.0904
A_release/s40_off,54,seg1,d(item_3),move_to,step,,d(item_3),0.9037,0.001,0.001,0.9037,0.001,0.001,0.001,0.001,0.0904
A_release/s40_off,55,seg1,d(item_3),move_to,step,,d(item_3),0.9037,0.001,0.001,0.9037,0.001,0.001,0.001,0.001,0.0904
A_release/s40_off,56,seg1,d(item_3),move_to,step,,d(item_3),0.9037,0.001,0.001,0.9037,0.001,0.001,0.001,0.001,0.0904
A_release/s40_off,57,seg1,d(item_3),move_to,step,,d(item_3),0.9037,0.001,0.001,0.9037,0.001,0.001,0.001,0.001,0.0904
A_release/s40_off,58,seg1,d(item_3),move_to,step,,d(item_3),0.9037,0.001,0.001,0.9037,0.001,0.001,0.001,0.001,0.0904
A_release/s40_off,59,seg1,d(item_3),move_to,,,d(item_3),0.9037,0.001,0.001,0.9037,0.001,0.001,0.001,0.001,0.0904
A_release/s40_off,60,seg1,d(item_3),pick_up,grasp,item_3,d(item_3),0.9037,0.001,0.001,0.9037,0.001,0.001,0.001,0.001,0.0904
A_release/s40_off,61,seg1,d(item_3),pick_up,,item_3,d(item_3),0.9037,0.001,0.001,0.9037,0.001,0.001,0.001,0.001,0.0904
A_release/s40_off,62,seg1,d(item_3),move_to,step,item_3,d(item_3),0.9037,0.001,0.001,0.9037,0.001,0.001,0.001,0.001,0.0904
A_release/s40_off,63,seg1,d(item_3),move_to,step,item_3,d(item_3),0.9037,0.001,0.001,0.9037,0.001,0.001,0.001,0.001,0.0904
A_release/s40_off,64,seg1,d(item_3),move_to,step,item_3,d(item_3),0.9037,0.001,0.001,0.9037,0.001,0.001,0.001,0.001,0.0904
A_release/s40_off,65,seg1,d(item_3),move_to,step,item_3,d(item_3),0.9037,0.001,0.001,0.9037,0.001,0.001,0.001,0.001,0.0904
A_release/s40_off,66,seg1,d(item_3),move_to,step,item_3,d(item_3),0.9037,0.001,0.001,0.9037,0.001,0.001,0.001,0.001,0.0904
A_release/s40_off,67,seg1,d(item_3),move_to,step,item_3,d(item_3),0.9037,0.001,0.001,0.9037,0.001,0.001,0.001,0.001,0.0904
A_release/s40_off,68,seg1,d(item_3),move_to,step,item_3,d(item_3),0.9037,0.001,0.001,0.9037,0.001,0.001,0.001,0.001,0.0904
A_release/s40_off,69,seg1,d(item_3),move_to,step,item_3,d(item_3),0.9037,0.001,0.001,0.9037,0.001,0.001,0.001,0.001,0.0904
A_release/s40_off,70,seg1,d(item_3),move_to,step,item_3,d(item_3),0.9037,0.001,0.001,0.9037,0.001,0.001,0.001,0.001,0.0904
A_release/s40_off,71,seg1,d(item_3),move_to,step,item_3,d(item_3),0.9037,0.001,0.001,0.9037,0.001,0.001,0.001,0.001,0.0904
A_release/s40_off,72,seg1,d(item_3),move_to,step,item_3,d(item_3),0.9037,0.001,0.001,0.9037,0.001,0.001,0.001,0.001,0.0904
A_release/s40_off,73,seg1,d(item_3),move_to,step,item_3,d(item_3),0.9037,0.001,0.001,0.9037,0.001,0.001,0.001,0.001,0.0904
A_release/s40_off,74,seg1,d(item_3),move_to,step,item_3,d(item_3),0.9037,0.001,0.001,0.9037,0.001,0.001,0.001,0.001,0.0904
A_release/s40_off,75,seg1,d(item_3),move_to,step,item_3,d(item_3),0.9037,0.001,0.001,0.9037,0.001,0.001,0.001,0.001,0.0904
A_release/s40_off,76,seg1,d(item_3),move_to,step,item_3,d(item_3),0.9037,0.001,0.001,0.9037,0.001,0.001,0.001,0.001,0.0904
A_release/s40_off,77,seg1,d(item_3),move_to,step,item_3,d(item_3),0.9037,0.001,0.001,0.9037,0.001,0.001,0.001,0.001,0.0904
A_release/s40_off,78,seg1,d(item_3),move_to,step,item_3,d(item_3),0.9037,0.001,0.001,0.9037,0.001,0.001,0.001,0.001,0.0904
A_release/s40_off,79,seg1,d(item_3),move_to,step,item_3,d(item_3),0.9037,0.001,0.001,0.9037,0.001,0.001,0.001,0.001,0.0904
A_release/s40_off,80,seg1,d(item_3),move_to,step,item_3,d(item_3),0.9037,0.001,0.001,0.9037,0.001,0.001,0.001,0.001,0.0904
A_release/s40_off,81,seg1,d(item_3),move_to,step,item_3,d(item_3),0.9037,0.001,0.001,0.9037,0.001,0.001,0.001,0.001,0.0904
A_release/s40_off,82,seg1,d(item_3),move_to,step,item_3,d(item_3),0.9037,0.001,0.001,0.9037,0.001,0.001,0.001,0.001,0.0904
A_release/s40_off,83,seg1,d(item_3),move_to,step,item_3,d(item_3),0.9037,0.001,0.001,0.9037,0.001,0.001,0.001,0.001,0.0904
A_release/s40_off,84,seg1,d(item_3),move_to,step,item_3,d(item_3),0.9037,0.001,0.001,0.9037,0.001,0.001,0.001,0.001,0.0904
A_release/s40_off,85,seg1,d(item_3),move_to,step,item_3,d(item_3),0.9037,0.001,0.001,0.9037,0.001,0.001,0.001,0.001,0.0904
A_release/s40_off,86,seg1,d(item_3),move_to,step,item_3,d(item_3),0.9037,0.001,0.001,0.9037,0.001,0.001,0.001,0.001,0.0904
A_release/s40_off,87,seg1,d(item_3),move_to,step,item_3,d(item_3),0.9037,0.001,0.001,0.9037,0.001,0.001,0.001,0.001,0.0904
A_release/s40_off,88,seg1,d(item_3),move_to,step,item_3,d(item_3),0.9037,0.001,0.001,0.9037,0.001,0.001,0.001,0.001,0.0904
A_release/s40_off,89,seg1,d(item_3),move_to,step,item_3,d(item_3),0.9037,0.001,0.001,0.9037,0.001,0.001,0.001,0.001,0.0904
A_release/s40_off,90,seg1,d(item_3),move_to,step,item_3,d(item_3),0.9037,0.001,0.001,0.9037,0.001,0.001,0.001,0.001,0.0904
A_release/s40_off,91,seg1,d(item_3),move_to,step,item_3,d(item_3),0.9037,0.001,0.001,0.9037,0.001,0.001,0.001,0.001,0.0904
A_release/s40_off,92,seg1,d(item_3),move_to,step,item_3,d(item_3),0.9037,0.001,0.001,0.9037,0.001,0.001,0.001,0.001,0.0904
A_release/s40_off,93,seg1,d(item_3),move_to,step,item_3,d(item_3),0.9037,0.001,0.001,0.9037,0.001,0.001,0.001,0.001,0.0904
A_release/s40_off,94,seg1,d(item_3),move_to,step,item_3,d(item_3),0.9037,0.001,0.001,0.9037,0.001,0.001,0.001,0.001,0.0904
A_release/s40_off,95,seg1,d(item_3),move_to,step,item_3,d(item_3),0.9037,0.001,0.001,0.9037,0.001,0.001,0.001,0.001,0.0904
A_release/s40_off,96,seg1,d(item_3),move_to,step,item_3,d(item_3),0.9037,0.001,0.001,0.9037,0.001,0.001,0.001,0.001,0.0904
A_release/s40_off,97,seg1,d(item_3),move_to,step,item_3,d(item_3),0.9037,0.001,0.001,0.9037,0.001,0.001,0.001,0.001,0.0904
A_release/s40_off,98,seg1,d(item_3),move_to,step,item_3,d(item_3),0.9037,0.001,0.001,0.9037,0.001,0.001,0.001,0.001,0.0904
A_release/s40_off,99,seg1,d(item_3),move_to,step,item_3,d(item_3),0.9037,0.001,0.001,0.9037,0.001,0.001,0.001,0.001,0.0904
A_release/s40_off,100,seg1,d(item_3),move_to,step,item_3,d(item_3),0.9037,0.001,0.001,0.9037,0.001,0.001,0.001,0.001,0.0904
A_release/s40_off,101,seg1,d(item_3),move_to,step,item_3,d(item_3),0.9037,0.001,0.001,0.9037,0.001,0.001,0.001,0.001,0.0904
A_release/s40_off,102,seg1,d(item_3),move_to,step,item_3,d(item_3),0.9037,0.001,0.001,0.9037,0.001,0.001,0.001,0.001,0.0904
A_release/s40_off,103,seg1,d(item_3),move_to,step,item_3,d(item_3),0.9037,0.001,0.001,0.9037,0.001,0.001,0.001,0.001,0.0904
A_release/s40_off,104,seg1,d(item_3),move_to,step,item_3,d(item_3),0.9037,0.001,0.001,0.9037,0.001,0.001,0.001,0.001,0.0904
A_release/s40_off,105,seg1,d(item_3),move_to,step,item_3,d(item_3),0.9037,0.001,0.001,0.9037,0.001,0.001,0.001,0.001,0.0904
A_release/s40_off,106,seg1,d(item_3),move_to,step,item_3,d(item_3),0.9037,0.001,0.001,0.9037,0.001,0.001,0.001,0.001,0.0904
A_release/s40_off,107,seg1,d(item_3),move_to,step,item_3,d(item_3),0.9037,0.001,0.001,0.9037,0.001,0.001,0.001,0.001,0.0904
A_release/s40_off,108,seg1,d(item_3),move_to,step,item_3,d(item_3),0.9037,0.001,0.001,0.9037,0.001,0.001,0.001,0.001,0.0904
A_release/s40_off,109,seg1,d(item_3),move_to,step,item_3,d(item_3),0.9037,0.001,0.001,0.9037,0.001,0.001,0.001,0.001,0.0904
A_release/s40_off,110,seg1,d(item_3),move_to,step,item_3,d(item_3),0.9037,0.001,0.001,0.9037,0.001,0.001,0.001,0.001,0.0904
A_release/s40_off,111,seg1,d(item_3),move_to,step,item_3,d(item_3),0.9037,0.001,0.001,0.9037,0.001,0.001,0.001,0.001,0.0904
A_release/s40_off,112,seg1,d(item_3),move_to,step,item_3,d(item_3),0.9037,0.001,0.001,0.9037,0.001,0.001,0.001,0.001,0.0904
A_release/s40_off,113,seg1,d(item_3),move_to,step,item_3,d(item_3),0.9037,0.001,0.001,0.9037,0.001,0.001,0.001,0.001,0.0904
A_release/s40_off,114,seg1,d(item_3),move_to,,item_3,d(item_3),0.9037,0.001,0.001,0.9037,0.001,0.001,0.001,0.001,0.0904
A_release/s40_off,115,seg1,d(item_3),place,release,,unknown,0.993,0.001,0.001,0.001,0.001,0.001,0.001,0.001,0.993
A_release/s40_off,116,seg1,d(item_3),place,,,ac,0.4738,0.4738,0.4738,0.001,0.001,0.001,0.001,0.001,0.0474
A_release/s40_off,117,seg2,coffee,,,,ac,0.4738,0.4738,0.4738,0.001,0.001,0.001,0.001,0.001,0.0474
A_release/s40_off,118,seg2,coffee,move_to,step,,coffee,0.5022,0.4426,0.5022,0.001,0.001,0.001,0.001,0.001,0.0502
A_release/s40_off,119,seg2,coffee,move_to,step,,coffee,0.5345,0.4071,0.5345,0.001,0.001,0.001,0.001,0.001,0.0534
A_release/s40_off,120,seg2,coffee,move_to,step,,coffee,0.5701,0.3679,0.5701,0.001,0.001,0.001,0.001,0.001,0.057
A_release/s40_off,121,seg2,coffee,move_to,step,,coffee,0.6084,0.3258,0.6084,0.001,0.001,0.001,0.001,0.001,0.0608
A_release/s40_off,122,seg2,coffee,move_to,step,,coffee,0.6479,0.2824,0.6479,0.001,0.001,0.001,0.001,0.001,0.0648
A_release/s40_off,123,seg2,coffee,move_to,step,,coffee,0.6871,0.2392,0.6871,0.001,0.001,0.001,0.001,0.001,0.0687
A_release/s40_off,124,seg2,coffee,move_to,step,,coffee,0.7246,0.198,0.7246,0.001,0.001,0.001,0.001,0.001,0.0725
A_release/s40_off,125,seg2,coffee,move_to,step,,coffee,0.7589,0.1602,0.7589,0.001,0.001,0.001,0.001,0.001,0.0759
A_release/s40_off,126,seg2,coffee,move_to,step,,coffee,0.7892,0.1269,0.7892,0.001,0.001,0.001,0.001,0.001,0.0789
A_release/s40_off,127,seg2,coffee,move_to,step,,coffee,0.8149,0.0986,0.8149,0.001,0.001,0.001,0.001,0.001,0.0815
A_release/s40_off,128,seg2,coffee,move_to,step,,coffee,0.8361,0.0754,0.8361,0.001,0.001,0.001,0.001,0.001,0.0836
A_release/s40_off,129,seg2,coffee,move_to,step,,coffee,0.853,0.0567,0.853,0.001,0.001,0.001,0.001,0.001,0.0853
A_release/s40_off,130,seg2,coffee,move_to,step,,coffee,0.8662,0.0422,0.8662,0.001,0.001,0.001,0.001,0.001,0.0866
A_release/s40_off,131,seg2,coffee,move_to,step,,coffee,0.8764,0.031,0.8764,0.001,0.001,0.001,0.001,0.001,0.0876
A_release/s40_off,132,seg2,coffee,move_to,step,,coffee,0.884,0.0226,0.884,0.001,0.001,0.001,0.001,0.001,0.0884
A_release/s40_off,133,seg2,coffee,move_to,step,,coffee,0.8897,0.0163,0.8897,0.001,0.001,0.001,0.001,0.001,0.089
A_release/s40_off,134,seg2,coffee,move_to,step,,coffee,0.8939,0.0117,0.8939,0.001,0.001,0.001,0.001,0.001,0.0894
A_release/s40_off,135,seg2,coffee,move_to,step,,coffee,0.8969,0.0084,0.8969,0.001,0.001,0.001,0.001,0.001,0.0897
A_release/s40_off,136,seg2,coffee,move_to,step,,coffee,0.8991,0.006,0.8991,0.001,0.001,0.001,0.001,0.001,0.0899
A_release/s40_off,137,seg2,coffee,move_to,step,,coffee,0.9007,0.0042,0.9007,0.001,0.001,0.001,0.001,0.001,0.0901
A_release/s40_off,138,seg2,coffee,move_to,step,,coffee,0.9019,0.003,0.9019,0.001,0.001,0.001,0.001,0.001,0.0902
A_release/s40_off,139,seg2,coffee,move_to,step,,coffee,0.9027,0.0021,0.9027,0.001,0.001,0.001,0.001,0.001,0.0903
A_release/s40_off,140,seg2,coffee,move_to,step,,coffee,0.9032,0.0015,0.9032,0.001,0.001,0.001,0.001,0.001,0.0903
A_release/s40_off,141,seg2,coffee,move_to,step,,coffee,0.9036,0.001,0.9036,0.001,0.001,0.001,0.001,0.001,0.0904
A_release/s40_off,142,seg2,coffee,move_to,step,,coffee,0.9037,0.001,0.9037,0.001,0.001,0.001,0.001,0.001,0.0904
A_release/s40_off,143,seg2,coffee,move_to,step,,coffee,0.9037,0.001,0.9037,0.001,0.001,0.001,0.001,0.001,0.0904
A_release/s40_off,144,seg2,coffee,move_to,step,,coffee,0.9037,0.001,0.9037,0.001,0.001,0.001,0.001,0.001,0.0904
A_release/s40_off,145,seg2,coffee,move_to,step,,coffee,0.9037,0.001,0.9037,0.001,0.001,0.001,0.001,0.001,0.0904
A_release/s40_off,146,seg2,coffee,move_to,step,,coffee,0.9037,0.001,0.9037,0.001,0.001,0.001,0.001,0.001,0.0904
A_release/s40_off,147,seg2,coffee,move_to,step,,coffee,0.9037,0.001,0.9037,0.001,0.001,0.001,0.001,0.001,0.0904
A_release/s40_off,148,seg2,coffee,move_to,step,,coffee,0.9037,0.001,0.9037,0.001,0.001,0.001,0.001,0.001,0.0904
A_release/s40_off,149,seg2,coffee,move_to,step,,coffee,0.9037,0.001,0.9037,0.001,0.001,0.001,0.001,0.001,0.0904
A_release/s40_off,150,seg2,coffee,move_to,step,,coffee,0.9037,0.001,0.9037,0.001,0.001,0.001,0.001,0.001,0.0904
A_release/s40_off,151,seg2,coffee,move_to,step,,coffee,0.9037,0.001,0.9037,0.001,0.001,0.001,0.001,0.001,0.0904
A_release/s40_off,152,seg2,coffee,move_to,step,,coffee,0.9037,0.001,0.9037,0.001,0.001,0.001,0.001,0.001,0.0904
A_release/s40_off,153,seg2,coffee,move_to,step,,coffee,0.9037,0.001,0.9037,0.001,0.001,0.001,0.001,0.001,0.0904
A_release/s40_off,154,seg2,coffee,move_to,,,coffee,0.9037,0.001,0.9037,0.001,0.001,0.001,0.001,0.001,0.0904
A_release/s40_off,155,seg2,coffee,wait_at,stand,,coffee,0.9037,0.001,0.9037,0.001,0.001,0.001,0.001,0.001,0.0904
A_release/s40_off,156,seg2,coffee,wait_at,stand,,coffee,0.9037,0.001,0.9037,0.001,0.001,0.001,0.001,0.001,0.0904
A_release/s40_off,157,seg2,coffee,wait_at,stand,,coffee,0.9037,0.001,0.9037,0.001,0.001,0.001,0.001,0.001,0.0904
A_release/s40_off,158,seg2,coffee,wait_at,stand,,coffee,0.9037,0.001,0.9037,0.001,0.001,0.001,0.001,0.001,0.0904
A_release/s40_off,159,seg2,coffee,wait_at,stand,,coffee,0.9037,0.001,0.9037,0.001,0.001,0.001,0.001,0.001,0.0904
A_release/s40_off,160,seg2,coffee,wait_at,stand,,coffee,0.9037,0.001,0.9037,0.001,0.001,0.001,0.001,0.001,0.0904
A_release/s40_off,161,seg2,coffee,wait_at,stand,,coffee,0.9037,0.001,0.9037,0.001,0.001,0.001,0.001,0.001,0.0904
A_release/s40_off,162,seg2,coffee,wait_at,stand,,coffee,0.9037,0.001,0.9037,0.001,0.001,0.001,0.001,0.001,0.0904
A_release/s40_off,163,seg2,coffee,wait_at,stand,,coffee,0.9037,0.001,0.9037,0.001,0.001,0.001,0.001,0.001,0.0904
A_release/s40_off,164,seg2,coffee,wait_at,stand,,coffee,0.9037,0.001,0.9037,0.001,0.001,0.001,0.001,0.001,0.0904
A_release/s40_off,165,seg2,coffee,wait_at,stand,,coffee,0.9037,0.001,0.9037,0.001,0.001,0.001,0.001,0.001,0.0904
A_release/s40_off,166,seg2,coffee,wait_at,stand,,coffee,0.9037,0.001,0.9037,0.001,0.001,0.001,0.001,0.001,0.0904
A_release/s40_off,167,seg2,coffee,wait_at,stand,,coffee,0.9037,0.001,0.9037,0.001,0.001,0.001,0.001,0.001,0.0904
A_release/s40_off,168,seg2,coffee,wait_at,stand,,coffee,0.9037,0.001,0.9037,0.001,0.001,0.001,0.001,0.001,0.0904
A_release/s40_off,169,seg2,coffee,wait_at,stand,,coffee,0.9037,0.001,0.9037,0.001,0.001,0.001,0.001,0.001,0.0904
A_release/s40_off,170,seg2,coffee,wait_at,stand,,coffee,0.9037,0.001,0.9037,0.001,0.001,0.001,0.001,0.001,0.0904
A_release/s40_off,171,seg2,coffee,wait_at,stand,,coffee,0.9037,0.001,0.9037,0.001,0.001,0.001,0.001,0.001,0.0904
A_release/s40_off,172,seg2,coffee,wait_at,stand,,coffee,0.9037,0.001,0.9037,0.001,0.001,0.001,0.001,0.001,0.0904
A_release/s40_off,173,seg2,coffee,wait_at,stand,,coffee,0.9037,0.001,0.9037,0.001,0.001,0.001,0.001,0.001,0.0904
A_release/s40_off,174,seg2,coffee,wait_at,stand,,coffee,0.9037,0.001,0.9037,0.001,0.001,0.001,0.001,0.001,0.0904
A_release/s40_off,175,seg2,coffee,wait_at,stand,,coffee,0.9037,0.001,0.9037,0.001,0.001,0.001,0.001,0.001,0.0904
A_release/s40_off,176,seg2,coffee,wait_at,stand,,coffee,0.9037,0.001,0.9037,0.001,0.001,0.001,0.001,0.001,0.0904
A_release/s40_off,177,seg2,coffee,wait_at,stand,,coffee,0.9037,0.001,0.9037,0.001,0.001,0.001,0.001,0.001,0.0904
A_release/s40_off,178,seg2,coffee,wait_at,stand,,coffee,0.9037,0.001,0.9037,0.001,0.001,0.001,0.001,0.001,0.0904
A_release/s40_off,179,seg2,coffee,wait_at,stand,,coffee,0.9037,0.001,0.9037,0.001,0.001,0.001,0.001,0.001,0.0904
A_release/s40_off,180,seg2,coffee,wait_at,stand,,coffee,0.9037,0.001,0.9037,0.001,0.001,0.001,0.001,0.001,0.0904
A_release/s40_off,181,seg2,coffee,wait_at,stand,,coffee,0.9037,0.001,0.9037,0.001,0.001,0.001,0.001,0.001,0.0904
A_release/s40_off,182,seg2,coffee,wait_at,stand,,coffee,0.9037,0.001,0.9037,0.001,0.001,0.001,0.001,0.001,0.0904
A_release/s40_off,183,seg2,coffee,wait_at,stand,,coffee,0.9037,0.001,0.9037,0.001,0.001,0.001,0.001,0.001,0.0904
A_release/s40_off,184,seg2,coffee,wait_at,stand,,unknown,0.993,0.001,0.001,0.001,0.001,0.001,0.001,0.001,0.993
A_release/s40_off,185,seg2,coffee,wait_at,,,unknown,0.993,0.001,0.001,0.001,0.001,0.001,0.001,0.001,0.993
A_release/s40_off,186,seg3a,unknown,,,,unknown,0.993,0.001,0.001,0.001,0.001,0.001,0.001,0.001,0.993
A_release/s40_off,187,seg3a,unknown,move_to,step,,unknown,0.993,0.001,0.001,0.001,0.001,0.001,0.001,0.001,0.993
A_release/s40_off,188,seg3a,unknown,move_to,step,,unknown,0.993,0.001,0.001,0.001,0.001,0.001,0.001,0.001,0.993
A_release/s40_off,189,seg3a,unknown,move_to,step,,unknown,0.993,0.001,0.001,0.001,0.001,0.001,0.001,0.001,0.993
A_release/s40_off,190,seg3a,unknown,move_to,step,,unknown,0.993,0.001,0.001,0.001,0.001,0.001,0.001,0.001,0.993
A_release/s40_off,191,seg3a,unknown,move_to,step,,unknown,0.993,0.001,0.001,0.001,0.001,0.001,0.001,0.001,0.993
A_release/s40_off,192,seg3a,unknown,move_to,step,,unknown,0.993,0.001,0.001,0.001,0.001,0.001,0.001,0.001,0.993
A_release/s40_off,193,seg3a,unknown,move_to,step,,unknown,0.993,0.001,0.001,0.001,0.001,0.001,0.001,0.001,0.993
A_release/s40_off,194,seg3a,unknown,move_to,step,,unknown,0.993,0.001,0.001,0.001,0.001,0.001,0.001,0.001,0.993
A_release/s40_off,195,seg3a,unknown,move_to,step,,unknown,0.993,0.001,0.001,0.001,0.001,0.001,0.001,0.001,0.993
A_release/s40_off,196,seg3a,unknown,move_to,step,,unknown,0.993,0.001,0.001,0.001,0.001,0.001,0.001,0.001,0.993
A_release/s40_off,197,seg3a,unknown,move_to,step,,unknown,0.993,0.001,0.001,0.001,0.001,0.001,0.001,0.001,0.993
A_release/s40_off,198,seg3a,unknown,move_to,step,,unknown,0.993,0.001,0.001,0.001,0.001,0.001,0.001,0.001,0.993
A_release/s40_off,199,seg3a,unknown,move_to,step,,unknown,0.993,0.001,0.001,0.001,0.001,0.001,0.001,0.001,0.993
A_release/s40_off,200,seg3a,unknown,move_to,step,,unknown,0.993,0.001,0.001,0.001,0.001,0.001,0.001,0.001,0.993
A_release/s40_off,201,seg3a,unknown,move_to,step,,unknown,0.993,0.001,0.001,0.001,0.001,0.001,0.001,0.001,0.993
A_release/s40_off,202,seg3a,unknown,move_to,step,,unknown,0.993,0.001,0.001,0.001,0.001,0.001,0.001,0.001,0.993
A_release/s40_off,203,seg3a,unknown,move_to,step,,unknown,0.993,0.001,0.001,0.001,0.001,0.001,0.001,0.001,0.993
A_release/s40_off,204,seg3a,unknown,move_to,step,,unknown,0.993,0.001,0.001,0.001,0.001,0.001,0.001,0.001,0.993
A_release/s40_off,205,seg3a,unknown,move_to,step,,unknown,0.993,0.001,0.001,0.001,0.001,0.001,0.001,0.001,0.993
A_release/s40_off,206,seg3a,unknown,move_to,,,unknown,0.993,0.001,0.001,0.001,0.001,0.001,0.001,0.001,0.993
A_release/s40_off,207,seg3a,unknown,wait_at,stand,,unknown,0.993,0.001,0.001,0.001,0.001,0.001,0.001,0.001,0.993
A_release/s40_off,208,seg3a,unknown,wait_at,,,unknown,0.993,0.001,0.001,0.001,0.001,0.001,0.001,0.001,0.993
A_release/s40_off,209,seg3b,unknown,,,,unknown,0.993,0.001,0.001,0.001,0.001,0.001,0.001,0.001,0.993
A_release/s40_off,210,seg3b,unknown,move_to,step,,unknown,0.993,0.001,0.001,0.001,0.001,0.001,0.001,0.001,0.993
A_release/s40_off,211,seg3b,unknown,move_to,step,,unknown,0.993,0.001,0.001,0.001,0.001,0.001,0.001,0.001,0.993
A_release/s40_off,212,seg3b,unknown,move_to,step,,unknown,0.993,0.001,0.001,0.001,0.001,0.001,0.001,0.001,0.993
A_release/s40_off,213,seg3b,unknown,move_to,step,,unknown,0.993,0.001,0.001,0.001,0.001,0.001,0.001,0.001,0.993
A_release/s40_off,214,seg3b,unknown,move_to,step,,unknown,0.993,0.001,0.001,0.001,0.001,0.001,0.001,0.001,0.993
A_release/s40_off,215,seg3b,unknown,move_to,step,,unknown,0.993,0.001,0.001,0.001,0.001,0.001,0.001,0.001,0.993
A_release/s40_off,216,seg3b,unknown,move_to,step,,unknown,0.993,0.001,0.001,0.001,0.001,0.001,0.001,0.001,0.993
A_release/s40_off,217,seg3b,unknown,move_to,step,,unknown,0.993,0.001,0.001,0.001,0.001,0.001,0.001,0.001,0.993
A_release/s40_off,218,seg3b,unknown,move_to,step,,unknown,0.993,0.001,0.001,0.001,0.001,0.001,0.001,0.001,0.993
A_release/s40_off,219,seg3b,unknown,move_to,step,,unknown,0.993,0.001,0.001,0.001,0.001,0.001,0.001,0.001,0.993
A_release/s40_off,220,seg3b,unknown,move_to,step,,unknown,0.993,0.001,0.001,0.001,0.001,0.001,0.001,0.001,0.993
A_release/s40_off,221,seg3b,unknown,move_to,step,,unknown,0.993,0.001,0.001,0.001,0.001,0.001,0.001,0.001,0.993
A_release/s40_off,222,seg3b,unknown,move_to,step,,unknown,0.993,0.001,0.001,0.001,0.001,0.001,0.001,0.001,0.993
A_release/s40_off,223,seg3b,unknown,move_to,step,,unknown,0.993,0.001,0.001,0.001,0.001,0.001,0.001,0.001,0.993
A_release/s40_off,224,seg3b,unknown,move_to,step,,unknown,0.993,0.001,0.001,0.001,0.001,0.001,0.001,0.001,0.993
A_release/s40_off,225,seg3b,unknown,move_to,step,,unknown,0.993,0.001,0.001,0.001,0.001,0.001,0.001,0.001,0.993
A_release/s40_off,226,seg3b,unknown,move_to,step,,unknown,0.993,0.001,0.001,0.001,0.001,0.001,0.001,0.001,0.993
A_release/s40_off,227,seg3b,unknown,move_to,,,unknown,0.993,0.001,0.001,0.001,0.001,0.001,0.001,0.001,0.993
A_release/s40_off,228,seg3b,unknown,wait_at,stand,,unknown,0.993,0.001,0.001,0.001,0.001,0.001,0.001,0.001,0.993
A_release/s40_off,229,seg3b,unknown,wait_at,,,unknown,0.993,0.001,0.001,0.001,0.001,0.001,0.001,0.001,0.993
A_release/s40_off,230,seg4,d(item_6),,,,unknown,0.993,0.001,0.001,0.001,0.001,0.001,0.001,0.001,0.993
A_release/s40_off,231,seg4,d(item_6),move_to,step,,unknown,0.993,0.001,0.001,0.001,0.001,0.001,0.001,0.001,0.993
A_release/s40_off,232,seg4,d(item_6),move_to,step,,unknown,0.993,0.001,0.001,0.001,0.001,0.001,0.001,0.001,0.993
A_release/s40_off,233,seg4,d(item_6),move_to,step,,unknown,0.993,0.001,0.001,0.001,0.001,0.001,0.001,0.001,0.993
A_release/s40_off,234,seg4,d(item_6),move_to,step,,unknown,0.993,0.001,0.001,0.001,0.001,0.001,0.001,0.001,0.993
A_release/s40_off,235,seg4,d(item_6),move_to,step,,unknown,0.993,0.001,0.001,0.001,0.001,0.001,0.001,0.001,0.993
A_release/s40_off,236,seg4,d(item_6),move_to,step,,unknown,0.993,0.001,0.001,0.001,0.001,0.001,0.001,0.001,0.993
A_release/s40_off,237,seg4,d(item_6),move_to,step,,unknown,0.993,0.001,0.001,0.001,0.001,0.001,0.001,0.001,0.993
A_release/s40_off,238,seg4,d(item_6),move_to,step,,unknown,0.993,0.001,0.001,0.001,0.001,0.001,0.001,0.001,0.993
A_release/s40_off,239,seg4,d(item_6),move_to,step,,unknown,0.993,0.001,0.001,0.001,0.001,0.001,0.001,0.001,0.993
A_release/s40_off,240,seg4,d(item_6),move_to,step,,unknown,0.993,0.001,0.001,0.001,0.001,0.001,0.001,0.001,0.993
A_release/s40_off,241,seg4,d(item_6),move_to,step,,unknown,0.993,0.001,0.001,0.001,0.001,0.001,0.001,0.001,0.993
A_release/s40_off,242,seg4,d(item_6),move_to,step,,unknown,0.993,0.001,0.001,0.001,0.001,0.001,0.001,0.001,0.993
A_release/s40_off,243,seg4,d(item_6),move_to,step,,unknown,0.993,0.001,0.001,0.001,0.001,0.001,0.001,0.001,0.993
A_release/s40_off,244,seg4,d(item_6),move_to,step,,unknown,0.993,0.001,0.001,0.001,0.001,0.001,0.001,0.001,0.993
A_release/s40_off,245,seg4,d(item_6),move_to,step,,unknown,0.993,0.001,0.001,0.001,0.001,0.001,0.001,0.001,0.993
A_release/s40_off,246,seg4,d(item_6),move_to,step,,unknown,0.993,0.001,0.001,0.001,0.001,0.001,0.001,0.001,0.993
A_release/s40_off,247,seg4,d(item_6),move_to,step,,unknown,0.993,0.001,0.001,0.001,0.001,0.001,0.001,0.001,0.993
A_release/s40_off,248,seg4,d(item_6),move_to,step,,unknown,0.993,0.001,0.001,0.001,0.001,0.001,0.001,0.001,0.993
A_release/s40_off,249,seg4,d(item_6),move_to,step,,unknown,0.993,0.001,0.001,0.001,0.001,0.001,0.001,0.001,0.993
A_release/s40_off,250,seg4,d(item_6),move_to,step,,unknown,0.993,0.001,0.001,0.001,0.001,0.001,0.001,0.001,0.993
A_release/s40_off,251,seg4,d(item_6),move_to,step,,unknown,0.993,0.001,0.001,0.001,0.001,0.001,0.001,0.001,0.993
A_release/s40_off,252,seg4,d(item_6),move_to,step,,unknown,0.993,0.001,0.001,0.001,0.001,0.001,0.001,0.001,0.993
A_release/s40_off,253,seg4,d(item_6),move_to,step,,unknown,0.993,0.001,0.001,0.001,0.001,0.001,0.001,0.001,0.993
A_release/s40_off,254,seg4,d(item_6),move_to,step,,unknown,0.993,0.001,0.001,0.001,0.001,0.001,0.001,0.001,0.993
A_release/s40_off,255,seg4,d(item_6),move_to,step,,unknown,0.993,0.001,0.001,0.001,0.001,0.001,0.001,0.001,0.993
A_release/s40_off,256,seg4,d(item_6),move_to,step,,unknown,0.993,0.001,0.001,0.001,0.001,0.001,0.001,0.001,0.993
A_release/s40_off,257,seg4,d(item_6),move_to,step,,unknown,0.993,0.001,0.001,0.001,0.001,0.001,0.001,0.001,0.993
A_release/s40_off,258,seg4,d(item_6),move_to,step,,unknown,0.993,0.001,0.001,0.001,0.001,0.001,0.001,0.001,0.993
A_release/s40_off,259,seg4,d(item_6),move_to,step,,unknown,0.993,0.001,0.001,0.001,0.001,0.001,0.001,0.001,0.993
A_release/s40_off,260,seg4,d(item_6),move_to,step,,unknown,0.993,0.001,0.001,0.001,0.001,0.001,0.001,0.001,0.993
A_release/s40_off,261,seg4,d(item_6),move_to,step,,unknown,0.993,0.001,0.001,0.001,0.001,0.001,0.001,0.001,0.993
A_release/s40_off,262,seg4,d(item_6),move_to,step,,unknown,0.993,0.001,0.001,0.001,0.001,0.001,0.001,0.001,0.993
A_release/s40_off,263,seg4,d(item_6),move_to,step,,unknown,0.993,0.001,0.001,0.001,0.001,0.001,0.001,0.001,0.993
A_release/s40_off,264,seg4,d(item_6),move_to,step,,unknown,0.993,0.001,0.001,0.001,0.001,0.001,0.001,0.001,0.993
A_release/s40_off,265,seg4,d(item_6),move_to,step,,unknown,0.993,0.001,0.001,0.001,0.001,0.001,0.001,0.001,0.993
A_release/s40_off,266,seg4,d(item_6),move_to,step,,unknown,0.993,0.001,0.001,0.001,0.001,0.001,0.001,0.001,0.993
A_release/s40_off,267,seg4,d(item_6),move_to,step,,unknown,0.993,0.001,0.001,0.001,0.001,0.001,0.001,0.001,0.993
A_release/s40_off,268,seg4,d(item_6),move_to,step,,unknown,0.993,0.001,0.001,0.001,0.001,0.001,0.001,0.001,0.993
A_release/s40_off,269,seg4,d(item_6),move_to,step,,unknown,0.993,0.001,0.001,0.001,0.001,0.001,0.001,0.001,0.993
A_release/s40_off,270,seg4,d(item_6),move_to,step,,unknown,0.993,0.001,0.001,0.001,0.001,0.001,0.001,0.001,0.993
A_release/s40_off,271,seg4,d(item_6),move_to,,,unknown,0.993,0.001,0.001,0.001,0.001,0.001,0.001,0.001,0.993
A_release/s40_off,272,seg4,d(item_6),pick_up,grasp,item_6,unknown,0.993,0.001,0.001,0.001,0.001,0.001,0.001,0.001,0.993
A_release/s40_off,273,seg4,d(item_6),pick_up,,item_6,unknown,0.993,0.001,0.001,0.001,0.001,0.001,0.001,0.001,0.993
A_release/s40_off,274,seg4,d(item_6),move_to,step,item_6,unknown,0.993,0.001,0.001,0.001,0.001,0.001,0.001,0.001,0.993
A_release/s40_off,275,seg4,d(item_6),move_to,step,item_6,unknown,0.993,0.001,0.001,0.001,0.001,0.001,0.001,0.001,0.993
A_release/s40_off,276,seg4,d(item_6),move_to,step,item_6,unknown,0.993,0.001,0.001,0.001,0.001,0.001,0.001,0.001,0.993
A_release/s40_off,277,seg4,d(item_6),move_to,step,item_6,unknown,0.993,0.001,0.001,0.001,0.001,0.001,0.001,0.001,0.993
A_release/s40_off,278,seg4,d(item_6),move_to,step,item_6,unknown,0.993,0.001,0.001,0.001,0.001,0.001,0.001,0.001,0.993
A_release/s40_off,279,seg4,d(item_6),move_to,step,item_6,unknown,0.993,0.001,0.001,0.001,0.001,0.001,0.001,0.001,0.993
A_release/s40_off,280,seg4,d(item_6),move_to,step,item_6,unknown,0.993,0.001,0.001,0.001,0.001,0.001,0.001,0.001,0.993
A_release/s40_off,281,seg4,d(item_6),move_to,step,item_6,unknown,0.993,0.001,0.001,0.001,0.001,0.001,0.001,0.001,0.993
A_release/s40_off,282,seg4,d(item_6),move_to,step,item_6,unknown,0.993,0.001,0.001,0.001,0.001,0.001,0.001,0.001,0.993
A_release/s40_off,283,seg4,d(item_6),move_to,step,item_6,unknown,0.993,0.001,0.001,0.001,0.001,0.001,0.001,0.001,0.993
A_release/s40_off,284,seg4,d(item_6),move_to,step,item_6,unknown,0.993,0.001,0.001,0.001,0.001,0.001,0.001,0.001,0.993
A_release/s40_off,285,seg4,d(item_6),move_to,step,item_6,unknown,0.993,0.001,0.001,0.001,0.001,0.001,0.001,0.001,0.993
A_release/s40_off,286,seg4,d(item_6),move_to,step,item_6,unknown,0.993,0.001,0.001,0.001,0.001,0.001,0.001,0.001,0.993
A_release/s40_off,287,seg4,d(item_6),move_to,step,item_6,unknown,0.993,0.001,0.001,0.001,0.001,0.001,0.001,0.001,0.993
A_release/s40_off,288,seg4,d(item_6),move_to,step,item_6,unknown,0.993,0.001,0.001,0.001,0.001,0.001,0.001,0.001,0.993
A_release/s40_off,289,seg4,d(item_6),move_to,step,item_6,unknown,0.993,0.001,0.001,0.001,0.001,0.001,0.001,0.001,0.993
A_release/s40_off,290,seg4,d(item_6),move_to,step,item_6,unknown,0.993,0.001,0.001,0.001,0.001,0.001,0.001,0.001,0.993
A_release/s40_off,291,seg4,d(item_6),move_to,step,item_6,unknown,0.993,0.001,0.001,0.001,0.001,0.001,0.001,0.001,0.993
A_release/s40_off,292,seg4,d(item_6),move_to,step,item_6,unknown,0.993,0.001,0.001,0.001,0.001,0.001,0.001,0.001,0.993
A_release/s40_off,293,seg4,d(item_6),move_to,step,item_6,unknown,0.993,0.001,0.001,0.001,0.001,0.001,0.001,0.001,0.993
A_release/s40_off,294,seg4,d(item_6),move_to,step,item_6,unknown,0.993,0.001,0.001,0.001,0.001,0.001,0.001,0.001,0.993
A_release/s40_off,295,seg4,d(item_6),move_to,step,item_6,unknown,0.993,0.001,0.001,0.001,0.001,0.001,0.001,0.001,0.993
A_release/s40_off,296,seg4,d(item_6),move_to,step,item_6,unknown,0.993,0.001,0.001,0.001,0.001,0.001,0.001,0.001,0.993
A_release/s40_off,297,seg4,d(item_6),move_to,step,item_6,unknown,0.993,0.001,0.001,0.001,0.001,0.001,0.001,0.001,0.993
A_release/s40_off,298,seg4,d(item_6),move_to,step,item_6,unknown,0.993,0.001,0.001,0.001,0.001,0.001,0.001,0.001,0.993
A_release/s40_off,299,seg4,d(item_6),move_to,step,item_6,unknown,0.993,0.001,0.001,0.001,0.001,0.001,0.001,0.001,0.993
A_release/s40_off,300,seg4,d(item_6),move_to,step,item_6,unknown,0.993,0.001,0.001,0.001,0.001,0.001,0.001,0.001,0.993
A_release/s40_off,301,seg4,d(item_6),move_to,step,item_6,unknown,0.993,0.001,0.001,0.001,0.001,0.001,0.001,0.001,0.993
A_release/s40_off,302,seg4,d(item_6),move_to,step,item_6,unknown,0.993,0.001,0.001,0.001,0.001,0.001,0.001,0.001,0.993
A_release/s40_off,303,seg4,d(item_6),move_to,step,item_6,unknown,0.993,0.001,0.001,0.001,0.001,0.001,0.001,0.001,0.993
A_release/s40_off,304,seg4,d(item_6),move_to,step,item_6,unknown,0.993,0.001,0.001,0.001,0.001,0.001,0.001,0.001,0.993
A_release/s40_off,305,seg4,d(item_6),move_to,step,item_6,unknown,0.993,0.001,0.001,0.001,0.001,0.001,0.001,0.001,0.993
A_release/s40_off,306,seg4,d(item_6),move_to,step,item_6,unknown,0.993,0.001,0.001,0.001,0.001,0.001,0.001,0.001,0.993
A_release/s40_off,307,seg4,d(item_6),move_to,step,item_6,unknown,0.993,0.001,0.001,0.001,0.001,0.001,0.001,0.001,0.993
A_release/s40_off,308,seg4,d(item_6),move_to,step,item_6,unknown,0.993,0.001,0.001,0.001,0.001,0.001,0.001,0.001,0.993
A_release/s40_off,309,seg4,d(item_6),move_to,step,item_6,unknown,0.993,0.001,0.001,0.001,0.001,0.001,0.001,0.001,0.993
A_release/s40_off,310,seg4,d(item_6),move_to,step,item_6,unknown,0.993,0.001,0.001,0.001,0.001,0.001,0.001,0.001,0.993
A_release/s40_off,311,seg4,d(item_6),move_to,step,item_6,unknown,0.993,0.001,0.001,0.001,0.001,0.001,0.001,0.001,0.993
A_release/s40_off,312,seg4,d(item_6),move_to,step,item_6,unknown,0.993,0.001,0.001,0.001,0.001,0.001,0.001,0.001,0.993
A_release/s40_off,313,seg4,d(item_6),move_to,step,item_6,unknown,0.993,0.001,0.001,0.001,0.001,0.001,0.001,0.001,0.993
A_release/s40_off,314,seg4,d(item_6),move_to,step,item_6,unknown,0.993,0.001,0.001,0.001,0.001,0.001,0.001,0.001,0.993
A_release/s40_off,315,seg4,d(item_6),move_to,step,item_6,unknown,0.993,0.001,0.001,0.001,0.001,0.001,0.001,0.001,0.993
A_release/s40_off,316,seg4,d(item_6),move_to,step,item_6,unknown,0.993,0.001,0.001,0.001,0.001,0.001,0.001,0.001,0.993
A_release/s40_off,317,seg4,d(item_6),move_to,step,item_6,unknown,0.993,0.001,0.001,0.001,0.001,0.001,0.001,0.001,0.993
A_release/s40_off,318,seg4,d(item_6),move_to,step,item_6,unknown,0.993,0.001,0.001,0.001,0.001,0.001,0.001,0.001,0.993
A_release/s40_off,319,seg4,d(item_6),move_to,step,item_6,unknown,0.993,0.001,0.001,0.001,0.001,0.001,0.001,0.001,0.993
A_release/s40_off,320,seg4,d(item_6),move_to,step,item_6,unknown,0.993,0.001,0.001,0.001,0.001,0.001,0.001,0.001,0.993
A_release/s40_off,321,seg4,d(item_6),move_to,step,item_6,unknown,0.993,0.001,0.001,0.001,0.001,0.001,0.001,0.001,0.993
A_release/s40_off,322,seg4,d(item_6),move_to,step,item_6,unknown,0.993,0.001,0.001,0.001,0.001,0.001,0.001,0.001,0.993
A_release/s40_off,323,seg4,d(item_6),move_to,step,item_6,unknown,0.993,0.001,0.001,0.001,0.001,0.001,0.001,0.001,0.993
A_release/s40_off,324,seg4,d(item_6),move_to,step,item_6,unknown,0.993,0.001,0.001,0.001,0.001,0.001,0.001,0.001,0.993
A_release/s40_off,325,seg4,d(item_6),move_to,step,item_6,unknown,0.993,0.001,0.001,0.001,0.001,0.001,0.001,0.001,0.993
A_release/s40_off,326,seg4,d(item_6),move_to,step,item_6,unknown,0.993,0.001,0.001,0.001,0.001,0.001,0.001,0.001,0.993
A_release/s40_off,327,seg4,d(item_6),move_to,step,item_6,unknown,0.993,0.001,0.001,0.001,0.001,0.001,0.001,0.001,0.993
A_release/s40_off,328,seg4,d(item_6),move_to,step,item_6,unknown,0.993,0.001,0.001,0.001,0.001,0.001,0.001,0.001,0.993
A_release/s40_off,329,seg4,d(item_6),move_to,step,item_6,unknown,0.993,0.001,0.001,0.001,0.001,0.001,0.001,0.001,0.993
A_release/s40_off,330,seg4,d(item_6),move_to,,item_6,unknown,0.993,0.001,0.001,0.001,0.001,0.001,0.001,0.001,0.993
A_release/s40_off,331,seg4,d(item_6),place,release,,unknown,0.993,0.001,0.001,0.001,0.001,0.001,0.001,0.001,0.993
A_release/s40_off,332,seg4,d(item_6),place,,,ac,0.9036,0.9036,0.001,0.001,0.001,0.001,0.001,0.001,0.0904
A_release/s40_off,333,done,unknown,,,,ac,0.9036,0.9036,0.001,0.001,0.001,0.001,0.001,0.001,0.0904
A_release/s40_off,334,done,unknown,,,,ac,0.9036,0.9036,0.001,0.001,0.001,0.001,0.001,0.001,0.0904
A_release/s40_off,335,done,unknown,,,,ac,0.9036,0.9036,0.001,0.001,0.001,0.001,0.001,0.001,0.0904
A_release/s40_off,336,done,unknown,,,,ac,0.9036,0.9036,0.001,0.001,0.001,0.001,0.001,0.001,0.0904
A_release/s40_off,337,done,unknown,,,,ac,0.9036,0.9036,0.001,0.001,0.001,0.001,0.001,0.001,0.0904
A_release/s40_off,338,done,unknown,,,,ac,0.9036,0.9036,0.001,0.001,0.001,0.001,0.001,0.001,0.0904
A_release/s40_off,339,done,unknown,,,,ac,0.9036,0.9036,0.001,0.001,0.001,0.001,0.001,0.001,0.0904
A_release/s40_off,340,done,unknown,,,,ac,0.9036,0.9036,0.001,0.001,0.001,0.001,0.001,0.001,0.0904
A_release/s40_off,341,done,unknown,,,,ac,0.9036,0.9036,0.001,0.001,0.001,0.001,0.001,0.001,0.0904
A_release/s40_off,342,done,unknown,,,,ac,0.9036,0.9036,0.001,0.001,0.001,0.001,0.001,0.001,0.0904
A_release/s40_off,343,done,unknown,,,,ac,0.9036,0.9036,0.001,0.001,0.001,0.001,0.001,0.001,0.0904
A_release/s40_off,344,done,unknown,,,,ac,0.9036,0.9036,0.001,0.001,0.001,0.001,0.001,0.001,0.0904
A_release/s40_off,345,done,unknown,,,,ac,0.9036,0.9036,0.001,0.001,0.001,0.001,0.001,0.001,0.0904
A_release/s40_off,346,done,unknown,,,,ac,0.9036,0.9036,0.001,0.001,0.001,0.001,0.001,0.001,0.0904
A_release/s40_off,347,done,unknown,,,,ac,0.9036,0.9036,0.001,0.001,0.001,0.001,0.001,0.001,0.0904
A_release/s40_off,348,done,unknown,,,,ac,0.9036,0.9036,0.001,0.001,0.001,0.001,0.001,0.001,0.0904
A_release/s40_off,349,done,unknown,,,,ac,0.9036,0.9036,0.001,0.001,0.001,0.001,0.001,0.001,0.0904
A_release/s40_off,350,done,unknown,,,,ac,0.9036,0.9036,0.001,0.001,0.001,0.001,0.001,0.001,0.0904
A_release/s40_off,351,done,unknown,,,,ac,0.9036,0.9036,0.001,0.001,0.001,0.001,0.001,0.001,0.0904
A_release/s40_off,352,done,unknown,,,,ac,0.9036,0.9036,0.001,0.001,0.001,0.001,0.001,0.001,0.0904
A_release/s40_off,353,done,unknown,,,,ac,0.9036,0.9036,0.001,0.001,0.001,0.001,0.001,0.001,0.0904
A_release/s40_off,354,done,unknown,,,,ac,0.9036,0.9036,0.001,0.001,0.001,0.001,0.001,0.001,0.0904
A_release/s40_off,355,done,unknown,,,,ac,0.9036,0.9036,0.001,0.001,0.001,0.001,0.001,0.001,0.0904
A_release/s40_off,356,done,unknown,,,,ac,0.9036,0.9036,0.001,0.001,0.001,0.001,0.001,0.001,0.0904
A_release/s40_off,357,done,unknown,,,,ac,0.9036,0.9036,0.001,0.001,0.001,0.001,0.001,0.001,0.0904
A_release/s40_off,358,done,unknown,,,,ac,0.9036,0.9036,0.001,0.001,0.001,0.001,0.001,0.001,0.0904
A_release/s40_off,359,done,unknown,,,,ac,0.9036,0.9036,0.001,0.001,0.001,0.001,0.001,0.001,0.0904
A_release/s40_off,360,done,unknown,,,,ac,0.9036,0.9036,0.001,0.001,0.001,0.001,0.001,0.001,0.0904
A_release/s40_off,361,done,unknown,,,,ac,0.9036,0.9036,0.001,0.001,0.001,0.001,0.001,0.001,0.0904
A_release/s40_off,362,done,unknown,,,,ac,0.9036,0.9036,0.001,0.001,0.001,0.001,0.001,0.001,0.0904
A_release/s40_off,363,done,unknown,,,,ac,0.9036,0.9036,0.001,0.001,0.001,0.001,0.001,0.001,0.0904
A_release/s40_off,364,done,unknown,,,,ac,0.9036,0.9036,0.001,0.001,0.001,0.001,0.001,0.001,0.0904
A_release/s40_off,365,done,unknown,,,,ac,0.9036,0.9036,0.001,0.001,0.001,0.001,0.001,0.001,0.0904
A_release/s40_off,366,done,unknown,,,,ac,0.9036,0.9036,0.001,0.001,0.001,0.001,0.001,0.001,0.0904
A_release/s40_off,367,done,unknown,,,,ac,0.9036,0.9036,0.001,0.001,0.001,0.001,0.001,0.001,0.0904
A_release/s40_off,368,done,unknown,,,,ac,0.9036,0.9036,0.001,0.001,0.001,0.001,0.001,0.001,0.0904
A_release/s40_off,369,done,unknown,,,,ac,0.9036,0.9036,0.001,0.001,0.001,0.001,0.001,0.001,0.0904
A_release/s40_off,370,done,unknown,,,,ac,0.9036,0.9036,0.001,0.001,0.001,0.001,0.001,0.001,0.0904
A_release/s40_off,371,done,unknown,,,,ac,0.9036,0.9036,0.001,0.001,0.001,0.001,0.001,0.001,0.0904
A_release/s40_off,372,done,unknown,,,,ac,0.9036,0.9036,0.001,0.001,0.001,0.001,0.001,0.001,0.0904
A_release/s40_off,373,done,unknown,,,,ac,0.9036,0.9036,0.001,0.001,0.001,0.001,0.001,0.001,0.0904
A_release/s40_off,374,done,unknown,,,,ac,0.9036,0.9036,0.001,0.001,0.001,0.001,0.001,0.001,0.0904
A_release/s40_off,375,done,unknown,,,,ac,0.9036,0.9036,0.001,0.001,0.001,0.001,0.001,0.001,0.0904
A_release/s40_off,376,done,unknown,,,,ac,0.9036,0.9036,0.001,0.001,0.001,0.001,0.001,0.001,0.0904
A_release/s40_off,377,done,unknown,,,,ac,0.9036,0.9036,0.001,0.001,0.001,0.001,0.001,0.001,0.0904
A_release/s40_off,378,done,unknown,,,,ac,0.9036,0.9036,0.001,0.001,0.001,0.001,0.001,0.001,0.0904
A_release/s40_on,0,seg1,d(item_3),move_to,step,,d(item_3),0.2664,0.217,0.2566,0.2664,0.001,0.001,0.2303,0.001,0.0266
A_release/s40_on,1,seg1,d(item_3),move_to,step,,d(item_3),0.2934,0.1879,0.2714,0.2934,0.001,0.001,0.215,0.001,0.0293
A_release/s40_on,2,seg1,d(item_3),move_to,step,,d(item_3),0.3236,0.1576,0.2864,0.3236,0.001,0.001,0.197,0.001,0.0324
A_release/s40_on,3,seg1,d(item_3),move_to,step,,d(item_3),0.356,0.1282,0.3005,0.356,0.001,0.001,0.1767,0.001,0.0356
A_release/s40_on,4,seg1,d(item_3),move_to,step,,d(item_3),0.3894,0.1013,0.3124,0.3894,0.001,0.001,0.1549,0.001,0.0389
A_release/s40_on,5,seg1,d(item_3),move_to,step,,d(item_3),0.4229,0.0781,0.321,0.4229,0.001,0.001,0.1328,0.001,0.0423
A_release/s40_on,6,seg1,d(item_3),move_to,step,,d(item_3),0.4555,0.0589,0.3257,0.4555,0.001,0.001,0.1114,0.001,0.0455
A_release/s40_on,7,seg1,d(item_3),move_to,step,,d(item_3),0.4867,0.0436,0.3263,0.4867,0.001,0.001,0.0917,0.001,0.0487
A_release/s40_on,8,seg1,d(item_3),move_to,step,,d(item_3),0.5164,0.0318,0.323,0.5164,0.001,0.001,0.0741,0.001,0.0516
A_release/s40_on,9,seg1,d(item_3),move_to,step,,d(item_3),0.5445,0.0229,0.3161,0.5445,0.001,0.001,0.0591,0.001,0.0544
A_release/s40_on,10,seg1,d(item_3),move_to,step,,d(item_3),0.5711,0.0164,0.3059,0.5711,0.001,0.001,0.0465,0.001,0.0571
A_release/s40_on,11,seg1,d(item_3),move_to,step,,d(item_3),0.5964,0.0116,0.293,0.5964,0.001,0.001,0.0363,0.001,0.0596
A_release/s40_on,12,seg1,d(item_3),move_to,step,,d(item_3),0.6207,0.0082,0.278,0.6207,0.001,0.001,0.028,0.001,0.0621
A_release/s40_on,13,seg1,d(item_3),move_to,step,,d(item_3),0.6441,0.0058,0.2612,0.6441,0.001,0.001,0.0215,0.001,0.0644
A_release/s40_on,14,seg1,d(item_3),move_to,step,,d(item_3),0.6667,0.004,0.2432,0.6667,0.001,0.001,0.0164,0.001,0.0667
A_release/s40_on,15,seg1,d(item_3),move_to,step,,d(item_3),0.6886,0.0028,0.2243,0.6886,0.001,0.001,0.0124,0.001,0.0689
A_release/s40_on,16,seg1,d(item_3),move_to,step,,d(item_3),0.7098,0.002,0.2049,0.7098,0.001,0.001,0.0094,0.001,0.071
A_release/s40_on,17,seg1,d(item_3),move_to,step,,d(item_3),0.7301,0.0014,0.1855,0.7301,0.001,0.001,0.007,0.001,0.073
A_release/s40_on,18,seg1,d(item_3),move_to,step,,d(item_3),0.7495,0.001,0.1663,0.7495,0.001,0.001,0.0053,0.001,0.075
A_release/s40_on,19,seg1,d(item_3),move_to,step,,d(item_3),0.7677,0.001,0.1476,0.7677,0.001,0.001,0.0039,0.001,0.0768
A_release/s40_on,20,seg1,d(item_3),move_to,step,,d(item_3),0.7849,0.001,0.1297,0.7849,0.001,0.001,0.0029,0.001,0.0785
A_release/s40_on,21,seg1,d(item_3),move_to,step,,d(item_3),0.8008,0.001,0.1129,0.8008,0.001,0.001,0.0021,0.001,0.0801
A_release/s40_on,22,seg1,d(item_3),move_to,step,,d(item_3),0.8155,0.001,0.0974,0.8155,0.001,0.001,0.0016,0.001,0.0816
A_release/s40_on,23,seg1,d(item_3),move_to,step,,d(item_3),0.8289,0.001,0.0831,0.8289,0.001,0.001,0.0012,0.001,0.0829
A_release/s40_on,24,seg1,d(item_3),move_to,step,,d(item_3),0.8407,0.001,0.0703,0.8407,0.001,0.001,0.001,0.001,0.0841
A_release/s40_on,25,seg1,d(item_3),move_to,step,,d(item_3),0.8511,0.001,0.0588,0.8511,0.001,0.001,0.001,0.001,0.0851
A_release/s40_on,26,seg1,d(item_3),move_to,step,,d(item_3),0.8602,0.001,0.0488,0.8602,0.001,0.001,0.001,0.001,0.086
A_release/s40_on,27,seg1,d(item_3),move_to,step,,d(item_3),0.8681,0.001,0.0401,0.8681,0.001,0.001,0.001,0.001,0.0868
A_release/s40_on,28,seg1,d(item_3),move_to,step,,d(item_3),0.8748,0.001,0.0327,0.8748,0.001,0.001,0.001,0.001,0.0875
A_release/s40_on,29,seg1,d(item_3),move_to,step,,d(item_3),0.8805,0.001,0.0265,0.8805,0.001,0.001,0.001,0.001,0.088
A_release/s40_on,30,seg1,d(item_3),move_to,step,,d(item_3),0.8853,0.001,0.0212,0.8853,0.001,0.001,0.001,0.001,0.0885
A_release/s40_on,31,seg1,d(item_3),move_to,step,,d(item_3),0.8892,0.001,0.0169,0.8892,0.001,0.001,0.001,0.001,0.0889
A_release/s40_on,32,seg1,d(item_3),move_to,step,,d(item_3),0.8924,0.001,0.0134,0.8924,0.001,0.001,0.001,0.001,0.0892
A_release/s40_on,33,seg1,d(item_3),move_to,step,,d(item_3),0.895,0.001,0.0105,0.895,0.001,0.001,0.001,0.001,0.0895
A_release/s40_on,34,seg1,d(item_3),move_to,step,,d(item_3),0.8971,0.001,0.0082,0.8971,0.001,0.001,0.001,0.001,0.0897
A_release/s40_on,35,seg1,d(item_3),move_to,step,,d(item_3),0.8988,0.001,0.0063,0.8988,0.001,0.001,0.001,0.001,0.0899
A_release/s40_on,36,seg1,d(item_3),move_to,step,,d(item_3),0.9001,0.001,0.0049,0.9001,0.001,0.001,0.001,0.001,0.09
A_release/s40_on,37,seg1,d(item_3),move_to,step,,d(item_3),0.9012,0.001,0.0037,0.9012,0.001,0.001,0.001,0.001,0.0901
A_release/s40_on,38,seg1,d(item_3),move_to,step,,d(item_3),0.902,0.001,0.0028,0.902,0.001,0.001,0.001,0.001,0.0902
A_release/s40_on,39,seg1,d(item_3),move_to,step,,d(item_3),0.9026,0.001,0.0021,0.9026,0.001,0.001,0.001,0.001,0.0903
A_release/s40_on,40,seg1,d(item_3),move_to,step,,d(item_3),0.9031,0.001,0.0016,0.9031,0.001,0.001,0.001,0.001,0.0903
A_release/s40_on,41,seg1,d(item_3),move_to,step,,d(item_3),0.9035,0.001,0.0012,0.9035,0.001,0.001,0.001,0.001,0.0903
A_release/s40_on,42,seg1,d(item_3),move_to,step,,d(item_3),0.9037,0.001,0.001,0.9037,0.001,0.001,0.001,0.001,0.0904
A_release/s40_on,43,seg1,d(item_3),move_to,step,,d(item_3),0.9037,0.001,0.001,0.9037,0.001,0.001,0.001,0.001,0.0904
A_release/s40_on,44,seg1,d(item_3),move_to,step,,d(item_3),0.9037,0.001,0.001,0.9037,0.001,0.001,0.001,0.001,0.0904
A_release/s40_on,45,seg1,d(item_3),move_to,step,,d(item_3),0.9037,0.001,0.001,0.9037,0.001,0.001,0.001,0.001,0.0904
A_release/s40_on,46,seg1,d(item_3),move_to,step,,d(item_3),0.9037,0.001,0.001,0.9037,0.001,0.001,0.001,0.001,0.0904
A_release/s40_on,47,seg1,d(item_3),move_to,step,,d(item_3),0.9037,0.001,0.001,0.9037,0.001,0.001,0.001,0.001,0.0904
A_release/s40_on,48,seg1,d(item_3),move_to,step,,d(item_3),0.9037,0.001,0.001,0.9037,0.001,0.001,0.001,0.001,0.0904
A_release/s40_on,49,seg1,d(item_3),move_to,step,,d(item_3),0.9037,0.001,0.001,0.9037,0.001,0.001,0.001,0.001,0.0904
A_release/s40_on,50,seg1,d(item_3),move_to,step,,d(item_3),0.9037,0.001,0.001,0.9037,0.001,0.001,0.001,0.001,0.0904
A_release/s40_on,51,seg1,d(item_3),move_to,step,,d(item_3),0.9037,0.001,0.001,0.9037,0.001,0.001,0.001,0.001,0.0904
A_release/s40_on,52,seg1,d(item_3),move_to,step,,d(item_3),0.9037,0.001,0.001,0.9037,0.001,0.001,0.001,0.001,0.0904
A_release/s40_on,53,seg1,d(item_3),move_to,step,,d(item_3),0.9037,0.001,0.001,0.9037,0.001,0.001,0.001,0.001,0.0904
A_release/s40_on,54,seg1,d(item_3),move_to,step,,d(item_3),0.9037,0.001,0.001,0.9037,0.001,0.001,0.001,0.001,0.0904
A_release/s40_on,55,seg1,d(item_3),move_to,step,,d(item_3),0.9037,0.001,0.001,0.9037,0.001,0.001,0.001,0.001,0.0904
A_release/s40_on,56,seg1,d(item_3),move_to,step,,d(item_3),0.9037,0.001,0.001,0.9037,0.001,0.001,0.001,0.001,0.0904
A_release/s40_on,57,seg1,d(item_3),move_to,step,,d(item_3),0.9037,0.001,0.001,0.9037,0.001,0.001,0.001,0.001,0.0904
A_release/s40_on,58,seg1,d(item_3),move_to,step,,d(item_3),0.9037,0.001,0.001,0.9037,0.001,0.001,0.001,0.001,0.0904
A_release/s40_on,59,seg1,d(item_3),move_to,,,d(item_3),0.9037,0.001,0.001,0.9037,0.001,0.001,0.001,0.001,0.0904
A_release/s40_on,60,seg1,d(item_3),pick_up,grasp,item_3,d(item_3),0.9037,0.001,0.001,0.9037,0.001,0.001,0.001,0.001,0.0904
A_release/s40_on,61,seg1,d(item_3),pick_up,,item_3,d(item_3),0.9037,0.001,0.001,0.9037,0.001,0.001,0.001,0.001,0.0904
A_release/s40_on,62,seg1,d(item_3),move_to,step,item_3,d(item_3),0.9037,0.001,0.001,0.9037,0.001,0.001,0.001,0.001,0.0904
A_release/s40_on,63,seg1,d(item_3),move_to,step,item_3,d(item_3),0.9037,0.001,0.001,0.9037,0.001,0.001,0.001,0.001,0.0904
A_release/s40_on,64,seg1,d(item_3),move_to,step,item_3,d(item_3),0.9037,0.001,0.001,0.9037,0.001,0.001,0.001,0.001,0.0904
A_release/s40_on,65,seg1,d(item_3),move_to,step,item_3,d(item_3),0.9037,0.001,0.001,0.9037,0.001,0.001,0.001,0.001,0.0904
A_release/s40_on,66,seg1,d(item_3),move_to,step,item_3,d(item_3),0.9037,0.001,0.001,0.9037,0.001,0.001,0.001,0.001,0.0904
A_release/s40_on,67,seg1,d(item_3),move_to,step,item_3,d(item_3),0.9037,0.001,0.001,0.9037,0.001,0.001,0.001,0.001,0.0904
A_release/s40_on,68,seg1,d(item_3),move_to,step,item_3,d(item_3),0.9037,0.001,0.001,0.9037,0.001,0.001,0.001,0.001,0.0904
A_release/s40_on,69,seg1,d(item_3),move_to,step,item_3,d(item_3),0.9037,0.001,0.001,0.9037,0.001,0.001,0.001,0.001,0.0904
A_release/s40_on,70,seg1,d(item_3),move_to,step,item_3,d(item_3),0.9037,0.001,0.001,0.9037,0.001,0.001,0.001,0.001,0.0904
A_release/s40_on,71,seg1,d(item_3),move_to,step,item_3,d(item_3),0.9037,0.001,0.001,0.9037,0.001,0.001,0.001,0.001,0.0904
A_release/s40_on,72,seg1,d(item_3),move_to,step,item_3,d(item_3),0.9037,0.001,0.001,0.9037,0.001,0.001,0.001,0.001,0.0904
A_release/s40_on,73,seg1,d(item_3),move_to,step,item_3,d(item_3),0.9037,0.001,0.001,0.9037,0.001,0.001,0.001,0.001,0.0904
A_release/s40_on,74,seg1,d(item_3),move_to,step,item_3,d(item_3),0.9037,0.001,0.001,0.9037,0.001,0.001,0.001,0.001,0.0904
A_release/s40_on,75,seg1,d(item_3),move_to,step,item_3,d(item_3),0.9037,0.001,0.001,0.9037,0.001,0.001,0.001,0.001,0.0904
A_release/s40_on,76,seg1,d(item_3),move_to,step,item_3,d(item_3),0.9037,0.001,0.001,0.9037,0.001,0.001,0.001,0.001,0.0904
A_release/s40_on,77,seg1,d(item_3),move_to,step,item_3,d(item_3),0.9037,0.001,0.001,0.9037,0.001,0.001,0.001,0.001,0.0904
A_release/s40_on,78,seg1,d(item_3),move_to,step,item_3,d(item_3),0.9037,0.001,0.001,0.9037,0.001,0.001,0.001,0.001,0.0904
A_release/s40_on,79,seg1,d(item_3),move_to,step,item_3,d(item_3),0.9037,0.001,0.001,0.9037,0.001,0.001,0.001,0.001,0.0904
A_release/s40_on,80,seg1,d(item_3),move_to,step,item_3,d(item_3),0.9037,0.001,0.001,0.9037,0.001,0.001,0.001,0.001,0.0904
A_release/s40_on,81,seg1,d(item_3),move_to,step,item_3,d(item_3),0.9037,0.001,0.001,0.9037,0.001,0.001,0.001,0.001,0.0904
A_release/s40_on,82,seg1,d(item_3),move_to,step,item_3,d(item_3),0.9037,0.001,0.001,0.9037,0.001,0.001,0.001,0.001,0.0904
A_release/s40_on,83,seg1,d(item_3),move_to,step,item_3,d(item_3),0.9037,0.001,0.001,0.9037,0.001,0.001,0.001,0.001,0.0904
A_release/s40_on,84,seg1,d(item_3),move_to,step,item_3,d(item_3),0.9037,0.001,0.001,0.9037,0.001,0.001,0.001,0.001,0.0904
A_release/s40_on,85,seg1,d(item_3),move_to,step,item_3,d(item_3),0.9037,0.001,0.001,0.9037,0.001,0.001,0.001,0.001,0.0904
A_release/s40_on,86,seg1,d(item_3),move_to,step,item_3,d(item_3),0.9037,0.001,0.001,0.9037,0.001,0.001,0.001,0.001,0.0904
A_release/s40_on,87,seg1,d(item_3),move_to,step,item_3,d(item_3),0.9037,0.001,0.001,0.9037,0.001,0.001,0.001,0.001,0.0904
A_release/s40_on,88,seg1,d(item_3),move_to,step,item_3,d(item_3),0.9037,0.001,0.001,0.9037,0.001,0.001,0.001,0.001,0.0904
A_release/s40_on,89,seg1,d(item_3),move_to,step,item_3,d(item_3),0.9037,0.001,0.001,0.9037,0.001,0.001,0.001,0.001,0.0904
A_release/s40_on,90,seg1,d(item_3),move_to,step,item_3,d(item_3),0.9037,0.001,0.001,0.9037,0.001,0.001,0.001,0.001,0.0904
A_release/s40_on,91,seg1,d(item_3),move_to,step,item_3,d(item_3),0.9037,0.001,0.001,0.9037,0.001,0.001,0.001,0.001,0.0904
A_release/s40_on,92,seg1,d(item_3),move_to,step,item_3,d(item_3),0.9037,0.001,0.001,0.9037,0.001,0.001,0.001,0.001,0.0904
A_release/s40_on,93,seg1,d(item_3),move_to,step,item_3,d(item_3),0.9037,0.001,0.001,0.9037,0.001,0.001,0.001,0.001,0.0904
A_release/s40_on,94,seg1,d(item_3),move_to,step,item_3,d(item_3),0.9037,0.001,0.001,0.9037,0.001,0.001,0.001,0.001,0.0904
A_release/s40_on,95,seg1,d(item_3),move_to,step,item_3,d(item_3),0.9037,0.001,0.001,0.9037,0.001,0.001,0.001,0.001,0.0904
A_release/s40_on,96,seg1,d(item_3),move_to,step,item_3,d(item_3),0.9037,0.001,0.001,0.9037,0.001,0.001,0.001,0.001,0.0904
A_release/s40_on,97,seg1,d(item_3),move_to,step,item_3,d(item_3),0.9037,0.001,0.001,0.9037,0.001,0.001,0.001,0.001,0.0904
A_release/s40_on,98,seg1,d(item_3),move_to,step,item_3,d(item_3),0.9037,0.001,0.001,0.9037,0.001,0.001,0.001,0.001,0.0904
A_release/s40_on,99,seg1,d(item_3),move_to,step,item_3,d(item_3),0.9037,0.001,0.001,0.9037,0.001,0.001,0.001,0.001,0.0904
A_release/s40_on,100,seg1,d(item_3),move_to,step,item_3,d(item_3),0.9037,0.001,0.001,0.9037,0.001,0.001,0.001,0.001,0.0904
A_release/s40_on,101,seg1,d(item_3),move_to,step,item_3,d(item_3),0.9037,0.001,0.001,0.9037,0.001,0.001,0.001,0.001,0.0904
A_release/s40_on,102,seg1,d(item_3),move_to,step,item_3,d(item_3),0.9037,0.001,0.001,0.9037,0.001,0.001,0.001,0.001,0.0904
A_release/s40_on,103,seg1,d(item_3),move_to,step,item_3,d(item_3),0.9037,0.001,0.001,0.9037,0.001,0.001,0.001,0.001,0.0904
A_release/s40_on,104,seg1,d(item_3),move_to,step,item_3,d(item_3),0.9037,0.001,0.001,0.9037,0.001,0.001,0.001,0.001,0.0904
A_release/s40_on,105,seg1,d(item_3),move_to,step,item_3,d(item_3),0.9037,0.001,0.001,0.9037,0.001,0.001,0.001,0.001,0.0904
A_release/s40_on,106,seg1,d(item_3),move_to,step,item_3,d(item_3),0.9037,0.001,0.001,0.9037,0.001,0.001,0.001,0.001,0.0904
A_release/s40_on,107,seg1,d(item_3),move_to,step,item_3,d(item_3),0.9037,0.001,0.001,0.9037,0.001,0.001,0.001,0.001,0.0904
A_release/s40_on,108,seg1,d(item_3),move_to,step,item_3,d(item_3),0.9037,0.001,0.001,0.9037,0.001,0.001,0.001,0.001,0.0904
A_release/s40_on,109,seg1,d(item_3),move_to,step,item_3,d(item_3),0.9037,0.001,0.001,0.9037,0.001,0.001,0.001,0.001,0.0904
A_release/s40_on,110,seg1,d(item_3),move_to,step,item_3,d(item_3),0.9037,0.001,0.001,0.9037,0.001,0.001,0.001,0.001,0.0904
A_release/s40_on,111,seg1,d(item_3),move_to,step,item_3,d(item_3),0.9037,0.001,0.001,0.9037,0.001,0.001,0.001,0.001,0.0904
A_release/s40_on,112,seg1,d(item_3),move_to,step,item_3,d(item_3),0.9037,0.001,0.001,0.9037,0.001,0.001,0.001,0.001,0.0904
A_release/s40_on,113,seg1,d(item_3),move_to,step,item_3,d(item_3),0.9037,0.001,0.001,0.9037,0.001,0.001,0.001,0.001,0.0904
A_release/s40_on,114,seg1,d(item_3),move_to,,item_3,d(item_3),0.9037,0.001,0.001,0.9037,0.001,0.001,0.001,0.001,0.0904
A_release/s40_on,115,seg1,d(item_3),place,release,,unknown,0.993,0.001,0.001,0.001,0.001,0.001,0.001,0.001,0.993
A_release/s40_on,116,seg1,d(item_3),place,,,ac,0.4738,0.4738,0.4738,0.001,0.001,0.001,0.001,0.001,0.0474
A_release/s40_on,117,seg2,coffee,,,,ac,0.4738,0.4738,0.4738,0.001,0.001,0.001,0.001,0.001,0.0474
A_release/s40_on,118,seg2,coffee,move_to,step,,coffee,0.5022,0.4426,0.5022,0.001,0.001,0.001,0.001,0.001,0.0502
A_release/s40_on,119,seg2,coffee,move_to,step,,coffee,0.5345,0.4071,0.5345,0.001,0.001,0.001,0.001,0.001,0.0534
A_release/s40_on,120,seg2,coffee,move_to,step,,coffee,0.5701,0.3679,0.5701,0.001,0.001,0.001,0.001,0.001,0.057
A_release/s40_on,121,seg2,coffee,move_to,step,,coffee,0.6083,0.3258,0.6083,0.001,0.001,0.001,0.001,0.001,0.0608
A_release/s40_on,122,seg2,coffee,move_to,step,,coffee,0.6478,0.2824,0.6478,0.001,0.001,0.001,0.001,0.001,0.0648
A_release/s40_on,123,seg2,coffee,move_to,step,,coffee,0.6871,0.2392,0.6871,0.001,0.001,0.001,0.001,0.001,0.0687
A_release/s40_on,124,seg2,coffee,move_to,step,,coffee,0.7246,0.198,0.7246,0.001,0.001,0.001,0.001,0.001,0.0725
A_release/s40_on,125,seg2,coffee,move_to,step,,coffee,0.7589,0.1602,0.7589,0.001,0.001,0.001,0.001,0.001,0.0759
A_release/s40_on,126,seg2,coffee,move_to,step,,coffee,0.7892,0.1269,0.7892,0.001,0.001,0.001,0.001,0.001,0.0789
A_release/s40_on,127,seg2,coffee,move_to,step,,coffee,0.8149,0.0986,0.8149,0.001,0.001,0.001,0.001,0.001,0.0815
A_release/s40_on,128,seg2,coffee,move_to,step,,coffee,0.836,0.0754,0.836,0.001,0.001,0.001,0.001,0.001,0.0836
A_release/s40_on,129,seg2,coffee,move_to,step,,coffee,0.853,0.0567,0.853,0.001,0.001,0.001,0.001,0.001,0.0853
A_release/s40_on,130,seg2,coffee,move_to,step,,coffee,0.8662,0.0422,0.8662,0.001,0.001,0.001,0.001,0.001,0.0866
A_release/s40_on,131,seg2,coffee,move_to,step,,coffee,0.8764,0.031,0.8764,0.001,0.001,0.001,0.001,0.001,0.0876
A_release/s40_on,132,seg2,coffee,move_to,step,,coffee,0.884,0.0226,0.884,0.001,0.001,0.001,0.001,0.001,0.0884
A_release/s40_on,133,seg2,coffee,move_to,step,,coffee,0.8897,0.0163,0.8897,0.001,0.001,0.001,0.001,0.001,0.089
A_release/s40_on,134,seg2,coffee,move_to,step,,coffee,0.8939,0.0117,0.8939,0.001,0.001,0.001,0.001,0.001,0.0894
A_release/s40_on,135,seg2,coffee,move_to,step,,coffee,0.8969,0.0084,0.8969,0.001,0.001,0.001,0.001,0.001,0.0897
A_release/s40_on,136,seg2,coffee,move_to,step,,coffee,0.8991,0.006,0.8991,0.001,0.001,0.001,0.001,0.001,0.0899
A_release/s40_on,137,seg2,coffee,move_to,step,,coffee,0.9007,0.0042,0.9007,0.001,0.001,0.001,0.001,0.001,0.0901
A_release/s40_on,138,seg2,coffee,move_to,step,,coffee,0.9018,0.003,0.9018,0.001,0.001,0.001,0.001,0.001,0.0902
A_release/s40_on,139,seg2,coffee,move_to,step,,coffee,0.9026,0.0021,0.9026,0.001,0.001,0.001,0.001,0.001,0.0903
A_release/s40_on,140,seg2,coffee,move_to,step,,coffee,0.9032,0.0015,0.9032,0.001,0.001,0.001,0.001,0.001,0.0903
A_release/s40_on,141,seg2,coffee,move_to,step,,coffee,0.9036,0.001,0.9036,0.001,0.001,0.001,0.001,0.001,0.0904
A_release/s40_on,142,seg2,coffee,move_to,step,,coffee,0.9036,0.001,0.9036,0.001,0.001,0.001,0.001,0.001,0.0904
A_release/s40_on,143,seg2,coffee,move_to,step,,coffee,0.9036,0.001,0.9036,0.001,0.001,0.001,0.001,0.001,0.0904
A_release/s40_on,144,seg2,coffee,move_to,step,,coffee,0.9036,0.001,0.9036,0.001,0.001,0.001,0.001,0.001,0.0904
A_release/s40_on,145,seg2,coffee,move_to,step,,coffee,0.9036,0.001,0.9036,0.001,0.001,0.001,0.001,0.001,0.0904
A_release/s40_on,146,seg2,coffee,move_to,step,,coffee,0.9036,0.001,0.9036,0.001,0.001,0.001,0.001,0.001,0.0904
A_release/s40_on,147,seg2,coffee,move_to,step,,coffee,0.9036,0.001,0.9036,0.001,0.001,0.001,0.001,0.001,0.0904
A_release/s40_on,148,seg2,coffee,move_to,step,,coffee,0.9036,0.001,0.9036,0.001,0.001,0.001,0.001,0.001,0.0904
A_release/s40_on,149,seg2,coffee,move_to,step,,coffee,0.9036,0.001,0.9036,0.001,0.001,0.001,0.001,0.001,0.0904
A_release/s40_on,150,seg2,coffee,move_to,step,,coffee,0.9036,0.001,0.9036,0.001,0.001,0.001,0.001,0.001,0.0904
A_release/s40_on,151,seg2,coffee,move_to,step,,coffee,0.9036,0.001,0.9036,0.001,0.001,0.001,0.001,0.001,0.0904
A_release/s40_on,152,seg2,coffee,move_to,step,,coffee,0.9036,0.001,0.9036,0.001,0.001,0.001,0.001,0.001,0.0904
A_release/s40_on,153,seg2,coffee,move_to,step,,coffee,0.9036,0.001,0.9036,0.001,0.001,0.001,0.001,0.001,0.0904
A_release/s40_on,154,seg2,coffee,move_to,,,coffee,0.9036,0.001,0.9036,0.001,0.001,0.001,0.001,0.001,0.0904
A_release/s40_on,155,seg2,coffee,wait_at,stand,,coffee,0.9036,0.001,0.9036,0.001,0.001,0.001,0.001,0.001,0.0904
A_release/s40_on,156,seg2,coffee,wait_at,stand,,coffee,0.9036,0.001,0.9036,0.001,0.001,0.001,0.001,0.001,0.0904
A_release/s40_on,157,seg2,coffee,wait_at,stand,,coffee,0.9036,0.001,0.9036,0.001,0.001,0.001,0.001,0.001,0.0904
A_release/s40_on,158,seg2,coffee,wait_at,stand,,coffee,0.9036,0.001,0.9036,0.001,0.001,0.001,0.001,0.001,0.0904
A_release/s40_on,159,seg2,coffee,wait_at,stand,,coffee,0.9036,0.001,0.9036,0.001,0.001,0.001,0.001,0.001,0.0904
A_release/s40_on,160,seg2,coffee,wait_at,stand,,coffee,0.9036,0.001,0.9036,0.001,0.001,0.001,0.001,0.001,0.0904
A_release/s40_on,161,seg2,coffee,wait_at,stand,,coffee,0.9036,0.001,0.9036,0.001,0.001,0.001,0.001,0.001,0.0904
A_release/s40_on,162,seg2,coffee,wait_at,stand,,coffee,0.9036,0.001,0.9036,0.001,0.001,0.001,0.001,0.001,0.0904
A_release/s40_on,163,seg2,coffee,wait_at,stand,,coffee,0.9036,0.001,0.9036,0.001,0.001,0.001,0.001,0.001,0.0904
A_release/s40_on,164,seg2,coffee,wait_at,stand,,coffee,0.9036,0.001,0.9036,0.001,0.001,0.001,0.001,0.001,0.0904
A_release/s40_on,165,seg2,coffee,wait_at,stand,,coffee,0.9036,0.001,0.9036,0.001,0.001,0.001,0.001,0.001,0.0904
A_release/s40_on,166,seg2,coffee,wait_at,stand,,coffee,0.9036,0.001,0.9036,0.001,0.001,0.001,0.001,0.001,0.0904
A_release/s40_on,167,seg2,coffee,wait_at,stand,,coffee,0.9036,0.001,0.9036,0.001,0.001,0.001,0.001,0.001,0.0904
A_release/s40_on,168,seg2,coffee,wait_at,stand,,coffee,0.9036,0.001,0.9036,0.001,0.001,0.001,0.001,0.001,0.0904
A_release/s40_on,169,seg2,coffee,wait_at,stand,,coffee,0.9036,0.001,0.9036,0.001,0.001,0.001,0.001,0.001,0.0904
A_release/s40_on,170,seg2,coffee,wait_at,stand,,coffee,0.9036,0.001,0.9036,0.001,0.001,0.001,0.001,0.001,0.0904
A_release/s40_on,171,seg2,coffee,wait_at,stand,,coffee,0.9036,0.001,0.9036,0.001,0.001,0.001,0.001,0.001,0.0904
A_release/s40_on,172,seg2,coffee,wait_at,stand,,coffee,0.9036,0.001,0.9036,0.001,0.001,0.001,0.001,0.001,0.0904
A_release/s40_on,173,seg2,coffee,wait_at,stand,,coffee,0.9036,0.001,0.9036,0.001,0.001,0.001,0.001,0.001,0.0904
A_release/s40_on,174,seg2,coffee,wait_at,stand,,coffee,0.9036,0.001,0.9036,0.001,0.001,0.001,0.001,0.001,0.0904
A_release/s40_on,175,seg2,coffee,wait_at,stand,,coffee,0.9036,0.001,0.9036,0.001,0.001,0.001,0.001,0.001,0.0904
A_release/s40_on,176,seg2,coffee,wait_at,stand,,coffee,0.9036,0.001,0.9036,0.001,0.001,0.001,0.001,0.001,0.0904
A_release/s40_on,177,seg2,coffee,wait_at,stand,,coffee,0.9036,0.001,0.9036,0.001,0.001,0.001,0.001,0.001,0.0904
A_release/s40_on,178,seg2,coffee,wait_at,stand,,coffee,0.9036,0.001,0.9036,0.001,0.001,0.001,0.001,0.001,0.0904
A_release/s40_on,179,seg2,coffee,wait_at,stand,,coffee,0.9036,0.001,0.9036,0.001,0.001,0.001,0.001,0.001,0.0904
A_release/s40_on,180,seg2,coffee,wait_at,stand,,coffee,0.9036,0.001,0.9036,0.001,0.001,0.001,0.001,0.001,0.0904
A_release/s40_on,181,seg2,coffee,wait_at,stand,,coffee,0.9036,0.001,0.9036,0.001,0.001,0.001,0.001,0.001,0.0904
A_release/s40_on,182,seg2,coffee,wait_at,stand,,coffee,0.9036,0.001,0.9036,0.001,0.001,0.001,0.001,0.001,0.0904
A_release/s40_on,183,seg2,coffee,wait_at,stand,,coffee,0.9036,0.001,0.9036,0.001,0.001,0.001,0.001,0.001,0.0904
A_release/s40_on,184,seg2,coffee,wait_at,stand,,unknown,0.993,0.001,0.001,0.001,0.001,0.001,0.001,0.001,0.993
A_release/s40_on,185,seg2,coffee,wait_at,,,unknown,0.993,0.001,0.001,0.001,0.001,0.001,0.001,0.001,0.993
A_release/s40_on,186,seg3a,unknown,,,,unknown,0.993,0.001,0.001,0.001,0.001,0.001,0.001,0.001,0.993
A_release/s40_on,187,seg3a,unknown,move_to,step,,unknown,0.993,0.001,0.001,0.001,0.001,0.001,0.001,0.001,0.993
A_release/s40_on,188,seg3a,unknown,move_to,step,,unknown,0.993,0.001,0.001,0.001,0.001,0.001,0.001,0.001,0.993
A_release/s40_on,189,seg3a,unknown,move_to,step,,unknown,0.993,0.001,0.001,0.001,0.001,0.001,0.001,0.001,0.993
A_release/s40_on,190,seg3a,unknown,move_to,step,,unknown,0.993,0.001,0.001,0.001,0.001,0.001,0.001,0.001,0.993
A_release/s40_on,191,seg3a,unknown,move_to,step,,unknown,0.993,0.001,0.001,0.001,0.001,0.001,0.001,0.001,0.993
A_release/s40_on,192,seg3a,unknown,move_to,step,,unknown,0.993,0.001,0.001,0.001,0.001,0.001,0.001,0.001,0.993
A_release/s40_on,193,seg3a,unknown,move_to,step,,unknown,0.993,0.001,0.001,0.001,0.001,0.001,0.001,0.001,0.993
A_release/s40_on,194,seg3a,unknown,move_to,step,,unknown,0.993,0.001,0.001,0.001,0.001,0.001,0.001,0.001,0.993
A_release/s40_on,195,seg3a,unknown,move_to,step,,unknown,0.993,0.001,0.001,0.001,0.001,0.001,0.001,0.001,0.993
A_release/s40_on,196,seg3a,unknown,move_to,step,,unknown,0.993,0.001,0.001,0.001,0.001,0.001,0.001,0.001,0.993
A_release/s40_on,197,seg3a,unknown,move_to,step,,unknown,0.993,0.001,0.001,0.001,0.001,0.001,0.001,0.001,0.993
A_release/s40_on,198,seg3a,unknown,move_to,step,,unknown,0.993,0.001,0.001,0.001,0.001,0.001,0.001,0.001,0.993
A_release/s40_on,199,seg3a,unknown,move_to,step,,unknown,0.993,0.001,0.001,0.001,0.001,0.001,0.001,0.001,0.993
A_release/s40_on,200,seg3a,unknown,move_to,step,,unknown,0.993,0.001,0.001,0.001,0.001,0.001,0.001,0.001,0.993
A_release/s40_on,201,seg3a,unknown,move_to,step,,unknown,0.993,0.001,0.001,0.001,0.001,0.001,0.001,0.001,0.993
A_release/s40_on,202,seg3a,unknown,move_to,step,,unknown,0.993,0.001,0.001,0.001,0.001,0.001,0.001,0.001,0.993
A_release/s40_on,203,seg3a,unknown,move_to,step,,unknown,0.993,0.001,0.001,0.001,0.001,0.001,0.001,0.001,0.993
A_release/s40_on,204,seg3a,unknown,move_to,step,,unknown,0.993,0.001,0.001,0.001,0.001,0.001,0.001,0.001,0.993
A_release/s40_on,205,seg3a,unknown,move_to,step,,unknown,0.993,0.001,0.001,0.001,0.001,0.001,0.001,0.001,0.993
A_release/s40_on,206,seg3a,unknown,move_to,,,unknown,0.993,0.001,0.001,0.001,0.001,0.001,0.001,0.001,0.993
A_release/s40_on,207,seg3a,unknown,wait_at,stand,,unknown,0.993,0.001,0.001,0.001,0.001,0.001,0.001,0.001,0.993
A_release/s40_on,208,seg3a,unknown,wait_at,,,unknown,0.993,0.001,0.001,0.001,0.001,0.001,0.001,0.001,0.993
A_release/s40_on,209,seg3b,unknown,,,,unknown,0.993,0.001,0.001,0.001,0.001,0.001,0.001,0.001,0.993
A_release/s40_on,210,seg3b,unknown,move_to,step,,unknown,0.993,0.001,0.001,0.001,0.001,0.001,0.001,0.001,0.993
A_release/s40_on,211,seg3b,unknown,move_to,step,,unknown,0.993,0.001,0.001,0.001,0.001,0.001,0.001,0.001,0.993
A_release/s40_on,212,seg3b,unknown,move_to,step,,unknown,0.993,0.001,0.001,0.001,0.001,0.001,0.001,0.001,0.993
A_release/s40_on,213,seg3b,unknown,move_to,step,,unknown,0.993,0.001,0.001,0.001,0.001,0.001,0.001,0.001,0.993
A_release/s40_on,214,seg3b,unknown,move_to,step,,unknown,0.993,0.001,0.001,0.001,0.001,0.001,0.001,0.001,0.993
A_release/s40_on,215,seg3b,unknown,move_to,step,,unknown,0.993,0.001,0.001,0.001,0.001,0.001,0.001,0.001,0.993
A_release/s40_on,216,seg3b,unknown,move_to,step,,unknown,0.993,0.001,0.001,0.001,0.001,0.001,0.001,0.001,0.993
A_release/s40_on,217,seg3b,unknown,move_to,step,,unknown,0.993,0.001,0.001,0.001,0.001,0.001,0.001,0.001,0.993
A_release/s40_on,218,seg3b,unknown,move_to,step,,unknown,0.993,0.001,0.001,0.001,0.001,0.001,0.001,0.001,0.993
A_release/s40_on,219,seg3b,unknown,move_to,step,,unknown,0.993,0.001,0.001,0.001,0.001,0.001,0.001,0.001,0.993
A_release/s40_on,220,seg3b,unknown,move_to,step,,unknown,0.993,0.001,0.001,0.001,0.001,0.001,0.001,0.001,0.993
A_release/s40_on,221,seg3b,unknown,move_to,step,,unknown,0.993,0.001,0.001,0.001,0.001,0.001,0.001,0.001,0.993
A_release/s40_on,222,seg3b,unknown,move_to,step,,unknown,0.993,0.001,0.001,0.001,0.001,0.001,0.001,0.001,0.993
A_release/s40_on,223,seg3b,unknown,move_to,step,,unknown,0.993,0.001,0.001,0.001,0.001,0.001,0.001,0.001,0.993
A_release/s40_on,224,seg3b,unknown,move_to,step,,unknown,0.993,0.001,0.001,0.001,0.001,0.001,0.001,0.001,0.993
A_release/s40_on,225,seg3b,unknown,move_to,step,,unknown,0.993,0.001,0.001,0.001,0.001,0.001,0.001,0.001,0.993
A_release/s40_on,226,seg3b,unknown,move_to,step,,unknown,0.993,0.001,0.001,0.001,0.001,0.001,0.001,0.001,0.993
A_release/s40_on,227,seg3b,unknown,move_to,,,unknown,0.993,0.001,0.001,0.001,0.001,0.001,0.001,0.001,0.993
A_release/s40_on,228,seg3b,unknown,wait_at,stand,,unknown,0.993,0.001,0.001,0.001,0.001,0.001,0.001,0.001,0.993
A_release/s40_on,229,seg3b,unknown,wait_at,,,unknown,0.993,0.001,0.001,0.001,0.001,0.001,0.001,0.001,0.993
A_release/s40_on,230,seg4,d(item_6),,,,unknown,0.993,0.001,0.001,0.001,0.001,0.001,0.001,0.001,0.993
A_release/s40_on,231,seg4,d(item_6),move_to,step,,unknown,0.993,0.001,0.001,0.001,0.001,0.001,0.001,0.001,0.993
A_release/s40_on,232,seg4,d(item_6),move_to,step,,unknown,0.993,0.001,0.001,0.001,0.001,0.001,0.001,0.001,0.993
A_release/s40_on,233,seg4,d(item_6),move_to,step,,unknown,0.993,0.001,0.001,0.001,0.001,0.001,0.001,0.001,0.993
A_release/s40_on,234,seg4,d(item_6),move_to,step,,unknown,0.993,0.001,0.001,0.001,0.001,0.001,0.001,0.001,0.993
A_release/s40_on,235,seg4,d(item_6),move_to,step,,unknown,0.993,0.001,0.001,0.001,0.001,0.001,0.001,0.001,0.993
A_release/s40_on,236,seg4,d(item_6),move_to,step,,unknown,0.993,0.001,0.001,0.001,0.001,0.001,0.001,0.001,0.993
A_release/s40_on,237,seg4,d(item_6),move_to,step,,unknown,0.993,0.001,0.001,0.001,0.001,0.001,0.001,0.001,0.993
A_release/s40_on,238,seg4,d(item_6),move_to,step,,unknown,0.993,0.001,0.001,0.001,0.001,0.001,0.001,0.001,0.993
A_release/s40_on,239,seg4,d(item_6),move_to,step,,unknown,0.993,0.001,0.001,0.001,0.001,0.001,0.001,0.001,0.993
A_release/s40_on,240,seg4,d(item_6),move_to,step,,unknown,0.993,0.001,0.001,0.001,0.001,0.001,0.001,0.001,0.993
A_release/s40_on,241,seg4,d(item_6),move_to,step,,unknown,0.993,0.001,0.001,0.001,0.001,0.001,0.001,0.001,0.993
A_release/s40_on,242,seg4,d(item_6),move_to,step,,unknown,0.993,0.001,0.001,0.001,0.001,0.001,0.001,0.001,0.993
A_release/s40_on,243,seg4,d(item_6),move_to,step,,unknown,0.993,0.001,0.001,0.001,0.001,0.001,0.001,0.001,0.993
A_release/s40_on,244,seg4,d(item_6),move_to,step,,unknown,0.993,0.001,0.001,0.001,0.001,0.001,0.001,0.001,0.993
A_release/s40_on,245,seg4,d(item_6),move_to,step,,unknown,0.993,0.001,0.001,0.001,0.001,0.001,0.001,0.001,0.993
A_release/s40_on,246,seg4,d(item_6),move_to,step,,unknown,0.993,0.001,0.001,0.001,0.001,0.001,0.001,0.001,0.993
A_release/s40_on,247,seg4,d(item_6),move_to,step,,unknown,0.993,0.001,0.001,0.001,0.001,0.001,0.001,0.001,0.993
A_release/s40_on,248,seg4,d(item_6),move_to,step,,unknown,0.993,0.001,0.001,0.001,0.001,0.001,0.001,0.001,0.993
A_release/s40_on,249,seg4,d(item_6),move_to,step,,unknown,0.993,0.001,0.001,0.001,0.001,0.001,0.001,0.001,0.993
A_release/s40_on,250,seg4,d(item_6),move_to,step,,unknown,0.993,0.001,0.001,0.001,0.001,0.001,0.001,0.001,0.993
A_release/s40_on,251,seg4,d(item_6),move_to,step,,unknown,0.993,0.001,0.001,0.001,0.001,0.001,0.001,0.001,0.993
A_release/s40_on,252,seg4,d(item_6),move_to,step,,unknown,0.993,0.001,0.001,0.001,0.001,0.001,0.001,0.001,0.993
A_release/s40_on,253,seg4,d(item_6),move_to,step,,unknown,0.993,0.001,0.001,0.001,0.001,0.001,0.001,0.001,0.993
A_release/s40_on,254,seg4,d(item_6),move_to,step,,unknown,0.993,0.001,0.001,0.001,0.001,0.001,0.001,0.001,0.993
A_release/s40_on,255,seg4,d(item_6),move_to,step,,unknown,0.993,0.001,0.001,0.001,0.001,0.001,0.001,0.001,0.993
A_release/s40_on,256,seg4,d(item_6),move_to,step,,unknown,0.993,0.001,0.001,0.001,0.001,0.001,0.001,0.001,0.993
A_release/s40_on,257,seg4,d(item_6),move_to,step,,unknown,0.993,0.001,0.001,0.001,0.001,0.001,0.001,0.001,0.993
A_release/s40_on,258,seg4,d(item_6),move_to,step,,unknown,0.993,0.001,0.001,0.001,0.001,0.001,0.001,0.001,0.993
A_release/s40_on,259,seg4,d(item_6),move_to,step,,unknown,0.993,0.001,0.001,0.001,0.001,0.001,0.001,0.001,0.993
A_release/s40_on,260,seg4,d(item_6),move_to,step,,unknown,0.993,0.001,0.001,0.001,0.001,0.001,0.001,0.001,0.993
A_release/s40_on,261,seg4,d(item_6),move_to,step,,unknown,0.993,0.001,0.001,0.001,0.001,0.001,0.001,0.001,0.993
A_release/s40_on,262,seg4,d(item_6),move_to,step,,unknown,0.993,0.001,0.001,0.001,0.001,0.001,0.001,0.001,0.993
A_release/s40_on,263,seg4,d(item_6),move_to,step,,unknown,0.993,0.001,0.001,0.001,0.001,0.001,0.001,0.001,0.993
A_release/s40_on,264,seg4,d(item_6),move_to,step,,unknown,0.993,0.001,0.001,0.001,0.001,0.001,0.001,0.001,0.993
A_release/s40_on,265,seg4,d(item_6),move_to,step,,unknown,0.993,0.001,0.001,0.001,0.001,0.001,0.001,0.001,0.993
A_release/s40_on,266,seg4,d(item_6),move_to,step,,unknown,0.993,0.001,0.001,0.001,0.001,0.001,0.001,0.001,0.993
A_release/s40_on,267,seg4,d(item_6),move_to,step,,unknown,0.993,0.001,0.001,0.001,0.001,0.001,0.001,0.001,0.993
A_release/s40_on,268,seg4,d(item_6),move_to,step,,unknown,0.993,0.001,0.001,0.001,0.001,0.001,0.001,0.001,0.993
A_release/s40_on,269,seg4,d(item_6),move_to,step,,unknown,0.993,0.001,0.001,0.001,0.001,0.001,0.001,0.001,0.993
A_release/s40_on,270,seg4,d(item_6),move_to,step,,unknown,0.993,0.001,0.001,0.001,0.001,0.001,0.001,0.001,0.993
A_release/s40_on,271,seg4,d(item_6),move_to,,,unknown,0.993,0.001,0.001,0.001,0.001,0.001,0.001,0.001,0.993
A_release/s40_on,272,seg4,d(item_6),pick_up,grasp,item_6,unknown,0.993,0.001,0.001,0.001,0.001,0.001,0.001,0.001,0.993
A_release/s40_on,273,seg4,d(item_6),pick_up,,item_6,unknown,0.993,0.001,0.001,0.001,0.001,0.001,0.001,0.001,0.993
A_release/s40_on,274,seg4,d(item_6),move_to,step,item_6,unknown,0.993,0.001,0.001,0.001,0.001,0.001,0.001,0.001,0.993
A_release/s40_on,275,seg4,d(item_6),move_to,step,item_6,unknown,0.993,0.001,0.001,0.001,0.001,0.001,0.001,0.001,0.993
A_release/s40_on,276,seg4,d(item_6),move_to,step,item_6,unknown,0.993,0.001,0.001,0.001,0.001,0.001,0.001,0.001,0.993
A_release/s40_on,277,seg4,d(item_6),move_to,step,item_6,unknown,0.993,0.001,0.001,0.001,0.001,0.001,0.001,0.001,0.993
A_release/s40_on,278,seg4,d(item_6),move_to,step,item_6,unknown,0.993,0.001,0.001,0.001,0.001,0.001,0.001,0.001,0.993
A_release/s40_on,279,seg4,d(item_6),move_to,step,item_6,unknown,0.993,0.001,0.001,0.001,0.001,0.001,0.001,0.001,0.993
A_release/s40_on,280,seg4,d(item_6),move_to,step,item_6,unknown,0.993,0.001,0.001,0.001,0.001,0.001,0.001,0.001,0.993
A_release/s40_on,281,seg4,d(item_6),move_to,step,item_6,unknown,0.993,0.001,0.001,0.001,0.001,0.001,0.001,0.001,0.993
A_release/s40_on,282,seg4,d(item_6),move_to,step,item_6,unknown,0.993,0.001,0.001,0.001,0.001,0.001,0.001,0.001,0.993
A_release/s40_on,283,seg4,d(item_6),move_to,step,item_6,unknown,0.993,0.001,0.001,0.001,0.001,0.001,0.001,0.001,0.993
A_release/s40_on,284,seg4,d(item_6),move_to,step,item_6,unknown,0.993,0.001,0.001,0.001,0.001,0.001,0.001,0.001,0.993
A_release/s40_on,285,seg4,d(item_6),move_to,step,item_6,unknown,0.993,0.001,0.001,0.001,0.001,0.001,0.001,0.001,0.993
A_release/s40_on,286,seg4,d(item_6),move_to,step,item_6,unknown,0.993,0.001,0.001,0.001,0.001,0.001,0.001,0.001,0.993
A_release/s40_on,287,seg4,d(item_6),move_to,step,item_6,unknown,0.993,0.001,0.001,0.001,0.001,0.001,0.001,0.001,0.993
A_release/s40_on,288,seg4,d(item_6),move_to,step,item_6,unknown,0.993,0.001,0.001,0.001,0.001,0.001,0.001,0.001,0.993
A_release/s40_on,289,seg4,d(item_6),move_to,step,item_6,unknown,0.993,0.001,0.001,0.001,0.001,0.001,0.001,0.001,0.993
A_release/s40_on,290,seg4,d(item_6),move_to,step,item_6,unknown,0.993,0.001,0.001,0.001,0.001,0.001,0.001,0.001,0.993
A_release/s40_on,291,seg4,d(item_6),move_to,step,item_6,unknown,0.993,0.001,0.001,0.001,0.001,0.001,0.001,0.001,0.993
A_release/s40_on,292,seg4,d(item_6),move_to,step,item_6,unknown,0.993,0.001,0.001,0.001,0.001,0.001,0.001,0.001,0.993
A_release/s40_on,293,seg4,d(item_6),move_to,step,item_6,unknown,0.993,0.001,0.001,0.001,0.001,0.001,0.001,0.001,0.993
A_release/s40_on,294,seg4,d(item_6),move_to,step,item_6,unknown,0.993,0.001,0.001,0.001,0.001,0.001,0.001,0.001,0.993
A_release/s40_on,295,seg4,d(item_6),move_to,step,item_6,unknown,0.993,0.001,0.001,0.001,0.001,0.001,0.001,0.001,0.993
A_release/s40_on,296,seg4,d(item_6),move_to,step,item_6,unknown,0.993,0.001,0.001,0.001,0.001,0.001,0.001,0.001,0.993
A_release/s40_on,297,seg4,d(item_6),move_to,step,item_6,unknown,0.993,0.001,0.001,0.001,0.001,0.001,0.001,0.001,0.993
A_release/s40_on,298,seg4,d(item_6),move_to,step,item_6,unknown,0.993,0.001,0.001,0.001,0.001,0.001,0.001,0.001,0.993
A_release/s40_on,299,seg4,d(item_6),move_to,step,item_6,unknown,0.993,0.001,0.001,0.001,0.001,0.001,0.001,0.001,0.993
A_release/s40_on,300,seg4,d(item_6),move_to,step,item_6,unknown,0.993,0.001,0.001,0.001,0.001,0.001,0.001,0.001,0.993
A_release/s40_on,301,seg4,d(item_6),move_to,step,item_6,unknown,0.993,0.001,0.001,0.001,0.001,0.001,0.001,0.001,0.993
A_release/s40_on,302,seg4,d(item_6),move_to,step,item_6,unknown,0.993,0.001,0.001,0.001,0.001,0.001,0.001,0.001,0.993
A_release/s40_on,303,seg4,d(item_6),move_to,step,item_6,unknown,0.993,0.001,0.001,0.001,0.001,0.001,0.001,0.001,0.993
A_release/s40_on,304,seg4,d(item_6),move_to,step,item_6,unknown,0.993,0.001,0.001,0.001,0.001,0.001,0.001,0.001,0.993
A_release/s40_on,305,seg4,d(item_6),move_to,step,item_6,unknown,0.993,0.001,0.001,0.001,0.001,0.001,0.001,0.001,0.993
A_release/s40_on,306,seg4,d(item_6),move_to,step,item_6,unknown,0.993,0.001,0.001,0.001,0.001,0.001,0.001,0.001,0.993
A_release/s40_on,307,seg4,d(item_6),move_to,step,item_6,unknown,0.993,0.001,0.001,0.001,0.001,0.001,0.001,0.001,0.993
A_release/s40_on,308,seg4,d(item_6),move_to,step,item_6,unknown,0.993,0.001,0.001,0.001,0.001,0.001,0.001,0.001,0.993
A_release/s40_on,309,seg4,d(item_6),move_to,step,item_6,unknown,0.993,0.001,0.001,0.001,0.001,0.001,0.001,0.001,0.993
A_release/s40_on,310,seg4,d(item_6),move_to,step,item_6,unknown,0.993,0.001,0.001,0.001,0.001,0.001,0.001,0.001,0.993
A_release/s40_on,311,seg4,d(item_6),move_to,step,item_6,unknown,0.993,0.001,0.001,0.001,0.001,0.001,0.001,0.001,0.993
A_release/s40_on,312,seg4,d(item_6),move_to,step,item_6,unknown,0.993,0.001,0.001,0.001,0.001,0.001,0.001,0.001,0.993
A_release/s40_on,313,seg4,d(item_6),move_to,step,item_6,unknown,0.993,0.001,0.001,0.001,0.001,0.001,0.001,0.001,0.993
A_release/s40_on,314,seg4,d(item_6),move_to,step,item_6,unknown,0.993,0.001,0.001,0.001,0.001,0.001,0.001,0.001,0.993
A_release/s40_on,315,seg4,d(item_6),move_to,step,item_6,unknown,0.993,0.001,0.001,0.001,0.001,0.001,0.001,0.001,0.993
A_release/s40_on,316,seg4,d(item_6),move_to,step,item_6,unknown,0.993,0.001,0.001,0.001,0.001,0.001,0.001,0.001,0.993
A_release/s40_on,317,seg4,d(item_6),move_to,step,item_6,unknown,0.993,0.001,0.001,0.001,0.001,0.001,0.001,0.001,0.993
A_release/s40_on,318,seg4,d(item_6),move_to,step,item_6,unknown,0.993,0.001,0.001,0.001,0.001,0.001,0.001,0.001,0.993
A_release/s40_on,319,seg4,d(item_6),move_to,step,item_6,unknown,0.993,0.001,0.001,0.001,0.001,0.001,0.001,0.001,0.993
A_release/s40_on,320,seg4,d(item_6),move_to,step,item_6,unknown,0.993,0.001,0.001,0.001,0.001,0.001,0.001,0.001,0.993
A_release/s40_on,321,seg4,d(item_6),move_to,step,item_6,unknown,0.993,0.001,0.001,0.001,0.001,0.001,0.001,0.001,0.993
A_release/s40_on,322,seg4,d(item_6),move_to,step,item_6,unknown,0.993,0.001,0.001,0.001,0.001,0.001,0.001,0.001,0.993
A_release/s40_on,323,seg4,d(item_6),move_to,step,item_6,unknown,0.993,0.001,0.001,0.001,0.001,0.001,0.001,0.001,0.993
A_release/s40_on,324,seg4,d(item_6),move_to,step,item_6,unknown,0.993,0.001,0.001,0.001,0.001,0.001,0.001,0.001,0.993
A_release/s40_on,325,seg4,d(item_6),move_to,step,item_6,unknown,0.993,0.001,0.001,0.001,0.001,0.001,0.001,0.001,0.993
A_release/s40_on,326,seg4,d(item_6),move_to,step,item_6,unknown,0.993,0.001,0.001,0.001,0.001,0.001,0.001,0.001,0.993
A_release/s40_on,327,seg4,d(item_6),move_to,step,item_6,unknown,0.993,0.001,0.001,0.001,0.001,0.001,0.001,0.001,0.993
A_release/s40_on,328,seg4,d(item_6),move_to,step,item_6,unknown,0.993,0.001,0.001,0.001,0.001,0.001,0.001,0.001,0.993
A_release/s40_on,329,seg4,d(item_6),move_to,step,item_6,unknown,0.993,0.001,0.001,0.001,0.001,0.001,0.001,0.001,0.993
A_release/s40_on,330,seg4,d(item_6),move_to,,item_6,unknown,0.993,0.001,0.001,0.001,0.001,0.001,0.001,0.001,0.993
A_release/s40_on,331,seg4,d(item_6),place,release,,unknown,0.993,0.001,0.001,0.001,0.001,0.001,0.001,0.001,0.993
A_release/s40_on,332,seg4,d(item_6),place,,,ac,0.9036,0.9036,0.001,0.001,0.001,0.001,0.001,0.001,0.0904
A_release/s40_on,333,done,unknown,,,,ac,0.9036,0.9036,0.001,0.001,0.001,0.001,0.001,0.001,0.0904
A_release/s40_on,334,done,unknown,,,,ac,0.9036,0.9036,0.001,0.001,0.001,0.001,0.001,0.001,0.0904
A_release/s40_on,335,done,unknown,,,,ac,0.9036,0.9036,0.001,0.001,0.001,0.001,0.001,0.001,0.0904
A_release/s40_on,336,done,unknown,,,,ac,0.9036,0.9036,0.001,0.001,0.001,0.001,0.001,0.001,0.0904
A_release/s40_on,337,done,unknown,,,,ac,0.9036,0.9036,0.001,0.001,0.001,0.001,0.001,0.001,0.0904
A_release/s40_on,338,done,unknown,,,,ac,0.9036,0.9036,0.001,0.001,0.001,0.001,0.001,0.001,0.0904
A_release/s40_on,339,done,unknown,,,,ac,0.9036,0.9036,0.001,0.001,0.001,0.001,0.001,0.001,0.0904
A_release/s40_on,340,done,unknown,,,,ac,0.9036,0.9036,0.001,0.001,0.001,0.001,0.001,0.001,0.0904
A_release/s40_on,341,done,unknown,,,,ac,0.9036,0.9036,0.001,0.001,0.001,0.001,0.001,0.001,0.0904
A_release/s40_on,342,done,unknown,,,,ac,0.9036,0.9036,0.001,0.001,0.001,0.001,0.001,0.001,0.0904
A_release/s40_on,343,done,unknown,,,,ac,0.9036,0.9036,0.001,0.001,0.001,0.001,0.001,0.001,0.0904
A_release/s40_on,344,done,unknown,,,,ac,0.9036,0.9036,0.001,0.001,0.001,0.001,0.001,0.001,0.0904
A_release/s40_on,345,done,unknown,,,,ac,0.9036,0.9036,0.001,0.001,0.001,0.001,0.001,0.001,0.0904
A_release/s40_on,346,done,unknown,,,,ac,0.9036,0.9036,0.001,0.001,0.001,0.001,0.001,0.001,0.0904
A_release/s40_on,347,done,unknown,,,,ac,0.9036,0.9036,0.001,0.001,0.001,0.001,0.001,0.001,0.0904
A_release/s40_on,348,done,unknown,,,,ac,0.9036,0.9036,0.001,0.001,0.001,0.001,0.001,0.001,0.0904
A_release/s40_on,349,done,unknown,,,,ac,0.9036,0.9036,0.001,0.001,0.001,0.001,0.001,0.001,0.0904
A_release/s40_on,350,done,unknown,,,,ac,0.9036,0.9036,0.001,0.001,0.001,0.001,0.001,0.001,0.0904
A_release/s40_on,351,done,unknown,,,,ac,0.9036,0.9036,0.001,0.001,0.001,0.001,0.001,0.001,0.0904
A_release/s40_on,352,done,unknown,,,,ac,0.9036,0.9036,0.001,0.001,0.001,0.001,0.001,0.001,0.0904
A_release/s40_on,353,done,unknown,,,,ac,0.9036,0.9036,0.001,0.001,0.001,0.001,0.001,0.001,0.0904
A_release/s40_on,354,done,unknown,,,,ac,0.9036,0.9036,0.001,0.001,0.001,0.001,0.001,0.001,0.0904
A_release/s40_on,355,done,unknown,,,,ac,0.9036,0.9036,0.001,0.001,0.001,0.001,0.001,0.001,0.0904
A_release/s40_on,356,done,unknown,,,,ac,0.9036,0.9036,0.001,0.001,0.001,0.001,0.001,0.001,0.0904
A_release/s40_on,357,done,unknown,,,,ac,0.9036,0.9036,0.001,0.001,0.001,0.001,0.001,0.001,0.0904
A_release/s40_on,358,done,unknown,,,,ac,0.9036,0.9036,0.001,0.001,0.001,0.001,0.001,0.001,0.0904
A_release/s40_on,359,done,unknown,,,,ac,0.9036,0.9036,0.001,0.001,0.001,0.001,0.001,0.001,0.0904
A_release/s40_on,360,done,unknown,,,,ac,0.9036,0.9036,0.001,0.001,0.001,0.001,0.001,0.001,0.0904
A_release/s40_on,361,done,unknown,,,,ac,0.9036,0.9036,0.001,0.001,0.001,0.001,0.001,0.001,0.0904
A_release/s40_on,362,done,unknown,,,,ac,0.9036,0.9036,0.001,0.001,0.001,0.001,0.001,0.001,0.0904
A_release/s40_on,363,done,unknown,,,,ac,0.9036,0.9036,0.001,0.001,0.001,0.001,0.001,0.001,0.0904
A_release/s40_on,364,done,unknown,,,,ac,0.9036,0.9036,0.001,0.001,0.001,0.001,0.001,0.001,0.0904
A_release/s40_on,365,done,unknown,,,,ac,0.9036,0.9036,0.001,0.001,0.001,0.001,0.001,0.001,0.0904
A_release/s40_on,366,done,unknown,,,,ac,0.9036,0.9036,0.001,0.001,0.001,0.001,0.001,0.001,0.0904
A_release/s40_on,367,done,unknown,,,,ac,0.9036,0.9036,0.001,0.001,0.001,0.001,0.001,0.001,0.0904
A_release/s40_on,368,done,unknown,,,,ac,0.9036,0.9036,0.001,0.001,0.001,0.001,0.001,0.001,0.0904
A_release/s40_on,369,done,unknown,,,,ac,0.9036,0.9036,0.001,0.001,0.001,0.001,0.001,0.001,0.0904
A_release/s40_on,370,done,unknown,,,,ac,0.9036,0.9036,0.001,0.001,0.001,0.001,0.001,0.001,0.0904
A_release/s40_on,371,done,unknown,,,,ac,0.9036,0.9036,0.001,0.001,0.001,0.001,0.001,0.001,0.0904
A_release/s40_on,372,done,unknown,,,,ac,0.9036,0.9036,0.001,0.001,0.001,0.001,0.001,0.001,0.0904
A_release/s40_on,373,done,unknown,,,,ac,0.9036,0.9036,0.001,0.001,0.001,0.001,0.001,0.001,0.0904
A_release/s40_on,374,done,unknown,,,,ac,0.9036,0.9036,0.001,0.001,0.001,0.001,0.001,0.001,0.0904
A_release/s40_on,375,done,unknown,,,,ac,0.9036,0.9036,0.001,0.001,0.001,0.001,0.001,0.001,0.0904
A_release/s40_on,376,done,unknown,,,,ac,0.9036,0.9036,0.001,0.001,0.001,0.001,0.001,0.001,0.0904
A_release/s40_on,377,done,unknown,,,,ac,0.9036,0.9036,0.001,0.001,0.001,0.001,0.001,0.001,0.0904
A_release/s40_on,378,done,unknown,,,,ac,0.9036,0.9036,0.001,0.001,0.001,0.001,0.001,0.001,0.0904
B/s40_off,0,seg1,d(item_3),move_to,step,,d(item_3),0.159,0.1295,0.1531,0.159,0.1347,0.1397,0.1375,0.1306,0.0159
B/s40_off,1,seg1,d(item_3),move_to,step,,d(item_3),0.1815,0.1162,0.1678,0.1815,0.127,0.1379,0.133,0.1184,0.0181
B/s40_off,2,seg1,d(item_3),move_to,step,,d(item_3),0.2086,0.1016,0.1846,0.2086,0.1177,0.1348,0.1269,0.105,0.0209
B/s40_off,3,seg1,d(item_3),move_to,step,,d(item_3),0.2401,0.0865,0.2027,0.2401,0.1068,0.13,0.1191,0.0908,0.024
B/s40_off,4,seg1,d(item_3),move_to,step,,d(item_3),0.2756,0.0717,0.221,0.2756,0.0947,0.1231,0.1096,0.0766,0.0276
B/s40_off,5,seg1,d(item_3),move_to,step,,d(item_3),0.3141,0.058,0.2384,0.3141,0.0821,0.1142,0.0986,0.0631,0.0314
B/s40_off,6,seg1,d(item_3),move_to,step,,d(item_3),0.3546,0.0458,0.2535,0.3546,0.0694,0.1037,0.0867,0.0508,0.0355
B/s40_off,7,seg1,d(item_3),move_to,step,,d(item_3),0.3957,0.0354,0.2653,0.3957,0.0573,0.092,0.0745,0.04,0.0396
B/s40_off,8,seg1,d(item_3),move_to,step,,d(item_3),0.4365,0.0269,0.273,0.4365,0.0464,0.08,0.0627,0.0309,0.0436
B/s40_off,9,seg1,d(item_3),move_to,step,,d(item_3),0.476,0.02,0.2763,0.476,0.0368,0.0681,0.0517,0.0235,0.0476
B/s40_off,10,seg1,d(item_3),move_to,step,,d(item_3),0.5136,0.0147,0.2751,0.5136,0.0287,0.057,0.0419,0.0176,0.0514
B/s40_off,11,seg1,d(item_3),move_to,step,,d(item_3),0.5492,0.0107,0.2698,0.5492,0.0221,0.047,0.0334,0.013,0.0549
B/s40_off,12,seg1,d(item_3),move_to,step,,d(item_3),0.5825,0.0077,0.2608,0.5825,0.0168,0.0382,0.0263,0.0095,0.0582
B/s40_off,13,seg1,d(item_3),move_to,step,,d(item_3),0.6137,0.0055,0.2488,0.6137,0.0126,0.0307,0.0205,0.0069,0.0614
B/s40_off,14,seg1,d(item_3),move_to,step,,d(item_3),0.6428,0.0039,0.2344,0.6428,0.0094,0.0244,0.0158,0.0049,0.0643
B/s40_off,15,seg1,d(item_3),move_to,step,,d(item_3),0.6702,0.0027,0.2183,0.6702,0.0069,0.0192,0.0121,0.0035,0.067
B/s40_off,16,seg1,d(item_3),move_to,step,,d(item_3),0.6958,0.0019,0.2009,0.6958,0.0051,0.0151,0.0092,0.0025,0.0696
B/s40_off,17,seg1,d(item_3),move_to,step,,d(item_3),0.7197,0.0013,0.1828,0.7197,0.0037,0.0117,0.0069,0.0018,0.072
B/s40_off,18,seg1,d(item_3),move_to,step,,d(item_3),0.742,0.001,0.1646,0.742,0.0027,0.009,0.0052,0.0013,0.0742
B/s40_off,19,seg1,d(item_3),move_to,step,,d(item_3),0.7624,0.001,0.1466,0.7624,0.002,0.0069,0.0039,0.001,0.0762
B/s40_off,20,seg1,d(item_3),move_to,step,,d(item_3),0.7812,0.001,0.1291,0.7812,0.0014,0.0053,0.0029,0.001,0.0781
B/s40_off,21,seg1,d(item_3),move_to,step,,d(item_3),0.7984,0.001,0.1126,0.7984,0.001,0.004,0.0021,0.001,0.0798
B/s40_off,22,seg1,d(item_3),move_to,step,,d(item_3),0.8139,0.001,0.0972,0.8139,0.001,0.003,0.0016,0.001,0.0814
B/s40_off,23,seg1,d(item_3),move_to,step,,d(item_3),0.8278,0.001,0.083,0.8278,0.001,0.0023,0.0011,0.001,0.0828
B/s40_off,24,seg1,d(item_3),move_to,step,,d(item_3),0.8401,0.001,0.0702,0.8401,0.001,0.0017,0.001,0.001,0.084
B/s40_off,25,seg1,d(item_3),move_to,step,,d(item_3),0.8508,0.001,0.0588,0.8508,0.001,0.0013,0.001,0.001,0.0851
B/s40_off,26,seg1,d(item_3),move_to,step,,d(item_3),0.8602,0.001,0.0488,0.8602,0.001,0.001,0.001,0.001,0.086
B/s40_off,27,seg1,d(item_3),move_to,step,,d(item_3),0.8681,0.001,0.0401,0.8681,0.001,0.001,0.001,0.001,0.0868
B/s40_off,28,seg1,d(item_3),move_to,step,,d(item_3),0.8748,0.001,0.0327,0.8748,0.001,0.001,0.001,0.001,0.0875
B/s40_off,29,seg1,d(item_3),move_to,step,,d(item_3),0.8805,0.001,0.0265,0.8805,0.001,0.001,0.001,0.001,0.0881
B/s40_off,30,seg1,d(item_3),move_to,step,,d(item_3),0.8853,0.001,0.0212,0.8853,0.001,0.001,0.001,0.001,0.0885
B/s40_off,31,seg1,d(item_3),move_to,step,,d(item_3),0.8892,0.001,0.0169,0.8892,0.001,0.001,0.001,0.001,0.0889
B/s40_off,32,seg1,d(item_3),move_to,step,,d(item_3),0.8924,0.001,0.0134,0.8924,0.001,0.001,0.001,0.001,0.0892
B/s40_off,33,seg1,d(item_3),move_to,step,,d(item_3),0.895,0.001,0.0105,0.895,0.001,0.001,0.001,0.001,0.0895
B/s40_off,34,seg1,d(item_3),move_to,step,,d(item_3),0.8971,0.001,0.0082,0.8971,0.001,0.001,0.001,0.001,0.0897
B/s40_off,35,seg1,d(item_3),move_to,step,,d(item_3),0.8988,0.001,0.0063,0.8988,0.001,0.001,0.001,0.001,0.0899
B/s40_off,36,seg1,d(item_3),move_to,step,,d(item_3),0.9001,0.001,0.0049,0.9001,0.001,0.001,0.001,0.001,0.09
B/s40_off,37,seg1,d(item_3),move_to,step,,d(item_3),0.9012,0.001,0.0037,0.9012,0.001,0.001,0.001,0.001,0.0901
B/s40_off,38,seg1,d(item_3),move_to,step,,d(item_3),0.902,0.001,0.0028,0.902,0.001,0.001,0.001,0.001,0.0902
B/s40_off,39,seg1,d(item_3),move_to,step,,d(item_3),0.9026,0.001,0.0021,0.9026,0.001,0.001,0.001,0.001,0.0903
B/s40_off,40,seg1,d(item_3),move_to,step,,d(item_3),0.9031,0.001,0.0016,0.9031,0.001,0.001,0.001,0.001,0.0903
B/s40_off,41,seg1,d(item_3),move_to,step,,d(item_3),0.9035,0.001,0.0012,0.9035,0.001,0.001,0.001,0.001,0.0903
B/s40_off,42,seg1,d(item_3),move_to,step,,d(item_3),0.9037,0.001,0.001,0.9037,0.001,0.001,0.001,0.001,0.0904
B/s40_off,43,seg1,d(item_3),move_to,step,,d(item_3),0.9037,0.001,0.001,0.9037,0.001,0.001,0.001,0.001,0.0904
B/s40_off,44,seg1,d(item_3),move_to,step,,d(item_3),0.9037,0.001,0.001,0.9037,0.001,0.001,0.001,0.001,0.0904
B/s40_off,45,seg1,d(item_3),move_to,step,,d(item_3),0.9037,0.001,0.001,0.9037,0.001,0.001,0.001,0.001,0.0904
B/s40_off,46,seg1,d(item_3),move_to,step,,d(item_3),0.9037,0.001,0.001,0.9037,0.001,0.001,0.001,0.001,0.0904
B/s40_off,47,seg1,d(item_3),move_to,step,,d(item_3),0.9037,0.001,0.001,0.9037,0.001,0.001,0.001,0.001,0.0904
B/s40_off,48,seg1,d(item_3),move_to,step,,d(item_3),0.9037,0.001,0.001,0.9037,0.001,0.001,0.001,0.001,0.0904
B/s40_off,49,seg1,d(item_3),move_to,step,,d(item_3),0.9037,0.001,0.001,0.9037,0.001,0.001,0.001,0.001,0.0904
B/s40_off,50,seg1,d(item_3),move_to,step,,d(item_3),0.9037,0.001,0.001,0.9037,0.001,0.001,0.001,0.001,0.0904
B/s40_off,51,seg1,d(item_3),move_to,step,,d(item_3),0.9037,0.001,0.001,0.9037,0.001,0.001,0.001,0.001,0.0904
B/s40_off,52,seg1,d(item_3),move_to,step,,d(item_3),0.9037,0.001,0.001,0.9037,0.001,0.001,0.001,0.001,0.0904
B/s40_off,53,seg1,d(item_3),move_to,step,,d(item_3),0.9037,0.001,0.001,0.9037,0.001,0.001,0.001,0.001,0.0904
B/s40_off,54,seg1,d(item_3),move_to,step,,d(item_3),0.9037,0.001,0.001,0.9037,0.001,0.001,0.001,0.001,0.0904
B/s40_off,55,seg1,d(item_3),move_to,step,,d(item_3),0.9037,0.001,0.001,0.9037,0.001,0.001,0.001,0.001,0.0904
B/s40_off,56,seg1,d(item_3),move_to,step,,d(item_3),0.9037,0.001,0.001,0.9037,0.001,0.001,0.001,0.001,0.0904
B/s40_off,57,seg1,d(item_3),move_to,step,,d(item_3),0.9037,0.001,0.001,0.9037,0.001,0.001,0.001,0.001,0.0904
B/s40_off,58,seg1,d(item_3),move_to,step,,d(item_3),0.9037,0.001,0.001,0.9037,0.001,0.001,0.001,0.001,0.0904
B/s40_off,59,seg1,d(item_3),move_to,,,d(item_3),0.9037,0.001,0.001,0.9037,0.001,0.001,0.001,0.001,0.0904
B/s40_off,60,seg1,d(item_3),pick_up,grasp,item_3,d(item_3),0.9037,0.001,0.001,0.9037,0.001,0.001,0.001,0.001,0.0904
B/s40_off,61,seg1,d(item_3),pick_up,,item_3,d(item_3),0.9037,0.001,0.001,0.9037,0.001,0.001,0.001,0.001,0.0904
B/s40_off,62,seg1,d(item_3),move_to,step,item_3,d(item_3),0.9037,0.001,0.001,0.9037,0.001,0.001,0.001,0.001,0.0904
B/s40_off,63,seg1,d(item_3),move_to,step,item_3,d(item_3),0.9037,0.001,0.001,0.9037,0.001,0.001,0.001,0.001,0.0904
B/s40_off,64,seg1,d(item_3),move_to,step,item_3,d(item_3),0.9037,0.001,0.001,0.9037,0.001,0.001,0.001,0.001,0.0904
B/s40_off,65,seg1,d(item_3),move_to,step,item_3,d(item_3),0.9037,0.001,0.001,0.9037,0.001,0.001,0.001,0.001,0.0904
B/s40_off,66,seg1,d(item_3),move_to,step,item_3,d(item_3),0.9037,0.001,0.001,0.9037,0.001,0.001,0.001,0.001,0.0904
B/s40_off,67,seg1,d(item_3),move_to,step,item_3,d(item_3),0.9037,0.001,0.001,0.9037,0.001,0.001,0.001,0.001,0.0904
B/s40_off,68,seg1,d(item_3),move_to,step,item_3,d(item_3),0.9037,0.001,0.001,0.9037,0.001,0.001,0.001,0.001,0.0904
B/s40_off,69,seg1,d(item_3),move_to,step,item_3,d(item_3),0.9037,0.001,0.001,0.9037,0.001,0.001,0.001,0.001,0.0904
B/s40_off,70,seg1,d(item_3),move_to,step,item_3,d(item_3),0.9037,0.001,0.001,0.9037,0.001,0.001,0.001,0.001,0.0904
B/s40_off,71,seg1,d(item_3),move_to,step,item_3,d(item_3),0.9037,0.001,0.001,0.9037,0.001,0.001,0.001,0.001,0.0904
B/s40_off,72,seg1,d(item_3),move_to,step,item_3,d(item_3),0.9037,0.001,0.001,0.9037,0.001,0.001,0.001,0.001,0.0904
B/s40_off,73,seg1,d(item_3),move_to,step,item_3,d(item_3),0.9037,0.001,0.001,0.9037,0.001,0.001,0.001,0.001,0.0904
B/s40_off,74,seg1,d(item_3),move_to,step,item_3,d(item_3),0.9037,0.001,0.001,0.9037,0.001,0.001,0.001,0.001,0.0904
B/s40_off,75,seg1,d(item_3),move_to,step,item_3,d(item_3),0.9037,0.001,0.001,0.9037,0.001,0.001,0.001,0.001,0.0904
B/s40_off,76,seg1,d(item_3),move_to,step,item_3,d(item_3),0.9037,0.001,0.001,0.9037,0.001,0.001,0.001,0.001,0.0904
B/s40_off,77,seg1,d(item_3),move_to,step,item_3,d(item_3),0.9037,0.001,0.001,0.9037,0.001,0.001,0.001,0.001,0.0904
B/s40_off,78,seg1,d(item_3),move_to,step,item_3,d(item_3),0.9037,0.001,0.001,0.9037,0.001,0.001,0.001,0.001,0.0904
B/s40_off,79,seg1,d(item_3),move_to,step,item_3,d(item_3),0.9037,0.001,0.001,0.9037,0.001,0.001,0.001,0.001,0.0904
B/s40_off,80,seg1,d(item_3),move_to,step,item_3,d(item_3),0.9037,0.001,0.001,0.9037,0.001,0.001,0.001,0.001,0.0904
B/s40_off,81,seg1,d(item_3),move_to,step,item_3,d(item_3),0.9037,0.001,0.001,0.9037,0.001,0.001,0.001,0.001,0.0904
B/s40_off,82,seg1,d(item_3),move_to,step,item_3,d(item_3),0.9037,0.001,0.001,0.9037,0.001,0.001,0.001,0.001,0.0904
B/s40_off,83,seg1,d(item_3),move_to,step,item_3,d(item_3),0.9037,0.001,0.001,0.9037,0.001,0.001,0.001,0.001,0.0904
B/s40_off,84,seg1,d(item_3),move_to,step,item_3,d(item_3),0.9037,0.001,0.001,0.9037,0.001,0.001,0.001,0.001,0.0904
B/s40_off,85,seg1,d(item_3),move_to,step,item_3,d(item_3),0.9037,0.001,0.001,0.9037,0.001,0.001,0.001,0.001,0.0904
B/s40_off,86,seg1,d(item_3),move_to,step,item_3,d(item_3),0.9037,0.001,0.001,0.9037,0.001,0.001,0.001,0.001,0.0904
B/s40_off,87,seg1,d(item_3),move_to,step,item_3,d(item_3),0.9037,0.001,0.001,0.9037,0.001,0.001,0.001,0.001,0.0904
B/s40_off,88,seg1,d(item_3),move_to,step,item_3,d(item_3),0.9037,0.001,0.001,0.9037,0.001,0.001,0.001,0.001,0.0904
B/s40_off,89,seg1,d(item_3),move_to,step,item_3,d(item_3),0.9037,0.001,0.001,0.9037,0.001,0.001,0.001,0.001,0.0904
B/s40_off,90,seg1,d(item_3),move_to,step,item_3,d(item_3),0.9037,0.001,0.001,0.9037,0.001,0.001,0.001,0.001,0.0904
B/s40_off,91,seg1,d(item_3),move_to,step,item_3,d(item_3),0.9037,0.001,0.001,0.9037,0.001,0.001,0.001,0.001,0.0904
B/s40_off,92,seg1,d(item_3),move_to,step,item_3,d(item_3),0.9037,0.001,0.001,0.9037,0.001,0.001,0.001,0.001,0.0904
B/s40_off,93,seg1,d(item_3),move_to,step,item_3,d(item_3),0.9037,0.001,0.001,0.9037,0.001,0.001,0.001,0.001,0.0904
B/s40_off,94,seg1,d(item_3),move_to,step,item_3,d(item_3),0.9037,0.001,0.001,0.9037,0.001,0.001,0.001,0.001,0.0904
B/s40_off,95,seg1,d(item_3),move_to,step,item_3,d(item_3),0.9037,0.001,0.001,0.9037,0.001,0.001,0.001,0.001,0.0904
B/s40_off,96,seg1,d(item_3),move_to,step,item_3,d(item_3),0.9037,0.001,0.001,0.9037,0.001,0.001,0.001,0.001,0.0904
B/s40_off,97,seg1,d(item_3),move_to,step,item_3,d(item_3),0.9037,0.001,0.001,0.9037,0.001,0.001,0.001,0.001,0.0904
B/s40_off,98,seg1,d(item_3),move_to,step,item_3,d(item_3),0.9037,0.001,0.001,0.9037,0.001,0.001,0.001,0.001,0.0904
B/s40_off,99,seg1,d(item_3),move_to,step,item_3,d(item_3),0.9037,0.001,0.001,0.9037,0.001,0.001,0.001,0.001,0.0904
B/s40_off,100,seg1,d(item_3),move_to,step,item_3,d(item_3),0.9037,0.001,0.001,0.9037,0.001,0.001,0.001,0.001,0.0904
B/s40_off,101,seg1,d(item_3),move_to,step,item_3,d(item_3),0.9037,0.001,0.001,0.9037,0.001,0.001,0.001,0.001,0.0904
B/s40_off,102,seg1,d(item_3),move_to,step,item_3,d(item_3),0.9037,0.001,0.001,0.9037,0.001,0.001,0.001,0.001,0.0904
B/s40_off,103,seg1,d(item_3),move_to,step,item_3,d(item_3),0.9037,0.001,0.001,0.9037,0.001,0.001,0.001,0.001,0.0904
B/s40_off,104,seg1,d(item_3),move_to,step,item_3,d(item_3),0.9037,0.001,0.001,0.9037,0.001,0.001,0.001,0.001,0.0904
B/s40_off,105,seg1,d(item_3),move_to,step,item_3,d(item_3),0.9037,0.001,0.001,0.9037,0.001,0.001,0.001,0.001,0.0904
B/s40_off,106,seg1,d(item_3),move_to,step,item_3,d(item_3),0.9037,0.001,0.001,0.9037,0.001,0.001,0.001,0.001,0.0904
B/s40_off,107,seg1,d(item_3),move_to,step,item_3,d(item_3),0.9037,0.001,0.001,0.9037,0.001,0.001,0.001,0.001,0.0904
B/s40_off,108,seg1,d(item_3),move_to,step,item_3,d(item_3),0.9037,0.001,0.001,0.9037,0.001,0.001,0.001,0.001,0.0904
B/s40_off,109,seg1,d(item_3),move_to,step,item_3,d(item_3),0.9037,0.001,0.001,0.9037,0.001,0.001,0.001,0.001,0.0904
B/s40_off,110,seg1,d(item_3),move_to,step,item_3,d(item_3),0.9037,0.001,0.001,0.9037,0.001,0.001,0.001,0.001,0.0904
B/s40_off,111,seg1,d(item_3),move_to,step,item_3,d(item_3),0.9037,0.001,0.001,0.9037,0.001,0.001,0.001,0.001,0.0904
B/s40_off,112,seg1,d(item_3),move_to,step,item_3,d(item_3),0.9037,0.001,0.001,0.9037,0.001,0.001,0.001,0.001,0.0904
B/s40_off,113,seg1,d(item_3),move_to,step,item_3,d(item_3),0.9037,0.001,0.001,0.9037,0.001,0.001,0.001,0.001,0.0904
B/s40_off,114,seg1,d(item_3),move_to,,item_3,d(item_3),0.9037,0.001,0.001,0.9037,0.001,0.001,0.001,0.001,0.0904
B/s40_off,115,seg1,d(item_3),place,release,,unknown,0.993,0.001,0.001,0.001,0.001,0.001,0.001,0.001,0.993
B/s40_off,116,seg1,d(item_3),place,,,ac,0.4738,0.4738,0.4738,0.001,0.001,0.001,0.001,0.001,0.0474
B/s40_off,117,seg2,coffee,,,,ac,0.4738,0.4738,0.4738,0.001,0.001,0.001,0.001,0.001,0.0474
B/s40_off,118,seg2,coffee,move_to,step,,coffee,0.5022,0.4426,0.5022,0.001,0.001,0.001,0.001,0.001,0.0502
B/s40_off,119,seg2,coffee,move_to,step,,coffee,0.5345,0.4071,0.5345,0.001,0.001,0.001,0.001,0.001,0.0534
B/s40_off,120,seg2,coffee,move_to,step,,coffee,0.5701,0.3679,0.5701,0.001,0.001,0.001,0.001,0.001,0.057
B/s40_off,121,seg2,coffee,move_to,step,,coffee,0.6084,0.3258,0.6084,0.001,0.001,0.001,0.001,0.001,0.0608
B/s40_off,122,seg2,coffee,move_to,step,,coffee,0.6479,0.2824,0.6479,0.001,0.001,0.001,0.001,0.001,0.0648
B/s40_off,123,seg2,coffee,move_to,step,,coffee,0.6871,0.2392,0.6871,0.001,0.001,0.001,0.001,0.001,0.0687
B/s40_off,124,seg2,coffee,move_to,step,,coffee,0.7246,0.198,0.7246,0.001,0.001,0.001,0.001,0.001,0.0725
B/s40_off,125,seg2,coffee,move_to,step,,coffee,0.7589,0.1602,0.7589,0.001,0.001,0.001,0.001,0.001,0.0759
B/s40_off,126,seg2,coffee,move_to,step,,coffee,0.7892,0.1269,0.7892,0.001,0.001,0.001,0.001,0.001,0.0789
B/s40_off,127,seg2,coffee,move_to,step,,coffee,0.8149,0.0986,0.8149,0.001,0.001,0.001,0.001,0.001,0.0815
B/s40_off,128,seg2,coffee,move_to,step,,coffee,0.8361,0.0754,0.8361,0.001,0.001,0.001,0.001,0.001,0.0836
B/s40_off,129,seg2,coffee,move_to,step,,coffee,0.853,0.0567,0.853,0.001,0.001,0.001,0.001,0.001,0.0853
B/s40_off,130,seg2,coffee,move_to,step,,coffee,0.8662,0.0422,0.8662,0.001,0.001,0.001,0.001,0.001,0.0866
B/s40_off,131,seg2,coffee,move_to,step,,coffee,0.8764,0.031,0.8764,0.001,0.001,0.001,0.001,0.001,0.0876
B/s40_off,132,seg2,coffee,move_to,step,,coffee,0.884,0.0226,0.884,0.001,0.001,0.001,0.001,0.001,0.0884
B/s40_off,133,seg2,coffee,move_to,step,,coffee,0.8897,0.0163,0.8897,0.001,0.001,0.001,0.001,0.001,0.089
B/s40_off,134,seg2,coffee,move_to,step,,coffee,0.8939,0.0117,0.8939,0.001,0.001,0.001,0.001,0.001,0.0894
B/s40_off,135,seg2,coffee,move_to,step,,coffee,0.8969,0.0084,0.8969,0.001,0.001,0.001,0.001,0.001,0.0897
B/s40_off,136,seg2,coffee,move_to,step,,coffee,0.8991,0.006,0.8991,0.001,0.001,0.001,0.001,0.001,0.0899
B/s40_off,137,seg2,coffee,move_to,step,,coffee,0.9007,0.0042,0.9007,0.001,0.001,0.001,0.001,0.001,0.0901
B/s40_off,138,seg2,coffee,move_to,step,,coffee,0.9019,0.003,0.9019,0.001,0.001,0.001,0.001,0.001,0.0902
B/s40_off,139,seg2,coffee,move_to,step,,coffee,0.9027,0.0021,0.9027,0.001,0.001,0.001,0.001,0.001,0.0903
B/s40_off,140,seg2,coffee,move_to,step,,coffee,0.9032,0.0015,0.9032,0.001,0.001,0.001,0.001,0.001,0.0903
B/s40_off,141,seg2,coffee,move_to,step,,coffee,0.9036,0.001,0.9036,0.001,0.001,0.001,0.001,0.001,0.0904
B/s40_off,142,seg2,coffee,move_to,step,,coffee,0.9037,0.001,0.9037,0.001,0.001,0.001,0.001,0.001,0.0904
B/s40_off,143,seg2,coffee,move_to,step,,coffee,0.9037,0.001,0.9037,0.001,0.001,0.001,0.001,0.001,0.0904
B/s40_off,144,seg2,coffee,move_to,step,,coffee,0.9037,0.001,0.9037,0.001,0.001,0.001,0.001,0.001,0.0904
B/s40_off,145,seg2,coffee,move_to,step,,coffee,0.9037,0.001,0.9037,0.001,0.001,0.001,0.001,0.001,0.0904
B/s40_off,146,seg2,coffee,move_to,step,,coffee,0.9037,0.001,0.9037,0.001,0.001,0.001,0.001,0.001,0.0904
B/s40_off,147,seg2,coffee,move_to,step,,coffee,0.9037,0.001,0.9037,0.001,0.001,0.001,0.001,0.001,0.0904
B/s40_off,148,seg2,coffee,move_to,step,,coffee,0.9037,0.001,0.9037,0.001,0.001,0.001,0.001,0.001,0.0904
B/s40_off,149,seg2,coffee,move_to,step,,coffee,0.9037,0.001,0.9037,0.001,0.001,0.001,0.001,0.001,0.0904
B/s40_off,150,seg2,coffee,move_to,step,,coffee,0.9037,0.001,0.9037,0.001,0.001,0.001,0.001,0.001,0.0904
B/s40_off,151,seg2,coffee,move_to,step,,coffee,0.9037,0.001,0.9037,0.001,0.001,0.001,0.001,0.001,0.0904
B/s40_off,152,seg2,coffee,move_to,step,,coffee,0.9037,0.001,0.9037,0.001,0.001,0.001,0.001,0.001,0.0904
B/s40_off,153,seg2,coffee,move_to,step,,coffee,0.9037,0.001,0.9037,0.001,0.001,0.001,0.001,0.001,0.0904
B/s40_off,154,seg2,coffee,move_to,,,ac,0.4738,0.4738,0.4738,0.001,0.001,0.001,0.001,0.001,0.0474
B/s40_off,155,seg2,coffee,wait_at,stand,,ac,0.4738,0.4738,0.4738,0.001,0.001,0.001,0.001,0.001,0.0474
B/s40_off,156,seg2,coffee,wait_at,stand,,ac,0.4738,0.4738,0.4738,0.001,0.001,0.001,0.001,0.001,0.0474
B/s40_off,157,seg2,coffee,wait_at,stand,,ac,0.4738,0.4738,0.4738,0.001,0.001,0.001,0.001,0.001,0.0474
B/s40_off,158,seg2,coffee,wait_at,stand,,ac,0.4738,0.4738,0.4738,0.001,0.001,0.001,0.001,0.001,0.0474
B/s40_off,159,seg2,coffee,wait_at,stand,,ac,0.4738,0.4738,0.4738,0.001,0.001,0.001,0.001,0.001,0.0474
B/s40_off,160,seg2,coffee,wait_at,stand,,ac,0.4738,0.4738,0.4738,0.001,0.001,0.001,0.001,0.001,0.0474
B/s40_off,161,seg2,coffee,wait_at,stand,,ac,0.4738,0.4738,0.4738,0.001,0.001,0.001,0.001,0.001,0.0474
B/s40_off,162,seg2,coffee,wait_at,stand,,ac,0.4738,0.4738,0.4738,0.001,0.001,0.001,0.001,0.001,0.0474
B/s40_off,163,seg2,coffee,wait_at,stand,,ac,0.4738,0.4738,0.4738,0.001,0.001,0.001,0.001,0.001,0.0474
B/s40_off,164,seg2,coffee,wait_at,stand,,ac,0.4738,0.4738,0.4738,0.001,0.001,0.001,0.001,0.001,0.0474
B/s40_off,165,seg2,coffee,wait_at,stand,,ac,0.4738,0.4738,0.4738,0.001,0.001,0.001,0.001,0.001,0.0474
B/s40_off,166,seg2,coffee,wait_at,stand,,ac,0.4738,0.4738,0.4738,0.001,0.001,0.001,0.001,0.001,0.0474
B/s40_off,167,seg2,coffee,wait_at,stand,,ac,0.4738,0.4738,0.4738,0.001,0.001,0.001,0.001,0.001,0.0474
B/s40_off,168,seg2,coffee,wait_at,stand,,ac,0.4738,0.4738,0.4738,0.001,0.001,0.001,0.001,0.001,0.0474
B/s40_off,169,seg2,coffee,wait_at,stand,,ac,0.4738,0.4738,0.4738,0.001,0.001,0.001,0.001,0.001,0.0474
B/s40_off,170,seg2,coffee,wait_at,stand,,ac,0.4738,0.4738,0.4738,0.001,0.001,0.001,0.001,0.001,0.0474
B/s40_off,171,seg2,coffee,wait_at,stand,,ac,0.4738,0.4738,0.4738,0.001,0.001,0.001,0.001,0.001,0.0474
B/s40_off,172,seg2,coffee,wait_at,stand,,ac,0.4738,0.4738,0.4738,0.001,0.001,0.001,0.001,0.001,0.0474
B/s40_off,173,seg2,coffee,wait_at,stand,,ac,0.4738,0.4738,0.4738,0.001,0.001,0.001,0.001,0.001,0.0474
B/s40_off,174,seg2,coffee,wait_at,stand,,ac,0.4738,0.4738,0.4738,0.001,0.001,0.001,0.001,0.001,0.0474
B/s40_off,175,seg2,coffee,wait_at,stand,,ac,0.4738,0.4738,0.4738,0.001,0.001,0.001,0.001,0.001,0.0474
B/s40_off,176,seg2,coffee,wait_at,stand,,ac,0.4738,0.4738,0.4738,0.001,0.001,0.001,0.001,0.001,0.0474
B/s40_off,177,seg2,coffee,wait_at,stand,,ac,0.4738,0.4738,0.4738,0.001,0.001,0.001,0.001,0.001,0.0474
B/s40_off,178,seg2,coffee,wait_at,stand,,ac,0.4738,0.4738,0.4738,0.001,0.001,0.001,0.001,0.001,0.0474
B/s40_off,179,seg2,coffee,wait_at,stand,,ac,0.4738,0.4738,0.4738,0.001,0.001,0.001,0.001,0.001,0.0474
B/s40_off,180,seg2,coffee,wait_at,stand,,ac,0.4738,0.4738,0.4738,0.001,0.001,0.001,0.001,0.001,0.0474
B/s40_off,181,seg2,coffee,wait_at,stand,,ac,0.4738,0.4738,0.4738,0.001,0.001,0.001,0.001,0.001,0.0474
B/s40_off,182,seg2,coffee,wait_at,stand,,ac,0.4738,0.4738,0.4738,0.001,0.001,0.001,0.001,0.001,0.0474
B/s40_off,183,seg2,coffee,wait_at,stand,,ac,0.4738,0.4738,0.4738,0.001,0.001,0.001,0.001,0.001,0.0474
B/s40_off,184,seg2,coffee,wait_at,stand,,ac,0.9037,0.9037,0.001,0.001,0.001,0.001,0.001,0.001,0.0904
B/s40_off,185,seg2,coffee,wait_at,,,ac,0.9037,0.9037,0.001,0.001,0.001,0.001,0.001,0.001,0.0904
B/s40_off,186,seg3a,unknown,,,,ac,0.9037,0.9037,0.001,0.001,0.001,0.001,0.001,0.001,0.0904
B/s40_off,187,seg3a,unknown,move_to,step,,ac,0.8997,0.8997,0.001,0.001,0.001,0.001,0.001,0.001,0.0944
B/s40_off,188,seg3a,unknown,move_to,step,,ac,0.8951,0.8951,0.001,0.001,0.001,0.001,0.001,0.001,0.0989
B/s40_off,189,seg3a,unknown,move_to,step,,ac,0.89,0.89,0.001,0.001,0.001,0.001,0.001,0.001,0.104
B/s40_off,190,seg3a,unknown,move_to,step,,ac,0.8843,0.8843,0.001,0.001,0.001,0.001,0.001,0.001,0.1097
B/s40_off,191,seg3a,unknown,move_to,step,,ac,0.8777,0.8777,0.001,0.001,0.001,0.001,0.001,0.001,0.1163
B/s40_off,192,seg3a,unknown,move_to,step,,ac,0.8703,0.8703,0.001,0.001,0.001,0.001,0.001,0.001,0.1237
B/s40_off,193,seg3a,unknown,move_to,step,,ac,0.8618,0.8618,0.001,0.001,0.001,0.001,0.001,0.001,0.1322
B/s40_off,194,seg3a,unknown,move_to,step,,ac,0.8522,0.8522,0.001,0.001,0.001,0.001,0.001,0.001,0.1418
B/s40_off,195,seg3a,unknown,move_to,step,,ac,0.8413,0.8413,0.001,0.001,0.001,0.001,0.001,0.001,0.1528
B/s40_off,196,seg3a,unknown,move_to,step,,ac,0.8288,0.8288,0.001,0.001,0.001,0.001,0.001,0.001,0.1653
B/s40_off,197,seg3a,unknown,move_to,step,,ac,0.8145,0.8145,0.001,0.001,0.001,0.001,0.001,0.001,0.1795
B/s40_off,198,seg3a,unknown,move_to,step,,ac,0.7983,0.7983,0.001,0.001,0.001,0.001,0.001,0.001,0.1957
B/s40_off,199,seg3a,unknown,move_to,step,,ac,0.7799,0.7799,0.001,0.001,0.001,0.001,0.001,0.001,0.2141
B/s40_off,200,seg3a,unknown,move_to,step,,ac,0.7591,0.7591,0.001,0.001,0.001,0.001,0.001,0.001,0.235
B/s40_off,201,seg3a,unknown,move_to,step,,ac,0.7355,0.7355,0.001,0.001,0.001,0.001,0.001,0.001,0.2585
B/s40_off,202,seg3a,unknown,move_to,step,,ac,0.7091,0.7091,0.001,0.001,0.001,0.001,0.001,0.001,0.2849
B/s40_off,203,seg3a,unknown,move_to,step,,ac,0.6796,0.6796,0.001,0.001,0.001,0.001,0.001,0.001,0.3144
B/s40_off,204,seg3a,unknown,move_to,step,,ac,0.647,0.647,0.001,0.001,0.001,0.001,0.001,0.001,0.347
B/s40_off,205,seg3a,unknown,move_to,step,,ac,0.6112,0.6112,0.001,0.001,0.001,0.001,0.001,0.001,0.3828
B/s40_off,206,seg3a,unknown,move_to,,,ac,0.6112,0.6112,0.001,0.001,0.001,0.001,0.001,0.001,0.3828
B/s40_off,207,seg3a,unknown,wait_at,stand,,ac,0.6112,0.6112,0.001,0.001,0.001,0.001,0.001,0.001,0.3828
B/s40_off,208,seg3a,unknown,wait_at,,,ac,0.6112,0.6112,0.001,0.001,0.001,0.001,0.001,0.001,0.3828
B/s40_off,209,seg3b,unknown,,,,ac,0.6112,0.6112,0.001,0.001,0.001,0.001,0.001,0.001,0.3828
B/s40_off,210,seg3b,unknown,move_to,step,,ac,0.5217,0.5217,0.001,0.001,0.001,0.001,0.001,0.001,0.4723
B/s40_off,211,seg3b,unknown,move_to,step,,unknown,0.5654,0.4286,0.001,0.001,0.001,0.001,0.001,0.001,0.5654
B/s40_off,212,seg3b,unknown,move_to,step,,unknown,0.6553,0.3387,0.001,0.001,0.001,0.001,0.001,0.001,0.6553
B/s40_off,213,seg3b,unknown,move_to,step,,unknown,0.7357,0.2583,0.001,0.001,0.001,0.001,0.001,0.001,0.7357
B/s40_off,214,seg3b,unknown,move_to,step,,unknown,0.8031,0.1909,0.001,0.001,0.001,0.001,0.001,0.001,0.8031
B/s40_off,215,seg3b,unknown,move_to,step,,unknown,0.8565,0.1376,0.001,0.001,0.001,0.001,0.001,0.001,0.8565
B/s40_off,216,seg3b,unknown,move_to,step,,unknown,0.8968,0.0972,0.001,0.001,0.001,0.001,0.001,0.001,0.8968
B/s40_off,217,seg3b,unknown,move_to,step,,unknown,0.9263,0.0677,0.001,0.001,0.001,0.001,0.001,0.001,0.9263
B/s40_off,218,seg3b,unknown,move_to,step,,unknown,0.9474,0.0466,0.001,0.001,0.001,0.001,0.001,0.001,0.9474
B/s40_off,219,seg3b,unknown,move_to,step,,unknown,0.9621,0.0319,0.001,0.001,0.001,0.001,0.001,0.001,0.9621
B/s40_off,220,seg3b,unknown,move_to,step,,unknown,0.9723,0.0217,0.001,0.001,0.001,0.001,0.001,0.001,0.9723
B/s40_off,221,seg3b,unknown,move_to,step,,unknown,0.9793,0.0147,0.001,0.001,0.001,0.001,0.001,0.001,0.9793
B/s40_off,222,seg3b,unknown,move_to,step,,unknown,0.9841,0.0099,0.001,0.001,0.001,0.001,0.001,0.001,0.9841
B/s40_off,223,seg3b,unknown,move_to,step,,unknown,0.9873,0.0067,0.001,0.001,0.001,0.001,0.001,0.001,0.9873
B/s40_off,224,seg3b,unknown,move_to,step,,unknown,0.9895,0.0045,0.001,0.001,0.001,0.001,0.001,0.001,0.9895
B/s40_off,225,seg3b,unknown,move_to,step,,unknown,0.991,0.003,0.001,0.001,0.001,0.001,0.001,0.001,0.991
B/s40_off,226,seg3b,unknown,move_to,step,,unknown,0.992,0.002,0.001,0.001,0.001,0.001,0.001,0.001,0.992
B/s40_off,227,seg3b,unknown,move_to,,,unknown,0.992,0.002,0.001,0.001,0.001,0.001,0.001,0.001,0.992
B/s40_off,228,seg3b,unknown,wait_at,stand,,unknown,0.992,0.002,0.001,0.001,0.001,0.001,0.001,0.001,0.992
B/s40_off,229,seg3b,unknown,wait_at,,,unknown,0.992,0.002,0.001,0.001,0.001,0.001,0.001,0.001,0.992
B/s40_off,230,seg4,d(item_6),,,,unknown,0.992,0.002,0.001,0.001,0.001,0.001,0.001,0.001,0.992
B/s40_off,231,seg4,d(item_6),move_to,step,,unknown,0.9921,0.0019,0.001,0.001,0.001,0.001,0.001,0.001,0.9921
B/s40_off,232,seg4,d(item_6),move_to,step,,unknown,0.9923,0.0017,0.001,0.001,0.001,0.001,0.001,0.001,0.9923
B/s40_off,233,seg4,d(item_6),move_to,step,,unknown,0.9924,0.0016,0.001,0.001,0.001,0.001,0.001,0.001,0.9924
B/s40_off,234,seg4,d(item_6),move_to,step,,unknown,0.9926,0.0015,0.001,0.001,0.001,0.001,0.001,0.001,0.9926
B/s40_off,235,seg4,d(item_6),move_to,step,,unknown,0.9927,0.0013,0.001,0.001,0.001,0.001,0.001,0.001,0.9927
B/s40_off,236,seg4,d(item_6),move_to,step,,unknown,0.9928,0.0012,0.001,0.001,0.001,0.001,0.001,0.001,0.9928
B/s40_off,237,seg4,d(item_6),move_to,step,,unknown,0.9929,0.0011,0.001,0.001,0.001,0.001,0.001,0.001,0.9929
B/s40_off,238,seg4,d(item_6),move_to,step,,unknown,0.993,0.001,0.001,0.001,0.001,0.001,0.001,0.001,0.993
B/s40_off,239,seg4,d(item_6),move_to,step,,unknown,0.993,0.001,0.001,0.001,0.001,0.001,0.001,0.001,0.993
B/s40_off,240,seg4,d(item_6),move_to,step,,unknown,0.993,0.001,0.001,0.001,0.001,0.001,0.001,0.001,0.993
B/s40_off,241,seg4,d(item_6),move_to,step,,unknown,0.993,0.001,0.001,0.001,0.001,0.001,0.001,0.001,0.993
B/s40_off,242,seg4,d(item_6),move_to,step,,unknown,0.993,0.001,0.001,0.001,0.001,0.001,0.001,0.001,0.993
B/s40_off,243,seg4,d(item_6),move_to,step,,unknown,0.993,0.001,0.001,0.001,0.001,0.001,0.001,0.001,0.993
B/s40_off,244,seg4,d(item_6),move_to,step,,unknown,0.993,0.001,0.001,0.001,0.001,0.001,0.001,0.001,0.993
B/s40_off,245,seg4,d(item_6),move_to,step,,unknown,0.993,0.001,0.001,0.001,0.001,0.001,0.001,0.001,0.993
B/s40_off,246,seg4,d(item_6),move_to,step,,unknown,0.993,0.001,0.001,0.001,0.001,0.001,0.001,0.001,0.993
B/s40_off,247,seg4,d(item_6),move_to,step,,unknown,0.993,0.001,0.001,0.001,0.001,0.001,0.001,0.001,0.993
B/s40_off,248,seg4,d(item_6),move_to,step,,unknown,0.993,0.001,0.001,0.001,0.001,0.001,0.001,0.001,0.993
B/s40_off,249,seg4,d(item_6),move_to,step,,unknown,0.993,0.001,0.001,0.001,0.001,0.001,0.001,0.001,0.993
B/s40_off,250,seg4,d(item_6),move_to,step,,unknown,0.993,0.001,0.001,0.001,0.001,0.001,0.001,0.001,0.993
B/s40_off,251,seg4,d(item_6),move_to,step,,unknown,0.993,0.001,0.001,0.001,0.001,0.001,0.001,0.001,0.993
B/s40_off,252,seg4,d(item_6),move_to,step,,unknown,0.993,0.001,0.001,0.001,0.001,0.001,0.001,0.001,0.993
B/s40_off,253,seg4,d(item_6),move_to,step,,unknown,0.993,0.001,0.001,0.001,0.001,0.001,0.001,0.001,0.993
B/s40_off,254,seg4,d(item_6),move_to,step,,unknown,0.993,0.001,0.001,0.001,0.001,0.001,0.001,0.001,0.993
B/s40_off,255,seg4,d(item_6),move_to,step,,unknown,0.993,0.001,0.001,0.001,0.001,0.001,0.001,0.001,0.993
B/s40_off,256,seg4,d(item_6),move_to,step,,unknown,0.993,0.001,0.001,0.001,0.001,0.001,0.001,0.001,0.993
B/s40_off,257,seg4,d(item_6),move_to,step,,unknown,0.993,0.001,0.001,0.001,0.001,0.001,0.001,0.001,0.993
B/s40_off,258,seg4,d(item_6),move_to,step,,unknown,0.993,0.001,0.001,0.001,0.001,0.001,0.001,0.001,0.993
B/s40_off,259,seg4,d(item_6),move_to,step,,unknown,0.993,0.001,0.001,0.001,0.001,0.001,0.001,0.001,0.993
B/s40_off,260,seg4,d(item_6),move_to,step,,unknown,0.993,0.001,0.001,0.001,0.001,0.001,0.001,0.001,0.993
B/s40_off,261,seg4,d(item_6),move_to,step,,unknown,0.993,0.001,0.001,0.001,0.001,0.001,0.001,0.001,0.993
B/s40_off,262,seg4,d(item_6),move_to,step,,unknown,0.993,0.001,0.001,0.001,0.001,0.001,0.001,0.001,0.993
B/s40_off,263,seg4,d(item_6),move_to,step,,unknown,0.993,0.001,0.001,0.001,0.001,0.001,0.001,0.001,0.993
B/s40_off,264,seg4,d(item_6),move_to,step,,unknown,0.993,0.001,0.001,0.001,0.001,0.001,0.001,0.001,0.993
B/s40_off,265,seg4,d(item_6),move_to,step,,unknown,0.993,0.001,0.001,0.001,0.001,0.001,0.001,0.001,0.993
B/s40_off,266,seg4,d(item_6),move_to,step,,unknown,0.993,0.001,0.001,0.001,0.001,0.001,0.001,0.001,0.993
B/s40_off,267,seg4,d(item_6),move_to,step,,unknown,0.993,0.001,0.001,0.001,0.001,0.001,0.001,0.001,0.993
B/s40_off,268,seg4,d(item_6),move_to,step,,unknown,0.993,0.001,0.001,0.001,0.001,0.001,0.001,0.001,0.993
B/s40_off,269,seg4,d(item_6),move_to,step,,unknown,0.993,0.001,0.001,0.001,0.001,0.001,0.001,0.001,0.993
B/s40_off,270,seg4,d(item_6),move_to,step,,unknown,0.993,0.001,0.001,0.001,0.001,0.001,0.001,0.001,0.993
B/s40_off,271,seg4,d(item_6),move_to,,,ac,0.9036,0.9036,0.001,0.001,0.001,0.001,0.001,0.001,0.0904
B/s40_off,272,seg4,d(item_6),pick_up,grasp,item_6,ac,0.9036,0.9036,0.001,0.001,0.001,0.001,0.001,0.001,0.0904
B/s40_off,273,seg4,d(item_6),pick_up,,item_6,ac,0.9036,0.9036,0.001,0.001,0.001,0.001,0.001,0.001,0.0904
B/s40_off,274,seg4,d(item_6),move_to,step,item_6,ac,0.9032,0.9032,0.001,0.001,0.001,0.001,0.001,0.001,0.0908
B/s40_off,275,seg4,d(item_6),move_to,step,item_6,ac,0.9028,0.9028,0.001,0.001,0.001,0.001,0.001,0.001,0.0912
B/s40_off,276,seg4,d(item_6),move_to,step,item_6,ac,0.9024,0.9024,0.001,0.001,0.001,0.001,0.001,0.001,0.0916
B/s40_off,277,seg4,d(item_6),move_to,step,item_6,ac,0.9019,0.9019,0.001,0.001,0.001,0.001,0.001,0.001,0.0921
B/s40_off,278,seg4,d(item_6),move_to,step,item_6,ac,0.9014,0.9014,0.001,0.001,0.001,0.001,0.001,0.001,0.0926
B/s40_off,279,seg4,d(item_6),move_to,step,item_6,ac,0.9009,0.9009,0.001,0.001,0.001,0.001,0.001,0.001,0.0931
B/s40_off,280,seg4,d(item_6),move_to,step,item_6,ac,0.9003,0.9003,0.001,0.001,0.001,0.001,0.001,0.001,0.0937
B/s40_off,281,seg4,d(item_6),move_to,step,item_6,ac,0.8997,0.8997,0.001,0.001,0.001,0.001,0.001,0.001,0.0943
B/s40_off,282,seg4,d(item_6),move_to,step,item_6,ac,0.8991,0.8991,0.001,0.001,0.001,0.001,0.001,0.001,0.0949
B/s40_off,283,seg4,d(item_6),move_to,step,item_6,ac,0.8984,0.8984,0.001,0.001,0.001,0.001,0.001,0.001,0.0956
B/s40_off,284,seg4,d(item_6),move_to,step,item_6,ac,0.8977,0.8977,0.001,0.001,0.001,0.001,0.001,0.001,0.0963
B/s40_off,285,seg4,d(item_6),move_to,step,item_6,ac,0.8969,0.8969,0.001,0.001,0.001,0.001,0.001,0.001,0.0971
B/s40_off,286,seg4,d(item_6),move_to,step,item_6,ac,0.896,0.896,0.001,0.001,0.001,0.001,0.001,0.001,0.098
B/s40_off,287,seg4,d(item_6),move_to,step,item_6,ac,0.8951,0.8951,0.001,0.001,0.001,0.001,0.001,0.001,0.0989
B/s40_off,288,seg4,d(item_6),move_to,step,item_6,ac,0.8941,0.8941,0.001,0.001,0.001,0.001,0.001,0.001,0.0999
B/s40_off,289,seg4,d(item_6),move_to,step,item_6,ac,0.8931,0.8931,0.001,0.001,0.001,0.001,0.001,0.001,0.101
B/s40_off,290,seg4,d(item_6),move_to,step,item_6,ac,0.8919,0.8919,0.001,0.001,0.001,0.001,0.001,0.001,0.1021
B/s40_off,291,seg4,d(item_6),move_to,step,item_6,ac,0.8906,0.8906,0.001,0.001,0.001,0.001,0.001,0.001,0.1034
B/s40_off,292,seg4,d(item_6),move_to,step,item_6,ac,0.8892,0.8892,0.001,0.001,0.001,0.001,0.001,0.001,0.1048
B/s40_off,293,seg4,d(item_6),move_to,step,item_6,ac,0.8877,0.8877,0.001,0.001,0.001,0.001,0.001,0.001,0.1063
B/s40_off,294,seg4,d(item_6),move_to,step,item_6,ac,0.886,0.886,0.001,0.001,0.001,0.001,0.001,0.001,0.108
B/s40_off,295,seg4,d(item_6),move_to,step,item_6,ac,0.8842,0.8842,0.001,0.001,0.001,0.001,0.001,0.001,0.1098
B/s40_off,296,seg4,d(item_6),move_to,step,item_6,ac,0.8821,0.8821,0.001,0.001,0.001,0.001,0.001,0.001,0.1119
B/s40_off,297,seg4,d(item_6),move_to,step,item_6,ac,0.8798,0.8798,0.001,0.001,0.001,0.001,0.001,0.001,0.1142
B/s40_off,298,seg4,d(item_6),move_to,step,item_6,ac,0.8773,0.8773,0.001,0.001,0.001,0.001,0.001,0.001,0.1167
B/s40_off,299,seg4,d(item_6),move_to,step,item_6,ac,0.8744,0.8744,0.001,0.001,0.001,0.001,0.001,0.001,0.1196
B/s40_off,300,seg4,d(item_6),move_to,step,item_6,ac,0.8711,0.8711,0.001,0.001,0.001,0.001,0.001,0.001,0.1229
B/s40_off,301,seg4,d(item_6),move_to,step,item_6,ac,0.8674,0.8674,0.001,0.001,0.001,0.001,0.001,0.001,0.1266
B/s40_off,302,seg4,d(item_6),move_to,step,item_6,ac,0.8632,0.8632,0.001,0.001,0.001,0.001,0.001,0.001,0.1308
B/s40_off,303,seg4,d(item_6),move_to,step,item_6,ac,0.8583,0.8583,0.001,0.001,0.001,0.001,0.001,0.001,0.1357
B/s40_off,304,seg4,d(item_6),move_to,step,item_6,ac,0.8527,0.8527,0.001,0.001,0.001,0.001,0.001,0.001,0.1413
B/s40_off,305,seg4,d(item_6),move_to,step,item_6,ac,0.8462,0.8462,0.001,0.001,0.001,0.001,0.001,0.001,0.1479
B/s40_off,306,seg4,d(item_6),move_to,step,item_6,ac,0.8385,0.8385,0.001,0.001,0.001,0.001,0.001,0.001,0.1555
B/s40_off,307,seg4,d(item_6),move_to,step,item_6,ac,0.8295,0.8295,0.001,0.001,0.001,0.001,0.001,0.001,0.1645
B/s40_off,308,seg4,d(item_6),move_to,step,item_6,ac,0.8189,0.8189,0.001,0.001,0.001,0.001,0.001,0.001,0.1751
B/s40_off,309,seg4,d(item_6),move_to,step,item_6,ac,0.8062,0.8062,0.001,0.001,0.001,0.001,0.001,0.001,0.1878
B/s40_off,310,seg4,d(item_6),move_to,step,item_6,ac,0.7911,0.7911,0.001,0.001,0.001,0.001,0.001,0.001,0.2029
B/s40_off,311,seg4,d(item_6),move_to,step,item_6,ac,0.7731,0.7731,0.001,0.001,0.001,0.001,0.001,0.001,0.2209
B/s40_off,312,seg4,d(item_6),move_to,step,item_6,ac,0.7515,0.7515,0.001,0.001,0.001,0.001,0.001,0.001,0.2425
B/s40_off,313,seg4,d(item_6),move_to,step,item_6,ac,0.7257,0.7257,0.001,0.001,0.001,0.001,0.001,0.001,0.2683
B/s40_off,314,seg4,d(item_6),move_to,step,item_6,ac,0.695,0.695,0.001,0.001,0.001,0.001,0.001,0.001,0.2991
B/s40_off,315,seg4,d(item_6),move_to,step,item_6,ac,0.6587,0.6587,0.001,0.001,0.001,0.001,0.001,0.001,0.3353
B/s40_off,316,seg4,d(item_6),move_to,step,item_6,ac,0.6166,0.6166,0.001,0.001,0.001,0.001,0.001,0.001,0.3774
B/s40_off,317,seg4,d(item_6),move_to,step,item_6,ac,0.5684,0.5684,0.001,0.001,0.001,0.001,0.001,0.001,0.4256
B/s40_off,318,seg4,d(item_6),move_to,step,item_6,ac,0.5147,0.5147,0.001,0.001,0.001,0.001,0.001,0.001,0.4793
B/s40_off,319,seg4,d(item_6),move_to,step,item_6,unknown,0.5374,0.4566,0.001,0.001,0.001,0.001,0.001,0.001,0.5374
B/s40_off,320,seg4,d(item_6),move_to,step,item_6,unknown,0.598,0.396,0.001,0.001,0.001,0.001,0.001,0.001,0.598
B/s40_off,321,seg4,d(item_6),move_to,step,item_6,unknown,0.6589,0.3351,0.001,0.001,0.001,0.001,0.001,0.001,0.6589
B/s40_off,322,seg4,d(item_6),move_to,step,item_6,unknown,0.7174,0.2766,0.001,0.001,0.001,0.001,0.001,0.001,0.7174
B/s40_off,323,seg4,d(item_6),move_to,step,item_6,unknown,0.7713,0.2227,0.001,0.001,0.001,0.001,0.001,0.001,0.7713
B/s40_off,324,seg4,d(item_6),move_to,step,item_6,unknown,0.8188,0.1752,0.001,0.001,0.001,0.001,0.001,0.001,0.8188
B/s40_off,325,seg4,d(item_6),move_to,step,item_6,unknown,0.8591,0.1349,0.001,0.001,0.001,0.001,0.001,0.001,0.8591
B/s40_off,326,seg4,d(item_6),move_to,step,item_6,unknown,0.8921,0.1019,0.001,0.001,0.001,0.001,0.001,0.001,0.8921
B/s40_off,327,seg4,d(item_6),move_to,step,item_6,unknown,0.9183,0.0757,0.001,0.001,0.001,0.001,0.001,0.001,0.9183
B/s40_off,328,seg4,d(item_6),move_to,step,item_6,unknown,0.9386,0.0555,0.001,0.001,0.001,0.001,0.001,0.001,0.9386
B/s40_off,329,seg4,d(item_6),move_to,step,item_6,unknown,0.9539,0.0402,0.001,0.001,0.001,0.001,0.001,0.001,0.9539
B/s40_off,330,seg4,d(item_6),move_to,,item_6,unknown,0.9539,0.0402,0.001,0.001,0.001,0.001,0.001,0.001,0.9539
B/s40_off,331,seg4,d(item_6),place,release,,unknown,0.9538,0.0402,0.001,0.001,0.001,0.001,0.001,0.001,0.9538
B/s40_off,332,seg4,d(item_6),place,,,ac,0.9036,0.9036,0.001,0.001,0.001,0.001,0.001,0.001,0.0904
B/s40_off,333,done,unknown,,,,ac,0.9036,0.9036,0.001,0.001,0.001,0.001,0.001,0.001,0.0904
B/s40_off,334,done,unknown,,,,ac,0.9036,0.9036,0.001,0.001,0.001,0.001,0.001,0.001,0.0904
B/s40_off,335,done,unknown,,,,ac,0.9036,0.9036,0.001,0.001,0.001,0.001,0.001,0.001,0.0904
B/s40_off,336,done,unknown,,,,ac,0.9036,0.9036,0.001,0.001,0.001,0.001,0.001,0.001,0.0904
B/s40_off,337,done,unknown,,,,ac,0.9036,0.9036,0.001,0.001,0.001,0.001,0.001,0.001,0.0904
B/s40_off,338,done,unknown,,,,ac,0.9036,0.9036,0.001,0.001,0.001,0.001,0.001,0.001,0.0904
B/s40_off,339,done,unknown,,,,ac,0.9036,0.9036,0.001,0.001,0.001,0.001,0.001,0.001,0.0904
B/s40_off,340,done,unknown,,,,ac,0.9036,0.9036,0.001,0.001,0.001,0.001,0.001,0.001,0.0904
B/s40_off,341,done,unknown,,,,ac,0.9036,0.9036,0.001,0.001,0.001,0.001,0.001,0.001,0.0904
B/s40_off,342,done,unknown,,,,ac,0.9036,0.9036,0.001,0.001,0.001,0.001,0.001,0.001,0.0904
B/s40_off,343,done,unknown,,,,ac,0.9036,0.9036,0.001,0.001,0.001,0.001,0.001,0.001,0.0904
B/s40_off,344,done,unknown,,,,ac,0.9036,0.9036,0.001,0.001,0.001,0.001,0.001,0.001,0.0904
B/s40_off,345,done,unknown,,,,ac,0.9036,0.9036,0.001,0.001,0.001,0.001,0.001,0.001,0.0904
B/s40_off,346,done,unknown,,,,ac,0.9036,0.9036,0.001,0.001,0.001,0.001,0.001,0.001,0.0904
B/s40_off,347,done,unknown,,,,ac,0.9036,0.9036,0.001,0.001,0.001,0.001,0.001,0.001,0.0904
B/s40_off,348,done,unknown,,,,ac,0.9036,0.9036,0.001,0.001,0.001,0.001,0.001,0.001,0.0904
B/s40_off,349,done,unknown,,,,ac,0.9036,0.9036,0.001,0.001,0.001,0.001,0.001,0.001,0.0904
B/s40_off,350,done,unknown,,,,ac,0.9036,0.9036,0.001,0.001,0.001,0.001,0.001,0.001,0.0904
B/s40_off,351,done,unknown,,,,ac,0.9036,0.9036,0.001,0.001,0.001,0.001,0.001,0.001,0.0904
B/s40_off,352,done,unknown,,,,ac,0.9036,0.9036,0.001,0.001,0.001,0.001,0.001,0.001,0.0904
B/s40_off,353,done,unknown,,,,ac,0.9036,0.9036,0.001,0.001,0.001,0.001,0.001,0.001,0.0904
B/s40_off,354,done,unknown,,,,ac,0.9036,0.9036,0.001,0.001,0.001,0.001,0.001,0.001,0.0904
B/s40_off,355,done,unknown,,,,ac,0.9036,0.9036,0.001,0.001,0.001,0.001,0.001,0.001,0.0904
B/s40_off,356,done,unknown,,,,ac,0.9036,0.9036,0.001,0.001,0.001,0.001,0.001,0.001,0.0904
B/s40_off,357,done,unknown,,,,ac,0.9036,0.9036,0.001,0.001,0.001,0.001,0.001,0.001,0.0904
B/s40_off,358,done,unknown,,,,ac,0.9036,0.9036,0.001,0.001,0.001,0.001,0.001,0.001,0.0904
B/s40_off,359,done,unknown,,,,ac,0.9036,0.9036,0.001,0.001,0.001,0.001,0.001,0.001,0.0904
B/s40_off,360,done,unknown,,,,ac,0.9036,0.9036,0.001,0.001,0.001,0.001,0.001,0.001,0.0904
B/s40_off,361,done,unknown,,,,ac,0.9036,0.9036,0.001,0.001,0.001,0.001,0.001,0.001,0.0904
B/s40_off,362,done,unknown,,,,ac,0.9036,0.9036,0.001,0.001,0.001,0.001,0.001,0.001,0.0904
B/s40_off,363,done,unknown,,,,ac,0.9036,0.9036,0.001,0.001,0.001,0.001,0.001,0.001,0.0904
B/s40_off,364,done,unknown,,,,ac,0.9036,0.9036,0.001,0.001,0.001,0.001,0.001,0.001,0.0904
B/s40_off,365,done,unknown,,,,ac,0.9036,0.9036,0.001,0.001,0.001,0.001,0.001,0.001,0.0904
B/s40_off,366,done,unknown,,,,ac,0.9036,0.9036,0.001,0.001,0.001,0.001,0.001,0.001,0.0904
B/s40_off,367,done,unknown,,,,ac,0.9036,0.9036,0.001,0.001,0.001,0.001,0.001,0.001,0.0904
B/s40_off,368,done,unknown,,,,ac,0.9036,0.9036,0.001,0.001,0.001,0.001,0.001,0.001,0.0904
B/s40_off,369,done,unknown,,,,ac,0.9036,0.9036,0.001,0.001,0.001,0.001,0.001,0.001,0.0904
B/s40_off,370,done,unknown,,,,ac,0.9036,0.9036,0.001,0.001,0.001,0.001,0.001,0.001,0.0904
B/s40_off,371,done,unknown,,,,ac,0.9036,0.9036,0.001,0.001,0.001,0.001,0.001,0.001,0.0904
B/s40_off,372,done,unknown,,,,ac,0.9036,0.9036,0.001,0.001,0.001,0.001,0.001,0.001,0.0904
B/s40_off,373,done,unknown,,,,ac,0.9036,0.9036,0.001,0.001,0.001,0.001,0.001,0.001,0.0904
B/s40_off,374,done,unknown,,,,ac,0.9036,0.9036,0.001,0.001,0.001,0.001,0.001,0.001,0.0904
B/s40_off,375,done,unknown,,,,ac,0.9036,0.9036,0.001,0.001,0.001,0.001,0.001,0.001,0.0904
B/s40_off,376,done,unknown,,,,ac,0.9036,0.9036,0.001,0.001,0.001,0.001,0.001,0.001,0.0904
B/s40_off,377,done,unknown,,,,ac,0.9036,0.9036,0.001,0.001,0.001,0.001,0.001,0.001,0.0904
B/s40_off,378,done,unknown,,,,ac,0.9036,0.9036,0.001,0.001,0.001,0.001,0.001,0.001,0.0904
B/s40_on,0,seg1,d(item_3),move_to,step,,d(item_3),0.2664,0.217,0.2566,0.2664,0.001,0.001,0.2303,0.001,0.0266
B/s40_on,1,seg1,d(item_3),move_to,step,,d(item_3),0.2934,0.1879,0.2714,0.2934,0.001,0.001,0.215,0.001,0.0293
B/s40_on,2,seg1,d(item_3),move_to,step,,d(item_3),0.3236,0.1576,0.2864,0.3236,0.001,0.001,0.197,0.001,0.0324
B/s40_on,3,seg1,d(item_3),move_to,step,,d(item_3),0.356,0.1282,0.3005,0.356,0.001,0.001,0.1767,0.001,0.0356
B/s40_on,4,seg1,d(item_3),move_to,step,,d(item_3),0.3894,0.1013,0.3124,0.3894,0.001,0.001,0.1549,0.001,0.0389
B/s40_on,5,seg1,d(item_3),move_to,step,,d(item_3),0.4229,0.0781,0.321,0.4229,0.001,0.001,0.1328,0.001,0.0423
B/s40_on,6,seg1,d(item_3),move_to,step,,d(item_3),0.4555,0.0589,0.3257,0.4555,0.001,0.001,0.1114,0.001,0.0455
B/s40_on,7,seg1,d(item_3),move_to,step,,d(item_3),0.4867,0.0436,0.3263,0.4867,0.001,0.001,0.0917,0.001,0.0487
B/s40_on,8,seg1,d(item_3),move_to,step,,d(item_3),0.5164,0.0318,0.323,0.5164,0.001,0.001,0.0741,0.001,0.0516
B/s40_on,9,seg1,d(item_3),move_to,step,,d(item_3),0.5445,0.0229,0.3161,0.5445,0.001,0.001,0.0591,0.001,0.0544
B/s40_on,10,seg1,d(item_3),move_to,step,,d(item_3),0.5711,0.0164,0.3059,0.5711,0.001,0.001,0.0465,0.001,0.0571
B/s40_on,11,seg1,d(item_3),move_to,step,,d(item_3),0.5964,0.0116,0.293,0.5964,0.001,0.001,0.0363,0.001,0.0596
B/s40_on,12,seg1,d(item_3),move_to,step,,d(item_3),0.6207,0.0082,0.278,0.6207,0.001,0.001,0.028,0.001,0.0621
B/s40_on,13,seg1,d(item_3),move_to,step,,d(item_3),0.6441,0.0058,0.2612,0.6441,0.001,0.001,0.0215,0.001,0.0644
B/s40_on,14,seg1,d(item_3),move_to,step,,d(item_3),0.6667,0.004,0.2432,0.6667,0.001,0.001,0.0164,0.001,0.0667
B/s40_on,15,seg1,d(item_3),move_to,step,,d(item_3),0.6886,0.0028,0.2243,0.6886,0.001,0.001,0.0124,0.001,0.0689
B/s40_on,16,seg1,d(item_3),move_to,step,,d(item_3),0.7098,0.002,0.2049,0.7098,0.001,0.001,0.0094,0.001,0.071
B/s40_on,17,seg1,d(item_3),move_to,step,,d(item_3),0.7301,0.0014,0.1855,0.7301,0.001,0.001,0.007,0.001,0.073
B/s40_on,18,seg1,d(item_3),move_to,step,,d(item_3),0.7495,0.001,0.1663,0.7495,0.001,0.001,0.0053,0.001,0.075
B/s40_on,19,seg1,d(item_3),move_to,step,,d(item_3),0.7677,0.001,0.1476,0.7677,0.001,0.001,0.0039,0.001,0.0768
B/s40_on,20,seg1,d(item_3),move_to,step,,d(item_3),0.7849,0.001,0.1297,0.7849,0.001,0.001,0.0029,0.001,0.0785
B/s40_on,21,seg1,d(item_3),move_to,step,,d(item_3),0.8008,0.001,0.1129,0.8008,0.001,0.001,0.0021,0.001,0.0801
B/s40_on,22,seg1,d(item_3),move_to,step,,d(item_3),0.8155,0.001,0.0974,0.8155,0.001,0.001,0.0016,0.001,0.0816
B/s40_on,23,seg1,d(item_3),move_to,step,,d(item_3),0.8289,0.001,0.0831,0.8289,0.001,0.001,0.0012,0.001,0.0829
B/s40_on,24,seg1,d(item_3),move_to,step,,d(item_3),0.8407,0.001,0.0703,0.8407,0.001,0.001,0.001,0.001,0.0841
B/s40_on,25,seg1,d(item_3),move_to,step,,d(item_3),0.8511,0.001,0.0588,0.8511,0.001,0.001,0.001,0.001,0.0851
B/s40_on,26,seg1,d(item_3),move_to,step,,d(item_3),0.8602,0.001,0.0488,0.8602,0.001,0.001,0.001,0.001,0.086
B/s40_on,27,seg1,d(item_3),move_to,step,,d(item_3),0.8681,0.001,0.0401,0.8681,0.001,0.001,0.001,0.001,0.0868
B/s40_on,28,seg1,d(item_3),move_to,step,,d(item_3),0.8748,0.001,0.0327,0.8748,0.001,0.001,0.001,0.001,0.0875
B/s40_on,29,seg1,d(item_3),move_to,step,,d(item_3),0.8805,0.001,0.0265,0.8805,0.001,0.001,0.001,0.001,0.088
B/s40_on,30,seg1,d(item_3),move_to,step,,d(item_3),0.8853,0.001,0.0212,0.8853,0.001,0.001,0.001,0.001,0.0885
B/s40_on,31,seg1,d(item_3),move_to,step,,d(item_3),0.8892,0.001,0.0169,0.8892,0.001,0.001,0.001,0.001,0.0889
B/s40_on,32,seg1,d(item_3),move_to,step,,d(item_3),0.8924,0.001,0.0134,0.8924,0.001,0.001,0.001,0.001,0.0892
B/s40_on,33,seg1,d(item_3),move_to,step,,d(item_3),0.895,0.001,0.0105,0.895,0.001,0.001,0.001,0.001,0.0895
B/s40_on,34,seg1,d(item_3),move_to,step,,d(item_3),0.8971,0.001,0.0082,0.8971,0.001,0.001,0.001,0.001,0.0897
B/s40_on,35,seg1,d(item_3),move_to,step,,d(item_3),0.8988,0.001,0.0063,0.8988,0.001,0.001,0.001,0.001,0.0899
B/s40_on,36,seg1,d(item_3),move_to,step,,d(item_3),0.9001,0.001,0.0049,0.9001,0.001,0.001,0.001,0.001,0.09
B/s40_on,37,seg1,d(item_3),move_to,step,,d(item_3),0.9012,0.001,0.0037,0.9012,0.001,0.001,0.001,0.001,0.0901
B/s40_on,38,seg1,d(item_3),move_to,step,,d(item_3),0.902,0.001,0.0028,0.902,0.001,0.001,0.001,0.001,0.0902
B/s40_on,39,seg1,d(item_3),move_to,step,,d(item_3),0.9026,0.001,0.0021,0.9026,0.001,0.001,0.001,0.001,0.0903
B/s40_on,40,seg1,d(item_3),move_to,step,,d(item_3),0.9031,0.001,0.0016,0.9031,0.001,0.001,0.001,0.001,0.0903
B/s40_on,41,seg1,d(item_3),move_to,step,,d(item_3),0.9035,0.001,0.0012,0.9035,0.001,0.001,0.001,0.001,0.0903
B/s40_on,42,seg1,d(item_3),move_to,step,,d(item_3),0.9037,0.001,0.001,0.9037,0.001,0.001,0.001,0.001,0.0904
B/s40_on,43,seg1,d(item_3),move_to,step,,d(item_3),0.9037,0.001,0.001,0.9037,0.001,0.001,0.001,0.001,0.0904
B/s40_on,44,seg1,d(item_3),move_to,step,,d(item_3),0.9037,0.001,0.001,0.9037,0.001,0.001,0.001,0.001,0.0904
B/s40_on,45,seg1,d(item_3),move_to,step,,d(item_3),0.9037,0.001,0.001,0.9037,0.001,0.001,0.001,0.001,0.0904
B/s40_on,46,seg1,d(item_3),move_to,step,,d(item_3),0.9037,0.001,0.001,0.9037,0.001,0.001,0.001,0.001,0.0904
B/s40_on,47,seg1,d(item_3),move_to,step,,d(item_3),0.9037,0.001,0.001,0.9037,0.001,0.001,0.001,0.001,0.0904
B/s40_on,48,seg1,d(item_3),move_to,step,,d(item_3),0.9037,0.001,0.001,0.9037,0.001,0.001,0.001,0.001,0.0904
B/s40_on,49,seg1,d(item_3),move_to,step,,d(item_3),0.9037,0.001,0.001,0.9037,0.001,0.001,0.001,0.001,0.0904
B/s40_on,50,seg1,d(item_3),move_to,step,,d(item_3),0.9037,0.001,0.001,0.9037,0.001,0.001,0.001,0.001,0.0904
B/s40_on,51,seg1,d(item_3),move_to,step,,d(item_3),0.9037,0.001,0.001,0.9037,0.001,0.001,0.001,0.001,0.0904
B/s40_on,52,seg1,d(item_3),move_to,step,,d(item_3),0.9037,0.001,0.001,0.9037,0.001,0.001,0.001,0.001,0.0904
B/s40_on,53,seg1,d(item_3),move_to,step,,d(item_3),0.9037,0.001,0.001,0.9037,0.001,0.001,0.001,0.001,0.0904
B/s40_on,54,seg1,d(item_3),move_to,step,,d(item_3),0.9037,0.001,0.001,0.9037,0.001,0.001,0.001,0.001,0.0904
B/s40_on,55,seg1,d(item_3),move_to,step,,d(item_3),0.9037,0.001,0.001,0.9037,0.001,0.001,0.001,0.001,0.0904
B/s40_on,56,seg1,d(item_3),move_to,step,,d(item_3),0.9037,0.001,0.001,0.9037,0.001,0.001,0.001,0.001,0.0904
B/s40_on,57,seg1,d(item_3),move_to,step,,d(item_3),0.9037,0.001,0.001,0.9037,0.001,0.001,0.001,0.001,0.0904
B/s40_on,58,seg1,d(item_3),move_to,step,,d(item_3),0.9037,0.001,0.001,0.9037,0.001,0.001,0.001,0.001,0.0904
B/s40_on,59,seg1,d(item_3),move_to,,,d(item_3),0.9037,0.001,0.001,0.9037,0.001,0.001,0.001,0.001,0.0904
B/s40_on,60,seg1,d(item_3),pick_up,grasp,item_3,d(item_3),0.9037,0.001,0.001,0.9037,0.001,0.001,0.001,0.001,0.0904
B/s40_on,61,seg1,d(item_3),pick_up,,item_3,d(item_3),0.9037,0.001,0.001,0.9037,0.001,0.001,0.001,0.001,0.0904
B/s40_on,62,seg1,d(item_3),move_to,step,item_3,d(item_3),0.9037,0.001,0.001,0.9037,0.001,0.001,0.001,0.001,0.0904
B/s40_on,63,seg1,d(item_3),move_to,step,item_3,d(item_3),0.9037,0.001,0.001,0.9037,0.001,0.001,0.001,0.001,0.0904
B/s40_on,64,seg1,d(item_3),move_to,step,item_3,d(item_3),0.9037,0.001,0.001,0.9037,0.001,0.001,0.001,0.001,0.0904
B/s40_on,65,seg1,d(item_3),move_to,step,item_3,d(item_3),0.9037,0.001,0.001,0.9037,0.001,0.001,0.001,0.001,0.0904
B/s40_on,66,seg1,d(item_3),move_to,step,item_3,d(item_3),0.9037,0.001,0.001,0.9037,0.001,0.001,0.001,0.001,0.0904
B/s40_on,67,seg1,d(item_3),move_to,step,item_3,d(item_3),0.9037,0.001,0.001,0.9037,0.001,0.001,0.001,0.001,0.0904
B/s40_on,68,seg1,d(item_3),move_to,step,item_3,d(item_3),0.9037,0.001,0.001,0.9037,0.001,0.001,0.001,0.001,0.0904
B/s40_on,69,seg1,d(item_3),move_to,step,item_3,d(item_3),0.9037,0.001,0.001,0.9037,0.001,0.001,0.001,0.001,0.0904
B/s40_on,70,seg1,d(item_3),move_to,step,item_3,d(item_3),0.9037,0.001,0.001,0.9037,0.001,0.001,0.001,0.001,0.0904
B/s40_on,71,seg1,d(item_3),move_to,step,item_3,d(item_3),0.9037,0.001,0.001,0.9037,0.001,0.001,0.001,0.001,0.0904
B/s40_on,72,seg1,d(item_3),move_to,step,item_3,d(item_3),0.9037,0.001,0.001,0.9037,0.001,0.001,0.001,0.001,0.0904
B/s40_on,73,seg1,d(item_3),move_to,step,item_3,d(item_3),0.9037,0.001,0.001,0.9037,0.001,0.001,0.001,0.001,0.0904
B/s40_on,74,seg1,d(item_3),move_to,step,item_3,d(item_3),0.9037,0.001,0.001,0.9037,0.001,0.001,0.001,0.001,0.0904
B/s40_on,75,seg1,d(item_3),move_to,step,item_3,d(item_3),0.9037,0.001,0.001,0.9037,0.001,0.001,0.001,0.001,0.0904
B/s40_on,76,seg1,d(item_3),move_to,step,item_3,d(item_3),0.9037,0.001,0.001,0.9037,0.001,0.001,0.001,0.001,0.0904
B/s40_on,77,seg1,d(item_3),move_to,step,item_3,d(item_3),0.9037,0.001,0.001,0.9037,0.001,0.001,0.001,0.001,0.0904
B/s40_on,78,seg1,d(item_3),move_to,step,item_3,d(item_3),0.9037,0.001,0.001,0.9037,0.001,0.001,0.001,0.001,0.0904
B/s40_on,79,seg1,d(item_3),move_to,step,item_3,d(item_3),0.9037,0.001,0.001,0.9037,0.001,0.001,0.001,0.001,0.0904
B/s40_on,80,seg1,d(item_3),move_to,step,item_3,d(item_3),0.9037,0.001,0.001,0.9037,0.001,0.001,0.001,0.001,0.0904
B/s40_on,81,seg1,d(item_3),move_to,step,item_3,d(item_3),0.9037,0.001,0.001,0.9037,0.001,0.001,0.001,0.001,0.0904
B/s40_on,82,seg1,d(item_3),move_to,step,item_3,d(item_3),0.9037,0.001,0.001,0.9037,0.001,0.001,0.001,0.001,0.0904
B/s40_on,83,seg1,d(item_3),move_to,step,item_3,d(item_3),0.9037,0.001,0.001,0.9037,0.001,0.001,0.001,0.001,0.0904
B/s40_on,84,seg1,d(item_3),move_to,step,item_3,d(item_3),0.9037,0.001,0.001,0.9037,0.001,0.001,0.001,0.001,0.0904
B/s40_on,85,seg1,d(item_3),move_to,step,item_3,d(item_3),0.9037,0.001,0.001,0.9037,0.001,0.001,0.001,0.001,0.0904
B/s40_on,86,seg1,d(item_3),move_to,step,item_3,d(item_3),0.9037,0.001,0.001,0.9037,0.001,0.001,0.001,0.001,0.0904
B/s40_on,87,seg1,d(item_3),move_to,step,item_3,d(item_3),0.9037,0.001,0.001,0.9037,0.001,0.001,0.001,0.001,0.0904
B/s40_on,88,seg1,d(item_3),move_to,step,item_3,d(item_3),0.9037,0.001,0.001,0.9037,0.001,0.001,0.001,0.001,0.0904
B/s40_on,89,seg1,d(item_3),move_to,step,item_3,d(item_3),0.9037,0.001,0.001,0.9037,0.001,0.001,0.001,0.001,0.0904
B/s40_on,90,seg1,d(item_3),move_to,step,item_3,d(item_3),0.9037,0.001,0.001,0.9037,0.001,0.001,0.001,0.001,0.0904
B/s40_on,91,seg1,d(item_3),move_to,step,item_3,d(item_3),0.9037,0.001,0.001,0.9037,0.001,0.001,0.001,0.001,0.0904
B/s40_on,92,seg1,d(item_3),move_to,step,item_3,d(item_3),0.9037,0.001,0.001,0.9037,0.001,0.001,0.001,0.001,0.0904
B/s40_on,93,seg1,d(item_3),move_to,step,item_3,d(item_3),0.9037,0.001,0.001,0.9037,0.001,0.001,0.001,0.001,0.0904
B/s40_on,94,seg1,d(item_3),move_to,step,item_3,d(item_3),0.9037,0.001,0.001,0.9037,0.001,0.001,0.001,0.001,0.0904
B/s40_on,95,seg1,d(item_3),move_to,step,item_3,d(item_3),0.9037,0.001,0.001,0.9037,0.001,0.001,0.001,0.001,0.0904
B/s40_on,96,seg1,d(item_3),move_to,step,item_3,d(item_3),0.9037,0.001,0.001,0.9037,0.001,0.001,0.001,0.001,0.0904
B/s40_on,97,seg1,d(item_3),move_to,step,item_3,d(item_3),0.9037,0.001,0.001,0.9037,0.001,0.001,0.001,0.001,0.0904
B/s40_on,98,seg1,d(item_3),move_to,step,item_3,d(item_3),0.9037,0.001,0.001,0.9037,0.001,0.001,0.001,0.001,0.0904
B/s40_on,99,seg1,d(item_3),move_to,step,item_3,d(item_3),0.9037,0.001,0.001,0.9037,0.001,0.001,0.001,0.001,0.0904
B/s40_on,100,seg1,d(item_3),move_to,step,item_3,d(item_3),0.9037,0.001,0.001,0.9037,0.001,0.001,0.001,0.001,0.0904
B/s40_on,101,seg1,d(item_3),move_to,step,item_3,d(item_3),0.9037,0.001,0.001,0.9037,0.001,0.001,0.001,0.001,0.0904
B/s40_on,102,seg1,d(item_3),move_to,step,item_3,d(item_3),0.9037,0.001,0.001,0.9037,0.001,0.001,0.001,0.001,0.0904
B/s40_on,103,seg1,d(item_3),move_to,step,item_3,d(item_3),0.9037,0.001,0.001,0.9037,0.001,0.001,0.001,0.001,0.0904
B/s40_on,104,seg1,d(item_3),move_to,step,item_3,d(item_3),0.9037,0.001,0.001,0.9037,0.001,0.001,0.001,0.001,0.0904
B/s40_on,105,seg1,d(item_3),move_to,step,item_3,d(item_3),0.9037,0.001,0.001,0.9037,0.001,0.001,0.001,0.001,0.0904
B/s40_on,106,seg1,d(item_3),move_to,step,item_3,d(item_3),0.9037,0.001,0.001,0.9037,0.001,0.001,0.001,0.001,0.0904
B/s40_on,107,seg1,d(item_3),move_to,step,item_3,d(item_3),0.9037,0.001,0.001,0.9037,0.001,0.001,0.001,0.001,0.0904
B/s40_on,108,seg1,d(item_3),move_to,step,item_3,d(item_3),0.9037,0.001,0.001,0.9037,0.001,0.001,0.001,0.001,0.0904
B/s40_on,109,seg1,d(item_3),move_to,step,item_3,d(item_3),0.9037,0.001,0.001,0.9037,0.001,0.001,0.001,0.001,0.0904
B/s40_on,110,seg1,d(item_3),move_to,step,item_3,d(item_3),0.9037,0.001,0.001,0.9037,0.001,0.001,0.001,0.001,0.0904
B/s40_on,111,seg1,d(item_3),move_to,step,item_3,d(item_3),0.9037,0.001,0.001,0.9037,0.001,0.001,0.001,0.001,0.0904
B/s40_on,112,seg1,d(item_3),move_to,step,item_3,d(item_3),0.9037,0.001,0.001,0.9037,0.001,0.001,0.001,0.001,0.0904
B/s40_on,113,seg1,d(item_3),move_to,step,item_3,d(item_3),0.9037,0.001,0.001,0.9037,0.001,0.001,0.001,0.001,0.0904
B/s40_on,114,seg1,d(item_3),move_to,,item_3,d(item_3),0.9037,0.001,0.001,0.9037,0.001,0.001,0.001,0.001,0.0904
B/s40_on,115,seg1,d(item_3),place,release,,unknown,0.993,0.001,0.001,0.001,0.001,0.001,0.001,0.001,0.993
B/s40_on,116,seg1,d(item_3),place,,,ac,0.4738,0.4738,0.4738,0.001,0.001,0.001,0.001,0.001,0.0474
B/s40_on,117,seg2,coffee,,,,ac,0.4738,0.4738,0.4738,0.001,0.001,0.001,0.001,0.001,0.0474
B/s40_on,118,seg2,coffee,move_to,step,,coffee,0.5022,0.4426,0.5022,0.001,0.001,0.001,0.001,0.001,0.0502
B/s40_on,119,seg2,coffee,move_to,step,,coffee,0.5345,0.4071,0.5345,0.001,0.001,0.001,0.001,0.001,0.0534
B/s40_on,120,seg2,coffee,move_to,step,,coffee,0.5701,0.3679,0.5701,0.001,0.001,0.001,0.001,0.001,0.057
B/s40_on,121,seg2,coffee,move_to,step,,coffee,0.6083,0.3258,0.6083,0.001,0.001,0.001,0.001,0.001,0.0608
B/s40_on,122,seg2,coffee,move_to,step,,coffee,0.6478,0.2824,0.6478,0.001,0.001,0.001,0.001,0.001,0.0648
B/s40_on,123,seg2,coffee,move_to,step,,coffee,0.6871,0.2392,0.6871,0.001,0.001,0.001,0.001,0.001,0.0687
B/s40_on,124,seg2,coffee,move_to,step,,coffee,0.7246,0.198,0.7246,0.001,0.001,0.001,0.001,0.001,0.0725
B/s40_on,125,seg2,coffee,move_to,step,,coffee,0.7589,0.1602,0.7589,0.001,0.001,0.001,0.001,0.001,0.0759
B/s40_on,126,seg2,coffee,move_to,step,,coffee,0.7892,0.1269,0.7892,0.001,0.001,0.001,0.001,0.001,0.0789
B/s40_on,127,seg2,coffee,move_to,step,,coffee,0.8149,0.0986,0.8149,0.001,0.001,0.001,0.001,0.001,0.0815
B/s40_on,128,seg2,coffee,move_to,step,,coffee,0.836,0.0754,0.836,0.001,0.001,0.001,0.001,0.001,0.0836
B/s40_on,129,seg2,coffee,move_to,step,,coffee,0.853,0.0567,0.853,0.001,0.001,0.001,0.001,0.001,0.0853
B/s40_on,130,seg2,coffee,move_to,step,,coffee,0.8662,0.0422,0.8662,0.001,0.001,0.001,0.001,0.001,0.0866
B/s40_on,131,seg2,coffee,move_to,step,,coffee,0.8764,0.031,0.8764,0.001,0.001,0.001,0.001,0.001,0.0876
B/s40_on,132,seg2,coffee,move_to,step,,coffee,0.884,0.0226,0.884,0.001,0.001,0.001,0.001,0.001,0.0884
B/s40_on,133,seg2,coffee,move_to,step,,coffee,0.8897,0.0163,0.8897,0.001,0.001,0.001,0.001,0.001,0.089
B/s40_on,134,seg2,coffee,move_to,step,,coffee,0.8939,0.0117,0.8939,0.001,0.001,0.001,0.001,0.001,0.0894
B/s40_on,135,seg2,coffee,move_to,step,,coffee,0.8969,0.0084,0.8969,0.001,0.001,0.001,0.001,0.001,0.0897
B/s40_on,136,seg2,coffee,move_to,step,,coffee,0.8991,0.006,0.8991,0.001,0.001,0.001,0.001,0.001,0.0899
B/s40_on,137,seg2,coffee,move_to,step,,coffee,0.9007,0.0042,0.9007,0.001,0.001,0.001,0.001,0.001,0.0901
B/s40_on,138,seg2,coffee,move_to,step,,coffee,0.9018,0.003,0.9018,0.001,0.001,0.001,0.001,0.001,0.0902
B/s40_on,139,seg2,coffee,move_to,step,,coffee,0.9026,0.0021,0.9026,0.001,0.001,0.001,0.001,0.001,0.0903
B/s40_on,140,seg2,coffee,move_to,step,,coffee,0.9032,0.0015,0.9032,0.001,0.001,0.001,0.001,0.001,0.0903
B/s40_on,141,seg2,coffee,move_to,step,,coffee,0.9036,0.001,0.9036,0.001,0.001,0.001,0.001,0.001,0.0904
B/s40_on,142,seg2,coffee,move_to,step,,coffee,0.9036,0.001,0.9036,0.001,0.001,0.001,0.001,0.001,0.0904
B/s40_on,143,seg2,coffee,move_to,step,,coffee,0.9036,0.001,0.9036,0.001,0.001,0.001,0.001,0.001,0.0904
B/s40_on,144,seg2,coffee,move_to,step,,coffee,0.9036,0.001,0.9036,0.001,0.001,0.001,0.001,0.001,0.0904
B/s40_on,145,seg2,coffee,move_to,step,,coffee,0.9036,0.001,0.9036,0.001,0.001,0.001,0.001,0.001,0.0904
B/s40_on,146,seg2,coffee,move_to,step,,coffee,0.9036,0.001,0.9036,0.001,0.001,0.001,0.001,0.001,0.0904
B/s40_on,147,seg2,coffee,move_to,step,,coffee,0.9036,0.001,0.9036,0.001,0.001,0.001,0.001,0.001,0.0904
B/s40_on,148,seg2,coffee,move_to,step,,coffee,0.9036,0.001,0.9036,0.001,0.001,0.001,0.001,0.001,0.0904
B/s40_on,149,seg2,coffee,move_to,step,,coffee,0.9036,0.001,0.9036,0.001,0.001,0.001,0.001,0.001,0.0904
B/s40_on,150,seg2,coffee,move_to,step,,coffee,0.9036,0.001,0.9036,0.001,0.001,0.001,0.001,0.001,0.0904
B/s40_on,151,seg2,coffee,move_to,step,,coffee,0.9036,0.001,0.9036,0.001,0.001,0.001,0.001,0.001,0.0904
B/s40_on,152,seg2,coffee,move_to,step,,coffee,0.9036,0.001,0.9036,0.001,0.001,0.001,0.001,0.001,0.0904
B/s40_on,153,seg2,coffee,move_to,step,,coffee,0.9036,0.001,0.9036,0.001,0.001,0.001,0.001,0.001,0.0904
B/s40_on,154,seg2,coffee,move_to,,,coffee,0.9036,0.001,0.9036,0.001,0.001,0.001,0.001,0.001,0.0904
B/s40_on,155,seg2,coffee,wait_at,stand,,coffee,0.9036,0.001,0.9036,0.001,0.001,0.001,0.001,0.001,0.0904
B/s40_on,156,seg2,coffee,wait_at,stand,,coffee,0.9036,0.001,0.9036,0.001,0.001,0.001,0.001,0.001,0.0904
B/s40_on,157,seg2,coffee,wait_at,stand,,coffee,0.9036,0.001,0.9036,0.001,0.001,0.001,0.001,0.001,0.0904
B/s40_on,158,seg2,coffee,wait_at,stand,,coffee,0.9036,0.001,0.9036,0.001,0.001,0.001,0.001,0.001,0.0904
B/s40_on,159,seg2,coffee,wait_at,stand,,coffee,0.9036,0.001,0.9036,0.001,0.001,0.001,0.001,0.001,0.0904
B/s40_on,160,seg2,coffee,wait_at,stand,,coffee,0.9036,0.001,0.9036,0.001,0.001,0.001,0.001,0.001,0.0904
B/s40_on,161,seg2,coffee,wait_at,stand,,coffee,0.9036,0.001,0.9036,0.001,0.001,0.001,0.001,0.001,0.0904
B/s40_on,162,seg2,coffee,wait_at,stand,,coffee,0.9036,0.001,0.9036,0.001,0.001,0.001,0.001,0.001,0.0904
B/s40_on,163,seg2,coffee,wait_at,stand,,coffee,0.9036,0.001,0.9036,0.001,0.001,0.001,0.001,0.001,0.0904
B/s40_on,164,seg2,coffee,wait_at,stand,,coffee,0.9036,0.001,0.9036,0.001,0.001,0.001,0.001,0.001,0.0904
B/s40_on,165,seg2,coffee,wait_at,stand,,coffee,0.9036,0.001,0.9036,0.001,0.001,0.001,0.001,0.001,0.0904
B/s40_on,166,seg2,coffee,wait_at,stand,,coffee,0.9036,0.001,0.9036,0.001,0.001,0.001,0.001,0.001,0.0904
B/s40_on,167,seg2,coffee,wait_at,stand,,coffee,0.9036,0.001,0.9036,0.001,0.001,0.001,0.001,0.001,0.0904
B/s40_on,168,seg2,coffee,wait_at,stand,,coffee,0.9036,0.001,0.9036,0.001,0.001,0.001,0.001,0.001,0.0904
B/s40_on,169,seg2,coffee,wait_at,stand,,coffee,0.9036,0.001,0.9036,0.001,0.001,0.001,0.001,0.001,0.0904
B/s40_on,170,seg2,coffee,wait_at,stand,,coffee,0.9036,0.001,0.9036,0.001,0.001,0.001,0.001,0.001,0.0904
B/s40_on,171,seg2,coffee,wait_at,stand,,coffee,0.9036,0.001,0.9036,0.001,0.001,0.001,0.001,0.001,0.0904
B/s40_on,172,seg2,coffee,wait_at,stand,,coffee,0.9036,0.001,0.9036,0.001,0.001,0.001,0.001,0.001,0.0904
B/s40_on,173,seg2,coffee,wait_at,stand,,coffee,0.9036,0.001,0.9036,0.001,0.001,0.001,0.001,0.001,0.0904
B/s40_on,174,seg2,coffee,wait_at,stand,,coffee,0.9036,0.001,0.9036,0.001,0.001,0.001,0.001,0.001,0.0904
B/s40_on,175,seg2,coffee,wait_at,stand,,coffee,0.9036,0.001,0.9036,0.001,0.001,0.001,0.001,0.001,0.0904
B/s40_on,176,seg2,coffee,wait_at,stand,,coffee,0.9036,0.001,0.9036,0.001,0.001,0.001,0.001,0.001,0.0904
B/s40_on,177,seg2,coffee,wait_at,stand,,coffee,0.9036,0.001,0.9036,0.001,0.001,0.001,0.001,0.001,0.0904
B/s40_on,178,seg2,coffee,wait_at,stand,,coffee,0.9036,0.001,0.9036,0.001,0.001,0.001,0.001,0.001,0.0904
B/s40_on,179,seg2,coffee,wait_at,stand,,coffee,0.9036,0.001,0.9036,0.001,0.001,0.001,0.001,0.001,0.0904
B/s40_on,180,seg2,coffee,wait_at,stand,,coffee,0.9036,0.001,0.9036,0.001,0.001,0.001,0.001,0.001,0.0904
B/s40_on,181,seg2,coffee,wait_at,stand,,coffee,0.9036,0.001,0.9036,0.001,0.001,0.001,0.001,0.001,0.0904
B/s40_on,182,seg2,coffee,wait_at,stand,,coffee,0.9036,0.001,0.9036,0.001,0.001,0.001,0.001,0.001,0.0904
B/s40_on,183,seg2,coffee,wait_at,stand,,coffee,0.9036,0.001,0.9036,0.001,0.001,0.001,0.001,0.001,0.0904
B/s40_on,184,seg2,coffee,wait_at,stand,,unknown,0.993,0.001,0.001,0.001,0.001,0.001,0.001,0.001,0.993
B/s40_on,185,seg2,coffee,wait_at,,,unknown,0.993,0.001,0.001,0.001,0.001,0.001,0.001,0.001,0.993
B/s40_on,186,seg3a,unknown,,,,unknown,0.993,0.001,0.001,0.001,0.001,0.001,0.001,0.001,0.993
B/s40_on,187,seg3a,unknown,move_to,step,,unknown,0.993,0.001,0.001,0.001,0.001,0.001,0.001,0.001,0.993
B/s40_on,188,seg3a,unknown,move_to,step,,unknown,0.993,0.001,0.001,0.001,0.001,0.001,0.001,0.001,0.993
B/s40_on,189,seg3a,unknown,move_to,step,,unknown,0.993,0.001,0.001,0.001,0.001,0.001,0.001,0.001,0.993
B/s40_on,190,seg3a,unknown,move_to,step,,unknown,0.993,0.001,0.001,0.001,0.001,0.001,0.001,0.001,0.993
B/s40_on,191,seg3a,unknown,move_to,step,,unknown,0.993,0.001,0.001,0.001,0.001,0.001,0.001,0.001,0.993
B/s40_on,192,seg3a,unknown,move_to,step,,unknown,0.993,0.001,0.001,0.001,0.001,0.001,0.001,0.001,0.993
B/s40_on,193,seg3a,unknown,move_to,step,,unknown,0.993,0.001,0.001,0.001,0.001,0.001,0.001,0.001,0.993
B/s40_on,194,seg3a,unknown,move_to,step,,unknown,0.993,0.001,0.001,0.001,0.001,0.001,0.001,0.001,0.993
B/s40_on,195,seg3a,unknown,move_to,step,,unknown,0.993,0.001,0.001,0.001,0.001,0.001,0.001,0.001,0.993
B/s40_on,196,seg3a,unknown,move_to,step,,unknown,0.993,0.001,0.001,0.001,0.001,0.001,0.001,0.001,0.993
B/s40_on,197,seg3a,unknown,move_to,step,,unknown,0.993,0.001,0.001,0.001,0.001,0.001,0.001,0.001,0.993
B/s40_on,198,seg3a,unknown,move_to,step,,unknown,0.993,0.001,0.001,0.001,0.001,0.001,0.001,0.001,0.993
B/s40_on,199,seg3a,unknown,move_to,step,,unknown,0.993,0.001,0.001,0.001,0.001,0.001,0.001,0.001,0.993
B/s40_on,200,seg3a,unknown,move_to,step,,unknown,0.993,0.001,0.001,0.001,0.001,0.001,0.001,0.001,0.993
B/s40_on,201,seg3a,unknown,move_to,step,,unknown,0.993,0.001,0.001,0.001,0.001,0.001,0.001,0.001,0.993
B/s40_on,202,seg3a,unknown,move_to,step,,unknown,0.993,0.001,0.001,0.001,0.001,0.001,0.001,0.001,0.993
B/s40_on,203,seg3a,unknown,move_to,step,,unknown,0.993,0.001,0.001,0.001,0.001,0.001,0.001,0.001,0.993
B/s40_on,204,seg3a,unknown,move_to,step,,unknown,0.993,0.001,0.001,0.001,0.001,0.001,0.001,0.001,0.993
B/s40_on,205,seg3a,unknown,move_to,step,,unknown,0.993,0.001,0.001,0.001,0.001,0.001,0.001,0.001,0.993
B/s40_on,206,seg3a,unknown,move_to,,,unknown,0.993,0.001,0.001,0.001,0.001,0.001,0.001,0.001,0.993
B/s40_on,207,seg3a,unknown,wait_at,stand,,unknown,0.993,0.001,0.001,0.001,0.001,0.001,0.001,0.001,0.993
B/s40_on,208,seg3a,unknown,wait_at,,,unknown,0.993,0.001,0.001,0.001,0.001,0.001,0.001,0.001,0.993
B/s40_on,209,seg3b,unknown,,,,unknown,0.993,0.001,0.001,0.001,0.001,0.001,0.001,0.001,0.993
B/s40_on,210,seg3b,unknown,move_to,step,,unknown,0.993,0.001,0.001,0.001,0.001,0.001,0.001,0.001,0.993
B/s40_on,211,seg3b,unknown,move_to,step,,unknown,0.993,0.001,0.001,0.001,0.001,0.001,0.001,0.001,0.993
B/s40_on,212,seg3b,unknown,move_to,step,,unknown,0.993,0.001,0.001,0.001,0.001,0.001,0.001,0.001,0.993
B/s40_on,213,seg3b,unknown,move_to,step,,unknown,0.993,0.001,0.001,0.001,0.001,0.001,0.001,0.001,0.993
B/s40_on,214,seg3b,unknown,move_to,step,,unknown,0.993,0.001,0.001,0.001,0.001,0.001,0.001,0.001,0.993
B/s40_on,215,seg3b,unknown,move_to,step,,unknown,0.993,0.001,0.001,0.001,0.001,0.001,0.001,0.001,0.993
B/s40_on,216,seg3b,unknown,move_to,step,,unknown,0.993,0.001,0.001,0.001,0.001,0.001,0.001,0.001,0.993
B/s40_on,217,seg3b,unknown,move_to,step,,unknown,0.993,0.001,0.001,0.001,0.001,0.001,0.001,0.001,0.993
B/s40_on,218,seg3b,unknown,move_to,step,,unknown,0.993,0.001,0.001,0.001,0.001,0.001,0.001,0.001,0.993
B/s40_on,219,seg3b,unknown,move_to,step,,unknown,0.993,0.001,0.001,0.001,0.001,0.001,0.001,0.001,0.993
B/s40_on,220,seg3b,unknown,move_to,step,,unknown,0.993,0.001,0.001,0.001,0.001,0.001,0.001,0.001,0.993
B/s40_on,221,seg3b,unknown,move_to,step,,unknown,0.993,0.001,0.001,0.001,0.001,0.001,0.001,0.001,0.993
B/s40_on,222,seg3b,unknown,move_to,step,,unknown,0.993,0.001,0.001,0.001,0.001,0.001,0.001,0.001,0.993
B/s40_on,223,seg3b,unknown,move_to,step,,unknown,0.993,0.001,0.001,0.001,0.001,0.001,0.001,0.001,0.993
B/s40_on,224,seg3b,unknown,move_to,step,,unknown,0.993,0.001,0.001,0.001,0.001,0.001,0.001,0.001,0.993
B/s40_on,225,seg3b,unknown,move_to,step,,unknown,0.993,0.001,0.001,0.001,0.001,0.001,0.001,0.001,0.993
B/s40_on,226,seg3b,unknown,move_to,step,,unknown,0.993,0.001,0.001,0.001,0.001,0.001,0.001,0.001,0.993
B/s40_on,227,seg3b,unknown,move_to,,,unknown,0.993,0.001,0.001,0.001,0.001,0.001,0.001,0.001,0.993
B/s40_on,228,seg3b,unknown,wait_at,stand,,unknown,0.993,0.001,0.001,0.001,0.001,0.001,0.001,0.001,0.993
B/s40_on,229,seg3b,unknown,wait_at,,,unknown,0.993,0.001,0.001,0.001,0.001,0.001,0.001,0.001,0.993
B/s40_on,230,seg4,d(item_6),,,,unknown,0.993,0.001,0.001,0.001,0.001,0.001,0.001,0.001,0.993
B/s40_on,231,seg4,d(item_6),move_to,step,,unknown,0.993,0.001,0.001,0.001,0.001,0.001,0.001,0.001,0.993
B/s40_on,232,seg4,d(item_6),move_to,step,,unknown,0.993,0.001,0.001,0.001,0.001,0.001,0.001,0.001,0.993
B/s40_on,233,seg4,d(item_6),move_to,step,,unknown,0.993,0.001,0.001,0.001,0.001,0.001,0.001,0.001,0.993
B/s40_on,234,seg4,d(item_6),move_to,step,,unknown,0.993,0.001,0.001,0.001,0.001,0.001,0.001,0.001,0.993
B/s40_on,235,seg4,d(item_6),move_to,step,,unknown,0.993,0.001,0.001,0.001,0.001,0.001,0.001,0.001,0.993
B/s40_on,236,seg4,d(item_6),move_to,step,,unknown,0.993,0.001,0.001,0.001,0.001,0.001,0.001,0.001,0.993
B/s40_on,237,seg4,d(item_6),move_to,step,,unknown,0.993,0.001,0.001,0.001,0.001,0.001,0.001,0.001,0.993
B/s40_on,238,seg4,d(item_6),move_to,step,,unknown,0.993,0.001,0.001,0.001,0.001,0.001,0.001,0.001,0.993
B/s40_on,239,seg4,d(item_6),move_to,step,,unknown,0.993,0.001,0.001,0.001,0.001,0.001,0.001,0.001,0.993
B/s40_on,240,seg4,d(item_6),move_to,step,,unknown,0.993,0.001,0.001,0.001,0.001,0.001,0.001,0.001,0.993
B/s40_on,241,seg4,d(item_6),move_to,step,,unknown,0.993,0.001,0.001,0.001,0.001,0.001,0.001,0.001,0.993
B/s40_on,242,seg4,d(item_6),move_to,step,,unknown,0.993,0.001,0.001,0.001,0.001,0.001,0.001,0.001,0.993
B/s40_on,243,seg4,d(item_6),move_to,step,,unknown,0.993,0.001,0.001,0.001,0.001,0.001,0.001,0.001,0.993
B/s40_on,244,seg4,d(item_6),move_to,step,,unknown,0.993,0.001,0.001,0.001,0.001,0.001,0.001,0.001,0.993
B/s40_on,245,seg4,d(item_6),move_to,step,,unknown,0.993,0.001,0.001,0.001,0.001,0.001,0.001,0.001,0.993
B/s40_on,246,seg4,d(item_6),move_to,step,,unknown,0.993,0.001,0.001,0.001,0.001,0.001,0.001,0.001,0.993
B/s40_on,247,seg4,d(item_6),move_to,step,,unknown,0.993,0.001,0.001,0.001,0.001,0.001,0.001,0.001,0.993
B/s40_on,248,seg4,d(item_6),move_to,step,,unknown,0.993,0.001,0.001,0.001,0.001,0.001,0.001,0.001,0.993
B/s40_on,249,seg4,d(item_6),move_to,step,,unknown,0.993,0.001,0.001,0.001,0.001,0.001,0.001,0.001,0.993
B/s40_on,250,seg4,d(item_6),move_to,step,,unknown,0.993,0.001,0.001,0.001,0.001,0.001,0.001,0.001,0.993
B/s40_on,251,seg4,d(item_6),move_to,step,,unknown,0.993,0.001,0.001,0.001,0.001,0.001,0.001,0.001,0.993
B/s40_on,252,seg4,d(item_6),move_to,step,,unknown,0.993,0.001,0.001,0.001,0.001,0.001,0.001,0.001,0.993
B/s40_on,253,seg4,d(item_6),move_to,step,,unknown,0.993,0.001,0.001,0.001,0.001,0.001,0.001,0.001,0.993
B/s40_on,254,seg4,d(item_6),move_to,step,,unknown,0.993,0.001,0.001,0.001,0.001,0.001,0.001,0.001,0.993
B/s40_on,255,seg4,d(item_6),move_to,step,,unknown,0.993,0.001,0.001,0.001,0.001,0.001,0.001,0.001,0.993
B/s40_on,256,seg4,d(item_6),move_to,step,,unknown,0.993,0.001,0.001,0.001,0.001,0.001,0.001,0.001,0.993
B/s40_on,257,seg4,d(item_6),move_to,step,,unknown,0.993,0.001,0.001,0.001,0.001,0.001,0.001,0.001,0.993
B/s40_on,258,seg4,d(item_6),move_to,step,,unknown,0.993,0.001,0.001,0.001,0.001,0.001,0.001,0.001,0.993
B/s40_on,259,seg4,d(item_6),move_to,step,,unknown,0.993,0.001,0.001,0.001,0.001,0.001,0.001,0.001,0.993
B/s40_on,260,seg4,d(item_6),move_to,step,,unknown,0.993,0.001,0.001,0.001,0.001,0.001,0.001,0.001,0.993
B/s40_on,261,seg4,d(item_6),move_to,step,,unknown,0.993,0.001,0.001,0.001,0.001,0.001,0.001,0.001,0.993
B/s40_on,262,seg4,d(item_6),move_to,step,,unknown,0.993,0.001,0.001,0.001,0.001,0.001,0.001,0.001,0.993
B/s40_on,263,seg4,d(item_6),move_to,step,,unknown,0.993,0.001,0.001,0.001,0.001,0.001,0.001,0.001,0.993
B/s40_on,264,seg4,d(item_6),move_to,step,,unknown,0.993,0.001,0.001,0.001,0.001,0.001,0.001,0.001,0.993
B/s40_on,265,seg4,d(item_6),move_to,step,,unknown,0.993,0.001,0.001,0.001,0.001,0.001,0.001,0.001,0.993
B/s40_on,266,seg4,d(item_6),move_to,step,,unknown,0.993,0.001,0.001,0.001,0.001,0.001,0.001,0.001,0.993
B/s40_on,267,seg4,d(item_6),move_to,step,,unknown,0.993,0.001,0.001,0.001,0.001,0.001,0.001,0.001,0.993
B/s40_on,268,seg4,d(item_6),move_to,step,,unknown,0.993,0.001,0.001,0.001,0.001,0.001,0.001,0.001,0.993
B/s40_on,269,seg4,d(item_6),move_to,step,,unknown,0.993,0.001,0.001,0.001,0.001,0.001,0.001,0.001,0.993
B/s40_on,270,seg4,d(item_6),move_to,step,,unknown,0.993,0.001,0.001,0.001,0.001,0.001,0.001,0.001,0.993
B/s40_on,271,seg4,d(item_6),move_to,,,ac,0.9036,0.9036,0.001,0.001,0.001,0.001,0.001,0.001,0.0904
B/s40_on,272,seg4,d(item_6),pick_up,grasp,item_6,ac,0.9036,0.9036,0.001,0.001,0.001,0.001,0.001,0.001,0.0904
B/s40_on,273,seg4,d(item_6),pick_up,,item_6,ac,0.9036,0.9036,0.001,0.001,0.001,0.001,0.001,0.001,0.0904
B/s40_on,274,seg4,d(item_6),move_to,step,item_6,ac,0.9032,0.9032,0.001,0.001,0.001,0.001,0.001,0.001,0.0908
B/s40_on,275,seg4,d(item_6),move_to,step,item_6,ac,0.9028,0.9028,0.001,0.001,0.001,0.001,0.001,0.001,0.0912
B/s40_on,276,seg4,d(item_6),move_to,step,item_6,ac,0.9024,0.9024,0.001,0.001,0.001,0.001,0.001,0.001,0.0916
B/s40_on,277,seg4,d(item_6),move_to,step,item_6,ac,0.9019,0.9019,0.001,0.001,0.001,0.001,0.001,0.001,0.0921
B/s40_on,278,seg4,d(item_6),move_to,step,item_6,ac,0.9014,0.9014,0.001,0.001,0.001,0.001,0.001,0.001,0.0926
B/s40_on,279,seg4,d(item_6),move_to,step,item_6,ac,0.9009,0.9009,0.001,0.001,0.001,0.001,0.001,0.001,0.0931
B/s40_on,280,seg4,d(item_6),move_to,step,item_6,ac,0.9003,0.9003,0.001,0.001,0.001,0.001,0.001,0.001,0.0937
B/s40_on,281,seg4,d(item_6),move_to,step,item_6,ac,0.8997,0.8997,0.001,0.001,0.001,0.001,0.001,0.001,0.0943
B/s40_on,282,seg4,d(item_6),move_to,step,item_6,ac,0.8991,0.8991,0.001,0.001,0.001,0.001,0.001,0.001,0.0949
B/s40_on,283,seg4,d(item_6),move_to,step,item_6,ac,0.8984,0.8984,0.001,0.001,0.001,0.001,0.001,0.001,0.0956
B/s40_on,284,seg4,d(item_6),move_to,step,item_6,ac,0.8977,0.8977,0.001,0.001,0.001,0.001,0.001,0.001,0.0963
B/s40_on,285,seg4,d(item_6),move_to,step,item_6,ac,0.8969,0.8969,0.001,0.001,0.001,0.001,0.001,0.001,0.0971
B/s40_on,286,seg4,d(item_6),move_to,step,item_6,ac,0.896,0.896,0.001,0.001,0.001,0.001,0.001,0.001,0.098
B/s40_on,287,seg4,d(item_6),move_to,step,item_6,ac,0.8951,0.8951,0.001,0.001,0.001,0.001,0.001,0.001,0.0989
B/s40_on,288,seg4,d(item_6),move_to,step,item_6,ac,0.8941,0.8941,0.001,0.001,0.001,0.001,0.001,0.001,0.0999
B/s40_on,289,seg4,d(item_6),move_to,step,item_6,ac,0.8931,0.8931,0.001,0.001,0.001,0.001,0.001,0.001,0.101
B/s40_on,290,seg4,d(item_6),move_to,step,item_6,ac,0.8919,0.8919,0.001,0.001,0.001,0.001,0.001,0.001,0.1021
B/s40_on,291,seg4,d(item_6),move_to,step,item_6,ac,0.8906,0.8906,0.001,0.001,0.001,0.001,0.001,0.001,0.1034
B/s40_on,292,seg4,d(item_6),move_to,step,item_6,ac,0.8892,0.8892,0.001,0.001,0.001,0.001,0.001,0.001,0.1048
B/s40_on,293,seg4,d(item_6),move_to,step,item_6,ac,0.8877,0.8877,0.001,0.001,0.001,0.001,0.001,0.001,0.1063
B/s40_on,294,seg4,d(item_6),move_to,step,item_6,ac,0.886,0.886,0.001,0.001,0.001,0.001,0.001,0.001,0.108
B/s40_on,295,seg4,d(item_6),move_to,step,item_6,ac,0.8842,0.8842,0.001,0.001,0.001,0.001,0.001,0.001,0.1098
B/s40_on,296,seg4,d(item_6),move_to,step,item_6,ac,0.8821,0.8821,0.001,0.001,0.001,0.001,0.001,0.001,0.1119
B/s40_on,297,seg4,d(item_6),move_to,step,item_6,ac,0.8798,0.8798,0.001,0.001,0.001,0.001,0.001,0.001,0.1142
B/s40_on,298,seg4,d(item_6),move_to,step,item_6,ac,0.8773,0.8773,0.001,0.001,0.001,0.001,0.001,0.001,0.1167
B/s40_on,299,seg4,d(item_6),move_to,step,item_6,ac,0.8744,0.8744,0.001,0.001,0.001,0.001,0.001,0.001,0.1196
B/s40_on,300,seg4,d(item_6),move_to,step,item_6,ac,0.8711,0.8711,0.001,0.001,0.001,0.001,0.001,0.001,0.1229
B/s40_on,301,seg4,d(item_6),move_to,step,item_6,ac,0.8674,0.8674,0.001,0.001,0.001,0.001,0.001,0.001,0.1266
B/s40_on,302,seg4,d(item_6),move_to,step,item_6,ac,0.8632,0.8632,0.001,0.001,0.001,0.001,0.001,0.001,0.1308
B/s40_on,303,seg4,d(item_6),move_to,step,item_6,ac,0.8583,0.8583,0.001,0.001,0.001,0.001,0.001,0.001,0.1357
B/s40_on,304,seg4,d(item_6),move_to,step,item_6,ac,0.8527,0.8527,0.001,0.001,0.001,0.001,0.001,0.001,0.1413
B/s40_on,305,seg4,d(item_6),move_to,step,item_6,ac,0.8461,0.8461,0.001,0.001,0.001,0.001,0.001,0.001,0.1479
B/s40_on,306,seg4,d(item_6),move_to,step,item_6,ac,0.8385,0.8385,0.001,0.001,0.001,0.001,0.001,0.001,0.1555
B/s40_on,307,seg4,d(item_6),move_to,step,item_6,ac,0.8295,0.8295,0.001,0.001,0.001,0.001,0.001,0.001,0.1645
B/s40_on,308,seg4,d(item_6),move_to,step,item_6,ac,0.8189,0.8189,0.001,0.001,0.001,0.001,0.001,0.001,0.1751
B/s40_on,309,seg4,d(item_6),move_to,step,item_6,ac,0.8062,0.8062,0.001,0.001,0.001,0.001,0.001,0.001,0.1878
B/s40_on,310,seg4,d(item_6),move_to,step,item_6,ac,0.7911,0.7911,0.001,0.001,0.001,0.001,0.001,0.001,0.2029
B/s40_on,311,seg4,d(item_6),move_to,step,item_6,ac,0.7731,0.7731,0.001,0.001,0.001,0.001,0.001,0.001,0.2209
B/s40_on,312,seg4,d(item_6),move_to,step,item_6,ac,0.7515,0.7515,0.001,0.001,0.001,0.001,0.001,0.001,0.2425
B/s40_on,313,seg4,d(item_6),move_to,step,item_6,ac,0.7257,0.7257,0.001,0.001,0.001,0.001,0.001,0.001,0.2683
B/s40_on,314,seg4,d(item_6),move_to,step,item_6,ac,0.695,0.695,0.001,0.001,0.001,0.001,0.001,0.001,0.299
B/s40_on,315,seg4,d(item_6),move_to,step,item_6,ac,0.6587,0.6587,0.001,0.001,0.001,0.001,0.001,0.001,0.3353
B/s40_on,316,seg4,d(item_6),move_to,step,item_6,ac,0.6166,0.6166,0.001,0.001,0.001,0.001,0.001,0.001,0.3774
B/s40_on,317,seg4,d(item_6),move_to,step,item_6,ac,0.5684,0.5684,0.001,0.001,0.001,0.001,0.001,0.001,0.4256
B/s40_on,318,seg4,d(item_6),move_to,step,item_6,ac,0.5147,0.5147,0.001,0.001,0.001,0.001,0.001,0.001,0.4793
B/s40_on,319,seg4,d(item_6),move_to,step,item_6,unknown,0.5374,0.4566,0.001,0.001,0.001,0.001,0.001,0.001,0.5374
B/s40_on,320,seg4,d(item_6),move_to,step,item_6,unknown,0.598,0.396,0.001,0.001,0.001,0.001,0.001,0.001,0.598
B/s40_on,321,seg4,d(item_6),move_to,step,item_6,unknown,0.6589,0.3351,0.001,0.001,0.001,0.001,0.001,0.001,0.6589
B/s40_on,322,seg4,d(item_6),move_to,step,item_6,unknown,0.7174,0.2766,0.001,0.001,0.001,0.001,0.001,0.001,0.7174
B/s40_on,323,seg4,d(item_6),move_to,step,item_6,unknown,0.7713,0.2227,0.001,0.001,0.001,0.001,0.001,0.001,0.7713
B/s40_on,324,seg4,d(item_6),move_to,step,item_6,unknown,0.8188,0.1752,0.001,0.001,0.001,0.001,0.001,0.001,0.8188
B/s40_on,325,seg4,d(item_6),move_to,step,item_6,unknown,0.8591,0.1349,0.001,0.001,0.001,0.001,0.001,0.001,0.8591
B/s40_on,326,seg4,d(item_6),move_to,step,item_6,unknown,0.8921,0.1019,0.001,0.001,0.001,0.001,0.001,0.001,0.8921
B/s40_on,327,seg4,d(item_6),move_to,step,item_6,unknown,0.9183,0.0757,0.001,0.001,0.001,0.001,0.001,0.001,0.9183
B/s40_on,328,seg4,d(item_6),move_to,step,item_6,unknown,0.9386,0.0555,0.001,0.001,0.001,0.001,0.001,0.001,0.9386
B/s40_on,329,seg4,d(item_6),move_to,step,item_6,unknown,0.9538,0.0402,0.001,0.001,0.001,0.001,0.001,0.001,0.9538
B/s40_on,330,seg4,d(item_6),move_to,,item_6,unknown,0.9538,0.0402,0.001,0.001,0.001,0.001,0.001,0.001,0.9538
B/s40_on,331,seg4,d(item_6),place,release,,unknown,0.9538,0.0402,0.001,0.001,0.001,0.001,0.001,0.001,0.9538
B/s40_on,332,seg4,d(item_6),place,,,unknown,0.9538,0.0402,0.001,0.001,0.001,0.001,0.001,0.001,0.9538
B/s40_on,333,done,unknown,,,,unknown,0.9538,0.0402,0.001,0.001,0.001,0.001,0.001,0.001,0.9538
B/s40_on,334,done,unknown,,,,unknown,0.9538,0.0402,0.001,0.001,0.001,0.001,0.001,0.001,0.9538
B/s40_on,335,done,unknown,,,,unknown,0.9538,0.0402,0.001,0.001,0.001,0.001,0.001,0.001,0.9538
B/s40_on,336,done,unknown,,,,unknown,0.9538,0.0402,0.001,0.001,0.001,0.001,0.001,0.001,0.9538
B/s40_on,337,done,unknown,,,,unknown,0.9538,0.0402,0.001,0.001,0.001,0.001,0.001,0.001,0.9538
B/s40_on,338,done,unknown,,,,unknown,0.9538,0.0402,0.001,0.001,0.001,0.001,0.001,0.001,0.9538
B/s40_on,339,done,unknown,,,,unknown,0.9538,0.0402,0.001,0.001,0.001,0.001,0.001,0.001,0.9538
B/s40_on,340,done,unknown,,,,unknown,0.9538,0.0402,0.001,0.001,0.001,0.001,0.001,0.001,0.9538
B/s40_on,341,done,unknown,,,,unknown,0.9538,0.0402,0.001,0.001,0.001,0.001,0.001,0.001,0.9538
B/s40_on,342,done,unknown,,,,unknown,0.9538,0.0402,0.001,0.001,0.001,0.001,0.001,0.001,0.9538
B/s40_on,343,done,unknown,,,,unknown,0.9538,0.0402,0.001,0.001,0.001,0.001,0.001,0.001,0.9538
B/s40_on,344,done,unknown,,,,unknown,0.9538,0.0402,0.001,0.001,0.001,0.001,0.001,0.001,0.9538
B/s40_on,345,done,unknown,,,,unknown,0.9538,0.0402,0.001,0.001,0.001,0.001,0.001,0.001,0.9538
B/s40_on,346,done,unknown,,,,unknown,0.9538,0.0402,0.001,0.001,0.001,0.001,0.001,0.001,0.9538
B/s40_on,347,done,unknown,,,,unknown,0.9538,0.0402,0.001,0.001,0.001,0.001,0.001,0.001,0.9538
B/s40_on,348,done,unknown,,,,unknown,0.9538,0.0402,0.001,0.001,0.001,0.001,0.001,0.001,0.9538
B/s40_on,349,done,unknown,,,,unknown,0.9538,0.0402,0.001,0.001,0.001,0.001,0.001,0.001,0.9538
B/s40_on,350,done,unknown,,,,unknown,0.9538,0.0402,0.001,0.001,0.001,0.001,0.001,0.001,0.9538
B/s40_on,351,done,unknown,,,,unknown,0.9538,0.0402,0.001,0.001,0.001,0.001,0.001,0.001,0.9538
B/s40_on,352,done,unknown,,,,unknown,0.9538,0.0402,0.001,0.001,0.001,0.001,0.001,0.001,0.9538
B/s40_on,353,done,unknown,,,,unknown,0.9538,0.0402,0.001,0.001,0.001,0.001,0.001,0.001,0.9538
B/s40_on,354,done,unknown,,,,unknown,0.9538,0.0402,0.001,0.001,0.001,0.001,0.001,0.001,0.9538
B/s40_on,355,done,unknown,,,,unknown,0.9538,0.0402,0.001,0.001,0.001,0.001,0.001,0.001,0.9538
B/s40_on,356,done,unknown,,,,unknown,0.9538,0.0402,0.001,0.001,0.001,0.001,0.001,0.001,0.9538
B/s40_on,357,done,unknown,,,,unknown,0.9538,0.0402,0.001,0.001,0.001,0.001,0.001,0.001,0.9538
B/s40_on,358,done,unknown,,,,unknown,0.9538,0.0402,0.001,0.001,0.001,0.001,0.001,0.001,0.9538
B/s40_on,359,done,unknown,,,,unknown,0.9538,0.0402,0.001,0.001,0.001,0.001,0.001,0.001,0.9538
B/s40_on,360,done,unknown,,,,unknown,0.9538,0.0402,0.001,0.001,0.001,0.001,0.001,0.001,0.9538
B/s40_on,361,done,unknown,,,,unknown,0.9538,0.0402,0.001,0.001,0.001,0.001,0.001,0.001,0.9538
B/s40_on,362,done,unknown,,,,unknown,0.9538,0.0402,0.001,0.001,0.001,0.001,0.001,0.001,0.9538
B/s40_on,363,done,unknown,,,,unknown,0.9538,0.0402,0.001,0.001,0.001,0.001,0.001,0.001,0.9538
B/s40_on,364,done,unknown,,,,unknown,0.9538,0.0402,0.001,0.001,0.001,0.001,0.001,0.001,0.9538
B/s40_on,365,done,unknown,,,,unknown,0.9538,0.0402,0.001,0.001,0.001,0.001,0.001,0.001,0.9538
B/s40_on,366,done,unknown,,,,unknown,0.9538,0.0402,0.001,0.001,0.001,0.001,0.001,0.001,0.9538
B/s40_on,367,done,unknown,,,,unknown,0.9538,0.0402,0.001,0.001,0.001,0.001,0.001,0.001,0.9538
B/s40_on,368,done,unknown,,,,unknown,0.9538,0.0402,0.001,0.001,0.001,0.001,0.001,0.001,0.9538
B/s40_on,369,done,unknown,,,,unknown,0.9538,0.0402,0.001,0.001,0.001,0.001,0.001,0.001,0.9538
B/s40_on,370,done,unknown,,,,unknown,0.9538,0.0402,0.001,0.001,0.001,0.001,0.001,0.001,0.9538
B/s40_on,371,done,unknown,,,,unknown,0.9538,0.0402,0.001,0.001,0.001,0.001,0.001,0.001,0.9538
B/s40_on,372,done,unknown,,,,unknown,0.9538,0.0402,0.001,0.001,0.001,0.001,0.001,0.001,0.9538
B/s40_on,373,done,unknown,,,,unknown,0.9538,0.0402,0.001,0.001,0.001,0.001,0.001,0.001,0.9538
B/s40_on,374,done,unknown,,,,unknown,0.9538,0.0402,0.001,0.001,0.001,0.001,0.001,0.001,0.9538
B/s40_on,375,done,unknown,,,,unknown,0.9538,0.0402,0.001,0.001,0.001,0.001,0.001,0.001,0.9538
B/s40_on,376,done,unknown,,,,unknown,0.9538,0.0402,0.001,0.001,0.001,0.001,0.001,0.001,0.9538
B/s40_on,377,done,unknown,,,,unknown,0.9538,0.0402,0.001,0.001,0.001,0.001,0.001,0.001,0.9538
B/s40_on,378,done,unknown,,,,unknown,0.9538,0.0402,0.001,0.001,0.001,0.001,0.001,0.001,0.9538
C5/s40_off,0,seg1,d(item_3),move_to,step,,d(item_3),0.159,0.1295,0.1531,0.159,0.1347,0.1397,0.1375,0.1306,0.0159
C5/s40_off,1,seg1,d(item_3),move_to,step,,d(item_3),0.1815,0.1162,0.1678,0.1815,0.127,0.1379,0.133,0.1184,0.0181
C5/s40_off,2,seg1,d(item_3),move_to,step,,d(item_3),0.2086,0.1016,0.1846,0.2086,0.1177,0.1348,0.1269,0.105,0.0209
C5/s40_off,3,seg1,d(item_3),move_to,step,,d(item_3),0.2401,0.0865,0.2027,0.2401,0.1068,0.13,0.1191,0.0908,0.024
C5/s40_off,4,seg1,d(item_3),move_to,step,,d(item_3),0.2756,0.0717,0.221,0.2756,0.0947,0.1231,0.1096,0.0766,0.0276
C5/s40_off,5,seg1,d(item_3),move_to,step,,d(item_3),0.3141,0.058,0.2384,0.3141,0.0821,0.1142,0.0986,0.0631,0.0314
C5/s40_off,6,seg1,d(item_3),move_to,step,,d(item_3),0.3546,0.0458,0.2535,0.3546,0.0694,0.1037,0.0867,0.0508,0.0355
C5/s40_off,7,seg1,d(item_3),move_to,step,,d(item_3),0.3957,0.0354,0.2653,0.3957,0.0573,0.092,0.0745,0.04,0.0396
C5/s40_off,8,seg1,d(item_3),move_to,step,,d(item_3),0.4365,0.0269,0.273,0.4365,0.0464,0.08,0.0627,0.0309,0.0436
C5/s40_off,9,seg1,d(item_3),move_to,step,,d(item_3),0.476,0.02,0.2763,0.476,0.0368,0.0681,0.0517,0.0235,0.0476
C5/s40_off,10,seg1,d(item_3),move_to,step,,d(item_3),0.5136,0.0147,0.2751,0.5136,0.0287,0.057,0.0419,0.0176,0.0514
C5/s40_off,11,seg1,d(item_3),move_to,step,,d(item_3),0.5492,0.0107,0.2698,0.5492,0.0221,0.047,0.0334,0.013,0.0549
C5/s40_off,12,seg1,d(item_3),move_to,step,,d(item_3),0.5825,0.0077,0.2608,0.5825,0.0168,0.0382,0.0263,0.0095,0.0582
C5/s40_off,13,seg1,d(item_3),move_to,step,,d(item_3),0.6137,0.0055,0.2488,0.6137,0.0126,0.0307,0.0205,0.0069,0.0614
C5/s40_off,14,seg1,d(item_3),move_to,step,,d(item_3),0.6428,0.0039,0.2344,0.6428,0.0094,0.0244,0.0158,0.0049,0.0643
C5/s40_off,15,seg1,d(item_3),move_to,step,,d(item_3),0.6702,0.0027,0.2183,0.6702,0.0069,0.0192,0.0121,0.0035,0.067
C5/s40_off,16,seg1,d(item_3),move_to,step,,d(item_3),0.6958,0.0019,0.2009,0.6958,0.0051,0.0151,0.0092,0.0025,0.0696
C5/s40_off,17,seg1,d(item_3),move_to,step,,d(item_3),0.7197,0.0013,0.1828,0.7197,0.0037,0.0117,0.0069,0.0018,0.072
C5/s40_off,18,seg1,d(item_3),move_to,step,,d(item_3),0.742,0.001,0.1646,0.742,0.0027,0.009,0.0052,0.0013,0.0742
C5/s40_off,19,seg1,d(item_3),move_to,step,,d(item_3),0.7624,0.001,0.1466,0.7624,0.002,0.0069,0.0039,0.001,0.0762
C5/s40_off,20,seg1,d(item_3),move_to,step,,d(item_3),0.7812,0.001,0.1291,0.7812,0.0014,0.0053,0.0029,0.001,0.0781
C5/s40_off,21,seg1,d(item_3),move_to,step,,d(item_3),0.7984,0.001,0.1126,0.7984,0.001,0.004,0.0021,0.001,0.0798
C5/s40_off,22,seg1,d(item_3),move_to,step,,d(item_3),0.8139,0.001,0.0972,0.8139,0.001,0.003,0.0016,0.001,0.0814
C5/s40_off,23,seg1,d(item_3),move_to,step,,d(item_3),0.8278,0.001,0.083,0.8278,0.001,0.0023,0.0011,0.001,0.0828
C5/s40_off,24,seg1,d(item_3),move_to,step,,d(item_3),0.8401,0.001,0.0702,0.8401,0.001,0.0017,0.001,0.001,0.084
C5/s40_off,25,seg1,d(item_3),move_to,step,,d(item_3),0.8508,0.001,0.0588,0.8508,0.001,0.0013,0.001,0.001,0.0851
C5/s40_off,26,seg1,d(item_3),move_to,step,,d(item_3),0.8602,0.001,0.0488,0.8602,0.001,0.001,0.001,0.001,0.086
C5/s40_off,27,seg1,d(item_3),move_to,step,,d(item_3),0.8681,0.001,0.0401,0.8681,0.001,0.001,0.001,0.001,0.0868
C5/s40_off,28,seg1,d(item_3),move_to,step,,d(item_3),0.8748,0.001,0.0327,0.8748,0.001,0.001,0.001,0.001,0.0875
C5/s40_off,29,seg1,d(item_3),move_to,step,,d(item_3),0.8805,0.001,0.0265,0.8805,0.001,0.001,0.001,0.001,0.0881
C5/s40_off,30,seg1,d(item_3),move_to,step,,d(item_3),0.8853,0.001,0.0212,0.8853,0.001,0.001,0.001,0.001,0.0885
C5/s40_off,31,seg1,d(item_3),move_to,step,,d(item_3),0.8892,0.001,0.0169,0.8892,0.001,0.001,0.001,0.001,0.0889
C5/s40_off,32,seg1,d(item_3),move_to,step,,d(item_3),0.8924,0.001,0.0134,0.8924,0.001,0.001,0.001,0.001,0.0892
C5/s40_off,33,seg1,d(item_3),move_to,step,,d(item_3),0.895,0.001,0.0105,0.895,0.001,0.001,0.001,0.001,0.0895
C5/s40_off,34,seg1,d(item_3),move_to,step,,d(item_3),0.8971,0.001,0.0082,0.8971,0.001,0.001,0.001,0.001,0.0897
C5/s40_off,35,seg1,d(item_3),move_to,step,,d(item_3),0.8988,0.001,0.0063,0.8988,0.001,0.001,0.001,0.001,0.0899
C5/s40_off,36,seg1,d(item_3),move_to,step,,d(item_3),0.9001,0.001,0.0049,0.9001,0.001,0.001,0.001,0.001,0.09
C5/s40_off,37,seg1,d(item_3),move_to,step,,d(item_3),0.9012,0.001,0.0037,0.9012,0.001,0.001,0.001,0.001,0.0901
C5/s40_off,38,seg1,d(item_3),move_to,step,,d(item_3),0.902,0.001,0.0028,0.902,0.001,0.001,0.001,0.001,0.0902
C5/s40_off,39,seg1,d(item_3),move_to,step,,d(item_3),0.9026,0.001,0.0021,0.9026,0.001,0.001,0.001,0.001,0.0903
C5/s40_off,40,seg1,d(item_3),move_to,step,,d(item_3),0.9031,0.001,0.0016,0.9031,0.001,0.001,0.001,0.001,0.0903
C5/s40_off,41,seg1,d(item_3),move_to,step,,d(item_3),0.9035,0.001,0.0012,0.9035,0.001,0.001,0.001,0.001,0.0903
C5/s40_off,42,seg1,d(item_3),move_to,step,,d(item_3),0.9037,0.001,0.001,0.9037,0.001,0.001,0.001,0.001,0.0904
C5/s40_off,43,seg1,d(item_3),move_to,step,,d(item_3),0.9037,0.001,0.001,0.9037,0.001,0.001,0.001,0.001,0.0904
C5/s40_off,44,seg1,d(item_3),move_to,step,,d(item_3),0.9037,0.001,0.001,0.9037,0.001,0.001,0.001,0.001,0.0904
C5/s40_off,45,seg1,d(item_3),move_to,step,,d(item_3),0.9037,0.001,0.001,0.9037,0.001,0.001,0.001,0.001,0.0904
C5/s40_off,46,seg1,d(item_3),move_to,step,,d(item_3),0.9037,0.001,0.001,0.9037,0.001,0.001,0.001,0.001,0.0904
C5/s40_off,47,seg1,d(item_3),move_to,step,,d(item_3),0.9037,0.001,0.001,0.9037,0.001,0.001,0.001,0.001,0.0904
C5/s40_off,48,seg1,d(item_3),move_to,step,,d(item_3),0.9037,0.001,0.001,0.9037,0.001,0.001,0.001,0.001,0.0904
C5/s40_off,49,seg1,d(item_3),move_to,step,,d(item_3),0.9037,0.001,0.001,0.9037,0.001,0.001,0.001,0.001,0.0904
C5/s40_off,50,seg1,d(item_3),move_to,step,,d(item_3),0.9037,0.001,0.001,0.9037,0.001,0.001,0.001,0.001,0.0904
C5/s40_off,51,seg1,d(item_3),move_to,step,,d(item_3),0.9037,0.001,0.001,0.9037,0.001,0.001,0.001,0.001,0.0904
C5/s40_off,52,seg1,d(item_3),move_to,step,,d(item_3),0.9037,0.001,0.001,0.9037,0.001,0.001,0.001,0.001,0.0904
C5/s40_off,53,seg1,d(item_3),move_to,step,,d(item_3),0.9037,0.001,0.001,0.9037,0.001,0.001,0.001,0.001,0.0904
C5/s40_off,54,seg1,d(item_3),move_to,step,,d(item_3),0.9037,0.001,0.001,0.9037,0.001,0.001,0.001,0.001,0.0904
C5/s40_off,55,seg1,d(item_3),move_to,step,,d(item_3),0.9037,0.001,0.001,0.9037,0.001,0.001,0.001,0.001,0.0904
C5/s40_off,56,seg1,d(item_3),move_to,step,,d(item_3),0.9037,0.001,0.001,0.9037,0.001,0.001,0.001,0.001,0.0904
C5/s40_off,57,seg1,d(item_3),move_to,step,,d(item_3),0.9037,0.001,0.001,0.9037,0.001,0.001,0.001,0.001,0.0904
C5/s40_off,58,seg1,d(item_3),move_to,step,,d(item_3),0.9037,0.001,0.001,0.9037,0.001,0.001,0.001,0.001,0.0904
C5/s40_off,59,seg1,d(item_3),move_to,,,d(item_3),0.9037,0.001,0.001,0.9037,0.001,0.001,0.001,0.001,0.0904
C5/s40_off,60,seg1,d(item_3),pick_up,grasp,item_3,d(item_3),0.9037,0.001,0.001,0.9037,0.001,0.001,0.001,0.001,0.0904
C5/s40_off,61,seg1,d(item_3),pick_up,,item_3,d(item_3),0.9037,0.001,0.001,0.9037,0.001,0.001,0.001,0.001,0.0904
C5/s40_off,62,seg1,d(item_3),move_to,step,item_3,d(item_3),0.9037,0.001,0.001,0.9037,0.001,0.001,0.001,0.001,0.0904
C5/s40_off,63,seg1,d(item_3),move_to,step,item_3,d(item_3),0.9037,0.001,0.001,0.9037,0.001,0.001,0.001,0.001,0.0904
C5/s40_off,64,seg1,d(item_3),move_to,step,item_3,d(item_3),0.9037,0.001,0.001,0.9037,0.001,0.001,0.001,0.001,0.0904
C5/s40_off,65,seg1,d(item_3),move_to,step,item_3,d(item_3),0.9037,0.001,0.001,0.9037,0.001,0.001,0.001,0.001,0.0904
C5/s40_off,66,seg1,d(item_3),move_to,step,item_3,d(item_3),0.9037,0.001,0.001,0.9037,0.001,0.001,0.001,0.001,0.0904
C5/s40_off,67,seg1,d(item_3),move_to,step,item_3,d(item_3),0.9037,0.001,0.001,0.9037,0.001,0.001,0.001,0.001,0.0904
C5/s40_off,68,seg1,d(item_3),move_to,step,item_3,d(item_3),0.9037,0.001,0.001,0.9037,0.001,0.001,0.001,0.001,0.0904
C5/s40_off,69,seg1,d(item_3),move_to,step,item_3,d(item_3),0.9037,0.001,0.001,0.9037,0.001,0.001,0.001,0.001,0.0904
C5/s40_off,70,seg1,d(item_3),move_to,step,item_3,d(item_3),0.9037,0.001,0.001,0.9037,0.001,0.001,0.001,0.001,0.0904
C5/s40_off,71,seg1,d(item_3),move_to,step,item_3,d(item_3),0.9037,0.001,0.001,0.9037,0.001,0.001,0.001,0.001,0.0904
C5/s40_off,72,seg1,d(item_3),move_to,step,item_3,d(item_3),0.9037,0.001,0.001,0.9037,0.001,0.001,0.001,0.001,0.0904
C5/s40_off,73,seg1,d(item_3),move_to,step,item_3,d(item_3),0.9037,0.001,0.001,0.9037,0.001,0.001,0.001,0.001,0.0904
C5/s40_off,74,seg1,d(item_3),move_to,step,item_3,d(item_3),0.9037,0.001,0.001,0.9037,0.001,0.001,0.001,0.001,0.0904
C5/s40_off,75,seg1,d(item_3),move_to,step,item_3,d(item_3),0.9037,0.001,0.001,0.9037,0.001,0.001,0.001,0.001,0.0904
C5/s40_off,76,seg1,d(item_3),move_to,step,item_3,d(item_3),0.9037,0.001,0.001,0.9037,0.001,0.001,0.001,0.001,0.0904
C5/s40_off,77,seg1,d(item_3),move_to,step,item_3,d(item_3),0.9037,0.001,0.001,0.9037,0.001,0.001,0.001,0.001,0.0904
C5/s40_off,78,seg1,d(item_3),move_to,step,item_3,d(item_3),0.9037,0.001,0.001,0.9037,0.001,0.001,0.001,0.001,0.0904
C5/s40_off,79,seg1,d(item_3),move_to,step,item_3,d(item_3),0.9037,0.001,0.001,0.9037,0.001,0.001,0.001,0.001,0.0904
C5/s40_off,80,seg1,d(item_3),move_to,step,item_3,d(item_3),0.9037,0.001,0.001,0.9037,0.001,0.001,0.001,0.001,0.0904
C5/s40_off,81,seg1,d(item_3),move_to,step,item_3,d(item_3),0.9037,0.001,0.001,0.9037,0.001,0.001,0.001,0.001,0.0904
C5/s40_off,82,seg1,d(item_3),move_to,step,item_3,d(item_3),0.9037,0.001,0.001,0.9037,0.001,0.001,0.001,0.001,0.0904
C5/s40_off,83,seg1,d(item_3),move_to,step,item_3,d(item_3),0.9037,0.001,0.001,0.9037,0.001,0.001,0.001,0.001,0.0904
C5/s40_off,84,seg1,d(item_3),move_to,step,item_3,d(item_3),0.9037,0.001,0.001,0.9037,0.001,0.001,0.001,0.001,0.0904
C5/s40_off,85,seg1,d(item_3),move_to,step,item_3,d(item_3),0.9037,0.001,0.001,0.9037,0.001,0.001,0.001,0.001,0.0904
C5/s40_off,86,seg1,d(item_3),move_to,step,item_3,d(item_3),0.9037,0.001,0.001,0.9037,0.001,0.001,0.001,0.001,0.0904
C5/s40_off,87,seg1,d(item_3),move_to,step,item_3,d(item_3),0.9037,0.001,0.001,0.9037,0.001,0.001,0.001,0.001,0.0904
C5/s40_off,88,seg1,d(item_3),move_to,step,item_3,d(item_3),0.9037,0.001,0.001,0.9037,0.001,0.001,0.001,0.001,0.0904
C5/s40_off,89,seg1,d(item_3),move_to,step,item_3,d(item_3),0.9037,0.001,0.001,0.9037,0.001,0.001,0.001,0.001,0.0904
C5/s40_off,90,seg1,d(item_3),move_to,step,item_3,d(item_3),0.9037,0.001,0.001,0.9037,0.001,0.001,0.001,0.001,0.0904
C5/s40_off,91,seg1,d(item_3),move_to,step,item_3,d(item_3),0.9037,0.001,0.001,0.9037,0.001,0.001,0.001,0.001,0.0904
C5/s40_off,92,seg1,d(item_3),move_to,step,item_3,d(item_3),0.9037,0.001,0.001,0.9037,0.001,0.001,0.001,0.001,0.0904
C5/s40_off,93,seg1,d(item_3),move_to,step,item_3,d(item_3),0.9037,0.001,0.001,0.9037,0.001,0.001,0.001,0.001,0.0904
C5/s40_off,94,seg1,d(item_3),move_to,step,item_3,d(item_3),0.9037,0.001,0.001,0.9037,0.001,0.001,0.001,0.001,0.0904
C5/s40_off,95,seg1,d(item_3),move_to,step,item_3,d(item_3),0.9037,0.001,0.001,0.9037,0.001,0.001,0.001,0.001,0.0904
C5/s40_off,96,seg1,d(item_3),move_to,step,item_3,d(item_3),0.9037,0.001,0.001,0.9037,0.001,0.001,0.001,0.001,0.0904
C5/s40_off,97,seg1,d(item_3),move_to,step,item_3,d(item_3),0.9037,0.001,0.001,0.9037,0.001,0.001,0.001,0.001,0.0904
C5/s40_off,98,seg1,d(item_3),move_to,step,item_3,d(item_3),0.9037,0.001,0.001,0.9037,0.001,0.001,0.001,0.001,0.0904
C5/s40_off,99,seg1,d(item_3),move_to,step,item_3,d(item_3),0.9037,0.001,0.001,0.9037,0.001,0.001,0.001,0.001,0.0904
C5/s40_off,100,seg1,d(item_3),move_to,step,item_3,d(item_3),0.9037,0.001,0.001,0.9037,0.001,0.001,0.001,0.001,0.0904
C5/s40_off,101,seg1,d(item_3),move_to,step,item_3,d(item_3),0.9037,0.001,0.001,0.9037,0.001,0.001,0.001,0.001,0.0904
C5/s40_off,102,seg1,d(item_3),move_to,step,item_3,d(item_3),0.9037,0.001,0.001,0.9037,0.001,0.001,0.001,0.001,0.0904
C5/s40_off,103,seg1,d(item_3),move_to,step,item_3,d(item_3),0.9037,0.001,0.001,0.9037,0.001,0.001,0.001,0.001,0.0904
C5/s40_off,104,seg1,d(item_3),move_to,step,item_3,d(item_3),0.9037,0.001,0.001,0.9037,0.001,0.001,0.001,0.001,0.0904
C5/s40_off,105,seg1,d(item_3),move_to,step,item_3,d(item_3),0.9037,0.001,0.001,0.9037,0.001,0.001,0.001,0.001,0.0904
C5/s40_off,106,seg1,d(item_3),move_to,step,item_3,d(item_3),0.9037,0.001,0.001,0.9037,0.001,0.001,0.001,0.001,0.0904
C5/s40_off,107,seg1,d(item_3),move_to,step,item_3,d(item_3),0.9037,0.001,0.001,0.9037,0.001,0.001,0.001,0.001,0.0904
C5/s40_off,108,seg1,d(item_3),move_to,step,item_3,d(item_3),0.9037,0.001,0.001,0.9037,0.001,0.001,0.001,0.001,0.0904
C5/s40_off,109,seg1,d(item_3),move_to,step,item_3,d(item_3),0.9037,0.001,0.001,0.9037,0.001,0.001,0.001,0.001,0.0904
C5/s40_off,110,seg1,d(item_3),move_to,step,item_3,d(item_3),0.9037,0.001,0.001,0.9037,0.001,0.001,0.001,0.001,0.0904
C5/s40_off,111,seg1,d(item_3),move_to,step,item_3,d(item_3),0.9037,0.001,0.001,0.9037,0.001,0.001,0.001,0.001,0.0904
C5/s40_off,112,seg1,d(item_3),move_to,step,item_3,d(item_3),0.9037,0.001,0.001,0.9037,0.001,0.001,0.001,0.001,0.0904
C5/s40_off,113,seg1,d(item_3),move_to,step,item_3,d(item_3),0.9037,0.001,0.001,0.9037,0.001,0.001,0.001,0.001,0.0904
C5/s40_off,114,seg1,d(item_3),move_to,,item_3,d(item_3),0.9037,0.001,0.001,0.9037,0.001,0.001,0.001,0.001,0.0904
C5/s40_off,115,seg1,d(item_3),place,release,,unknown,0.993,0.001,0.001,0.001,0.001,0.001,0.001,0.001,0.993
C5/s40_off,116,seg1,d(item_3),place,,,unknown,0.993,0.001,0.001,0.001,0.001,0.001,0.001,0.001,0.993
C5/s40_off,117,seg2,coffee,,,,unknown,0.993,0.001,0.001,0.001,0.001,0.001,0.001,0.001,0.993
C5/s40_off,118,seg2,coffee,move_to,step,,coffee,0.5022,0.4426,0.5022,0.001,0.001,0.001,0.001,0.001,0.0502
C5/s40_off,119,seg2,coffee,move_to,step,,coffee,0.5345,0.4071,0.5345,0.001,0.001,0.001,0.001,0.001,0.0534
C5/s40_off,120,seg2,coffee,move_to,step,,coffee,0.5701,0.3679,0.5701,0.001,0.001,0.001,0.001,0.001,0.057
C5/s40_off,121,seg2,coffee,move_to,step,,coffee,0.6084,0.3258,0.6084,0.001,0.001,0.001,0.001,0.001,0.0608
C5/s40_off,122,seg2,coffee,move_to,step,,coffee,0.6479,0.2824,0.6479,0.001,0.001,0.001,0.001,0.001,0.0648
C5/s40_off,123,seg2,coffee,move_to,step,,coffee,0.6871,0.2392,0.6871,0.001,0.001,0.001,0.001,0.001,0.0687
C5/s40_off,124,seg2,coffee,move_to,step,,coffee,0.7246,0.198,0.7246,0.001,0.001,0.001,0.001,0.001,0.0725
C5/s40_off,125,seg2,coffee,move_to,step,,coffee,0.7589,0.1602,0.7589,0.001,0.001,0.001,0.001,0.001,0.0759
C5/s40_off,126,seg2,coffee,move_to,step,,coffee,0.7892,0.1269,0.7892,0.001,0.001,0.001,0.001,0.001,0.0789
C5/s40_off,127,seg2,coffee,move_to,step,,coffee,0.8149,0.0986,0.8149,0.001,0.001,0.001,0.001,0.001,0.0815
C5/s40_off,128,seg2,coffee,move_to,step,,coffee,0.8361,0.0754,0.8361,0.001,0.001,0.001,0.001,0.001,0.0836
C5/s40_off,129,seg2,coffee,move_to,step,,coffee,0.853,0.0567,0.853,0.001,0.001,0.001,0.001,0.001,0.0853
C5/s40_off,130,seg2,coffee,move_to,step,,coffee,0.8662,0.0422,0.8662,0.001,0.001,0.001,0.001,0.001,0.0866
C5/s40_off,131,seg2,coffee,move_to,step,,coffee,0.8764,0.031,0.8764,0.001,0.001,0.001,0.001,0.001,0.0876
C5/s40_off,132,seg2,coffee,move_to,step,,coffee,0.884,0.0226,0.884,0.001,0.001,0.001,0.001,0.001,0.0884
C5/s40_off,133,seg2,coffee,move_to,step,,coffee,0.8897,0.0163,0.8897,0.001,0.001,0.001,0.001,0.001,0.089
C5/s40_off,134,seg2,coffee,move_to,step,,coffee,0.8939,0.0117,0.8939,0.001,0.001,0.001,0.001,0.001,0.0894
C5/s40_off,135,seg2,coffee,move_to,step,,coffee,0.8969,0.0084,0.8969,0.001,0.001,0.001,0.001,0.001,0.0897
C5/s40_off,136,seg2,coffee,move_to,step,,coffee,0.8991,0.006,0.8991,0.001,0.001,0.001,0.001,0.001,0.0899
C5/s40_off,137,seg2,coffee,move_to,step,,coffee,0.9007,0.0042,0.9007,0.001,0.001,0.001,0.001,0.001,0.0901
C5/s40_off,138,seg2,coffee,move_to,step,,coffee,0.9019,0.003,0.9019,0.001,0.001,0.001,0.001,0.001,0.0902
C5/s40_off,139,seg2,coffee,move_to,step,,coffee,0.9027,0.0021,0.9027,0.001,0.001,0.001,0.001,0.001,0.0903
C5/s40_off,140,seg2,coffee,move_to,step,,coffee,0.9032,0.0015,0.9032,0.001,0.001,0.001,0.001,0.001,0.0903
C5/s40_off,141,seg2,coffee,move_to,step,,coffee,0.9036,0.001,0.9036,0.001,0.001,0.001,0.001,0.001,0.0904
C5/s40_off,142,seg2,coffee,move_to,step,,coffee,0.9037,0.001,0.9037,0.001,0.001,0.001,0.001,0.001,0.0904
C5/s40_off,143,seg2,coffee,move_to,step,,coffee,0.9037,0.001,0.9037,0.001,0.001,0.001,0.001,0.001,0.0904
C5/s40_off,144,seg2,coffee,move_to,step,,coffee,0.9037,0.001,0.9037,0.001,0.001,0.001,0.001,0.001,0.0904
C5/s40_off,145,seg2,coffee,move_to,step,,coffee,0.9037,0.001,0.9037,0.001,0.001,0.001,0.001,0.001,0.0904
C5/s40_off,146,seg2,coffee,move_to,step,,coffee,0.9037,0.001,0.9037,0.001,0.001,0.001,0.001,0.001,0.0904
C5/s40_off,147,seg2,coffee,move_to,step,,coffee,0.9037,0.001,0.9037,0.001,0.001,0.001,0.001,0.001,0.0904
C5/s40_off,148,seg2,coffee,move_to,step,,coffee,0.9037,0.001,0.9037,0.001,0.001,0.001,0.001,0.001,0.0904
C5/s40_off,149,seg2,coffee,move_to,step,,coffee,0.9037,0.001,0.9037,0.001,0.001,0.001,0.001,0.001,0.0904
C5/s40_off,150,seg2,coffee,move_to,step,,coffee,0.9037,0.001,0.9037,0.001,0.001,0.001,0.001,0.001,0.0904
C5/s40_off,151,seg2,coffee,move_to,step,,coffee,0.9037,0.001,0.9037,0.001,0.001,0.001,0.001,0.001,0.0904
C5/s40_off,152,seg2,coffee,move_to,step,,coffee,0.9037,0.001,0.9037,0.001,0.001,0.001,0.001,0.001,0.0904
C5/s40_off,153,seg2,coffee,move_to,step,,coffee,0.9037,0.001,0.9037,0.001,0.001,0.001,0.001,0.001,0.0904
C5/s40_off,154,seg2,coffee,move_to,,,coffee,0.9037,0.001,0.9037,0.001,0.001,0.001,0.001,0.001,0.0904
C5/s40_off,155,seg2,coffee,wait_at,stand,,coffee,0.9037,0.001,0.9037,0.001,0.001,0.001,0.001,0.001,0.0904
C5/s40_off,156,seg2,coffee,wait_at,stand,,coffee,0.9037,0.001,0.9037,0.001,0.001,0.001,0.001,0.001,0.0904
C5/s40_off,157,seg2,coffee,wait_at,stand,,coffee,0.9037,0.001,0.9037,0.001,0.001,0.001,0.001,0.001,0.0904
C5/s40_off,158,seg2,coffee,wait_at,stand,,ac,0.4738,0.4738,0.4738,0.001,0.001,0.001,0.001,0.001,0.0474
C5/s40_off,159,seg2,coffee,wait_at,stand,,ac,0.4738,0.4738,0.4738,0.001,0.001,0.001,0.001,0.001,0.0474
C5/s40_off,160,seg2,coffee,wait_at,stand,,ac,0.4738,0.4738,0.4738,0.001,0.001,0.001,0.001,0.001,0.0474
C5/s40_off,161,seg2,coffee,wait_at,stand,,ac,0.4738,0.4738,0.4738,0.001,0.001,0.001,0.001,0.001,0.0474
C5/s40_off,162,seg2,coffee,wait_at,stand,,ac,0.4738,0.4738,0.4738,0.001,0.001,0.001,0.001,0.001,0.0474
C5/s40_off,163,seg2,coffee,wait_at,stand,,ac,0.4738,0.4738,0.4738,0.001,0.001,0.001,0.001,0.001,0.0474
C5/s40_off,164,seg2,coffee,wait_at,stand,,ac,0.4738,0.4738,0.4738,0.001,0.001,0.001,0.001,0.001,0.0474
C5/s40_off,165,seg2,coffee,wait_at,stand,,ac,0.4738,0.4738,0.4738,0.001,0.001,0.001,0.001,0.001,0.0474
C5/s40_off,166,seg2,coffee,wait_at,stand,,ac,0.4738,0.4738,0.4738,0.001,0.001,0.001,0.001,0.001,0.0474
C5/s40_off,167,seg2,coffee,wait_at,stand,,ac,0.4738,0.4738,0.4738,0.001,0.001,0.001,0.001,0.001,0.0474
C5/s40_off,168,seg2,coffee,wait_at,stand,,ac,0.4738,0.4738,0.4738,0.001,0.001,0.001,0.001,0.001,0.0474
C5/s40_off,169,seg2,coffee,wait_at,stand,,ac,0.4738,0.4738,0.4738,0.001,0.001,0.001,0.001,0.001,0.0474
C5/s40_off,170,seg2,coffee,wait_at,stand,,ac,0.4738,0.4738,0.4738,0.001,0.001,0.001,0.001,0.001,0.0474
C5/s40_off,171,seg2,coffee,wait_at,stand,,ac,0.4738,0.4738,0.4738,0.001,0.001,0.001,0.001,0.001,0.0474
C5/s40_off,172,seg2,coffee,wait_at,stand,,ac,0.4738,0.4738,0.4738,0.001,0.001,0.001,0.001,0.001,0.0474
C5/s40_off,173,seg2,coffee,wait_at,stand,,ac,0.4738,0.4738,0.4738,0.001,0.001,0.001,0.001,0.001,0.0474
C5/s40_off,174,seg2,coffee,wait_at,stand,,ac,0.4738,0.4738,0.4738,0.001,0.001,0.001,0.001,0.001,0.0474
C5/s40_off,175,seg2,coffee,wait_at,stand,,ac,0.4738,0.4738,0.4738,0.001,0.001,0.001,0.001,0.001,0.0474
C5/s40_off,176,seg2,coffee,wait_at,stand,,ac,0.4738,0.4738,0.4738,0.001,0.001,0.001,0.001,0.001,0.0474
C5/s40_off,177,seg2,coffee,wait_at,stand,,ac,0.4738,0.4738,0.4738,0.001,0.001,0.001,0.001,0.001,0.0474
C5/s40_off,178,seg2,coffee,wait_at,stand,,ac,0.4738,0.4738,0.4738,0.001,0.001,0.001,0.001,0.001,0.0474
C5/s40_off,179,seg2,coffee,wait_at,stand,,ac,0.4738,0.4738,0.4738,0.001,0.001,0.001,0.001,0.001,0.0474
C5/s40_off,180,seg2,coffee,wait_at,stand,,ac,0.4738,0.4738,0.4738,0.001,0.001,0.001,0.001,0.001,0.0474
C5/s40_off,181,seg2,coffee,wait_at,stand,,ac,0.4738,0.4738,0.4738,0.001,0.001,0.001,0.001,0.001,0.0474
C5/s40_off,182,seg2,coffee,wait_at,stand,,ac,0.4738,0.4738,0.4738,0.001,0.001,0.001,0.001,0.001,0.0474
C5/s40_off,183,seg2,coffee,wait_at,stand,,ac,0.4738,0.4738,0.4738,0.001,0.001,0.001,0.001,0.001,0.0474
C5/s40_off,184,seg2,coffee,wait_at,stand,,ac,0.9037,0.9037,0.001,0.001,0.001,0.001,0.001,0.001,0.0904
C5/s40_off,185,seg2,coffee,wait_at,,,ac,0.9037,0.9037,0.001,0.001,0.001,0.001,0.001,0.001,0.0904
C5/s40_off,186,seg3a,unknown,,,,ac,0.9037,0.9037,0.001,0.001,0.001,0.001,0.001,0.001,0.0904
C5/s40_off,187,seg3a,unknown,move_to,step,,ac,0.8997,0.8997,0.001,0.001,0.001,0.001,0.001,0.001,0.0944
C5/s40_off,188,seg3a,unknown,move_to,step,,ac,0.8951,0.8951,0.001,0.001,0.001,0.001,0.001,0.001,0.0989
C5/s40_off,189,seg3a,unknown,move_to,step,,ac,0.89,0.89,0.001,0.001,0.001,0.001,0.001,0.001,0.104
C5/s40_off,190,seg3a,unknown,move_to,step,,ac,0.8843,0.8843,0.001,0.001,0.001,0.001,0.001,0.001,0.1097
C5/s40_off,191,seg3a,unknown,move_to,step,,ac,0.8777,0.8777,0.001,0.001,0.001,0.001,0.001,0.001,0.1163
C5/s40_off,192,seg3a,unknown,move_to,step,,ac,0.8703,0.8703,0.001,0.001,0.001,0.001,0.001,0.001,0.1237
C5/s40_off,193,seg3a,unknown,move_to,step,,ac,0.8618,0.8618,0.001,0.001,0.001,0.001,0.001,0.001,0.1322
C5/s40_off,194,seg3a,unknown,move_to,step,,ac,0.8522,0.8522,0.001,0.001,0.001,0.001,0.001,0.001,0.1418
C5/s40_off,195,seg3a,unknown,move_to,step,,ac,0.8413,0.8413,0.001,0.001,0.001,0.001,0.001,0.001,0.1528
C5/s40_off,196,seg3a,unknown,move_to,step,,ac,0.8288,0.8288,0.001,0.001,0.001,0.001,0.001,0.001,0.1653
C5/s40_off,197,seg3a,unknown,move_to,step,,ac,0.8145,0.8145,0.001,0.001,0.001,0.001,0.001,0.001,0.1795
C5/s40_off,198,seg3a,unknown,move_to,step,,ac,0.7983,0.7983,0.001,0.001,0.001,0.001,0.001,0.001,0.1957
C5/s40_off,199,seg3a,unknown,move_to,step,,ac,0.7799,0.7799,0.001,0.001,0.001,0.001,0.001,0.001,0.2141
C5/s40_off,200,seg3a,unknown,move_to,step,,ac,0.7591,0.7591,0.001,0.001,0.001,0.001,0.001,0.001,0.235
C5/s40_off,201,seg3a,unknown,move_to,step,,ac,0.7355,0.7355,0.001,0.001,0.001,0.001,0.001,0.001,0.2585
C5/s40_off,202,seg3a,unknown,move_to,step,,ac,0.7091,0.7091,0.001,0.001,0.001,0.001,0.001,0.001,0.2849
C5/s40_off,203,seg3a,unknown,move_to,step,,ac,0.6796,0.6796,0.001,0.001,0.001,0.001,0.001,0.001,0.3144
C5/s40_off,204,seg3a,unknown,move_to,step,,ac,0.647,0.647,0.001,0.001,0.001,0.001,0.001,0.001,0.347
C5/s40_off,205,seg3a,unknown,move_to,step,,ac,0.6112,0.6112,0.001,0.001,0.001,0.001,0.001,0.001,0.3828
C5/s40_off,206,seg3a,unknown,move_to,,,ac,0.6112,0.6112,0.001,0.001,0.001,0.001,0.001,0.001,0.3828
C5/s40_off,207,seg3a,unknown,wait_at,stand,,ac,0.6112,0.6112,0.001,0.001,0.001,0.001,0.001,0.001,0.3828
C5/s40_off,208,seg3a,unknown,wait_at,,,ac,0.6112,0.6112,0.001,0.001,0.001,0.001,0.001,0.001,0.3828
C5/s40_off,209,seg3b,unknown,,,,ac,0.6112,0.6112,0.001,0.001,0.001,0.001,0.001,0.001,0.3828
C5/s40_off,210,seg3b,unknown,move_to,step,,ac,0.8842,0.8842,0.001,0.001,0.001,0.001,0.001,0.001,0.1098
C5/s40_off,211,seg3b,unknown,move_to,step,,ac,0.8568,0.8568,0.001,0.001,0.001,0.001,0.001,0.001,0.1372
C5/s40_off,212,seg3b,unknown,move_to,step,,ac,0.8191,0.8191,0.001,0.001,0.001,0.001,0.001,0.001,0.1749
C5/s40_off,213,seg3b,unknown,move_to,step,,ac,0.7689,0.7689,0.001,0.001,0.001,0.001,0.001,0.001,0.2251
C5/s40_off,214,seg3b,unknown,move_to,step,,ac,0.7046,0.7046,0.001,0.001,0.001,0.001,0.001,0.001,0.2894
C5/s40_off,215,seg3b,unknown,move_to,step,,ac,0.6268,0.6268,0.001,0.001,0.001,0.001,0.001,0.001,0.3672
C5/s40_off,216,seg3b,unknown,move_to,step,,ac,0.5384,0.5384,0.001,0.001,0.001,0.001,0.001,0.001,0.4556
C5/s40_off,217,seg3b,unknown,move_to,step,,unknown,0.5489,0.4451,0.001,0.001,0.001,0.001,0.001,0.001,0.5489
C5/s40_off,218,seg3b,unknown,move_to,step,,unknown,0.6401,0.3539,0.001,0.001,0.001,0.001,0.001,0.001,0.6401
C5/s40_off,219,seg3b,unknown,move_to,step,,unknown,0.7228,0.2712,0.001,0.001,0.001,0.001,0.001,0.001,0.7228
C5/s40_off,220,seg3b,unknown,move_to,step,,unknown,0.7927,0.2013,0.001,0.001,0.001,0.001,0.001,0.001,0.7927
C5/s40_off,221,seg3b,unknown,move_to,step,,unknown,0.8485,0.1455,0.001,0.001,0.001,0.001,0.001,0.001,0.8485
C5/s40_off,222,seg3b,unknown,move_to,step,,unknown,0.891,0.103,0.001,0.001,0.001,0.001,0.001,0.001,0.891
C5/s40_off,223,seg3b,unknown,move_to,step,,unknown,0.9222,0.0718,0.001,0.001,0.001,0.001,0.001,0.001,0.9222
C5/s40_off,224,seg3b,unknown,move_to,step,,unknown,0.9445,0.0495,0.001,0.001,0.001,0.001,0.001,0.001,0.9445
C5/s40_off,225,seg3b,unknown,move_to,step,,unknown,0.9601,0.0339,0.001,0.001,0.001,0.001,0.001,0.001,0.9601
C5/s40_off,226,seg3b,unknown,move_to,step,,unknown,0.971,0.023,0.001,0.001,0.001,0.001,0.001,0.001,0.971
C5/s40_off,227,seg3b,unknown,move_to,,,unknown,0.971,0.023,0.001,0.001,0.001,0.001,0.001,0.001,0.971
C5/s40_off,228,seg3b,unknown,wait_at,stand,,unknown,0.971,0.023,0.001,0.001,0.001,0.001,0.001,0.001,0.971
C5/s40_off,229,seg3b,unknown,wait_at,,,unknown,0.971,0.023,0.001,0.001,0.001,0.001,0.001,0.001,0.971
C5/s40_off,230,seg4,d(item_6),,,,unknown,0.971,0.023,0.001,0.001,0.001,0.001,0.001,0.001,0.971
C5/s40_off,231,seg4,d(item_6),move_to,step,,ac,0.9002,0.9002,0.001,0.001,0.001,0.001,0.001,0.001,0.0938
C5/s40_off,232,seg4,d(item_6),move_to,step,,ac,0.8964,0.8964,0.001,0.001,0.001,0.001,0.001,0.001,0.0976
C5/s40_off,233,seg4,d(item_6),move_to,step,,ac,0.8921,0.8921,0.001,0.001,0.001,0.001,0.001,0.001,0.1019
C5/s40_off,234,seg4,d(item_6),move_to,step,,ac,0.8874,0.8874,0.001,0.001,0.001,0.001,0.001,0.001,0.1066
C5/s40_off,235,seg4,d(item_6),move_to,step,,ac,0.8821,0.8821,0.001,0.001,0.001,0.001,0.001,0.001,0.1119
C5/s40_off,236,seg4,d(item_6),move_to,step,,ac,0.8762,0.8762,0.001,0.001,0.001,0.001,0.001,0.001,0.1178
C5/s40_off,237,seg4,d(item_6),move_to,step,,ac,0.8697,0.8697,0.001,0.001,0.001,0.001,0.001,0.001,0.1244
C5/s40_off,238,seg4,d(item_6),move_to,step,,ac,0.8623,0.8623,0.001,0.001,0.001,0.001,0.001,0.001,0.1317
C5/s40_off,239,seg4,d(item_6),move_to,step,,ac,0.8541,0.8541,0.001,0.001,0.001,0.001,0.001,0.001,0.1399
C5/s40_off,240,seg4,d(item_6),move_to,step,,ac,0.8449,0.8449,0.001,0.001,0.001,0.001,0.001,0.001,0.1492
C5/s40_off,241,seg4,d(item_6),move_to,step,,ac,0.8345,0.8345,0.001,0.001,0.001,0.001,0.001,0.001,0.1595
C5/s40_off,242,seg4,d(item_6),move_to,step,,ac,0.823,0.823,0.001,0.001,0.001,0.001,0.001,0.001,0.171
C5/s40_off,243,seg4,d(item_6),move_to,step,,ac,0.81,0.81,0.001,0.001,0.001,0.001,0.001,0.001,0.184
C5/s40_off,244,seg4,d(item_6),move_to,step,,ac,0.7955,0.7955,0.001,0.001,0.001,0.001,0.001,0.001,0.1985
C5/s40_off,245,seg4,d(item_6),move_to,step,,ac,0.7793,0.7793,0.001,0.001,0.001,0.001,0.001,0.001,0.2147
C5/s40_off,246,seg4,d(item_6),move_to,step,,ac,0.7612,0.7612,0.001,0.001,0.001,0.001,0.001,0.001,0.2328
C5/s40_off,247,seg4,d(item_6),move_to,step,,ac,0.7411,0.7411,0.001,0.001,0.001,0.001,0.001,0.001,0.2529
C5/s40_off,248,seg4,d(item_6),move_to,step,,ac,0.7188,0.7188,0.001,0.001,0.001,0.001,0.001,0.001,0.2752
C5/s40_off,249,seg4,d(item_6),move_to,step,,ac,0.6942,0.6942,0.001,0.001,0.001,0.001,0.001,0.001,0.2998
C5/s40_off,250,seg4,d(item_6),move_to,step,,ac,0.6672,0.6672,0.001,0.001,0.001,0.001,0.001,0.001,0.3269
C5/s40_off,251,seg4,d(item_6),move_to,step,,ac,0.6377,0.6377,0.001,0.001,0.001,0.001,0.001,0.001,0.3563
C5/s40_off,252,seg4,d(item_6),move_to,step,,ac,0.6058,0.6058,0.001,0.001,0.001,0.001,0.001,0.001,0.3882
C5/s40_off,253,seg4,d(item_6),move_to,step,,ac,0.5716,0.5716,0.001,0.001,0.001,0.001,0.001,0.001,0.4224
C5/s40_off,254,seg4,d(item_6),move_to,step,,ac,0.5354,0.5354,0.001,0.001,0.001,0.001,0.001,0.001,0.4587
C5/s40_off,255,seg4,d(item_6),move_to,step,,ac,0.4973,0.4973,0.001,0.001,0.001,0.001,0.001,0.001,0.4967
C5/s40_off,256,seg4,d(item_6),move_to,step,,unknown,0.5361,0.4579,0.001,0.001,0.001,0.001,0.001,0.001,0.5361
C5/s40_off,257,seg4,d(item_6),move_to,step,,unknown,0.5763,0.4177,0.001,0.001,0.001,0.001,0.001,0.001,0.5763
C5/s40_off,258,seg4,d(item_6),move_to,step,,unknown,0.6167,0.3773,0.001,0.001,0.001,0.001,0.001,0.001,0.6167
C5/s40_off,259,seg4,d(item_6),move_to,step,,unknown,0.6567,0.3374,0.001,0.001,0.001,0.001,0.001,0.001,0.6567
C5/s40_off,260,seg4,d(item_6),move_to,step,,unknown,0.6955,0.2985,0.001,0.001,0.001,0.001,0.001,0.001,0.6955
C5/s40_off,261,seg4,d(item_6),move_to,step,,unknown,0.7327,0.2613,0.001,0.001,0.001,0.001,0.001,0.001,0.7327
C5/s40_off,262,seg4,d(item_6),move_to,step,,unknown,0.7677,0.2263,0.001,0.001,0.001,0.001,0.001,0.001,0.7677
C5/s40_off,263,seg4,d(item_6),move_to,step,,unknown,0.8,0.194,0.001,0.001,0.001,0.001,0.001,0.001,0.8
C5/s40_off,264,seg4,d(item_6),move_to,step,,unknown,0.8294,0.1646,0.001,0.001,0.001,0.001,0.001,0.001,0.8294
C5/s40_off,265,seg4,d(item_6),move_to,step,,unknown,0.8557,0.1383,0.001,0.001,0.001,0.001,0.001,0.001,0.8557
C5/s40_off,266,seg4,d(item_6),move_to,step,,unknown,0.8789,0.1152,0.001,0.001,0.001,0.001,0.001,0.001,0.8789
C5/s40_off,267,seg4,d(item_6),move_to,step,,unknown,0.899,0.095,0.001,0.001,0.001,0.001,0.001,0.001,0.899
C5/s40_off,268,seg4,d(item_6),move_to,step,,unknown,0.9163,0.0778,0.001,0.001,0.001,0.001,0.001,0.001,0.9163
C5/s40_off,269,seg4,d(item_6),move_to,step,,unknown,0.9309,0.0631,0.001,0.001,0.001,0.001,0.001,0.001,0.9309
C5/s40_off,270,seg4,d(item_6),move_to,step,,unknown,0.9431,0.0509,0.001,0.001,0.001,0.001,0.001,0.001,0.9431
C5/s40_off,271,seg4,d(item_6),move_to,,,unknown,0.9431,0.0509,0.001,0.001,0.001,0.001,0.001,0.001,0.9431
C5/s40_off,272,seg4,d(item_6),pick_up,grasp,item_6,unknown,0.9431,0.0509,0.001,0.001,0.001,0.001,0.001,0.001,0.9431
C5/s40_off,273,seg4,d(item_6),pick_up,,item_6,unknown,0.9431,0.0509,0.001,0.001,0.001,0.001,0.001,0.001,0.9431
C5/s40_off,274,seg4,d(item_6),move_to,step,item_6,unknown,0.9436,0.0504,0.001,0.001,0.001,0.001,0.001,0.001,0.9436
C5/s40_off,275,seg4,d(item_6),move_to,step,item_6,unknown,0.9441,0.0499,0.001,0.001,0.001,0.001,0.001,0.001,0.9441
C5/s40_off,276,seg4,d(item_6),move_to,step,item_6,unknown,0.9446,0.0494,0.001,0.001,0.001,0.001,0.001,0.001,0.9446
C5/s40_off,277,seg4,d(item_6),move_to,step,item_6,unknown,0.9451,0.0489,0.001,0.001,0.001,0.001,0.001,0.001,0.9451
C5/s40_off,278,seg4,d(item_6),move_to,step,item_6,unknown,0.9456,0.0484,0.001,0.001,0.001,0.001,0.001,0.001,0.9456
C5/s40_off,279,seg4,d(item_6),move_to,step,item_6,unknown,0.9462,0.0478,0.001,0.001,0.001,0.001,0.001,0.001,0.9462
C5/s40_off,280,seg4,d(item_6),move_to,step,item_6,unknown,0.9468,0.0472,0.001,0.001,0.001,0.001,0.001,0.001,0.9468
C5/s40_off,281,seg4,d(item_6),move_to,step,item_6,unknown,0.9474,0.0466,0.001,0.001,0.001,0.001,0.001,0.001,0.9474
C5/s40_off,282,seg4,d(item_6),move_to,step,item_6,unknown,0.948,0.046,0.001,0.001,0.001,0.001,0.001,0.001,0.948
C5/s40_off,283,seg4,d(item_6),move_to,step,item_6,unknown,0.9487,0.0454,0.001,0.001,0.001,0.001,0.001,0.001,0.9487
C5/s40_off,284,seg4,d(item_6),move_to,step,item_6,unknown,0.9493,0.0447,0.001,0.001,0.001,0.001,0.001,0.001,0.9493
C5/s40_off,285,seg4,d(item_6),move_to,step,item_6,unknown,0.95,0.044,0.001,0.001,0.001,0.001,0.001,0.001,0.95
C5/s40_off,286,seg4,d(item_6),move_to,step,item_6,unknown,0.9508,0.0432,0.001,0.001,0.001,0.001,0.001,0.001,0.9508
C5/s40_off,287,seg4,d(item_6),move_to,step,item_6,unknown,0.9516,0.0424,0.001,0.001,0.001,0.001,0.001,0.001,0.9516
C5/s40_off,288,seg4,d(item_6),move_to,step,item_6,unknown,0.9524,0.0416,0.001,0.001,0.001,0.001,0.001,0.001,0.9524
C5/s40_off,289,seg4,d(item_6),move_to,step,item_6,unknown,0.9532,0.0408,0.001,0.001,0.001,0.001,0.001,0.001,0.9532
C5/s40_off,290,seg4,d(item_6),move_to,step,item_6,unknown,0.9541,0.0399,0.001,0.001,0.001,0.001,0.001,0.001,0.9541
C5/s40_off,291,seg4,d(item_6),move_to,step,item_6,unknown,0.955,0.039,0.001,0.001,0.001,0.001,0.001,0.001,0.955
C5/s40_off,292,seg4,d(item_6),move_to,step,item_6,unknown,0.956,0.038,0.001,0.001,0.001,0.001,0.001,0.001,0.956
C5/s40_off,293,seg4,d(item_6),move_to,step,item_6,unknown,0.957,0.037,0.001,0.001,0.001,0.001,0.001,0.001,0.957
C5/s40_off,294,seg4,d(item_6),move_to,step,item_6,unknown,0.958,0.036,0.001,0.001,0.001,0.001,0.001,0.001,0.958
C5/s40_off,295,seg4,d(item_6),move_to,step,item_6,unknown,0.9591,0.0349,0.001,0.001,0.001,0.001,0.001,0.001,0.9591
C5/s40_off,296,seg4,d(item_6),move_to,step,item_6,unknown,0.9603,0.0337,0.001,0.001,0.001,0.001,0.001,0.001,0.9603
C5/s40_off,297,seg4,d(item_6),move_to,step,item_6,unknown,0.9615,0.0325,0.001,0.001,0.001,0.001,0.001,0.001,0.9615
C5/s40_off,298,seg4,d(item_6),move_to,step,item_6,unknown,0.9627,0.0313,0.001,0.001,0.001,0.001,0.001,0.001,0.9627
C5/s40_off,299,seg4,d(item_6),move_to,step,item_6,unknown,0.964,0.03,0.001,0.001,0.001,0.001,0.001,0.001,0.964
C5/s40_off,300,seg4,d(item_6),move_to,step,item_6,unknown,0.9654,0.0286,0.001,0.001,0.001,0.001,0.001,0.001,0.9654
C5/s40_off,301,seg4,d(item_6),move_to,step,item_6,unknown,0.9668,0.0272,0.001,0.001,0.001,0.001,0.001,0.001,0.9668
C5/s40_off,302,seg4,d(item_6),move_to,step,item_6,unknown,0.9683,0.0257,0.001,0.001,0.001,0.001,0.001,0.001,0.9683
C5/s40_off,303,seg4,d(item_6),move_to,step,item_6,unknown,0.9698,0.0242,0.001,0.001,0.001,0.001,0.001,0.001,0.9698
C5/s40_off,304,seg4,d(item_6),move_to,step,item_6,unknown,0.9713,0.0227,0.001,0.001,0.001,0.001,0.001,0.001,0.9713
C5/s40_off,305,seg4,d(item_6),move_to,step,item_6,unknown,0.9729,0.0211,0.001,0.001,0.001,0.001,0.001,0.001,0.9729
C5/s40_off,306,seg4,d(item_6),move_to,step,item_6,unknown,0.9746,0.0194,0.001,0.001,0.001,0.001,0.001,0.001,0.9746
C5/s40_off,307,seg4,d(item_6),move_to,step,item_6,unknown,0.9762,0.0178,0.001,0.001,0.001,0.001,0.001,0.001,0.9762
C5/s40_off,308,seg4,d(item_6),move_to,step,item_6,unknown,0.9779,0.0161,0.001,0.001,0.001,0.001,0.001,0.001,0.9779
C5/s40_off,309,seg4,d(item_6),move_to,step,item_6,unknown,0.9795,0.0145,0.001,0.001,0.001,0.001,0.001,0.001,0.9795
C5/s40_off,310,seg4,d(item_6),move_to,step,item_6,unknown,0.9812,0.0128,0.001,0.001,0.001,0.001,0.001,0.001,0.9812
C5/s40_off,311,seg4,d(item_6),move_to,step,item_6,unknown,0.9827,0.0113,0.001,0.001,0.001,0.001,0.001,0.001,0.9827
C5/s40_off,312,seg4,d(item_6),move_to,step,item_6,unknown,0.9843,0.0098,0.001,0.001,0.001,0.001,0.001,0.001,0.9843
C5/s40_off,313,seg4,d(item_6),move_to,step,item_6,unknown,0.9857,0.0083,0.001,0.001,0.001,0.001,0.001,0.001,0.9857
C5/s40_off,314,seg4,d(item_6),move_to,step,item_6,unknown,0.987,0.007,0.001,0.001,0.001,0.001,0.001,0.001,0.987
C5/s40_off,315,seg4,d(item_6),move_to,step,item_6,unknown,0.9882,0.0058,0.001,0.001,0.001,0.001,0.001,0.001,0.9882
C5/s40_off,316,seg4,d(item_6),move_to,step,item_6,unknown,0.9893,0.0048,0.001,0.001,0.001,0.001,0.001,0.001,0.9893
C5/s40_off,317,seg4,d(item_6),move_to,step,item_6,unknown,0.9902,0.0038,0.001,0.001,0.001,0.001,0.001,0.001,0.9902
C5/s40_off,318,seg4,d(item_6),move_to,step,item_6,unknown,0.991,0.003,0.001,0.001,0.001,0.001,0.001,0.001,0.991
C5/s40_off,319,seg4,d(item_6),move_to,step,item_6,unknown,0.9916,0.0024,0.001,0.001,0.001,0.001,0.001,0.001,0.9916
C5/s40_off,320,seg4,d(item_6),move_to,step,item_6,unknown,0.9922,0.0018,0.001,0.001,0.001,0.001,0.001,0.001,0.9922
C5/s40_off,321,seg4,d(item_6),move_to,step,item_6,unknown,0.9926,0.0014,0.001,0.001,0.001,0.001,0.001,0.001,0.9926
C5/s40_off,322,seg4,d(item_6),move_to,step,item_6,unknown,0.993,0.0011,0.001,0.001,0.001,0.001,0.001,0.001,0.993
C5/s40_off,323,seg4,d(item_6),move_to,step,item_6,unknown,0.993,0.001,0.001,0.001,0.001,0.001,0.001,0.001,0.993
C5/s40_off,324,seg4,d(item_6),move_to,step,item_6,unknown,0.993,0.001,0.001,0.001,0.001,0.001,0.001,0.001,0.993
C5/s40_off,325,seg4,d(item_6),move_to,step,item_6,unknown,0.993,0.001,0.001,0.001,0.001,0.001,0.001,0.001,0.993
C5/s40_off,326,seg4,d(item_6),move_to,step,item_6,unknown,0.993,0.001,0.001,0.001,0.001,0.001,0.001,0.001,0.993
C5/s40_off,327,seg4,d(item_6),move_to,step,item_6,unknown,0.993,0.001,0.001,0.001,0.001,0.001,0.001,0.001,0.993
C5/s40_off,328,seg4,d(item_6),move_to,step,item_6,unknown,0.993,0.001,0.001,0.001,0.001,0.001,0.001,0.001,0.993
C5/s40_off,329,seg4,d(item_6),move_to,step,item_6,unknown,0.993,0.001,0.001,0.001,0.001,0.001,0.001,0.001,0.993
C5/s40_off,330,seg4,d(item_6),move_to,,item_6,unknown,0.993,0.001,0.001,0.001,0.001,0.001,0.001,0.001,0.993
C5/s40_off,331,seg4,d(item_6),place,release,,unknown,0.993,0.001,0.001,0.001,0.001,0.001,0.001,0.001,0.993
C5/s40_off,332,seg4,d(item_6),place,,,unknown,0.993,0.001,0.001,0.001,0.001,0.001,0.001,0.001,0.993
C5/s40_off,333,done,unknown,,,,unknown,0.993,0.001,0.001,0.001,0.001,0.001,0.001,0.001,0.993
C5/s40_off,334,done,unknown,,,,ac,0.9036,0.9036,0.001,0.001,0.001,0.001,0.001,0.001,0.0904
C5/s40_off,335,done,unknown,,,,ac,0.9036,0.9036,0.001,0.001,0.001,0.001,0.001,0.001,0.0904
C5/s40_off,336,done,unknown,,,,ac,0.9036,0.9036,0.001,0.001,0.001,0.001,0.001,0.001,0.0904
C5/s40_off,337,done,unknown,,,,ac,0.9036,0.9036,0.001,0.001,0.001,0.001,0.001,0.001,0.0904
C5/s40_off,338,done,unknown,,,,ac,0.9036,0.9036,0.001,0.001,0.001,0.001,0.001,0.001,0.0904
C5/s40_off,339,done,unknown,,,,ac,0.9036,0.9036,0.001,0.001,0.001,0.001,0.001,0.001,0.0904
C5/s40_off,340,done,unknown,,,,ac,0.9036,0.9036,0.001,0.001,0.001,0.001,0.001,0.001,0.0904
C5/s40_off,341,done,unknown,,,,ac,0.9036,0.9036,0.001,0.001,0.001,0.001,0.001,0.001,0.0904
C5/s40_off,342,done,unknown,,,,ac,0.9036,0.9036,0.001,0.001,0.001,0.001,0.001,0.001,0.0904
C5/s40_off,343,done,unknown,,,,ac,0.9036,0.9036,0.001,0.001,0.001,0.001,0.001,0.001,0.0904
C5/s40_off,344,done,unknown,,,,ac,0.9036,0.9036,0.001,0.001,0.001,0.001,0.001,0.001,0.0904
C5/s40_off,345,done,unknown,,,,ac,0.9036,0.9036,0.001,0.001,0.001,0.001,0.001,0.001,0.0904
C5/s40_off,346,done,unknown,,,,ac,0.9036,0.9036,0.001,0.001,0.001,0.001,0.001,0.001,0.0904
C5/s40_off,347,done,unknown,,,,ac,0.9036,0.9036,0.001,0.001,0.001,0.001,0.001,0.001,0.0904
C5/s40_off,348,done,unknown,,,,ac,0.9036,0.9036,0.001,0.001,0.001,0.001,0.001,0.001,0.0904
C5/s40_off,349,done,unknown,,,,ac,0.9036,0.9036,0.001,0.001,0.001,0.001,0.001,0.001,0.0904
C5/s40_off,350,done,unknown,,,,ac,0.9036,0.9036,0.001,0.001,0.001,0.001,0.001,0.001,0.0904
C5/s40_off,351,done,unknown,,,,ac,0.9036,0.9036,0.001,0.001,0.001,0.001,0.001,0.001,0.0904
C5/s40_off,352,done,unknown,,,,ac,0.9036,0.9036,0.001,0.001,0.001,0.001,0.001,0.001,0.0904
C5/s40_off,353,done,unknown,,,,ac,0.9036,0.9036,0.001,0.001,0.001,0.001,0.001,0.001,0.0904
C5/s40_off,354,done,unknown,,,,ac,0.9036,0.9036,0.001,0.001,0.001,0.001,0.001,0.001,0.0904
C5/s40_off,355,done,unknown,,,,ac,0.9036,0.9036,0.001,0.001,0.001,0.001,0.001,0.001,0.0904
C5/s40_off,356,done,unknown,,,,ac,0.9036,0.9036,0.001,0.001,0.001,0.001,0.001,0.001,0.0904
C5/s40_off,357,done,unknown,,,,ac,0.9036,0.9036,0.001,0.001,0.001,0.001,0.001,0.001,0.0904
C5/s40_off,358,done,unknown,,,,ac,0.9036,0.9036,0.001,0.001,0.001,0.001,0.001,0.001,0.0904
C5/s40_off,359,done,unknown,,,,ac,0.9036,0.9036,0.001,0.001,0.001,0.001,0.001,0.001,0.0904
C5/s40_off,360,done,unknown,,,,ac,0.9036,0.9036,0.001,0.001,0.001,0.001,0.001,0.001,0.0904
C5/s40_off,361,done,unknown,,,,ac,0.9036,0.9036,0.001,0.001,0.001,0.001,0.001,0.001,0.0904
C5/s40_off,362,done,unknown,,,,ac,0.9036,0.9036,0.001,0.001,0.001,0.001,0.001,0.001,0.0904
C5/s40_off,363,done,unknown,,,,ac,0.9036,0.9036,0.001,0.001,0.001,0.001,0.001,0.001,0.0904
C5/s40_off,364,done,unknown,,,,ac,0.9036,0.9036,0.001,0.001,0.001,0.001,0.001,0.001,0.0904
C5/s40_off,365,done,unknown,,,,ac,0.9036,0.9036,0.001,0.001,0.001,0.001,0.001,0.001,0.0904
C5/s40_off,366,done,unknown,,,,ac,0.9036,0.9036,0.001,0.001,0.001,0.001,0.001,0.001,0.0904
C5/s40_off,367,done,unknown,,,,ac,0.9036,0.9036,0.001,0.001,0.001,0.001,0.001,0.001,0.0904
C5/s40_off,368,done,unknown,,,,ac,0.9036,0.9036,0.001,0.001,0.001,0.001,0.001,0.001,0.0904
C5/s40_off,369,done,unknown,,,,ac,0.9036,0.9036,0.001,0.001,0.001,0.001,0.001,0.001,0.0904
C5/s40_off,370,done,unknown,,,,ac,0.9036,0.9036,0.001,0.001,0.001,0.001,0.001,0.001,0.0904
C5/s40_off,371,done,unknown,,,,ac,0.9036,0.9036,0.001,0.001,0.001,0.001,0.001,0.001,0.0904
C5/s40_off,372,done,unknown,,,,ac,0.9036,0.9036,0.001,0.001,0.001,0.001,0.001,0.001,0.0904
C5/s40_off,373,done,unknown,,,,ac,0.9036,0.9036,0.001,0.001,0.001,0.001,0.001,0.001,0.0904
C5/s40_off,374,done,unknown,,,,ac,0.9036,0.9036,0.001,0.001,0.001,0.001,0.001,0.001,0.0904
C5/s40_off,375,done,unknown,,,,ac,0.9036,0.9036,0.001,0.001,0.001,0.001,0.001,0.001,0.0904
C5/s40_off,376,done,unknown,,,,ac,0.9036,0.9036,0.001,0.001,0.001,0.001,0.001,0.001,0.0904
C5/s40_off,377,done,unknown,,,,ac,0.9036,0.9036,0.001,0.001,0.001,0.001,0.001,0.001,0.0904
C5/s40_off,378,done,unknown,,,,ac,0.9036,0.9036,0.001,0.001,0.001,0.001,0.001,0.001,0.0904
C5/s40_on,0,seg1,d(item_3),move_to,step,,d(item_3),0.2664,0.217,0.2566,0.2664,0.001,0.001,0.2303,0.001,0.0266
C5/s40_on,1,seg1,d(item_3),move_to,step,,d(item_3),0.2934,0.1879,0.2714,0.2934,0.001,0.001,0.215,0.001,0.0293
C5/s40_on,2,seg1,d(item_3),move_to,step,,d(item_3),0.3236,0.1576,0.2864,0.3236,0.001,0.001,0.197,0.001,0.0324
C5/s40_on,3,seg1,d(item_3),move_to,step,,d(item_3),0.356,0.1282,0.3005,0.356,0.001,0.001,0.1767,0.001,0.0356
C5/s40_on,4,seg1,d(item_3),move_to,step,,d(item_3),0.3894,0.1013,0.3124,0.3894,0.001,0.001,0.1549,0.001,0.0389
C5/s40_on,5,seg1,d(item_3),move_to,step,,d(item_3),0.4229,0.0781,0.321,0.4229,0.001,0.001,0.1328,0.001,0.0423
C5/s40_on,6,seg1,d(item_3),move_to,step,,d(item_3),0.4555,0.0589,0.3257,0.4555,0.001,0.001,0.1114,0.001,0.0455
C5/s40_on,7,seg1,d(item_3),move_to,step,,d(item_3),0.4867,0.0436,0.3263,0.4867,0.001,0.001,0.0917,0.001,0.0487
C5/s40_on,8,seg1,d(item_3),move_to,step,,d(item_3),0.5164,0.0318,0.323,0.5164,0.001,0.001,0.0741,0.001,0.0516
C5/s40_on,9,seg1,d(item_3),move_to,step,,d(item_3),0.5445,0.0229,0.3161,0.5445,0.001,0.001,0.0591,0.001,0.0544
C5/s40_on,10,seg1,d(item_3),move_to,step,,d(item_3),0.5711,0.0164,0.3059,0.5711,0.001,0.001,0.0465,0.001,0.0571
C5/s40_on,11,seg1,d(item_3),move_to,step,,d(item_3),0.5964,0.0116,0.293,0.5964,0.001,0.001,0.0363,0.001,0.0596
C5/s40_on,12,seg1,d(item_3),move_to,step,,d(item_3),0.6207,0.0082,0.278,0.6207,0.001,0.001,0.028,0.001,0.0621
C5/s40_on,13,seg1,d(item_3),move_to,step,,d(item_3),0.6441,0.0058,0.2612,0.6441,0.001,0.001,0.0215,0.001,0.0644
C5/s40_on,14,seg1,d(item_3),move_to,step,,d(item_3),0.6667,0.004,0.2432,0.6667,0.001,0.001,0.0164,0.001,0.0667
C5/s40_on,15,seg1,d(item_3),move_to,step,,d(item_3),0.6886,0.0028,0.2243,0.6886,0.001,0.001,0.0124,0.001,0.0689
C5/s40_on,16,seg1,d(item_3),move_to,step,,d(item_3),0.7098,0.002,0.2049,0.7098,0.001,0.001,0.0094,0.001,0.071
C5/s40_on,17,seg1,d(item_3),move_to,step,,d(item_3),0.7301,0.0014,0.1855,0.7301,0.001,0.001,0.007,0.001,0.073
C5/s40_on,18,seg1,d(item_3),move_to,step,,d(item_3),0.7495,0.001,0.1663,0.7495,0.001,0.001,0.0053,0.001,0.075
C5/s40_on,19,seg1,d(item_3),move_to,step,,d(item_3),0.7677,0.001,0.1476,0.7677,0.001,0.001,0.0039,0.001,0.0768
C5/s40_on,20,seg1,d(item_3),move_to,step,,d(item_3),0.7849,0.001,0.1297,0.7849,0.001,0.001,0.0029,0.001,0.0785
C5/s40_on,21,seg1,d(item_3),move_to,step,,d(item_3),0.8008,0.001,0.1129,0.8008,0.001,0.001,0.0021,0.001,0.0801
C5/s40_on,22,seg1,d(item_3),move_to,step,,d(item_3),0.8155,0.001,0.0974,0.8155,0.001,0.001,0.0016,0.001,0.0816
C5/s40_on,23,seg1,d(item_3),move_to,step,,d(item_3),0.8289,0.001,0.0831,0.8289,0.001,0.001,0.0012,0.001,0.0829
C5/s40_on,24,seg1,d(item_3),move_to,step,,d(item_3),0.8407,0.001,0.0703,0.8407,0.001,0.001,0.001,0.001,0.0841
C5/s40_on,25,seg1,d(item_3),move_to,step,,d(item_3),0.8511,0.001,0.0588,0.8511,0.001,0.001,0.001,0.001,0.0851
C5/s40_on,26,seg1,d(item_3),move_to,step,,d(item_3),0.8602,0.001,0.0488,0.8602,0.001,0.001,0.001,0.001,0.086
C5/s40_on,27,seg1,d(item_3),move_to,step,,d(item_3),0.8681,0.001,0.0401,0.8681,0.001,0.001,0.001,0.001,0.0868
C5/s40_on,28,seg1,d(item_3),move_to,step,,d(item_3),0.8748,0.001,0.0327,0.8748,0.001,0.001,0.001,0.001,0.0875
C5/s40_on,29,seg1,d(item_3),move_to,step,,d(item_3),0.8805,0.001,0.0265,0.8805,0.001,0.001,0.001,0.001,0.088
C5/s40_on,30,seg1,d(item_3),move_to,step,,d(item_3),0.8853,0.001,0.0212,0.8853,0.001,0.001,0.001,0.001,0.0885
C5/s40_on,31,seg1,d(item_3),move_to,step,,d(item_3),0.8892,0.001,0.0169,0.8892,0.001,0.001,0.001,0.001,0.0889
C5/s40_on,32,seg1,d(item_3),move_to,step,,d(item_3),0.8924,0.001,0.0134,0.8924,0.001,0.001,0.001,0.001,0.0892
C5/s40_on,33,seg1,d(item_3),move_to,step,,d(item_3),0.895,0.001,0.0105,0.895,0.001,0.001,0.001,0.001,0.0895
C5/s40_on,34,seg1,d(item_3),move_to,step,,d(item_3),0.8971,0.001,0.0082,0.8971,0.001,0.001,0.001,0.001,0.0897
C5/s40_on,35,seg1,d(item_3),move_to,step,,d(item_3),0.8988,0.001,0.0063,0.8988,0.001,0.001,0.001,0.001,0.0899
C5/s40_on,36,seg1,d(item_3),move_to,step,,d(item_3),0.9001,0.001,0.0049,0.9001,0.001,0.001,0.001,0.001,0.09
C5/s40_on,37,seg1,d(item_3),move_to,step,,d(item_3),0.9012,0.001,0.0037,0.9012,0.001,0.001,0.001,0.001,0.0901
C5/s40_on,38,seg1,d(item_3),move_to,step,,d(item_3),0.902,0.001,0.0028,0.902,0.001,0.001,0.001,0.001,0.0902
C5/s40_on,39,seg1,d(item_3),move_to,step,,d(item_3),0.9026,0.001,0.0021,0.9026,0.001,0.001,0.001,0.001,0.0903
C5/s40_on,40,seg1,d(item_3),move_to,step,,d(item_3),0.9031,0.001,0.0016,0.9031,0.001,0.001,0.001,0.001,0.0903
C5/s40_on,41,seg1,d(item_3),move_to,step,,d(item_3),0.9035,0.001,0.0012,0.9035,0.001,0.001,0.001,0.001,0.0903
C5/s40_on,42,seg1,d(item_3),move_to,step,,d(item_3),0.9037,0.001,0.001,0.9037,0.001,0.001,0.001,0.001,0.0904
C5/s40_on,43,seg1,d(item_3),move_to,step,,d(item_3),0.9037,0.001,0.001,0.9037,0.001,0.001,0.001,0.001,0.0904
C5/s40_on,44,seg1,d(item_3),move_to,step,,d(item_3),0.9037,0.001,0.001,0.9037,0.001,0.001,0.001,0.001,0.0904
C5/s40_on,45,seg1,d(item_3),move_to,step,,d(item_3),0.9037,0.001,0.001,0.9037,0.001,0.001,0.001,0.001,0.0904
C5/s40_on,46,seg1,d(item_3),move_to,step,,d(item_3),0.9037,0.001,0.001,0.9037,0.001,0.001,0.001,0.001,0.0904
C5/s40_on,47,seg1,d(item_3),move_to,step,,d(item_3),0.9037,0.001,0.001,0.9037,0.001,0.001,0.001,0.001,0.0904
C5/s40_on,48,seg1,d(item_3),move_to,step,,d(item_3),0.9037,0.001,0.001,0.9037,0.001,0.001,0.001,0.001,0.0904
C5/s40_on,49,seg1,d(item_3),move_to,step,,d(item_3),0.9037,0.001,0.001,0.9037,0.001,0.001,0.001,0.001,0.0904
C5/s40_on,50,seg1,d(item_3),move_to,step,,d(item_3),0.9037,0.001,0.001,0.9037,0.001,0.001,0.001,0.001,0.0904
C5/s40_on,51,seg1,d(item_3),move_to,step,,d(item_3),0.9037,0.001,0.001,0.9037,0.001,0.001,0.001,0.001,0.0904
C5/s40_on,52,seg1,d(item_3),move_to,step,,d(item_3),0.9037,0.001,0.001,0.9037,0.001,0.001,0.001,0.001,0.0904
C5/s40_on,53,seg1,d(item_3),move_to,step,,d(item_3),0.9037,0.001,0.001,0.9037,0.001,0.001,0.001,0.001,0.0904
C5/s40_on,54,seg1,d(item_3),move_to,step,,d(item_3),0.9037,0.001,0.001,0.9037,0.001,0.001,0.001,0.001,0.0904
C5/s40_on,55,seg1,d(item_3),move_to,step,,d(item_3),0.9037,0.001,0.001,0.9037,0.001,0.001,0.001,0.001,0.0904
C5/s40_on,56,seg1,d(item_3),move_to,step,,d(item_3),0.9037,0.001,0.001,0.9037,0.001,0.001,0.001,0.001,0.0904
C5/s40_on,57,seg1,d(item_3),move_to,step,,d(item_3),0.9037,0.001,0.001,0.9037,0.001,0.001,0.001,0.001,0.0904
C5/s40_on,58,seg1,d(item_3),move_to,step,,d(item_3),0.9037,0.001,0.001,0.9037,0.001,0.001,0.001,0.001,0.0904
C5/s40_on,59,seg1,d(item_3),move_to,,,d(item_3),0.9037,0.001,0.001,0.9037,0.001,0.001,0.001,0.001,0.0904
C5/s40_on,60,seg1,d(item_3),pick_up,grasp,item_3,d(item_3),0.9037,0.001,0.001,0.9037,0.001,0.001,0.001,0.001,0.0904
C5/s40_on,61,seg1,d(item_3),pick_up,,item_3,d(item_3),0.9037,0.001,0.001,0.9037,0.001,0.001,0.001,0.001,0.0904
C5/s40_on,62,seg1,d(item_3),move_to,step,item_3,d(item_3),0.9037,0.001,0.001,0.9037,0.001,0.001,0.001,0.001,0.0904
C5/s40_on,63,seg1,d(item_3),move_to,step,item_3,d(item_3),0.9037,0.001,0.001,0.9037,0.001,0.001,0.001,0.001,0.0904
C5/s40_on,64,seg1,d(item_3),move_to,step,item_3,d(item_3),0.9037,0.001,0.001,0.9037,0.001,0.001,0.001,0.001,0.0904
C5/s40_on,65,seg1,d(item_3),move_to,step,item_3,d(item_3),0.9037,0.001,0.001,0.9037,0.001,0.001,0.001,0.001,0.0904
C5/s40_on,66,seg1,d(item_3),move_to,step,item_3,d(item_3),0.9037,0.001,0.001,0.9037,0.001,0.001,0.001,0.001,0.0904
C5/s40_on,67,seg1,d(item_3),move_to,step,item_3,d(item_3),0.9037,0.001,0.001,0.9037,0.001,0.001,0.001,0.001,0.0904
C5/s40_on,68,seg1,d(item_3),move_to,step,item_3,d(item_3),0.9037,0.001,0.001,0.9037,0.001,0.001,0.001,0.001,0.0904
C5/s40_on,69,seg1,d(item_3),move_to,step,item_3,d(item_3),0.9037,0.001,0.001,0.9037,0.001,0.001,0.001,0.001,0.0904
C5/s40_on,70,seg1,d(item_3),move_to,step,item_3,d(item_3),0.9037,0.001,0.001,0.9037,0.001,0.001,0.001,0.001,0.0904
C5/s40_on,71,seg1,d(item_3),move_to,step,item_3,d(item_3),0.9037,0.001,0.001,0.9037,0.001,0.001,0.001,0.001,0.0904
C5/s40_on,72,seg1,d(item_3),move_to,step,item_3,d(item_3),0.9037,0.001,0.001,0.9037,0.001,0.001,0.001,0.001,0.0904
C5/s40_on,73,seg1,d(item_3),move_to,step,item_3,d(item_3),0.9037,0.001,0.001,0.9037,0.001,0.001,0.001,0.001,0.0904
C5/s40_on,74,seg1,d(item_3),move_to,step,item_3,d(item_3),0.9037,0.001,0.001,0.9037,0.001,0.001,0.001,0.001,0.0904
C5/s40_on,75,seg1,d(item_3),move_to,step,item_3,d(item_3),0.9037,0.001,0.001,0.9037,0.001,0.001,0.001,0.001,0.0904
C5/s40_on,76,seg1,d(item_3),move_to,step,item_3,d(item_3),0.9037,0.001,0.001,0.9037,0.001,0.001,0.001,0.001,0.0904
C5/s40_on,77,seg1,d(item_3),move_to,step,item_3,d(item_3),0.9037,0.001,0.001,0.9037,0.001,0.001,0.001,0.001,0.0904
C5/s40_on,78,seg1,d(item_3),move_to,step,item_3,d(item_3),0.9037,0.001,0.001,0.9037,0.001,0.001,0.001,0.001,0.0904
C5/s40_on,79,seg1,d(item_3),move_to,step,item_3,d(item_3),0.9037,0.001,0.001,0.9037,0.001,0.001,0.001,0.001,0.0904
C5/s40_on,80,seg1,d(item_3),move_to,step,item_3,d(item_3),0.9037,0.001,0.001,0.9037,0.001,0.001,0.001,0.001,0.0904
C5/s40_on,81,seg1,d(item_3),move_to,step,item_3,d(item_3),0.9037,0.001,0.001,0.9037,0.001,0.001,0.001,0.001,0.0904
C5/s40_on,82,seg1,d(item_3),move_to,step,item_3,d(item_3),0.9037,0.001,0.001,0.9037,0.001,0.001,0.001,0.001,0.0904
C5/s40_on,83,seg1,d(item_3),move_to,step,item_3,d(item_3),0.9037,0.001,0.001,0.9037,0.001,0.001,0.001,0.001,0.0904
C5/s40_on,84,seg1,d(item_3),move_to,step,item_3,d(item_3),0.9037,0.001,0.001,0.9037,0.001,0.001,0.001,0.001,0.0904
C5/s40_on,85,seg1,d(item_3),move_to,step,item_3,d(item_3),0.9037,0.001,0.001,0.9037,0.001,0.001,0.001,0.001,0.0904
C5/s40_on,86,seg1,d(item_3),move_to,step,item_3,d(item_3),0.9037,0.001,0.001,0.9037,0.001,0.001,0.001,0.001,0.0904
C5/s40_on,87,seg1,d(item_3),move_to,step,item_3,d(item_3),0.9037,0.001,0.001,0.9037,0.001,0.001,0.001,0.001,0.0904
C5/s40_on,88,seg1,d(item_3),move_to,step,item_3,d(item_3),0.9037,0.001,0.001,0.9037,0.001,0.001,0.001,0.001,0.0904
C5/s40_on,89,seg1,d(item_3),move_to,step,item_3,d(item_3),0.9037,0.001,0.001,0.9037,0.001,0.001,0.001,0.001,0.0904
C5/s40_on,90,seg1,d(item_3),move_to,step,item_3,d(item_3),0.9037,0.001,0.001,0.9037,0.001,0.001,0.001,0.001,0.0904
C5/s40_on,91,seg1,d(item_3),move_to,step,item_3,d(item_3),0.9037,0.001,0.001,0.9037,0.001,0.001,0.001,0.001,0.0904
C5/s40_on,92,seg1,d(item_3),move_to,step,item_3,d(item_3),0.9037,0.001,0.001,0.9037,0.001,0.001,0.001,0.001,0.0904
C5/s40_on,93,seg1,d(item_3),move_to,step,item_3,d(item_3),0.9037,0.001,0.001,0.9037,0.001,0.001,0.001,0.001,0.0904
C5/s40_on,94,seg1,d(item_3),move_to,step,item_3,d(item_3),0.9037,0.001,0.001,0.9037,0.001,0.001,0.001,0.001,0.0904
C5/s40_on,95,seg1,d(item_3),move_to,step,item_3,d(item_3),0.9037,0.001,0.001,0.9037,0.001,0.001,0.001,0.001,0.0904
C5/s40_on,96,seg1,d(item_3),move_to,step,item_3,d(item_3),0.9037,0.001,0.001,0.9037,0.001,0.001,0.001,0.001,0.0904
C5/s40_on,97,seg1,d(item_3),move_to,step,item_3,d(item_3),0.9037,0.001,0.001,0.9037,0.001,0.001,0.001,0.001,0.0904
C5/s40_on,98,seg1,d(item_3),move_to,step,item_3,d(item_3),0.9037,0.001,0.001,0.9037,0.001,0.001,0.001,0.001,0.0904
C5/s40_on,99,seg1,d(item_3),move_to,step,item_3,d(item_3),0.9037,0.001,0.001,0.9037,0.001,0.001,0.001,0.001,0.0904
C5/s40_on,100,seg1,d(item_3),move_to,step,item_3,d(item_3),0.9037,0.001,0.001,0.9037,0.001,0.001,0.001,0.001,0.0904
C5/s40_on,101,seg1,d(item_3),move_to,step,item_3,d(item_3),0.9037,0.001,0.001,0.9037,0.001,0.001,0.001,0.001,0.0904
C5/s40_on,102,seg1,d(item_3),move_to,step,item_3,d(item_3),0.9037,0.001,0.001,0.9037,0.001,0.001,0.001,0.001,0.0904
C5/s40_on,103,seg1,d(item_3),move_to,step,item_3,d(item_3),0.9037,0.001,0.001,0.9037,0.001,0.001,0.001,0.001,0.0904
C5/s40_on,104,seg1,d(item_3),move_to,step,item_3,d(item_3),0.9037,0.001,0.001,0.9037,0.001,0.001,0.001,0.001,0.0904
C5/s40_on,105,seg1,d(item_3),move_to,step,item_3,d(item_3),0.9037,0.001,0.001,0.9037,0.001,0.001,0.001,0.001,0.0904
C5/s40_on,106,seg1,d(item_3),move_to,step,item_3,d(item_3),0.9037,0.001,0.001,0.9037,0.001,0.001,0.001,0.001,0.0904
C5/s40_on,107,seg1,d(item_3),move_to,step,item_3,d(item_3),0.9037,0.001,0.001,0.9037,0.001,0.001,0.001,0.001,0.0904
C5/s40_on,108,seg1,d(item_3),move_to,step,item_3,d(item_3),0.9037,0.001,0.001,0.9037,0.001,0.001,0.001,0.001,0.0904
C5/s40_on,109,seg1,d(item_3),move_to,step,item_3,d(item_3),0.9037,0.001,0.001,0.9037,0.001,0.001,0.001,0.001,0.0904
C5/s40_on,110,seg1,d(item_3),move_to,step,item_3,d(item_3),0.9037,0.001,0.001,0.9037,0.001,0.001,0.001,0.001,0.0904
C5/s40_on,111,seg1,d(item_3),move_to,step,item_3,d(item_3),0.9037,0.001,0.001,0.9037,0.001,0.001,0.001,0.001,0.0904
C5/s40_on,112,seg1,d(item_3),move_to,step,item_3,d(item_3),0.9037,0.001,0.001,0.9037,0.001,0.001,0.001,0.001,0.0904
C5/s40_on,113,seg1,d(item_3),move_to,step,item_3,d(item_3),0.9037,0.001,0.001,0.9037,0.001,0.001,0.001,0.001,0.0904
C5/s40_on,114,seg1,d(item_3),move_to,,item_3,d(item_3),0.9037,0.001,0.001,0.9037,0.001,0.001,0.001,0.001,0.0904
C5/s40_on,115,seg1,d(item_3),place,release,,unknown,0.993,0.001,0.001,0.001,0.001,0.001,0.001,0.001,0.993
C5/s40_on,116,seg1,d(item_3),place,,,unknown,0.993,0.001,0.001,0.001,0.001,0.001,0.001,0.001,0.993
C5/s40_on,117,seg2,coffee,,,,unknown,0.993,0.001,0.001,0.001,0.001,0.001,0.001,0.001,0.993
C5/s40_on,118,seg2,coffee,move_to,step,,coffee,0.5022,0.4426,0.5022,0.001,0.001,0.001,0.001,0.001,0.0502
C5/s40_on,119,seg2,coffee,move_to,step,,coffee,0.5345,0.4071,0.5345,0.001,0.001,0.001,0.001,0.001,0.0534
C5/s40_on,120,seg2,coffee,move_to,step,,coffee,0.5701,0.3679,0.5701,0.001,0.001,0.001,0.001,0.001,0.057
C5/s40_on,121,seg2,coffee,move_to,step,,coffee,0.6083,0.3258,0.6083,0.001,0.001,0.001,0.001,0.001,0.0608
C5/s40_on,122,seg2,coffee,move_to,step,,coffee,0.6478,0.2824,0.6478,0.001,0.001,0.001,0.001,0.001,0.0648
C5/s40_on,123,seg2,coffee,move_to,step,,coffee,0.6871,0.2392,0.6871,0.001,0.001,0.001,0.001,0.001,0.0687
C5/s40_on,124,seg2,coffee,move_to,step,,coffee,0.7246,0.198,0.7246,0.001,0.001,0.001,0.001,0.001,0.0725
C5/s40_on,125,seg2,coffee,move_to,step,,coffee,0.7589,0.1602,0.7589,0.001,0.001,0.001,0.001,0.001,0.0759
C5/s40_on,126,seg2,coffee,move_to,step,,coffee,0.7892,0.1269,0.7892,0.001,0.001,0.001,0.001,0.001,0.0789
C5/s40_on,127,seg2,coffee,move_to,step,,coffee,0.8149,0.0986,0.8149,0.001,0.001,0.001,0.001,0.001,0.0815
C5/s40_on,128,seg2,coffee,move_to,step,,coffee,0.836,0.0754,0.836,0.001,0.001,0.001,0.001,0.001,0.0836
C5/s40_on,129,seg2,coffee,move_to,step,,coffee,0.853,0.0567,0.853,0.001,0.001,0.001,0.001,0.001,0.0853
C5/s40_on,130,seg2,coffee,move_to,step,,coffee,0.8662,0.0422,0.8662,0.001,0.001,0.001,0.001,0.001,0.0866
C5/s40_on,131,seg2,coffee,move_to,step,,coffee,0.8764,0.031,0.8764,0.001,0.001,0.001,0.001,0.001,0.0876
C5/s40_on,132,seg2,coffee,move_to,step,,coffee,0.884,0.0226,0.884,0.001,0.001,0.001,0.001,0.001,0.0884
C5/s40_on,133,seg2,coffee,move_to,step,,coffee,0.8897,0.0163,0.8897,0.001,0.001,0.001,0.001,0.001,0.089
C5/s40_on,134,seg2,coffee,move_to,step,,coffee,0.8939,0.0117,0.8939,0.001,0.001,0.001,0.001,0.001,0.0894
C5/s40_on,135,seg2,coffee,move_to,step,,coffee,0.8969,0.0084,0.8969,0.001,0.001,0.001,0.001,0.001,0.0897
C5/s40_on,136,seg2,coffee,move_to,step,,coffee,0.8991,0.006,0.8991,0.001,0.001,0.001,0.001,0.001,0.0899
C5/s40_on,137,seg2,coffee,move_to,step,,coffee,0.9007,0.0042,0.9007,0.001,0.001,0.001,0.001,0.001,0.0901
C5/s40_on,138,seg2,coffee,move_to,step,,coffee,0.9018,0.003,0.9018,0.001,0.001,0.001,0.001,0.001,0.0902
C5/s40_on,139,seg2,coffee,move_to,step,,coffee,0.9026,0.0021,0.9026,0.001,0.001,0.001,0.001,0.001,0.0903
C5/s40_on,140,seg2,coffee,move_to,step,,coffee,0.9032,0.0015,0.9032,0.001,0.001,0.001,0.001,0.001,0.0903
C5/s40_on,141,seg2,coffee,move_to,step,,coffee,0.9036,0.001,0.9036,0.001,0.001,0.001,0.001,0.001,0.0904
C5/s40_on,142,seg2,coffee,move_to,step,,coffee,0.9036,0.001,0.9036,0.001,0.001,0.001,0.001,0.001,0.0904
C5/s40_on,143,seg2,coffee,move_to,step,,coffee,0.9036,0.001,0.9036,0.001,0.001,0.001,0.001,0.001,0.0904
C5/s40_on,144,seg2,coffee,move_to,step,,coffee,0.9036,0.001,0.9036,0.001,0.001,0.001,0.001,0.001,0.0904
C5/s40_on,145,seg2,coffee,move_to,step,,coffee,0.9036,0.001,0.9036,0.001,0.001,0.001,0.001,0.001,0.0904
C5/s40_on,146,seg2,coffee,move_to,step,,coffee,0.9036,0.001,0.9036,0.001,0.001,0.001,0.001,0.001,0.0904
C5/s40_on,147,seg2,coffee,move_to,step,,coffee,0.9036,0.001,0.9036,0.001,0.001,0.001,0.001,0.001,0.0904
C5/s40_on,148,seg2,coffee,move_to,step,,coffee,0.9036,0.001,0.9036,0.001,0.001,0.001,0.001,0.001,0.0904
C5/s40_on,149,seg2,coffee,move_to,step,,coffee,0.9036,0.001,0.9036,0.001,0.001,0.001,0.001,0.001,0.0904
C5/s40_on,150,seg2,coffee,move_to,step,,coffee,0.9036,0.001,0.9036,0.001,0.001,0.001,0.001,0.001,0.0904
C5/s40_on,151,seg2,coffee,move_to,step,,coffee,0.9036,0.001,0.9036,0.001,0.001,0.001,0.001,0.001,0.0904
C5/s40_on,152,seg2,coffee,move_to,step,,coffee,0.9036,0.001,0.9036,0.001,0.001,0.001,0.001,0.001,0.0904
C5/s40_on,153,seg2,coffee,move_to,step,,coffee,0.9036,0.001,0.9036,0.001,0.001,0.001,0.001,0.001,0.0904
C5/s40_on,154,seg2,coffee,move_to,,,coffee,0.9036,0.001,0.9036,0.001,0.001,0.001,0.001,0.001,0.0904
C5/s40_on,155,seg2,coffee,wait_at,stand,,coffee,0.9036,0.001,0.9036,0.001,0.001,0.001,0.001,0.001,0.0904
C5/s40_on,156,seg2,coffee,wait_at,stand,,coffee,0.9036,0.001,0.9036,0.001,0.001,0.001,0.001,0.001,0.0904
C5/s40_on,157,seg2,coffee,wait_at,stand,,coffee,0.9036,0.001,0.9036,0.001,0.001,0.001,0.001,0.001,0.0904
C5/s40_on,158,seg2,coffee,wait_at,stand,,ac,0.4738,0.4738,0.4738,0.001,0.001,0.001,0.001,0.001,0.0474
C5/s40_on,159,seg2,coffee,wait_at,stand,,ac,0.4738,0.4738,0.4738,0.001,0.001,0.001,0.001,0.001,0.0474
C5/s40_on,160,seg2,coffee,wait_at,stand,,ac,0.4738,0.4738,0.4738,0.001,0.001,0.001,0.001,0.001,0.0474
C5/s40_on,161,seg2,coffee,wait_at,stand,,ac,0.4738,0.4738,0.4738,0.001,0.001,0.001,0.001,0.001,0.0474
C5/s40_on,162,seg2,coffee,wait_at,stand,,ac,0.4738,0.4738,0.4738,0.001,0.001,0.001,0.001,0.001,0.0474
C5/s40_on,163,seg2,coffee,wait_at,stand,,ac,0.4738,0.4738,0.4738,0.001,0.001,0.001,0.001,0.001,0.0474
C5/s40_on,164,seg2,coffee,wait_at,stand,,ac,0.4738,0.4738,0.4738,0.001,0.001,0.001,0.001,0.001,0.0474
C5/s40_on,165,seg2,coffee,wait_at,stand,,ac,0.4738,0.4738,0.4738,0.001,0.001,0.001,0.001,0.001,0.0474
C5/s40_on,166,seg2,coffee,wait_at,stand,,ac,0.4738,0.4738,0.4738,0.001,0.001,0.001,0.001,0.001,0.0474
C5/s40_on,167,seg2,coffee,wait_at,stand,,ac,0.4738,0.4738,0.4738,0.001,0.001,0.001,0.001,0.001,0.0474
C5/s40_on,168,seg2,coffee,wait_at,stand,,ac,0.4738,0.4738,0.4738,0.001,0.001,0.001,0.001,0.001,0.0474
C5/s40_on,169,seg2,coffee,wait_at,stand,,ac,0.4738,0.4738,0.4738,0.001,0.001,0.001,0.001,0.001,0.0474
C5/s40_on,170,seg2,coffee,wait_at,stand,,ac,0.4738,0.4738,0.4738,0.001,0.001,0.001,0.001,0.001,0.0474
C5/s40_on,171,seg2,coffee,wait_at,stand,,ac,0.4738,0.4738,0.4738,0.001,0.001,0.001,0.001,0.001,0.0474
C5/s40_on,172,seg2,coffee,wait_at,stand,,ac,0.4738,0.4738,0.4738,0.001,0.001,0.001,0.001,0.001,0.0474
C5/s40_on,173,seg2,coffee,wait_at,stand,,ac,0.4738,0.4738,0.4738,0.001,0.001,0.001,0.001,0.001,0.0474
C5/s40_on,174,seg2,coffee,wait_at,stand,,ac,0.4738,0.4738,0.4738,0.001,0.001,0.001,0.001,0.001,0.0474
C5/s40_on,175,seg2,coffee,wait_at,stand,,ac,0.4738,0.4738,0.4738,0.001,0.001,0.001,0.001,0.001,0.0474
C5/s40_on,176,seg2,coffee,wait_at,stand,,ac,0.4738,0.4738,0.4738,0.001,0.001,0.001,0.001,0.001,0.0474
C5/s40_on,177,seg2,coffee,wait_at,stand,,ac,0.4738,0.4738,0.4738,0.001,0.001,0.001,0.001,0.001,0.0474
C5/s40_on,178,seg2,coffee,wait_at,stand,,ac,0.4738,0.4738,0.4738,0.001,0.001,0.001,0.001,0.001,0.0474
C5/s40_on,179,seg2,coffee,wait_at,stand,,ac,0.4738,0.4738,0.4738,0.001,0.001,0.001,0.001,0.001,0.0474
C5/s40_on,180,seg2,coffee,wait_at,stand,,ac,0.4738,0.4738,0.4738,0.001,0.001,0.001,0.001,0.001,0.0474
C5/s40_on,181,seg2,coffee,wait_at,stand,,ac,0.4738,0.4738,0.4738,0.001,0.001,0.001,0.001,0.001,0.0474
C5/s40_on,182,seg2,coffee,wait_at,stand,,ac,0.4738,0.4738,0.4738,0.001,0.001,0.001,0.001,0.001,0.0474
C5/s40_on,183,seg2,coffee,wait_at,stand,,ac,0.4738,0.4738,0.4738,0.001,0.001,0.001,0.001,0.001,0.0474
C5/s40_on,184,seg2,coffee,wait_at,stand,,ac,0.9036,0.9036,0.001,0.001,0.001,0.001,0.001,0.001,0.0904
C5/s40_on,185,seg2,coffee,wait_at,,,ac,0.9036,0.9036,0.001,0.001,0.001,0.001,0.001,0.001,0.0904
C5/s40_on,186,seg3a,unknown,,,,ac,0.9036,0.9036,0.001,0.001,0.001,0.001,0.001,0.001,0.0904
C5/s40_on,187,seg3a,unknown,move_to,step,,ac,0.8996,0.8996,0.001,0.001,0.001,0.001,0.001,0.001,0.0944
C5/s40_on,188,seg3a,unknown,move_to,step,,ac,0.8951,0.8951,0.001,0.001,0.001,0.001,0.001,0.001,0.0989
C5/s40_on,189,seg3a,unknown,move_to,step,,ac,0.89,0.89,0.001,0.001,0.001,0.001,0.001,0.001,0.104
C5/s40_on,190,seg3a,unknown,move_to,step,,ac,0.8843,0.8843,0.001,0.001,0.001,0.001,0.001,0.001,0.1097
C5/s40_on,191,seg3a,unknown,move_to,step,,ac,0.8777,0.8777,0.001,0.001,0.001,0.001,0.001,0.001,0.1163
C5/s40_on,192,seg3a,unknown,move_to,step,,ac,0.8703,0.8703,0.001,0.001,0.001,0.001,0.001,0.001,0.1237
C5/s40_on,193,seg3a,unknown,move_to,step,,ac,0.8618,0.8618,0.001,0.001,0.001,0.001,0.001,0.001,0.1322
C5/s40_on,194,seg3a,unknown,move_to,step,,ac,0.8522,0.8522,0.001,0.001,0.001,0.001,0.001,0.001,0.1418
C5/s40_on,195,seg3a,unknown,move_to,step,,ac,0.8413,0.8413,0.001,0.001,0.001,0.001,0.001,0.001,0.1528
C5/s40_on,196,seg3a,unknown,move_to,step,,ac,0.8288,0.8288,0.001,0.001,0.001,0.001,0.001,0.001,0.1653
C5/s40_on,197,seg3a,unknown,move_to,step,,ac,0.8145,0.8145,0.001,0.001,0.001,0.001,0.001,0.001,0.1795
C5/s40_on,198,seg3a,unknown,move_to,step,,ac,0.7983,0.7983,0.001,0.001,0.001,0.001,0.001,0.001,0.1957
C5/s40_on,199,seg3a,unknown,move_to,step,,ac,0.7799,0.7799,0.001,0.001,0.001,0.001,0.001,0.001,0.2141
C5/s40_on,200,seg3a,unknown,move_to,step,,ac,0.7591,0.7591,0.001,0.001,0.001,0.001,0.001,0.001,0.235
C5/s40_on,201,seg3a,unknown,move_to,step,,ac,0.7355,0.7355,0.001,0.001,0.001,0.001,0.001,0.001,0.2585
C5/s40_on,202,seg3a,unknown,move_to,step,,ac,0.7091,0.7091,0.001,0.001,0.001,0.001,0.001,0.001,0.2849
C5/s40_on,203,seg3a,unknown,move_to,step,,ac,0.6796,0.6796,0.001,0.001,0.001,0.001,0.001,0.001,0.3144
C5/s40_on,204,seg3a,unknown,move_to,step,,ac,0.647,0.647,0.001,0.001,0.001,0.001,0.001,0.001,0.347
C5/s40_on,205,seg3a,unknown,move_to,step,,ac,0.6112,0.6112,0.001,0.001,0.001,0.001,0.001,0.001,0.3828
C5/s40_on,206,seg3a,unknown,move_to,,,ac,0.6112,0.6112,0.001,0.001,0.001,0.001,0.001,0.001,0.3828
C5/s40_on,207,seg3a,unknown,wait_at,stand,,ac,0.6112,0.6112,0.001,0.001,0.001,0.001,0.001,0.001,0.3828
C5/s40_on,208,seg3a,unknown,wait_at,,,ac,0.6112,0.6112,0.001,0.001,0.001,0.001,0.001,0.001,0.3828
C5/s40_on,209,seg3b,unknown,,,,ac,0.6112,0.6112,0.001,0.001,0.001,0.001,0.001,0.001,0.3828
C5/s40_on,210,seg3b,unknown,move_to,step,,ac,0.8842,0.8842,0.001,0.001,0.001,0.001,0.001,0.001,0.1098
C5/s40_on,211,seg3b,unknown,move_to,step,,ac,0.8568,0.8568,0.001,0.001,0.001,0.001,0.001,0.001,0.1372
C5/s40_on,212,seg3b,unknown,move_to,step,,ac,0.8191,0.8191,0.001,0.001,0.001,0.001,0.001,0.001,0.1749
C5/s40_on,213,seg3b,unknown,move_to,step,,ac,0.7689,0.7689,0.001,0.001,0.001,0.001,0.001,0.001,0.2251
C5/s40_on,214,seg3b,unknown,move_to,step,,ac,0.7046,0.7046,0.001,0.001,0.001,0.001,0.001,0.001,0.2894
C5/s40_on,215,seg3b,unknown,move_to,step,,ac,0.6268,0.6268,0.001,0.001,0.001,0.001,0.001,0.001,0.3672
C5/s40_on,216,seg3b,unknown,move_to,step,,ac,0.5384,0.5384,0.001,0.001,0.001,0.001,0.001,0.001,0.4556
C5/s40_on,217,seg3b,unknown,move_to,step,,unknown,0.5489,0.4451,0.001,0.001,0.001,0.001,0.001,0.001,0.5489
C5/s40_on,218,seg3b,unknown,move_to,step,,unknown,0.6401,0.3539,0.001,0.001,0.001,0.001,0.001,0.001,0.6401
C5/s40_on,219,seg3b,unknown,move_to,step,,unknown,0.7228,0.2712,0.001,0.001,0.001,0.001,0.001,0.001,0.7228
C5/s40_on,220,seg3b,unknown,move_to,step,,unknown,0.7927,0.2013,0.001,0.001,0.001,0.001,0.001,0.001,0.7927
C5/s40_on,221,seg3b,unknown,move_to,step,,unknown,0.8485,0.1455,0.001,0.001,0.001,0.001,0.001,0.001,0.8485
C5/s40_on,222,seg3b,unknown,move_to,step,,unknown,0.891,0.103,0.001,0.001,0.001,0.001,0.001,0.001,0.891
C5/s40_on,223,seg3b,unknown,move_to,step,,unknown,0.9222,0.0718,0.001,0.001,0.001,0.001,0.001,0.001,0.9222
C5/s40_on,224,seg3b,unknown,move_to,step,,unknown,0.9445,0.0495,0.001,0.001,0.001,0.001,0.001,0.001,0.9445
C5/s40_on,225,seg3b,unknown,move_to,step,,unknown,0.9601,0.0339,0.001,0.001,0.001,0.001,0.001,0.001,0.9601
C5/s40_on,226,seg3b,unknown,move_to,step,,unknown,0.971,0.023,0.001,0.001,0.001,0.001,0.001,0.001,0.971
C5/s40_on,227,seg3b,unknown,move_to,,,unknown,0.971,0.023,0.001,0.001,0.001,0.001,0.001,0.001,0.971
C5/s40_on,228,seg3b,unknown,wait_at,stand,,unknown,0.971,0.023,0.001,0.001,0.001,0.001,0.001,0.001,0.971
C5/s40_on,229,seg3b,unknown,wait_at,,,unknown,0.971,0.023,0.001,0.001,0.001,0.001,0.001,0.001,0.971
C5/s40_on,230,seg4,d(item_6),,,,unknown,0.971,0.023,0.001,0.001,0.001,0.001,0.001,0.001,0.971
C5/s40_on,231,seg4,d(item_6),move_to,step,,ac,0.9002,0.9002,0.001,0.001,0.001,0.001,0.001,0.001,0.0938
C5/s40_on,232,seg4,d(item_6),move_to,step,,ac,0.8964,0.8964,0.001,0.001,0.001,0.001,0.001,0.001,0.0976
C5/s40_on,233,seg4,d(item_6),move_to,step,,ac,0.8921,0.8921,0.001,0.001,0.001,0.001,0.001,0.001,0.1019
C5/s40_on,234,seg4,d(item_6),move_to,step,,ac,0.8874,0.8874,0.001,0.001,0.001,0.001,0.001,0.001,0.1066
C5/s40_on,235,seg4,d(item_6),move_to,step,,ac,0.8821,0.8821,0.001,0.001,0.001,0.001,0.001,0.001,0.1119
C5/s40_on,236,seg4,d(item_6),move_to,step,,ac,0.8762,0.8762,0.001,0.001,0.001,0.001,0.001,0.001,0.1178
C5/s40_on,237,seg4,d(item_6),move_to,step,,ac,0.8696,0.8696,0.001,0.001,0.001,0.001,0.001,0.001,0.1244
C5/s40_on,238,seg4,d(item_6),move_to,step,,ac,0.8623,0.8623,0.001,0.001,0.001,0.001,0.001,0.001,0.1317
C5/s40_on,239,seg4,d(item_6),move_to,step,,ac,0.8541,0.8541,0.001,0.001,0.001,0.001,0.001,0.001,0.1399
C5/s40_on,240,seg4,d(item_6),move_to,step,,ac,0.8449,0.8449,0.001,0.001,0.001,0.001,0.001,0.001,0.1492
C5/s40_on,241,seg4,d(item_6),move_to,step,,ac,0.8345,0.8345,0.001,0.001,0.001,0.001,0.001,0.001,0.1595
C5/s40_on,242,seg4,d(item_6),move_to,step,,ac,0.823,0.823,0.001,0.001,0.001,0.001,0.001,0.001,0.171
C5/s40_on,243,seg4,d(item_6),move_to,step,,ac,0.81,0.81,0.001,0.001,0.001,0.001,0.001,0.001,0.184
C5/s40_on,244,seg4,d(item_6),move_to,step,,ac,0.7955,0.7955,0.001,0.001,0.001,0.001,0.001,0.001,0.1985
C5/s40_on,245,seg4,d(item_6),move_to,step,,ac,0.7793,0.7793,0.001,0.001,0.001,0.001,0.001,0.001,0.2147
C5/s40_on,246,seg4,d(item_6),move_to,step,,ac,0.7612,0.7612,0.001,0.001,0.001,0.001,0.001,0.001,0.2328
C5/s40_on,247,seg4,d(item_6),move_to,step,,ac,0.7411,0.7411,0.001,0.001,0.001,0.001,0.001,0.001,0.2529
C5/s40_on,248,seg4,d(item_6),move_to,step,,ac,0.7188,0.7188,0.001,0.001,0.001,0.001,0.001,0.001,0.2752
C5/s40_on,249,seg4,d(item_6),move_to,step,,ac,0.6942,0.6942,0.001,0.001,0.001,0.001,0.001,0.001,0.2998
C5/s40_on,250,seg4,d(item_6),move_to,step,,ac,0.6672,0.6672,0.001,0.001,0.001,0.001,0.001,0.001,0.3269
C5/s40_on,251,seg4,d(item_6),move_to,step,,ac,0.6377,0.6377,0.001,0.001,0.001,0.001,0.001,0.001,0.3563
C5/s40_on,252,seg4,d(item_6),move_to,step,,ac,0.6058,0.6058,0.001,0.001,0.001,0.001,0.001,0.001,0.3882
C5/s40_on,253,seg4,d(item_6),move_to,step,,ac,0.5716,0.5716,0.001,0.001,0.001,0.001,0.001,0.001,0.4224
C5/s40_on,254,seg4,d(item_6),move_to,step,,ac,0.5353,0.5353,0.001,0.001,0.001,0.001,0.001,0.001,0.4587
C5/s40_on,255,seg4,d(item_6),move_to,step,,ac,0.4973,0.4973,0.001,0.001,0.001,0.001,0.001,0.001,0.4967
C5/s40_on,256,seg4,d(item_6),move_to,step,,unknown,0.5361,0.4579,0.001,0.001,0.001,0.001,0.001,0.001,0.5361
C5/s40_on,257,seg4,d(item_6),move_to,step,,unknown,0.5763,0.4177,0.001,0.001,0.001,0.001,0.001,0.001,0.5763
C5/s40_on,258,seg4,d(item_6),move_to,step,,unknown,0.6167,0.3773,0.001,0.001,0.001,0.001,0.001,0.001,0.6167
C5/s40_on,259,seg4,d(item_6),move_to,step,,unknown,0.6567,0.3374,0.001,0.001,0.001,0.001,0.001,0.001,0.6567
C5/s40_on,260,seg4,d(item_6),move_to,step,,unknown,0.6955,0.2985,0.001,0.001,0.001,0.001,0.001,0.001,0.6955
C5/s40_on,261,seg4,d(item_6),move_to,step,,unknown,0.7327,0.2613,0.001,0.001,0.001,0.001,0.001,0.001,0.7327
C5/s40_on,262,seg4,d(item_6),move_to,step,,unknown,0.7677,0.2263,0.001,0.001,0.001,0.001,0.001,0.001,0.7677
C5/s40_on,263,seg4,d(item_6),move_to,step,,unknown,0.8,0.194,0.001,0.001,0.001,0.001,0.001,0.001,0.8
C5/s40_on,264,seg4,d(item_6),move_to,step,,unknown,0.8294,0.1646,0.001,0.001,0.001,0.001,0.001,0.001,0.8294
C5/s40_on,265,seg4,d(item_6),move_to,step,,unknown,0.8557,0.1383,0.001,0.001,0.001,0.001,0.001,0.001,0.8557
C5/s40_on,266,seg4,d(item_6),move_to,step,,unknown,0.8788,0.1152,0.001,0.001,0.001,0.001,0.001,0.001,0.8788
C5/s40_on,267,seg4,d(item_6),move_to,step,,unknown,0.899,0.095,0.001,0.001,0.001,0.001,0.001,0.001,0.899
C5/s40_on,268,seg4,d(item_6),move_to,step,,unknown,0.9163,0.0778,0.001,0.001,0.001,0.001,0.001,0.001,0.9163
C5/s40_on,269,seg4,d(item_6),move_to,step,,unknown,0.9309,0.0631,0.001,0.001,0.001,0.001,0.001,0.001,0.9309
C5/s40_on,270,seg4,d(item_6),move_to,step,,unknown,0.9431,0.0509,0.001,0.001,0.001,0.001,0.001,0.001,0.9431
C5/s40_on,271,seg4,d(item_6),move_to,,,unknown,0.9431,0.0509,0.001,0.001,0.001,0.001,0.001,0.001,0.9431
C5/s40_on,272,seg4,d(item_6),pick_up,grasp,item_6,unknown,0.9431,0.0509,0.001,0.001,0.001,0.001,0.001,0.001,0.9431
C5/s40_on,273,seg4,d(item_6),pick_up,,item_6,unknown,0.9431,0.0509,0.001,0.001,0.001,0.001,0.001,0.001,0.9431
C5/s40_on,274,seg4,d(item_6),move_to,step,item_6,unknown,0.9436,0.0504,0.001,0.001,0.001,0.001,0.001,0.001,0.9436
C5/s40_on,275,seg4,d(item_6),move_to,step,item_6,unknown,0.9441,0.0499,0.001,0.001,0.001,0.001,0.001,0.001,0.9441
C5/s40_on,276,seg4,d(item_6),move_to,step,item_6,unknown,0.9446,0.0494,0.001,0.001,0.001,0.001,0.001,0.001,0.9446
C5/s40_on,277,seg4,d(item_6),move_to,step,item_6,unknown,0.9451,0.0489,0.001,0.001,0.001,0.001,0.001,0.001,0.9451
C5/s40_on,278,seg4,d(item_6),move_to,step,item_6,unknown,0.9456,0.0484,0.001,0.001,0.001,0.001,0.001,0.001,0.9456
C5/s40_on,279,seg4,d(item_6),move_to,step,item_6,unknown,0.9462,0.0478,0.001,0.001,0.001,0.001,0.001,0.001,0.9462
C5/s40_on,280,seg4,d(item_6),move_to,step,item_6,unknown,0.9468,0.0472,0.001,0.001,0.001,0.001,0.001,0.001,0.9468
C5/s40_on,281,seg4,d(item_6),move_to,step,item_6,unknown,0.9474,0.0466,0.001,0.001,0.001,0.001,0.001,0.001,0.9474
C5/s40_on,282,seg4,d(item_6),move_to,step,item_6,unknown,0.948,0.046,0.001,0.001,0.001,0.001,0.001,0.001,0.948
C5/s40_on,283,seg4,d(item_6),move_to,step,item_6,unknown,0.9487,0.0454,0.001,0.001,0.001,0.001,0.001,0.001,0.9487
C5/s40_on,284,seg4,d(item_6),move_to,step,item_6,unknown,0.9493,0.0447,0.001,0.001,0.001,0.001,0.001,0.001,0.9493
C5/s40_on,285,seg4,d(item_6),move_to,step,item_6,unknown,0.95,0.044,0.001,0.001,0.001,0.001,0.001,0.001,0.95
C5/s40_on,286,seg4,d(item_6),move_to,step,item_6,unknown,0.9508,0.0432,0.001,0.001,0.001,0.001,0.001,0.001,0.9508
C5/s40_on,287,seg4,d(item_6),move_to,step,item_6,unknown,0.9516,0.0424,0.001,0.001,0.001,0.001,0.001,0.001,0.9516
C5/s40_on,288,seg4,d(item_6),move_to,step,item_6,unknown,0.9524,0.0416,0.001,0.001,0.001,0.001,0.001,0.001,0.9524
C5/s40_on,289,seg4,d(item_6),move_to,step,item_6,unknown,0.9532,0.0408,0.001,0.001,0.001,0.001,0.001,0.001,0.9532
C5/s40_on,290,seg4,d(item_6),move_to,step,item_6,unknown,0.9541,0.0399,0.001,0.001,0.001,0.001,0.001,0.001,0.9541
C5/s40_on,291,seg4,d(item_6),move_to,step,item_6,unknown,0.955,0.039,0.001,0.001,0.001,0.001,0.001,0.001,0.955
C5/s40_on,292,seg4,d(item_6),move_to,step,item_6,unknown,0.956,0.038,0.001,0.001,0.001,0.001,0.001,0.001,0.956
C5/s40_on,293,seg4,d(item_6),move_to,step,item_6,unknown,0.957,0.037,0.001,0.001,0.001,0.001,0.001,0.001,0.957
C5/s40_on,294,seg4,d(item_6),move_to,step,item_6,unknown,0.958,0.036,0.001,0.001,0.001,0.001,0.001,0.001,0.958
C5/s40_on,295,seg4,d(item_6),move_to,step,item_6,unknown,0.9591,0.0349,0.001,0.001,0.001,0.001,0.001,0.001,0.9591
C5/s40_on,296,seg4,d(item_6),move_to,step,item_6,unknown,0.9603,0.0337,0.001,0.001,0.001,0.001,0.001,0.001,0.9603
C5/s40_on,297,seg4,d(item_6),move_to,step,item_6,unknown,0.9615,0.0325,0.001,0.001,0.001,0.001,0.001,0.001,0.9615
C5/s40_on,298,seg4,d(item_6),move_to,step,item_6,unknown,0.9627,0.0313,0.001,0.001,0.001,0.001,0.001,0.001,0.9627
C5/s40_on,299,seg4,d(item_6),move_to,step,item_6,unknown,0.964,0.03,0.001,0.001,0.001,0.001,0.001,0.001,0.964
C5/s40_on,300,seg4,d(item_6),move_to,step,item_6,unknown,0.9654,0.0286,0.001,0.001,0.001,0.001,0.001,0.001,0.9654
C5/s40_on,301,seg4,d(item_6),move_to,step,item_6,unknown,0.9668,0.0272,0.001,0.001,0.001,0.001,0.001,0.001,0.9668
C5/s40_on,302,seg4,d(item_6),move_to,step,item_6,unknown,0.9683,0.0257,0.001,0.001,0.001,0.001,0.001,0.001,0.9683
C5/s40_on,303,seg4,d(item_6),move_to,step,item_6,unknown,0.9698,0.0242,0.001,0.001,0.001,0.001,0.001,0.001,0.9698
C5/s40_on,304,seg4,d(item_6),move_to,step,item_6,unknown,0.9713,0.0227,0.001,0.001,0.001,0.001,0.001,0.001,0.9713
C5/s40_on,305,seg4,d(item_6),move_to,step,item_6,unknown,0.9729,0.0211,0.001,0.001,0.001,0.001,0.001,0.001,0.9729
C5/s40_on,306,seg4,d(item_6),move_to,step,item_6,unknown,0.9746,0.0194,0.001,0.001,0.001,0.001,0.001,0.001,0.9746
C5/s40_on,307,seg4,d(item_6),move_to,step,item_6,unknown,0.9762,0.0178,0.001,0.001,0.001,0.001,0.001,0.001,0.9762
C5/s40_on,308,seg4,d(item_6),move_to,step,item_6,unknown,0.9779,0.0161,0.001,0.001,0.001,0.001,0.001,0.001,0.9779
C5/s40_on,309,seg4,d(item_6),move_to,step,item_6,unknown,0.9795,0.0145,0.001,0.001,0.001,0.001,0.001,0.001,0.9795
C5/s40_on,310,seg4,d(item_6),move_to,step,item_6,unknown,0.9812,0.0128,0.001,0.001,0.001,0.001,0.001,0.001,0.9812
C5/s40_on,311,seg4,d(item_6),move_to,step,item_6,unknown,0.9827,0.0113,0.001,0.001,0.001,0.001,0.001,0.001,0.9827
C5/s40_on,312,seg4,d(item_6),move_to,step,item_6,unknown,0.9843,0.0098,0.001,0.001,0.001,0.001,0.001,0.001,0.9843
C5/s40_on,313,seg4,d(item_6),move_to,step,item_6,unknown,0.9857,0.0083,0.001,0.001,0.001,0.001,0.001,0.001,0.9857
C5/s40_on,314,seg4,d(item_6),move_to,step,item_6,unknown,0.987,0.007,0.001,0.001,0.001,0.001,0.001,0.001,0.987
C5/s40_on,315,seg4,d(item_6),move_to,step,item_6,unknown,0.9882,0.0058,0.001,0.001,0.001,0.001,0.001,0.001,0.9882
C5/s40_on,316,seg4,d(item_6),move_to,step,item_6,unknown,0.9892,0.0048,0.001,0.001,0.001,0.001,0.001,0.001,0.9892
C5/s40_on,317,seg4,d(item_6),move_to,step,item_6,unknown,0.9902,0.0038,0.001,0.001,0.001,0.001,0.001,0.001,0.9902
C5/s40_on,318,seg4,d(item_6),move_to,step,item_6,unknown,0.991,0.003,0.001,0.001,0.001,0.001,0.001,0.001,0.991
C5/s40_on,319,seg4,d(item_6),move_to,step,item_6,unknown,0.9916,0.0024,0.001,0.001,0.001,0.001,0.001,0.001,0.9916
C5/s40_on,320,seg4,d(item_6),move_to,step,item_6,unknown,0.9922,0.0018,0.001,0.001,0.001,0.001,0.001,0.001,0.9922
C5/s40_on,321,seg4,d(item_6),move_to,step,item_6,unknown,0.9926,0.0014,0.001,0.001,0.001,0.001,0.001,0.001,0.9926
C5/s40_on,322,seg4,d(item_6),move_to,step,item_6,unknown,0.993,0.0011,0.001,0.001,0.001,0.001,0.001,0.001,0.993
C5/s40_on,323,seg4,d(item_6),move_to,step,item_6,unknown,0.993,0.001,0.001,0.001,0.001,0.001,0.001,0.001,0.993
C5/s40_on,324,seg4,d(item_6),move_to,step,item_6,unknown,0.993,0.001,0.001,0.001,0.001,0.001,0.001,0.001,0.993
C5/s40_on,325,seg4,d(item_6),move_to,step,item_6,unknown,0.993,0.001,0.001,0.001,0.001,0.001,0.001,0.001,0.993
C5/s40_on,326,seg4,d(item_6),move_to,step,item_6,unknown,0.993,0.001,0.001,0.001,0.001,0.001,0.001,0.001,0.993
C5/s40_on,327,seg4,d(item_6),move_to,step,item_6,unknown,0.993,0.001,0.001,0.001,0.001,0.001,0.001,0.001,0.993
C5/s40_on,328,seg4,d(item_6),move_to,step,item_6,unknown,0.993,0.001,0.001,0.001,0.001,0.001,0.001,0.001,0.993
C5/s40_on,329,seg4,d(item_6),move_to,step,item_6,unknown,0.993,0.001,0.001,0.001,0.001,0.001,0.001,0.001,0.993
C5/s40_on,330,seg4,d(item_6),move_to,,item_6,unknown,0.993,0.001,0.001,0.001,0.001,0.001,0.001,0.001,0.993
C5/s40_on,331,seg4,d(item_6),place,release,,unknown,0.993,0.001,0.001,0.001,0.001,0.001,0.001,0.001,0.993
C5/s40_on,332,seg4,d(item_6),place,,,unknown,0.993,0.001,0.001,0.001,0.001,0.001,0.001,0.001,0.993
C5/s40_on,333,done,unknown,,,,unknown,0.993,0.001,0.001,0.001,0.001,0.001,0.001,0.001,0.993
C5/s40_on,334,done,unknown,,,,ac,0.9036,0.9036,0.001,0.001,0.001,0.001,0.001,0.001,0.0904
C5/s40_on,335,done,unknown,,,,ac,0.9036,0.9036,0.001,0.001,0.001,0.001,0.001,0.001,0.0904
C5/s40_on,336,done,unknown,,,,ac,0.9036,0.9036,0.001,0.001,0.001,0.001,0.001,0.001,0.0904
C5/s40_on,337,done,unknown,,,,ac,0.9036,0.9036,0.001,0.001,0.001,0.001,0.001,0.001,0.0904
C5/s40_on,338,done,unknown,,,,ac,0.9036,0.9036,0.001,0.001,0.001,0.001,0.001,0.001,0.0904
C5/s40_on,339,done,unknown,,,,ac,0.9036,0.9036,0.001,0.001,0.001,0.001,0.001,0.001,0.0904
C5/s40_on,340,done,unknown,,,,ac,0.9036,0.9036,0.001,0.001,0.001,0.001,0.001,0.001,0.0904
C5/s40_on,341,done,unknown,,,,ac,0.9036,0.9036,0.001,0.001,0.001,0.001,0.001,0.001,0.0904
C5/s40_on,342,done,unknown,,,,ac,0.9036,0.9036,0.001,0.001,0.001,0.001,0.001,0.001,0.0904
C5/s40_on,343,done,unknown,,,,ac,0.9036,0.9036,0.001,0.001,0.001,0.001,0.001,0.001,0.0904
C5/s40_on,344,done,unknown,,,,ac,0.9036,0.9036,0.001,0.001,0.001,0.001,0.001,0.001,0.0904
C5/s40_on,345,done,unknown,,,,ac,0.9036,0.9036,0.001,0.001,0.001,0.001,0.001,0.001,0.0904
C5/s40_on,346,done,unknown,,,,ac,0.9036,0.9036,0.001,0.001,0.001,0.001,0.001,0.001,0.0904
C5/s40_on,347,done,unknown,,,,ac,0.9036,0.9036,0.001,0.001,0.001,0.001,0.001,0.001,0.0904
C5/s40_on,348,done,unknown,,,,ac,0.9036,0.9036,0.001,0.001,0.001,0.001,0.001,0.001,0.0904
C5/s40_on,349,done,unknown,,,,ac,0.9036,0.9036,0.001,0.001,0.001,0.001,0.001,0.001,0.0904
C5/s40_on,350,done,unknown,,,,ac,0.9036,0.9036,0.001,0.001,0.001,0.001,0.001,0.001,0.0904
C5/s40_on,351,done,unknown,,,,ac,0.9036,0.9036,0.001,0.001,0.001,0.001,0.001,0.001,0.0904
C5/s40_on,352,done,unknown,,,,ac,0.9036,0.9036,0.001,0.001,0.001,0.001,0.001,0.001,0.0904
C5/s40_on,353,done,unknown,,,,ac,0.9036,0.9036,0.001,0.001,0.001,0.001,0.001,0.001,0.0904
C5/s40_on,354,done,unknown,,,,ac,0.9036,0.9036,0.001,0.001,0.001,0.001,0.001,0.001,0.0904
C5/s40_on,355,done,unknown,,,,ac,0.9036,0.9036,0.001,0.001,0.001,0.001,0.001,0.001,0.0904
C5/s40_on,356,done,unknown,,,,ac,0.9036,0.9036,0.001,0.001,0.001,0.001,0.001,0.001,0.0904
C5/s40_on,357,done,unknown,,,,ac,0.9036,0.9036,0.001,0.001,0.001,0.001,0.001,0.001,0.0904
C5/s40_on,358,done,unknown,,,,ac,0.9036,0.9036,0.001,0.001,0.001,0.001,0.001,0.001,0.0904
C5/s40_on,359,done,unknown,,,,ac,0.9036,0.9036,0.001,0.001,0.001,0.001,0.001,0.001,0.0904
C5/s40_on,360,done,unknown,,,,ac,0.9036,0.9036,0.001,0.001,0.001,0.001,0.001,0.001,0.0904
C5/s40_on,361,done,unknown,,,,ac,0.9036,0.9036,0.001,0.001,0.001,0.001,0.001,0.001,0.0904
C5/s40_on,362,done,unknown,,,,ac,0.9036,0.9036,0.001,0.001,0.001,0.001,0.001,0.001,0.0904
C5/s40_on,363,done,unknown,,,,ac,0.9036,0.9036,0.001,0.001,0.001,0.001,0.001,0.001,0.0904
C5/s40_on,364,done,unknown,,,,ac,0.9036,0.9036,0.001,0.001,0.001,0.001,0.001,0.001,0.0904
C5/s40_on,365,done,unknown,,,,ac,0.9036,0.9036,0.001,0.001,0.001,0.001,0.001,0.001,0.0904
C5/s40_on,366,done,unknown,,,,ac,0.9036,0.9036,0.001,0.001,0.001,0.001,0.001,0.001,0.0904
C5/s40_on,367,done,unknown,,,,ac,0.9036,0.9036,0.001,0.001,0.001,0.001,0.001,0.001,0.0904
C5/s40_on,368,done,unknown,,,,ac,0.9036,0.9036,0.001,0.001,0.001,0.001,0.001,0.001,0.0904
C5/s40_on,369,done,unknown,,,,ac,0.9036,0.9036,0.001,0.001,0.001,0.001,0.001,0.001,0.0904
C5/s40_on,370,done,unknown,,,,ac,0.9036,0.9036,0.001,0.001,0.001,0.001,0.001,0.001,0.0904
C5/s40_on,371,done,unknown,,,,ac,0.9036,0.9036,0.001,0.001,0.001,0.001,0.001,0.001,0.0904
C5/s40_on,372,done,unknown,,,,ac,0.9036,0.9036,0.001,0.001,0.001,0.001,0.001,0.001,0.0904
C5/s40_on,373,done,unknown,,,,ac,0.9036,0.9036,0.001,0.001,0.001,0.001,0.001,0.001,0.0904
C5/s40_on,374,done,unknown,,,,ac,0.9036,0.9036,0.001,0.001,0.001,0.001,0.001,0.001,0.0904
C5/s40_on,375,done,unknown,,,,ac,0.9036,0.9036,0.001,0.001,0.001,0.001,0.001,0.001,0.0904
C5/s40_on,376,done,unknown,,,,ac,0.9036,0.9036,0.001,0.001,0.001,0.001,0.001,0.001,0.0904
C5/s40_on,377,done,unknown,,,,ac,0.9036,0.9036,0.001,0.001,0.001,0.001,0.001,0.001,0.0904
C5/s40_on,378,done,unknown,,,,ac,0.9036,0.9036,0.001,0.001,0.001,0.001,0.001,0.001,0.0904
D/s40_off,0,seg1,d(item_3),move_to,step,,d(item_3),0.159,0.1295,0.1531,0.159,0.1347,0.1397,0.1375,0.1306,0.0159
D/s40_off,1,seg1,d(item_3),move_to,step,,d(item_3),0.1815,0.1162,0.1678,0.1815,0.127,0.1379,0.133,0.1184,0.0181
D/s40_off,2,seg1,d(item_3),move_to,step,,d(item_3),0.2086,0.1016,0.1846,0.2086,0.1177,0.1348,0.1269,0.105,0.0209
D/s40_off,3,seg1,d(item_3),move_to,step,,d(item_3),0.2401,0.0865,0.2027,0.2401,0.1068,0.13,0.1191,0.0908,0.024
D/s40_off,4,seg1,d(item_3),move_to,step,,d(item_3),0.2756,0.0717,0.221,0.2756,0.0947,0.1231,0.1096,0.0766,0.0276
D/s40_off,5,seg1,d(item_3),move_to,step,,d(item_3),0.3141,0.058,0.2384,0.3141,0.0821,0.1142,0.0986,0.0631,0.0314
D/s40_off,6,seg1,d(item_3),move_to,step,,d(item_3),0.3546,0.0458,0.2535,0.3546,0.0694,0.1037,0.0867,0.0508,0.0355
D/s40_off,7,seg1,d(item_3),move_to,step,,d(item_3),0.3957,0.0354,0.2653,0.3957,0.0573,0.092,0.0745,0.04,0.0396
D/s40_off,8,seg1,d(item_3),move_to,step,,d(item_3),0.4365,0.0269,0.273,0.4365,0.0464,0.08,0.0627,0.0309,0.0436
D/s40_off,9,seg1,d(item_3),move_to,step,,d(item_3),0.476,0.02,0.2763,0.476,0.0368,0.0681,0.0517,0.0235,0.0476
D/s40_off,10,seg1,d(item_3),move_to,step,,d(item_3),0.5136,0.0147,0.2751,0.5136,0.0287,0.057,0.0419,0.0176,0.0514
D/s40_off,11,seg1,d(item_3),move_to,step,,d(item_3),0.5492,0.0107,0.2698,0.5492,0.0221,0.047,0.0334,0.013,0.0549
D/s40_off,12,seg1,d(item_3),move_to,step,,d(item_3),0.5825,0.0077,0.2608,0.5825,0.0168,0.0382,0.0263,0.0095,0.0582
D/s40_off,13,seg1,d(item_3),move_to,step,,d(item_3),0.6137,0.0055,0.2488,0.6137,0.0126,0.0307,0.0205,0.0069,0.0614
D/s40_off,14,seg1,d(item_3),move_to,step,,d(item_3),0.6428,0.0039,0.2344,0.6428,0.0094,0.0244,0.0158,0.0049,0.0643
D/s40_off,15,seg1,d(item_3),move_to,step,,d(item_3),0.6702,0.0027,0.2183,0.6702,0.0069,0.0192,0.0121,0.0035,0.067
D/s40_off,16,seg1,d(item_3),move_to,step,,d(item_3),0.6958,0.0019,0.2009,0.6958,0.0051,0.0151,0.0092,0.0025,0.0696
D/s40_off,17,seg1,d(item_3),move_to,step,,d(item_3),0.7197,0.0013,0.1828,0.7197,0.0037,0.0117,0.0069,0.0018,0.072
D/s40_off,18,seg1,d(item_3),move_to,step,,d(item_3),0.742,0.001,0.1646,0.742,0.0027,0.009,0.0052,0.0013,0.0742
D/s40_off,19,seg1,d(item_3),move_to,step,,d(item_3),0.7624,0.001,0.1466,0.7624,0.002,0.0069,0.0039,0.001,0.0762
D/s40_off,20,seg1,d(item_3),move_to,step,,d(item_3),0.7812,0.001,0.1291,0.7812,0.0014,0.0053,0.0029,0.001,0.0781
D/s40_off,21,seg1,d(item_3),move_to,step,,d(item_3),0.7984,0.001,0.1126,0.7984,0.001,0.004,0.0021,0.001,0.0798
D/s40_off,22,seg1,d(item_3),move_to,step,,d(item_3),0.8139,0.001,0.0972,0.8139,0.001,0.003,0.0016,0.001,0.0814
D/s40_off,23,seg1,d(item_3),move_to,step,,d(item_3),0.8278,0.001,0.083,0.8278,0.001,0.0023,0.0011,0.001,0.0828
D/s40_off,24,seg1,d(item_3),move_to,step,,d(item_3),0.8401,0.001,0.0702,0.8401,0.001,0.0017,0.001,0.001,0.084
D/s40_off,25,seg1,d(item_3),move_to,step,,d(item_3),0.8508,0.001,0.0588,0.8508,0.001,0.0013,0.001,0.001,0.0851
D/s40_off,26,seg1,d(item_3),move_to,step,,d(item_3),0.8602,0.001,0.0488,0.8602,0.001,0.001,0.001,0.001,0.086
D/s40_off,27,seg1,d(item_3),move_to,step,,d(item_3),0.8681,0.001,0.0401,0.8681,0.001,0.001,0.001,0.001,0.0868
D/s40_off,28,seg1,d(item_3),move_to,step,,d(item_3),0.8748,0.001,0.0327,0.8748,0.001,0.001,0.001,0.001,0.0875
D/s40_off,29,seg1,d(item_3),move_to,step,,d(item_3),0.8805,0.001,0.0265,0.8805,0.001,0.001,0.001,0.001,0.0881
D/s40_off,30,seg1,d(item_3),move_to,step,,d(item_3),0.8853,0.001,0.0212,0.8853,0.001,0.001,0.001,0.001,0.0885
D/s40_off,31,seg1,d(item_3),move_to,step,,d(item_3),0.8892,0.001,0.0169,0.8892,0.001,0.001,0.001,0.001,0.0889
D/s40_off,32,seg1,d(item_3),move_to,step,,d(item_3),0.8924,0.001,0.0134,0.8924,0.001,0.001,0.001,0.001,0.0892
D/s40_off,33,seg1,d(item_3),move_to,step,,d(item_3),0.895,0.001,0.0105,0.895,0.001,0.001,0.001,0.001,0.0895
D/s40_off,34,seg1,d(item_3),move_to,step,,d(item_3),0.8971,0.001,0.0082,0.8971,0.001,0.001,0.001,0.001,0.0897
D/s40_off,35,seg1,d(item_3),move_to,step,,d(item_3),0.8988,0.001,0.0063,0.8988,0.001,0.001,0.001,0.001,0.0899
D/s40_off,36,seg1,d(item_3),move_to,step,,d(item_3),0.9001,0.001,0.0049,0.9001,0.001,0.001,0.001,0.001,0.09
D/s40_off,37,seg1,d(item_3),move_to,step,,d(item_3),0.9012,0.001,0.0037,0.9012,0.001,0.001,0.001,0.001,0.0901
D/s40_off,38,seg1,d(item_3),move_to,step,,d(item_3),0.902,0.001,0.0028,0.902,0.001,0.001,0.001,0.001,0.0902
D/s40_off,39,seg1,d(item_3),move_to,step,,d(item_3),0.9026,0.001,0.0021,0.9026,0.001,0.001,0.001,0.001,0.0903
D/s40_off,40,seg1,d(item_3),move_to,step,,d(item_3),0.9031,0.001,0.0016,0.9031,0.001,0.001,0.001,0.001,0.0903
D/s40_off,41,seg1,d(item_3),move_to,step,,d(item_3),0.9035,0.001,0.0012,0.9035,0.001,0.001,0.001,0.001,0.0903
D/s40_off,42,seg1,d(item_3),move_to,step,,d(item_3),0.9037,0.001,0.001,0.9037,0.001,0.001,0.001,0.001,0.0904
D/s40_off,43,seg1,d(item_3),move_to,step,,d(item_3),0.9037,0.001,0.001,0.9037,0.001,0.001,0.001,0.001,0.0904
D/s40_off,44,seg1,d(item_3),move_to,step,,d(item_3),0.9037,0.001,0.001,0.9037,0.001,0.001,0.001,0.001,0.0904
D/s40_off,45,seg1,d(item_3),move_to,step,,d(item_3),0.9037,0.001,0.001,0.9037,0.001,0.001,0.001,0.001,0.0904
D/s40_off,46,seg1,d(item_3),move_to,step,,d(item_3),0.9037,0.001,0.001,0.9037,0.001,0.001,0.001,0.001,0.0904
D/s40_off,47,seg1,d(item_3),move_to,step,,d(item_3),0.9037,0.001,0.001,0.9037,0.001,0.001,0.001,0.001,0.0904
D/s40_off,48,seg1,d(item_3),move_to,step,,d(item_3),0.9037,0.001,0.001,0.9037,0.001,0.001,0.001,0.001,0.0904
D/s40_off,49,seg1,d(item_3),move_to,step,,d(item_3),0.9037,0.001,0.001,0.9037,0.001,0.001,0.001,0.001,0.0904
D/s40_off,50,seg1,d(item_3),move_to,step,,d(item_3),0.9037,0.001,0.001,0.9037,0.001,0.001,0.001,0.001,0.0904
D/s40_off,51,seg1,d(item_3),move_to,step,,d(item_3),0.9037,0.001,0.001,0.9037,0.001,0.001,0.001,0.001,0.0904
D/s40_off,52,seg1,d(item_3),move_to,step,,d(item_3),0.9037,0.001,0.001,0.9037,0.001,0.001,0.001,0.001,0.0904
D/s40_off,53,seg1,d(item_3),move_to,step,,d(item_3),0.9037,0.001,0.001,0.9037,0.001,0.001,0.001,0.001,0.0904
D/s40_off,54,seg1,d(item_3),move_to,step,,d(item_3),0.9037,0.001,0.001,0.9037,0.001,0.001,0.001,0.001,0.0904
D/s40_off,55,seg1,d(item_3),move_to,step,,d(item_3),0.9037,0.001,0.001,0.9037,0.001,0.001,0.001,0.001,0.0904
D/s40_off,56,seg1,d(item_3),move_to,step,,d(item_3),0.9037,0.001,0.001,0.9037,0.001,0.001,0.001,0.001,0.0904
D/s40_off,57,seg1,d(item_3),move_to,step,,d(item_3),0.9037,0.001,0.001,0.9037,0.001,0.001,0.001,0.001,0.0904
D/s40_off,58,seg1,d(item_3),move_to,step,,d(item_3),0.9037,0.001,0.001,0.9037,0.001,0.001,0.001,0.001,0.0904
D/s40_off,59,seg1,d(item_3),move_to,,,ac,0.1408,0.1408,0.1408,0.1408,0.1408,0.1408,0.1408,0.1408,0.0141
D/s40_off,60,seg1,d(item_3),pick_up,grasp,item_3,ac,0.1408,0.1408,0.1408,0.1408,0.1408,0.1408,0.1408,0.1408,0.0141
D/s40_off,61,seg1,d(item_3),pick_up,,item_3,ac,0.1408,0.1408,0.1408,0.1408,0.1408,0.1408,0.1408,0.1408,0.0141
D/s40_off,62,seg1,d(item_3),move_to,step,item_3,d(item_4),0.1414,0.1413,0.1374,0.1414,0.1414,0.1414,0.1414,0.1414,0.0141
D/s40_off,63,seg1,d(item_3),move_to,step,item_3,d(item_3),0.1592,0.1591,0.1545,0.1592,0.1278,0.1278,0.1278,0.1278,0.0159
D/s40_off,64,seg1,d(item_3),move_to,step,item_3,d(item_3),0.1812,0.181,0.1704,0.1812,0.1123,0.1123,0.1123,0.1123,0.0181
D/s40_off,65,seg1,d(item_3),move_to,step,item_3,d(item_3),0.2058,0.2054,0.187,0.2058,0.0953,0.0953,0.0953,0.0953,0.0206
D/s40_off,66,seg1,d(item_3),move_to,step,item_3,d(item_3),0.2316,0.231,0.2029,0.2316,0.0778,0.0778,0.0778,0.0778,0.0232
D/s40_off,67,seg1,d(item_3),move_to,step,item_3,d(item_3),0.2569,0.256,0.2164,0.2569,0.0612,0.0612,0.0612,0.0612,0.0257
D/s40_off,68,seg1,d(item_3),move_to,step,item_3,d(item_3),0.2802,0.2791,0.2263,0.2802,0.0466,0.0466,0.0466,0.0466,0.028
D/s40_off,69,seg1,d(item_3),move_to,step,item_3,d(item_3),0.3006,0.2992,0.2322,0.3006,0.0345,0.0345,0.0345,0.0345,0.0301
D/s40_off,70,seg1,d(item_3),move_to,step,item_3,d(item_3),0.3181,0.3163,0.2341,0.3181,0.0249,0.0249,0.0249,0.0249,0.0318
D/s40_off,71,seg1,d(item_3),move_to,step,item_3,d(item_3),0.3327,0.3307,0.2325,0.3327,0.0177,0.0177,0.0177,0.0177,0.0333
D/s40_off,72,seg1,d(item_3),move_to,step,item_3,d(item_3),0.3451,0.3426,0.2281,0.3451,0.0124,0.0124,0.0124,0.0124,0.0345
D/s40_off,73,seg1,d(item_3),move_to,step,item_3,d(item_3),0.3556,0.3528,0.2215,0.3556,0.0086,0.0086,0.0086,0.0086,0.0356
D/s40_off,74,seg1,d(item_3),move_to,step,item_3,d(item_3),0.3648,0.3616,0.2133,0.3648,0.006,0.006,0.006,0.006,0.0365
D/s40_off,75,seg1,d(item_3),move_to,step,item_3,d(item_3),0.3731,0.3695,0.2037,0.3731,0.0041,0.0041,0.0041,0.0041,0.0373
D/s40_off,76,seg1,d(item_3),move_to,step,item_3,d(item_3),0.3807,0.3767,0.1933,0.3807,0.0028,0.0028,0.0028,0.0028,0.0381
D/s40_off,77,seg1,d(item_3),move_to,step,item_3,d(item_3),0.3879,0.3835,0.1822,0.3879,0.0019,0.0019,0.0019,0.0019,0.0388
D/s40_off,78,seg1,d(item_3),move_to,step,item_3,d(item_3),0.3948,0.3899,0.1706,0.3948,0.0013,0.0013,0.0013,0.0013,0.0395
D/s40_off,79,seg1,d(item_3),move_to,step,item_3,d(item_3),0.4013,0.3959,0.1586,0.4013,0.001,0.001,0.001,0.001,0.0401
D/s40_off,80,seg1,d(item_3),move_to,step,item_3,d(item_3),0.4074,0.4014,0.1465,0.4074,0.001,0.001,0.001,0.001,0.0407
D/s40_off,81,seg1,d(item_3),move_to,step,item_3,d(item_3),0.4134,0.4069,0.1344,0.4134,0.001,0.001,0.001,0.001,0.0413
D/s40_off,82,seg1,d(item_3),move_to,step,item_3,d(item_3),0.4193,0.4123,0.1225,0.4193,0.001,0.001,0.001,0.001,0.0419
D/s40_off,83,seg1,d(item_3),move_to,step,item_3,d(item_3),0.4252,0.4175,0.1108,0.4252,0.001,0.001,0.001,0.001,0.0425
D/s40_off,84,seg1,d(item_3),move_to,step,item_3,d(item_3),0.4308,0.4225,0.0996,0.4308,0.001,0.001,0.001,0.001,0.0431
D/s40_off,85,seg1,d(item_3),move_to,step,item_3,d(item_3),0.4363,0.4273,0.0888,0.4363,0.001,0.001,0.001,0.001,0.0436
D/s40_off,86,seg1,d(item_3),move_to,step,item_3,d(item_3),0.4415,0.4318,0.0785,0.4415,0.001,0.001,0.001,0.001,0.0441
D/s40_off,87,seg1,d(item_3),move_to,step,item_3,d(item_3),0.4464,0.436,0.0689,0.4464,0.001,0.001,0.001,0.001,0.0446
D/s40_off,88,seg1,d(item_3),move_to,step,item_3,d(item_3),0.451,0.4399,0.06,0.451,0.001,0.001,0.001,0.001,0.0451
D/s40_off,89,seg1,d(item_3),move_to,step,item_3,d(item_3),0.4553,0.4433,0.0519,0.4553,0.001,0.001,0.001,0.001,0.0455
D/s40_off,90,seg1,d(item_3),move_to,step,item_3,d(item_3),0.4592,0.4464,0.0444,0.4592,0.001,0.001,0.001,0.001,0.0459
D/s40_off,91,seg1,d(item_3),move_to,step,item_3,d(item_3),0.4628,0.4492,0.0377,0.4628,0.001,0.001,0.001,0.001,0.0463
D/s40_off,92,seg1,d(item_3),move_to,step,item_3,d(item_3),0.4661,0.4515,0.0318,0.4661,0.001,0.001,0.001,0.001,0.0466
D/s40_off,93,seg1,d(item_3),move_to,step,item_3,d(item_3),0.469,0.4535,0.0266,0.469,0.001,0.001,0.001,0.001,0.0469
D/s40_off,94,seg1,d(item_3),move_to,step,item_3,d(item_3),0.4717,0.4551,0.0221,0.4717,0.001,0.001,0.001,0.001,0.0472
D/s40_off,95,seg1,d(item_3),move_to,step,item_3,d(item_3),0.474,0.4564,0.0182,0.474,0.001,0.001,0.001,0.001,0.0474
D/s40_off,96,seg1,d(item_3),move_to,step,item_3,d(item_3),0.4761,0.4574,0.0148,0.4761,0.001,0.001,0.001,0.001,0.0476
D/s40_off,97,seg1,d(item_3),move_to,step,item_3,d(item_3),0.478,0.4582,0.012,0.478,0.001,0.001,0.001,0.001,0.0478
D/s40_off,98,seg1,d(item_3),move_to,step,item_3,d(item_3),0.4797,0.4587,0.0097,0.4797,0.001,0.001,0.001,0.001,0.048
D/s40_off,99,seg1,d(item_3),move_to,step,item_3,d(item_3),0.4812,0.4589,0.0077,0.4812,0.001,0.001,0.001,0.001,0.0481
D/s40_off,100,seg1,d(item_3),move_to,step,item_3,d(item_3),0.4826,0.459,0.0062,0.4826,0.001,0.001,0.001,0.001,0.0483
D/s40_off,101,seg1,d(item_3),move_to,step,item_3,d(item_3),0.4839,0.4589,0.0049,0.4839,0.001,0.001,0.001,0.001,0.0484
D/s40_off,102,seg1,d(item_3),move_to,step,item_3,d(item_3),0.4851,0.4586,0.0038,0.4851,0.001,0.001,0.001,0.001,0.0485
D/s40_off,103,seg1,d(item_3),move_to,step,item_3,d(item_3),0.4863,0.4581,0.003,0.4863,0.001,0.001,0.001,0.001,0.0486
D/s40_off,104,seg1,d(item_3),move_to,step,item_3,d(item_3),0.4874,0.4576,0.0023,0.4874,0.001,0.001,0.001,0.001,0.0487
D/s40_off,105,seg1,d(item_3),move_to,step,item_3,d(item_3),0.4885,0.4569,0.0018,0.4885,0.001,0.001,0.001,0.001,0.0489
D/s40_off,106,seg1,d(item_3),move_to,step,item_3,d(item_3),0.4897,0.456,0.0014,0.4897,0.001,0.001,0.001,0.001,0.049
D/s40_off,107,seg1,d(item_3),move_to,step,item_3,d(item_3),0.4908,0.4551,0.001,0.4908,0.001,0.001,0.001,0.001,0.0491
D/s40_off,108,seg1,d(item_3),move_to,step,item_3,d(item_3),0.4919,0.4539,0.001,0.4919,0.001,0.001,0.001,0.001,0.0492
D/s40_off,109,seg1,d(item_3),move_to,step,item_3,d(item_3),0.4931,0.4527,0.001,0.4931,0.001,0.001,0.001,0.001,0.0493
D/s40_off,110,seg1,d(item_3),move_to,step,item_3,d(item_3),0.4943,0.4513,0.001,0.4943,0.001,0.001,0.001,0.001,0.0494
D/s40_off,111,seg1,d(item_3),move_to,step,item_3,d(item_3),0.4957,0.4498,0.001,0.4957,0.001,0.001,0.001,0.001,0.0496
D/s40_off,112,seg1,d(item_3),move_to,step,item_3,d(item_3),0.4972,0.4481,0.001,0.4972,0.001,0.001,0.001,0.001,0.0497
D/s40_off,113,seg1,d(item_3),move_to,step,item_3,d(item_3),0.4988,0.4463,0.001,0.4988,0.001,0.001,0.001,0.001,0.0499
D/s40_off,114,seg1,d(item_3),move_to,,item_3,ac,0.1408,0.1408,0.1408,0.1408,0.1408,0.1408,0.1408,0.1408,0.0141
D/s40_off,115,seg1,d(item_3),place,release,,ac,0.1638,0.1638,0.1638,0.001,0.1638,0.1638,0.1638,0.1638,0.0164
D/s40_off,116,seg1,d(item_3),place,,,ac,0.1638,0.1638,0.1638,0.001,0.1638,0.1638,0.1638,0.1638,0.0164
D/s40_off,117,seg2,coffee,,,,ac,0.1638,0.1638,0.1638,0.001,0.1638,0.1638,0.1638,0.1638,0.0164
D/s40_off,118,seg2,coffee,move_to,step,,coffee,0.1743,0.1536,0.1743,0.001,0.1623,0.1683,0.166,0.157,0.0174
D/s40_off,119,seg2,coffee,move_to,step,,coffee,0.1865,0.1421,0.1865,0.001,0.1603,0.1734,0.1685,0.1495,0.0187
D/s40_off,120,seg2,coffee,move_to,step,,coffee,0.2005,0.1294,0.2005,0.001,0.1573,0.1792,0.1713,0.1413,0.0201
D/s40_off,121,seg2,coffee,move_to,step,,coffee,0.2165,0.116,0.2165,0.001,0.1529,0.1855,0.174,0.1324,0.0217
D/s40_off,122,seg2,coffee,move_to,step,,coffee,0.2346,0.1022,0.2346,0.001,0.147,0.1921,0.1767,0.1229,0.0235
D/s40_off,123,seg2,coffee,move_to,step,,coffee,0.2547,0.0887,0.2547,0.001,0.1391,0.199,0.179,0.113,0.0255
D/s40_off,124,seg2,coffee,move_to,step,,coffee,0.277,0.0757,0.277,0.001,0.1292,0.2058,0.1808,0.1029,0.0277
D/s40_off,125,seg2,coffee,move_to,step,,coffee,0.3013,0.0636,0.3013,0.001,0.1171,0.2123,0.1818,0.0927,0.0301
D/s40_off,126,seg2,coffee,move_to,step,,coffee,0.3276,0.0527,0.3276,0.001,0.1032,0.2183,0.1818,0.0826,0.0328
D/s40_off,127,seg2,coffee,move_to,step,,coffee,0.3556,0.0431,0.3556,0.001,0.0881,0.2233,0.1806,0.0728,0.0356
D/s40_off,128,seg2,coffee,move_to,step,,coffee,0.385,0.0347,0.385,0.001,0.0724,0.2271,0.1779,0.0634,0.0385
D/s40_off,129,seg2,coffee,move_to,step,,coffee,0.4151,0.0276,0.4151,0.001,0.0571,0.2293,0.1737,0.0546,0.0415
D/s40_off,130,seg2,coffee,move_to,step,,coffee,0.4456,0.0217,0.4456,0.001,0.0432,0.2296,0.168,0.0464,0.0446
D/s40_off,131,seg2,coffee,move_to,step,,coffee,0.4758,0.0168,0.4758,0.001,0.0313,0.2279,0.1606,0.039,0.0476
D/s40_off,132,seg2,coffee,move_to,step,,coffee,0.5053,0.0129,0.5053,0.001,0.0217,0.2241,0.152,0.0325,0.0505
D/s40_off,133,seg2,coffee,move_to,step,,coffee,0.5339,0.0098,0.5339,0.001,0.0144,0.2185,0.1423,0.0267,0.0534
D/s40_off,134,seg2,coffee,move_to,step,,coffee,0.5615,0.0074,0.5615,0.001,0.0092,0.2111,0.1319,0.0217,0.0561
D/s40_off,135,seg2,coffee,move_to,step,,coffee,0.588,0.0055,0.588,0.001,0.0057,0.2024,0.121,0.0175,0.0588
D/s40_off,136,seg2,coffee,move_to,step,,coffee,0.6135,0.0041,0.6135,0.001,0.0034,0.1925,0.1101,0.014,0.0613
D/s40_off,137,seg2,coffee,move_to,step,,coffee,0.638,0.003,0.638,0.001,0.002,0.1817,0.0993,0.0112,0.0638
D/s40_off,138,seg2,coffee,move_to,step,,coffee,0.6615,0.0022,0.6615,0.001,0.0012,0.1704,0.0888,0.0088,0.0662
D/s40_off,139,seg2,coffee,move_to,step,,coffee,0.6838,0.0016,0.6838,0.001,0.001,0.1585,0.0788,0.0069,0.0684
D/s40_off,140,seg2,coffee,move_to,step,,coffee,0.7051,0.0011,0.7051,0.001,0.001,0.1465,0.0693,0.0054,0.0705
D/s40_off,141,seg2,coffee,move_to,step,,coffee,0.7252,0.001,0.7252,0.001,0.001,0.1345,0.0606,0.0042,0.0725
D/s40_off,142,seg2,coffee,move_to,step,,coffee,0.7442,0.001,0.7442,0.001,0.001,0.1227,0.0525,0.0032,0.0744
D/s40_off,143,seg2,coffee,move_to,step,,coffee,0.762,0.001,0.762,0.001,0.001,0.1111,0.0453,0.0025,0.0762
D/s40_off,144,seg2,coffee,move_to,step,,coffee,0.7785,0.001,0.7785,0.001,0.001,0.1,0.0387,0.0019,0.0779
D/s40_off,145,seg2,coffee,move_to,step,,coffee,0.7938,0.001,0.7938,0.001,0.001,0.0895,0.0329,0.0014,0.0794
D/s40_off,146,seg2,coffee,move_to,step,,coffee,0.8079,0.001,0.8079,0.001,0.001,0.0795,0.0277,0.0011,0.0808
D/s40_off,147,seg2,coffee,move_to,step,,coffee,0.8205,0.001,0.8205,0.001,0.001,0.0702,0.0233,0.001,0.082
D/s40_off,148,seg2,coffee,move_to,step,,coffee,0.8318,0.001,0.8318,0.001,0.001,0.0616,0.0194,0.001,0.0832
D/s40_off,149,seg2,coffee,move_to,step,,coffee,0.842,0.001,0.842,0.001,0.001,0.0538,0.016,0.001,0.0842
D/s40_off,150,seg2,coffee,move_to,step,,coffee,0.8511,0.001,0.8511,0.001,0.001,0.0466,0.0132,0.001,0.0851
D/s40_off,151,seg2,coffee,move_to,step,,coffee,0.8591,0.001,0.8591,0.001,0.001,0.0402,0.0108,0.001,0.0859
D/s40_off,152,seg2,coffee,move_to,step,,coffee,0.8661,0.001,0.8661,0.001,0.001,0.0345,0.0088,0.001,0.0866
D/s40_off,153,seg2,coffee,move_to,step,,coffee,0.8722,0.001,0.8722,0.001,0.001,0.0294,0.0071,0.001,0.0872
D/s40_off,154,seg2,coffee,move_to,,,ac,0.1957,0.1957,0.1957,0.001,0.001,0.1957,0.1957,0.1957,0.0196
D/s40_off,155,seg2,coffee,wait_at,stand,,ac,0.1957,0.1957,0.1957,0.001,0.001,0.1957,0.1957,0.1957,0.0196
D/s40_off,156,seg2,coffee,wait_at,stand,,ac,0.1957,0.1957,0.1957,0.001,0.001,0.1957,0.1957,0.1957,0.0196
D/s40_off,157,seg2,coffee,wait_at,stand,,ac,0.1957,0.1957,0.1957,0.001,0.001,0.1957,0.1957,0.1957,0.0196
D/s40_off,158,seg2,coffee,wait_at,stand,,ac,0.1957,0.1957,0.1957,0.001,0.001,0.1957,0.1957,0.1957,0.0196
D/s40_off,159,seg2,coffee,wait_at,stand,,ac,0.1957,0.1957,0.1957,0.001,0.001,0.1957,0.1957,0.1957,0.0196
D/s40_off,160,seg2,coffee,wait_at,stand,,ac,0.1957,0.1957,0.1957,0.001,0.001,0.1957,0.1957,0.1957,0.0196
D/s40_off,161,seg2,coffee,wait_at,stand,,ac,0.1957,0.1957,0.1957,0.001,0.001,0.1957,0.1957,0.1957,0.0196
D/s40_off,162,seg2,coffee,wait_at,stand,,ac,0.1957,0.1957,0.1957,0.001,0.001,0.1957,0.1957,0.1957,0.0196
D/s40_off,163,seg2,coffee,wait_at,stand,,ac,0.1957,0.1957,0.1957,0.001,0.001,0.1957,0.1957,0.1957,0.0196
D/s40_off,164,seg2,coffee,wait_at,stand,,ac,0.1957,0.1957,0.1957,0.001,0.001,0.1957,0.1957,0.1957,0.0196
D/s40_off,165,seg2,coffee,wait_at,stand,,ac,0.1957,0.1957,0.1957,0.001,0.001,0.1957,0.1957,0.1957,0.0196
D/s40_off,166,seg2,coffee,wait_at,stand,,ac,0.1957,0.1957,0.1957,0.001,0.001,0.1957,0.1957,0.1957,0.0196
D/s40_off,167,seg2,coffee,wait_at,stand,,ac,0.1957,0.1957,0.1957,0.001,0.001,0.1957,0.1957,0.1957,0.0196
D/s40_off,168,seg2,coffee,wait_at,stand,,ac,0.1957,0.1957,0.1957,0.001,0.001,0.1957,0.1957,0.1957,0.0196
D/s40_off,169,seg2,coffee,wait_at,stand,,ac,0.1957,0.1957,0.1957,0.001,0.001,0.1957,0.1957,0.1957,0.0196
D/s40_off,170,seg2,coffee,wait_at,stand,,ac,0.1957,0.1957,0.1957,0.001,0.001,0.1957,0.1957,0.1957,0.0196
D/s40_off,171,seg2,coffee,wait_at,stand,,ac,0.1957,0.1957,0.1957,0.001,0.001,0.1957,0.1957,0.1957,0.0196
D/s40_off,172,seg2,coffee,wait_at,stand,,ac,0.1957,0.1957,0.1957,0.001,0.001,0.1957,0.1957,0.1957,0.0196
D/s40_off,173,seg2,coffee,wait_at,stand,,ac,0.1957,0.1957,0.1957,0.001,0.001,0.1957,0.1957,0.1957,0.0196
D/s40_off,174,seg2,coffee,wait_at,stand,,ac,0.1957,0.1957,0.1957,0.001,0.001,0.1957,0.1957,0.1957,0.0196
D/s40_off,175,seg2,coffee,wait_at,stand,,ac,0.1957,0.1957,0.1957,0.001,0.001,0.1957,0.1957,0.1957,0.0196
D/s40_off,176,seg2,coffee,wait_at,stand,,ac,0.1957,0.1957,0.1957,0.001,0.001,0.1957,0.1957,0.1957,0.0196
D/s40_off,177,seg2,coffee,wait_at,stand,,ac,0.1957,0.1957,0.1957,0.001,0.001,0.1957,0.1957,0.1957,0.0196
D/s40_off,178,seg2,coffee,wait_at,stand,,ac,0.1957,0.1957,0.1957,0.001,0.001,0.1957,0.1957,0.1957,0.0196
D/s40_off,179,seg2,coffee,wait_at,stand,,ac,0.1957,0.1957,0.1957,0.001,0.001,0.1957,0.1957,0.1957,0.0196
D/s40_off,180,seg2,coffee,wait_at,stand,,ac,0.1957,0.1957,0.1957,0.001,0.001,0.1957,0.1957,0.1957,0.0196
D/s40_off,181,seg2,coffee,wait_at,stand,,ac,0.1957,0.1957,0.1957,0.001,0.001,0.1957,0.1957,0.1957,0.0196
D/s40_off,182,seg2,coffee,wait_at,stand,,ac,0.1957,0.1957,0.1957,0.001,0.001,0.1957,0.1957,0.1957,0.0196
D/s40_off,183,seg2,coffee,wait_at,stand,,ac,0.1957,0.1957,0.1957,0.001,0.001,0.1957,0.1957,0.1957,0.0196
D/s40_off,184,seg2,coffee,wait_at,stand,,ac,0.2432,0.2432,0.001,0.001,0.001,0.2432,0.2432,0.2432,0.0243
D/s40_off,185,seg2,coffee,wait_at,,,ac,0.2432,0.2432,0.001,0.001,0.001,0.2432,0.2432,0.2432,0.0243
D/s40_off,186,seg3a,unknown,,,,ac,0.2432,0.2432,0.001,0.001,0.001,0.2432,0.2432,0.2432,0.0243
D/s40_off,187,seg3a,unknown,move_to,step,,d(item_6),0.247,0.2355,0.001,0.001,0.001,0.2464,0.247,0.2434,0.0247
D/s40_off,188,seg3a,unknown,move_to,step,,d(item_6),0.2511,0.2273,0.001,0.001,0.001,0.2498,0.2511,0.2436,0.0251
D/s40_off,189,seg3a,unknown,move_to,step,,d(item_6),0.2555,0.2187,0.001,0.001,0.001,0.2534,0.2555,0.2439,0.0255
D/s40_off,190,seg3a,unknown,move_to,step,,d(item_6),0.2601,0.2096,0.001,0.001,0.001,0.2572,0.2601,0.2441,0.026
D/s40_off,191,seg3a,unknown,move_to,step,,d(item_6),0.2649,0.2,0.001,0.001,0.001,0.2612,0.2649,0.2443,0.0265
D/s40_off,192,seg3a,unknown,move_to,step,,d(item_6),0.2701,0.19,0.001,0.001,0.001,0.2654,0.2701,0.2444,0.027
D/s40_off,193,seg3a,unknown,move_to,step,,d(item_6),0.2755,0.1797,0.001,0.001,0.001,0.2698,0.2755,0.2445,0.0276
D/s40_off,194,seg3a,unknown,move_to,step,,d(item_6),0.2811,0.169,0.001,0.001,0.001,0.2744,0.2811,0.2444,0.0281
D/s40_off,195,seg3a,unknown,move_to,step,,d(item_6),0.2875,0.1584,0.001,0.001,0.001,0.2795,0.2875,0.2429,0.0288
D/s40_off,196,seg3a,unknown,move_to,step,,d(item_6),0.2942,0.1476,0.001,0.001,0.001,0.285,0.2942,0.2407,0.0294
D/s40_off,197,seg3a,unknown,move_to,step,,d(item_6),0.3014,0.1368,0.001,0.001,0.001,0.2907,0.3014,0.2379,0.0302
D/s40_off,198,seg3a,unknown,move_to,step,,d(item_6),0.3091,0.1261,0.001,0.001,0.001,0.2968,0.3091,0.2341,0.0309
D/s40_off,199,seg3a,unknown,move_to,step,,d(item_6),0.3172,0.1156,0.001,0.001,0.001,0.3032,0.3172,0.2293,0.0317
D/s40_off,200,seg3a,unknown,move_to,step,,d(item_6),0.3258,0.1053,0.001,0.001,0.001,0.3099,0.3258,0.2234,0.0326
D/s40_off,201,seg3a,unknown,move_to,step,,d(item_6),0.3349,0.0954,0.001,0.001,0.001,0.3169,0.3349,0.2163,0.0335
D/s40_off,202,seg3a,unknown,move_to,step,,d(item_6),0.3446,0.0858,0.001,0.001,0.001,0.3242,0.3446,0.2079,0.0345
D/s40_off,203,seg3a,unknown,move_to,step,,d(item_6),0.3548,0.0767,0.001,0.001,0.001,0.3319,0.3548,0.1981,0.0355
D/s40_off,204,seg3a,unknown,move_to,step,,d(item_6),0.3655,0.0682,0.001,0.001,0.001,0.3399,0.3655,0.1868,0.0366
D/s40_off,205,seg3a,unknown,move_to,step,,d(item_6),0.3768,0.0602,0.001,0.001,0.001,0.348,0.3768,0.1742,0.0377
D/s40_off,206,seg3a,unknown,move_to,,,d(item_6),0.3794,0.0606,0.001,0.001,0.001,0.3504,0.3794,0.1686,0.038
D/s40_off,207,seg3a,unknown,wait_at,stand,,d(item_6),0.3821,0.0611,0.001,0.001,0.001,0.3529,0.3821,0.1628,0.0382
D/s40_off,208,seg3a,unknown,wait_at,,,d(item_6),0.3848,0.0615,0.001,0.001,0.001,0.3554,0.3848,0.1569,0.0385
D/s40_off,209,seg3b,unknown,,,,d(item_6),0.3875,0.0619,0.001,0.001,0.001,0.3579,0.3875,0.1509,0.0388
D/s40_off,210,seg3b,unknown,move_to,step,,d(item_6),0.3972,0.0511,0.001,0.001,0.001,0.3801,0.3972,0.1224,0.0463
D/s40_off,211,seg3b,unknown,move_to,step,,d(item_5),0.401,0.0421,0.001,0.001,0.001,0.401,0.4009,0.0974,0.0556
D/s40_off,212,seg3b,unknown,move_to,step,,d(item_5),0.42,0.0348,0.001,0.001,0.001,0.42,0.3985,0.0765,0.0673
D/s40_off,213,seg3b,unknown,move_to,step,,d(item_5),0.4363,0.0288,0.001,0.001,0.001,0.4363,0.3902,0.0597,0.082
D/s40_off,214,seg3b,unknown,move_to,step,,d(item_5),0.4494,0.0239,0.001,0.001,0.001,0.4494,0.3769,0.0463,0.1005
D/s40_off,215,seg3b,unknown,move_to,step,,d(item_5),0.4584,0.0199,0.001,0.001,0.001,0.4584,0.3591,0.0359,0.1237
D/s40_off,216,seg3b,unknown,move_to,step,,d(item_5),0.4624,0.0165,0.001,0.001,0.001,0.4624,0.3377,0.0278,0.1527
D/s40_off,217,seg3b,unknown,move_to,step,,d(item_5),0.4603,0.0138,0.001,0.001,0.001,0.4603,0.3133,0.0214,0.1883
D/s40_off,218,seg3b,unknown,move_to,step,,d(item_5),0.4514,0.0114,0.001,0.001,0.001,0.4514,0.2864,0.0164,0.2314
D/s40_off,219,seg3b,unknown,move_to,step,,d(item_5),0.435,0.0094,0.001,0.001,0.001,0.435,0.2577,0.0125,0.2826
D/s40_off,220,seg3b,unknown,move_to,step,,d(item_5),0.4108,0.0076,0.001,0.001,0.001,0.4108,0.2277,0.0094,0.3415
D/s40_off,221,seg3b,unknown,move_to,step,,unknown,0.4073,0.0061,0.001,0.001,0.001,0.3795,0.1972,0.0069,0.4073
D/s40_off,222,seg3b,unknown,move_to,step,,unknown,0.4779,0.0048,0.001,0.001,0.001,0.3421,0.1671,0.0051,0.4779
D/s40_off,223,seg3b,unknown,move_to,step,,unknown,0.5506,0.0037,0.001,0.001,0.001,0.3006,0.1384,0.0036,0.5506
D/s40_off,224,seg3b,unknown,move_to,step,,unknown,0.6223,0.0028,0.001,0.001,0.001,0.2573,0.1119,0.0026,0.6223
D/s40_off,225,seg3b,unknown,move_to,step,,unknown,0.6898,0.0021,0.001,0.001,0.001,0.2148,0.0885,0.0018,0.6898
D/s40_off,226,seg3b,unknown,move_to,step,,unknown,0.7508,0.0015,0.001,0.001,0.001,0.175,0.0685,0.0012,0.7508
D/s40_off,227,seg3b,unknown,move_to,,,unknown,0.7509,0.0015,0.001,0.001,0.001,0.175,0.0685,0.0011,0.7509
D/s40_off,228,seg3b,unknown,wait_at,stand,,unknown,0.7509,0.0015,0.001,0.001,0.001,0.175,0.0685,0.001,0.7509
D/s40_off,229,seg3b,unknown,wait_at,,,unknown,0.751,0.0015,0.001,0.001,0.001,0.175,0.0685,0.001,0.751
D/s40_off,230,seg4,d(item_6),,,,unknown,0.751,0.0015,0.001,0.001,0.001,0.175,0.0685,0.001,0.751
D/s40_off,231,seg4,d(item_6),move_to,step,,unknown,0.7523,0.0014,0.001,0.001,0.001,0.1737,0.0686,0.001,0.7523
D/s40_off,232,seg4,d(item_6),move_to,step,,unknown,0.7537,0.0013,0.001,0.001,0.001,0.1722,0.0687,0.001,0.7537
D/s40_off,233,seg4,d(item_6),move_to,step,,unknown,0.7552,0.0012,0.001,0.001,0.001,0.1708,0.0689,0.001,0.7552
D/s40_off,234,seg4,d(item_6),move_to,step,,unknown,0.7567,0.0011,0.001,0.001,0.001,0.1692,0.069,0.001,0.7567
D/s40_off,235,seg4,d(item_6),move_to,step,,unknown,0.7583,0.001,0.001,0.001,0.001,0.1675,0.0692,0.001,0.7583
D/s40_off,236,seg4,d(item_6),move_to,step,,unknown,0.7599,0.001,0.001,0.001,0.001,0.1658,0.0693,0.001,0.7599
D/s40_off,237,seg4,d(item_6),move_to,step,,unknown,0.7617,0.001,0.001,0.001,0.001,0.1639,0.0695,0.001,0.7617
D/s40_off,238,seg4,d(item_6),move_to,step,,unknown,0.7635,0.001,0.001,0.001,0.001,0.1619,0.0696,0.001,0.7635
D/s40_off,239,seg4,d(item_6),move_to,step,,unknown,0.7654,0.001,0.001,0.001,0.001,0.1598,0.0698,0.001,0.7654
D/s40_off,240,seg4,d(item_6),move_to,step,,unknown,0.7674,0.001,0.001,0.001,0.001,0.1576,0.07,0.001,0.7674
D/s40_off,241,seg4,d(item_6),move_to,step,,unknown,0.7696,0.001,0.001,0.001,0.001,0.1553,0.0702,0.001,0.7696
D/s40_off,242,seg4,d(item_6),move_to,step,,unknown,0.7718,0.001,0.001,0.001,0.001,0.1528,0.0704,0.001,0.7718
D/s40_off,243,seg4,d(item_6),move_to,step,,unknown,0.7743,0.001,0.001,0.001,0.001,0.1501,0.0706,0.001,0.7743
D/s40_off,244,seg4,d(item_6),move_to,step,,unknown,0.7769,0.001,0.001,0.001,0.001,0.1473,0.0708,0.001,0.7769
D/s40_off,245,seg4,d(item_6),move_to,step,,unknown,0.7796,0.001,0.001,0.001,0.001,0.1443,0.0711,0.001,0.7796
D/s40_off,246,seg4,d(item_6),move_to,step,,unknown,0.7826,0.001,0.001,0.001,0.001,0.1411,0.0714,0.001,0.7826
D/s40_off,247,seg4,d(item_6),move_to,step,,unknown,0.7857,0.001,0.001,0.001,0.001,0.1376,0.0717,0.001,0.7857
D/s40_off,248,seg4,d(item_6),move_to,step,,unknown,0.7891,0.001,0.001,0.001,0.001,0.1339,0.072,0.001,0.7891
D/s40_off,249,seg4,d(item_6),move_to,step,,unknown,0.7927,0.001,0.001,0.001,0.001,0.13,0.0723,0.001,0.7927
D/s40_off,250,seg4,d(item_6),move_to,step,,unknown,0.7966,0.001,0.001,0.001,0.001,0.1258,0.0726,0.001,0.7966
D/s40_off,251,seg4,d(item_6),move_to,step,,unknown,0.8007,0.001,0.001,0.001,0.001,0.1213,0.073,0.001,0.8007
D/s40_off,252,seg4,d(item_6),move_to,step,,unknown,0.8051,0.001,0.001,0.001,0.001,0.1164,0.0734,0.001,0.8051
D/s40_off,253,seg4,d(item_6),move_to,step,,unknown,0.8099,0.001,0.001,0.001,0.001,0.1113,0.0739,0.001,0.8099
D/s40_off,254,seg4,d(item_6),move_to,step,,unknown,0.815,0.001,0.001,0.001,0.001,0.1057,0.0743,0.001,0.815
D/s40_off,255,seg4,d(item_6),move_to,step,,unknown,0.8204,0.001,0.001,0.001,0.001,0.0998,0.0748,0.001,0.8204
D/s40_off,256,seg4,d(item_6),move_to,step,,unknown,0.8261,0.001,0.001,0.001,0.001,0.0936,0.0753,0.001,0.8261
D/s40_off,257,seg4,d(item_6),move_to,step,,unknown,0.8321,0.001,0.001,0.001,0.001,0.087,0.0759,0.001,0.8321
D/s40_off,258,seg4,d(item_6),move_to,step,,unknown,0.8385,0.001,0.001,0.001,0.001,0.0801,0.0765,0.001,0.8385
D/s40_off,259,seg4,d(item_6),move_to,step,,unknown,0.8451,0.001,0.001,0.001,0.001,0.0729,0.0771,0.001,0.8451
D/s40_off,260,seg4,d(item_6),move_to,step,,unknown,0.8518,0.001,0.001,0.001,0.001,0.0655,0.0777,0.001,0.8518
D/s40_off,261,seg4,d(item_6),move_to,step,,unknown,0.8586,0.001,0.001,0.001,0.001,0.0581,0.0783,0.001,0.8586
D/s40_off,262,seg4,d(item_6),move_to,step,,unknown,0.8654,0.001,0.001,0.001,0.001,0.0507,0.0789,0.001,0.8654
D/s40_off,263,seg4,d(item_6),move_to,step,,unknown,0.872,0.001,0.001,0.001,0.001,0.0435,0.0795,0.001,0.872
D/s40_off,264,seg4,d(item_6),move_to,step,,unknown,0.8783,0.001,0.001,0.001,0.001,0.0366,0.0801,0.001,0.8783
D/s40_off,265,seg4,d(item_6),move_to,step,,unknown,0.8841,0.001,0.001,0.001,0.001,0.0303,0.0806,0.001,0.8841
D/s40_off,266,seg4,d(item_6),move_to,step,,unknown,0.8893,0.001,0.001,0.001,0.001,0.0246,0.0811,0.001,0.8893
D/s40_off,267,seg4,d(item_6),move_to,step,,unknown,0.8939,0.001,0.001,0.001,0.001,0.0196,0.0815,0.001,0.8939
D/s40_off,268,seg4,d(item_6),move_to,step,,unknown,0.8978,0.001,0.001,0.001,0.001,0.0153,0.0819,0.001,0.8978
D/s40_off,269,seg4,d(item_6),move_to,step,,unknown,0.901,0.001,0.001,0.001,0.001,0.0118,0.0822,0.001,0.901
D/s40_off,270,seg4,d(item_6),move_to,step,,unknown,0.9037,0.001,0.001,0.001,0.001,0.0089,0.0824,0.001,0.9037
D/s40_off,271,seg4,d(item_6),move_to,,,ac,0.4722,0.4722,0.001,0.001,0.001,0.4722,0.0043,0.001,0.0472
D/s40_off,272,seg4,d(item_6),pick_up,grasp,item_6,ac,0.4722,0.4722,0.001,0.001,0.001,0.4722,0.0043,0.001,0.0472
D/s40_off,273,seg4,d(item_6),pick_up,,item_6,ac,0.4722,0.4722,0.001,0.001,0.001,0.4722,0.0043,0.001,0.0472
D/s40_off,274,seg4,d(item_6),move_to,step,item_6,d(item_5),0.4733,0.471,0.001,0.001,0.001,0.4733,0.0043,0.001,0.0473
D/s40_off,275,seg4,d(item_6),move_to,step,item_6,d(item_5),0.4745,0.4698,0.001,0.001,0.001,0.4745,0.0043,0.001,0.0474
D/s40_off,276,seg4,d(item_6),move_to,step,item_6,ac,0.5192,0.5192,0.001,0.001,0.001,0.4199,0.0048,0.001,0.0522
D/s40_off,277,seg4,d(item_6),move_to,step,item_6,ac,0.5725,0.5725,0.001,0.001,0.001,0.3603,0.0053,0.001,0.0579
D/s40_off,278,seg4,d(item_6),move_to,step,item_6,ac,0.6287,0.6287,0.001,0.001,0.001,0.2975,0.0058,0.001,0.0639
D/s40_off,279,seg4,d(item_6),move_to,step,item_6,ac,0.6833,0.6833,0.001,0.001,0.001,0.2364,0.0064,0.001,0.0699
D/s40_off,280,seg4,d(item_6),move_to,step,item_6,ac,0.7325,0.7325,0.001,0.001,0.001,0.1812,0.0069,0.001,0.0754
D/s40_off,281,seg4,d(item_6),move_to,step,item_6,ac,0.7738,0.7738,0.001,0.001,0.001,0.1346,0.0073,0.001,0.0803
D/s40_off,282,seg4,d(item_6),move_to,step,item_6,ac,0.8066,0.8066,0.001,0.001,0.001,0.0975,0.0077,0.001,0.0843
D/s40_off,283,seg4,d(item_6),move_to,step,item_6,ac,0.8313,0.8313,0.001,0.001,0.001,0.0692,0.008,0.001,0.0876
D/s40_off,284,seg4,d(item_6),move_to,step,item_6,ac,0.8492,0.8492,0.001,0.001,0.001,0.0484,0.0082,0.001,0.0902
D/s40_off,285,seg4,d(item_6),move_to,step,item_6,ac,0.8617,0.8617,0.001,0.001,0.001,0.0335,0.0084,0.001,0.0923
D/s40_off,286,seg4,d(item_6),move_to,step,item_6,ac,0.8702,0.8702,0.001,0.001,0.001,0.0231,0.0086,0.001,0.0941
D/s40_off,287,seg4,d(item_6),move_to,step,item_6,ac,0.8758,0.8758,0.001,0.001,0.001,0.0158,0.0087,0.001,0.0957
D/s40_off,288,seg4,d(item_6),move_to,step,item_6,ac,0.8792,0.8792,0.001,0.001,0.001,0.0108,0.0089,0.001,0.0972
D/s40_off,289,seg4,d(item_6),move_to,step,item_6,ac,0.8812,0.8812,0.001,0.001,0.001,0.0073,0.009,0.001,0.0985
D/s40_off,290,seg4,d(item_6),move_to,step,item_6,ac,0.882,0.882,0.001,0.001,0.001,0.005,0.0091,0.001,0.0999
D/s40_off,291,seg4,d(item_6),move_to,step,item_6,ac,0.8821,0.8821,0.001,0.001,0.001,0.0034,0.0092,0.001,0.1013
D/s40_off,292,seg4,d(item_6),move_to,step,item_6,ac,0.8816,0.8816,0.001,0.001,0.001,0.0023,0.0094,0.001,0.1027
D/s40_off,293,seg4,d(item_6),move_to,step,item_6,ac,0.8807,0.8807,0.001,0.001,0.001,0.0016,0.0095,0.001,0.1042
D/s40_off,294,seg4,d(item_6),move_to,step,item_6,ac,0.8794,0.8794,0.001,0.001,0.001,0.0011,0.0097,0.001,0.1059
D/s40_off,295,seg4,d(item_6),move_to,step,item_6,ac,0.8775,0.8775,0.001,0.001,0.001,0.001,0.0098,0.001,0.1077
D/s40_off,296,seg4,d(item_6),move_to,step,item_6,ac,0.8753,0.8753,0.001,0.001,0.001,0.001,0.01,0.001,0.1097
D/s40_off,297,seg4,d(item_6),move_to,step,item_6,ac,0.8729,0.8729,0.001,0.001,0.001,0.001,0.0102,0.001,0.1119
D/s40_off,298,seg4,d(item_6),move_to,step,item_6,ac,0.8702,0.8702,0.001,0.001,0.001,0.001,0.0104,0.001,0.1144
D/s40_off,299,seg4,d(item_6),move_to,step,item_6,ac,0.8672,0.8672,0.001,0.001,0.001,0.001,0.0107,0.001,0.1172
D/s40_off,300,seg4,d(item_6),move_to,step,item_6,ac,0.8637,0.8637,0.001,0.001,0.001,0.001,0.011,0.001,0.1203
D/s40_off,301,seg4,d(item_6),move_to,step,item_6,ac,0.8598,0.8598,0.001,0.001,0.001,0.001,0.0113,0.001,0.1239
D/s40_off,302,seg4,d(item_6),move_to,step,item_6,ac,0.8554,0.8554,0.001,0.001,0.001,0.001,0.0117,0.001,0.1279
D/s40_off,303,seg4,d(item_6),move_to,step,item_6,ac,0.8503,0.8503,0.001,0.001,0.001,0.001,0.0121,0.001,0.1326
D/s40_off,304,seg4,d(item_6),move_to,step,item_6,ac,0.8444,0.8444,0.001,0.001,0.001,0.001,0.0126,0.001,0.138
D/s40_off,305,seg4,d(item_6),move_to,step,item_6,ac,0.8375,0.8375,0.001,0.001,0.001,0.001,0.0132,0.001,0.1443
D/s40_off,306,seg4,d(item_6),move_to,step,item_6,ac,0.8295,0.8295,0.001,0.001,0.001,0.001,0.0138,0.001,0.1516
D/s40_off,307,seg4,d(item_6),move_to,step,item_6,ac,0.8201,0.8201,0.001,0.001,0.001,0.001,0.0146,0.001,0.1603
D/s40_off,308,seg4,d(item_6),move_to,step,item_6,ac,0.809,0.809,0.001,0.001,0.001,0.001,0.0155,0.001,0.1704
D/s40_off,309,seg4,d(item_6),move_to,step,item_6,ac,0.7958,0.7958,0.001,0.001,0.001,0.001,0.0166,0.001,0.1825
D/s40_off,310,seg4,d(item_6),move_to,step,item_6,ac,0.7802,0.7802,0.001,0.001,0.001,0.001,0.018,0.001,0.1969
D/s40_off,311,seg4,d(item_6),move_to,step,item_6,ac,0.7614,0.7614,0.001,0.001,0.001,0.001,0.0195,0.001,0.2141
D/s40_off,312,seg4,d(item_6),move_to,step,item_6,ac,0.7391,0.7391,0.001,0.001,0.001,0.001,0.0214,0.001,0.2346
D/s40_off,313,seg4,d(item_6),move_to,step,item_6,ac,0.7124,0.7124,0.001,0.001,0.001,0.001,0.0236,0.001,0.259
D/s40_off,314,seg4,d(item_6),move_to,step,item_6,ac,0.6808,0.6808,0.001,0.001,0.001,0.001,0.0263,0.001,0.2879
D/s40_off,315,seg4,d(item_6),move_to,step,item_6,ac,0.6438,0.6438,0.001,0.001,0.001,0.001,0.0294,0.001,0.3219
D/s40_off,316,seg4,d(item_6),move_to,step,item_6,ac,0.6009,0.6009,0.001,0.001,0.001,0.001,0.0329,0.001,0.3612
D/s40_off,317,seg4,d(item_6),move_to,step,item_6,ac,0.5522,0.5522,0.001,0.001,0.001,0.001,0.037,0.001,0.4058
D/s40_off,318,seg4,d(item_6),move_to,step,item_6,ac,0.4982,0.4982,0.001,0.001,0.001,0.001,0.0415,0.001,0.4553
D/s40_off,319,seg4,d(item_6),move_to,step,item_6,unknown,0.5084,0.4403,0.001,0.001,0.001,0.001,0.0464,0.001,0.5084
D/s40_off,320,seg4,d(item_6),move_to,step,item_6,unknown,0.5634,0.3802,0.001,0.001,0.001,0.001,0.0514,0.001,0.5634
D/s40_off,321,seg4,d(item_6),move_to,step,item_6,unknown,0.6181,0.3205,0.001,0.001,0.001,0.001,0.0564,0.001,0.6181
D/s40_off,322,seg4,d(item_6),move_to,step,item_6,unknown,0.6703,0.2635,0.001,0.001,0.001,0.001,0.0611,0.001,0.6703
D/s40_off,323,seg4,d(item_6),move_to,step,item_6,unknown,0.7181,0.2114,0.001,0.001,0.001,0.001,0.0655,0.001,0.7181
D/s40_off,324,seg4,d(item_6),move_to,step,item_6,unknown,0.7599,0.1658,0.001,0.001,0.001,0.001,0.0693,0.001,0.7599
D/s40_off,325,seg4,d(item_6),move_to,step,item_6,unknown,0.7952,0.1273,0.001,0.001,0.001,0.001,0.0725,0.001,0.7952
D/s40_off,326,seg4,d(item_6),move_to,step,item_6,unknown,0.8239,0.0959,0.001,0.001,0.001,0.001,0.0751,0.001,0.8239
D/s40_off,327,seg4,d(item_6),move_to,step,item_6,unknown,0.8466,0.0712,0.001,0.001,0.001,0.001,0.0772,0.001,0.8466
D/s40_off,328,seg4,d(item_6),move_to,step,item_6,unknown,0.8641,0.0521,0.001,0.001,0.001,0.001,0.0788,0.001,0.8641
D/s40_off,329,seg4,d(item_6),move_to,step,item_6,unknown,0.8773,0.0377,0.001,0.001,0.001,0.001,0.08,0.001,0.8773
D/s40_off,330,seg4,d(item_6),move_to,,item_6,ac,0.4722,0.4722,0.001,0.001,0.001,0.4722,0.0043,0.001,0.0472
D/s40_off,331,seg4,d(item_6),place,release,,ac,0.4738,0.4738,0.001,0.001,0.001,0.4738,0.001,0.001,0.0474
D/s40_off,332,seg4,d(item_6),place,,,ac,0.4738,0.4738,0.001,0.001,0.001,0.4738,0.001,0.001,0.0474
D/s40_off,333,done,unknown,,,,ac,0.4738,0.4738,0.001,0.001,0.001,0.4738,0.001,0.001,0.0474
D/s40_off,334,done,unknown,,,,ac,0.4738,0.4738,0.001,0.001,0.001,0.4738,0.001,0.001,0.0474
D/s40_off,335,done,unknown,,,,ac,0.4738,0.4738,0.001,0.001,0.001,0.4738,0.001,0.001,0.0474
D/s40_off,336,done,unknown,,,,ac,0.4738,0.4738,0.001,0.001,0.001,0.4738,0.001,0.001,0.0474
D/s40_off,337,done,unknown,,,,ac,0.4738,0.4738,0.001,0.001,0.001,0.4738,0.001,0.001,0.0474
D/s40_off,338,done,unknown,,,,ac,0.4738,0.4738,0.001,0.001,0.001,0.4738,0.001,0.001,0.0474
D/s40_off,339,done,unknown,,,,ac,0.4738,0.4738,0.001,0.001,0.001,0.4738,0.001,0.001,0.0474
D/s40_off,340,done,unknown,,,,ac,0.4738,0.4738,0.001,0.001,0.001,0.4738,0.001,0.001,0.0474
D/s40_off,341,done,unknown,,,,ac,0.4738,0.4738,0.001,0.001,0.001,0.4738,0.001,0.001,0.0474
D/s40_off,342,done,unknown,,,,ac,0.4738,0.4738,0.001,0.001,0.001,0.4738,0.001,0.001,0.0474
D/s40_off,343,done,unknown,,,,ac,0.4738,0.4738,0.001,0.001,0.001,0.4738,0.001,0.001,0.0474
D/s40_off,344,done,unknown,,,,ac,0.4738,0.4738,0.001,0.001,0.001,0.4738,0.001,0.001,0.0474
D/s40_off,345,done,unknown,,,,ac,0.4738,0.4738,0.001,0.001,0.001,0.4738,0.001,0.001,0.0474
D/s40_off,346,done,unknown,,,,ac,0.4738,0.4738,0.001,0.001,0.001,0.4738,0.001,0.001,0.0474
D/s40_off,347,done,unknown,,,,ac,0.4738,0.4738,0.001,0.001,0.001,0.4738,0.001,0.001,0.0474
D/s40_off,348,done,unknown,,,,ac,0.4738,0.4738,0.001,0.001,0.001,0.4738,0.001,0.001,0.0474
D/s40_off,349,done,unknown,,,,ac,0.4738,0.4738,0.001,0.001,0.001,0.4738,0.001,0.001,0.0474
D/s40_off,350,done,unknown,,,,ac,0.4738,0.4738,0.001,0.001,0.001,0.4738,0.001,0.001,0.0474
D/s40_off,351,done,unknown,,,,ac,0.4738,0.4738,0.001,0.001,0.001,0.4738,0.001,0.001,0.0474
D/s40_off,352,done,unknown,,,,ac,0.4738,0.4738,0.001,0.001,0.001,0.4738,0.001,0.001,0.0474
D/s40_off,353,done,unknown,,,,ac,0.4738,0.4738,0.001,0.001,0.001,0.4738,0.001,0.001,0.0474
D/s40_off,354,done,unknown,,,,ac,0.4738,0.4738,0.001,0.001,0.001,0.4738,0.001,0.001,0.0474
D/s40_off,355,done,unknown,,,,ac,0.4738,0.4738,0.001,0.001,0.001,0.4738,0.001,0.001,0.0474
D/s40_off,356,done,unknown,,,,ac,0.4738,0.4738,0.001,0.001,0.001,0.4738,0.001,0.001,0.0474
D/s40_off,357,done,unknown,,,,ac,0.4738,0.4738,0.001,0.001,0.001,0.4738,0.001,0.001,0.0474
D/s40_off,358,done,unknown,,,,ac,0.4738,0.4738,0.001,0.001,0.001,0.4738,0.001,0.001,0.0474
D/s40_off,359,done,unknown,,,,ac,0.4738,0.4738,0.001,0.001,0.001,0.4738,0.001,0.001,0.0474
D/s40_off,360,done,unknown,,,,ac,0.4738,0.4738,0.001,0.001,0.001,0.4738,0.001,0.001,0.0474
D/s40_off,361,done,unknown,,,,ac,0.4738,0.4738,0.001,0.001,0.001,0.4738,0.001,0.001,0.0474
D/s40_off,362,done,unknown,,,,ac,0.4738,0.4738,0.001,0.001,0.001,0.4738,0.001,0.001,0.0474
D/s40_off,363,done,unknown,,,,ac,0.4738,0.4738,0.001,0.001,0.001,0.4738,0.001,0.001,0.0474
D/s40_off,364,done,unknown,,,,ac,0.4738,0.4738,0.001,0.001,0.001,0.4738,0.001,0.001,0.0474
D/s40_off,365,done,unknown,,,,ac,0.4738,0.4738,0.001,0.001,0.001,0.4738,0.001,0.001,0.0474
D/s40_off,366,done,unknown,,,,ac,0.4738,0.4738,0.001,0.001,0.001,0.4738,0.001,0.001,0.0474
D/s40_off,367,done,unknown,,,,ac,0.4738,0.4738,0.001,0.001,0.001,0.4738,0.001,0.001,0.0474
D/s40_off,368,done,unknown,,,,ac,0.4738,0.4738,0.001,0.001,0.001,0.4738,0.001,0.001,0.0474
D/s40_off,369,done,unknown,,,,ac,0.4738,0.4738,0.001,0.001,0.001,0.4738,0.001,0.001,0.0474
D/s40_off,370,done,unknown,,,,ac,0.4738,0.4738,0.001,0.001,0.001,0.4738,0.001,0.001,0.0474
D/s40_off,371,done,unknown,,,,ac,0.4738,0.4738,0.001,0.001,0.001,0.4738,0.001,0.001,0.0474
D/s40_off,372,done,unknown,,,,ac,0.4738,0.4738,0.001,0.001,0.001,0.4738,0.001,0.001,0.0474
D/s40_off,373,done,unknown,,,,ac,0.4738,0.4738,0.001,0.001,0.001,0.4738,0.001,0.001,0.0474
D/s40_off,374,done,unknown,,,,ac,0.4738,0.4738,0.001,0.001,0.001,0.4738,0.001,0.001,0.0474
D/s40_off,375,done,unknown,,,,ac,0.4738,0.4738,0.001,0.001,0.001,0.4738,0.001,0.001,0.0474
D/s40_off,376,done,unknown,,,,ac,0.9036,0.9036,0.001,0.001,0.001,0.001,0.001,0.001,0.0904
D/s40_off,377,done,unknown,,,,ac,0.9036,0.9036,0.001,0.001,0.001,0.001,0.001,0.001,0.0904
D/s40_off,378,done,unknown,,,,ac,0.9036,0.9036,0.001,0.001,0.001,0.001,0.001,0.001,0.0904
D/s40_off,379,done,unknown,,,,ac,0.9036,0.9036,0.001,0.001,0.001,0.001,0.001,0.001,0.0904
D/s40_off,380,done,unknown,,,,ac,0.9036,0.9036,0.001,0.001,0.001,0.001,0.001,0.001,0.0904
D/s40_off,381,done,unknown,,,,ac,0.9036,0.9036,0.001,0.001,0.001,0.001,0.001,0.001,0.0904
D/s40_off,382,done,unknown,,,,ac,0.9036,0.9036,0.001,0.001,0.001,0.001,0.001,0.001,0.0904
D/s40_on,0,seg1,d(item_3),move_to,step,,d(item_3),0.2664,0.217,0.2566,0.2664,0.001,0.001,0.2303,0.001,0.0266
D/s40_on,1,seg1,d(item_3),move_to,step,,d(item_3),0.2934,0.1879,0.2714,0.2934,0.001,0.001,0.215,0.001,0.0293
D/s40_on,2,seg1,d(item_3),move_to,step,,d(item_3),0.3236,0.1576,0.2864,0.3236,0.001,0.001,0.197,0.001,0.0324
D/s40_on,3,seg1,d(item_3),move_to,step,,d(item_3),0.356,0.1282,0.3005,0.356,0.001,0.001,0.1767,0.001,0.0356
D/s40_on,4,seg1,d(item_3),move_to,step,,d(item_3),0.3894,0.1013,0.3124,0.3894,0.001,0.001,0.1549,0.001,0.0389
D/s40_on,5,seg1,d(item_3),move_to,step,,d(item_3),0.4229,0.0781,0.321,0.4229,0.001,0.001,0.1328,0.001,0.0423
D/s40_on,6,seg1,d(item_3),move_to,step,,d(item_3),0.4555,0.0589,0.3257,0.4555,0.001,0.001,0.1114,0.001,0.0455
D/s40_on,7,seg1,d(item_3),move_to,step,,d(item_3),0.4867,0.0436,0.3263,0.4867,0.001,0.001,0.0917,0.001,0.0487
D/s40_on,8,seg1,d(item_3),move_to,step,,d(item_3),0.5164,0.0318,0.323,0.5164,0.001,0.001,0.0741,0.001,0.0516
D/s40_on,9,seg1,d(item_3),move_to,step,,d(item_3),0.5445,0.0229,0.3161,0.5445,0.001,0.001,0.0591,0.001,0.0544
D/s40_on,10,seg1,d(item_3),move_to,step,,d(item_3),0.5711,0.0164,0.3059,0.5711,0.001,0.001,0.0465,0.001,0.0571
D/s40_on,11,seg1,d(item_3),move_to,step,,d(item_3),0.5964,0.0116,0.293,0.5964,0.001,0.001,0.0363,0.001,0.0596
D/s40_on,12,seg1,d(item_3),move_to,step,,d(item_3),0.6207,0.0082,0.278,0.6207,0.001,0.001,0.028,0.001,0.0621
D/s40_on,13,seg1,d(item_3),move_to,step,,d(item_3),0.6441,0.0058,0.2612,0.6441,0.001,0.001,0.0215,0.001,0.0644
D/s40_on,14,seg1,d(item_3),move_to,step,,d(item_3),0.6667,0.004,0.2432,0.6667,0.001,0.001,0.0164,0.001,0.0667
D/s40_on,15,seg1,d(item_3),move_to,step,,d(item_3),0.6886,0.0028,0.2243,0.6886,0.001,0.001,0.0124,0.001,0.0689
D/s40_on,16,seg1,d(item_3),move_to,step,,d(item_3),0.7098,0.002,0.2049,0.7098,0.001,0.001,0.0094,0.001,0.071
D/s40_on,17,seg1,d(item_3),move_to,step,,d(item_3),0.7301,0.0014,0.1855,0.7301,0.001,0.001,0.007,0.001,0.073
D/s40_on,18,seg1,d(item_3),move_to,step,,d(item_3),0.7495,0.001,0.1663,0.7495,0.001,0.001,0.0053,0.001,0.075
D/s40_on,19,seg1,d(item_3),move_to,step,,d(item_3),0.7677,0.001,0.1476,0.7677,0.001,0.001,0.0039,0.001,0.0768
D/s40_on,20,seg1,d(item_3),move_to,step,,d(item_3),0.7849,0.001,0.1297,0.7849,0.001,0.001,0.0029,0.001,0.0785
D/s40_on,21,seg1,d(item_3),move_to,step,,d(item_3),0.8008,0.001,0.1129,0.8008,0.001,0.001,0.0021,0.001,0.0801
D/s40_on,22,seg1,d(item_3),move_to,step,,d(item_3),0.8155,0.001,0.0974,0.8155,0.001,0.001,0.0016,0.001,0.0816
D/s40_on,23,seg1,d(item_3),move_to,step,,d(item_3),0.8289,0.001,0.0831,0.8289,0.001,0.001,0.0012,0.001,0.0829
D/s40_on,24,seg1,d(item_3),move_to,step,,d(item_3),0.8407,0.001,0.0703,0.8407,0.001,0.001,0.001,0.001,0.0841
D/s40_on,25,seg1,d(item_3),move_to,step,,d(item_3),0.8511,0.001,0.0588,0.8511,0.001,0.001,0.001,0.001,0.0851
D/s40_on,26,seg1,d(item_3),move_to,step,,d(item_3),0.8602,0.001,0.0488,0.8602,0.001,0.001,0.001,0.001,0.086
D/s40_on,27,seg1,d(item_3),move_to,step,,d(item_3),0.8681,0.001,0.0401,0.8681,0.001,0.001,0.001,0.001,0.0868
D/s40_on,28,seg1,d(item_3),move_to,step,,d(item_3),0.8748,0.001,0.0327,0.8748,0.001,0.001,0.001,0.001,0.0875
D/s40_on,29,seg1,d(item_3),move_to,step,,d(item_3),0.8805,0.001,0.0265,0.8805,0.001,0.001,0.001,0.001,0.088
D/s40_on,30,seg1,d(item_3),move_to,step,,d(item_3),0.8853,0.001,0.0212,0.8853,0.001,0.001,0.001,0.001,0.0885
D/s40_on,31,seg1,d(item_3),move_to,step,,d(item_3),0.8892,0.001,0.0169,0.8892,0.001,0.001,0.001,0.001,0.0889
D/s40_on,32,seg1,d(item_3),move_to,step,,d(item_3),0.8924,0.001,0.0134,0.8924,0.001,0.001,0.001,0.001,0.0892
D/s40_on,33,seg1,d(item_3),move_to,step,,d(item_3),0.895,0.001,0.0105,0.895,0.001,0.001,0.001,0.001,0.0895
D/s40_on,34,seg1,d(item_3),move_to,step,,d(item_3),0.8971,0.001,0.0082,0.8971,0.001,0.001,0.001,0.001,0.0897
D/s40_on,35,seg1,d(item_3),move_to,step,,d(item_3),0.8988,0.001,0.0063,0.8988,0.001,0.001,0.001,0.001,0.0899
D/s40_on,36,seg1,d(item_3),move_to,step,,d(item_3),0.9001,0.001,0.0049,0.9001,0.001,0.001,0.001,0.001,0.09
D/s40_on,37,seg1,d(item_3),move_to,step,,d(item_3),0.9012,0.001,0.0037,0.9012,0.001,0.001,0.001,0.001,0.0901
D/s40_on,38,seg1,d(item_3),move_to,step,,d(item_3),0.902,0.001,0.0028,0.902,0.001,0.001,0.001,0.001,0.0902
D/s40_on,39,seg1,d(item_3),move_to,step,,d(item_3),0.9026,0.001,0.0021,0.9026,0.001,0.001,0.001,0.001,0.0903
D/s40_on,40,seg1,d(item_3),move_to,step,,d(item_3),0.9031,0.001,0.0016,0.9031,0.001,0.001,0.001,0.001,0.0903
D/s40_on,41,seg1,d(item_3),move_to,step,,d(item_3),0.9035,0.001,0.0012,0.9035,0.001,0.001,0.001,0.001,0.0903
D/s40_on,42,seg1,d(item_3),move_to,step,,d(item_3),0.9037,0.001,0.001,0.9037,0.001,0.001,0.001,0.001,0.0904
D/s40_on,43,seg1,d(item_3),move_to,step,,d(item_3),0.9037,0.001,0.001,0.9037,0.001,0.001,0.001,0.001,0.0904
D/s40_on,44,seg1,d(item_3),move_to,step,,d(item_3),0.9037,0.001,0.001,0.9037,0.001,0.001,0.001,0.001,0.0904
D/s40_on,45,seg1,d(item_3),move_to,step,,d(item_3),0.9037,0.001,0.001,0.9037,0.001,0.001,0.001,0.001,0.0904
D/s40_on,46,seg1,d(item_3),move_to,step,,d(item_3),0.9037,0.001,0.001,0.9037,0.001,0.001,0.001,0.001,0.0904
D/s40_on,47,seg1,d(item_3),move_to,step,,d(item_3),0.9037,0.001,0.001,0.9037,0.001,0.001,0.001,0.001,0.0904
D/s40_on,48,seg1,d(item_3),move_to,step,,d(item_3),0.9037,0.001,0.001,0.9037,0.001,0.001,0.001,0.001,0.0904
D/s40_on,49,seg1,d(item_3),move_to,step,,d(item_3),0.9037,0.001,0.001,0.9037,0.001,0.001,0.001,0.001,0.0904
D/s40_on,50,seg1,d(item_3),move_to,step,,d(item_3),0.9037,0.001,0.001,0.9037,0.001,0.001,0.001,0.001,0.0904
D/s40_on,51,seg1,d(item_3),move_to,step,,d(item_3),0.9037,0.001,0.001,0.9037,0.001,0.001,0.001,0.001,0.0904
D/s40_on,52,seg1,d(item_3),move_to,step,,d(item_3),0.9037,0.001,0.001,0.9037,0.001,0.001,0.001,0.001,0.0904
D/s40_on,53,seg1,d(item_3),move_to,step,,d(item_3),0.9037,0.001,0.001,0.9037,0.001,0.001,0.001,0.001,0.0904
D/s40_on,54,seg1,d(item_3),move_to,step,,d(item_3),0.9037,0.001,0.001,0.9037,0.001,0.001,0.001,0.001,0.0904
D/s40_on,55,seg1,d(item_3),move_to,step,,d(item_3),0.9037,0.001,0.001,0.9037,0.001,0.001,0.001,0.001,0.0904
D/s40_on,56,seg1,d(item_3),move_to,step,,d(item_3),0.9037,0.001,0.001,0.9037,0.001,0.001,0.001,0.001,0.0904
D/s40_on,57,seg1,d(item_3),move_to,step,,d(item_3),0.9037,0.001,0.001,0.9037,0.001,0.001,0.001,0.001,0.0904
D/s40_on,58,seg1,d(item_3),move_to,step,,d(item_3),0.9037,0.001,0.001,0.9037,0.001,0.001,0.001,0.001,0.0904
D/s40_on,59,seg1,d(item_3),move_to,,,ac,0.2432,0.2432,0.2432,0.2432,0.001,0.001,0.2432,0.001,0.0243
D/s40_on,60,seg1,d(item_3),pick_up,grasp,item_3,ac,0.2432,0.2432,0.2432,0.2432,0.001,0.001,0.2432,0.001,0.0243
D/s40_on,61,seg1,d(item_3),pick_up,,item_3,ac,0.2432,0.2432,0.2432,0.2432,0.001,0.001,0.2432,0.001,0.0243
D/s40_on,62,seg1,d(item_3),move_to,step,item_3,d(item_6),0.2449,0.2447,0.238,0.2449,0.001,0.001,0.2449,0.001,0.0245
D/s40_on,63,seg1,d(item_3),move_to,step,item_3,d(item_3),0.2574,0.2573,0.2499,0.2574,0.001,0.001,0.2066,0.001,0.0257
D/s40_on,64,seg1,d(item_3),move_to,step,item_3,d(item_3),0.2725,0.2721,0.2562,0.2725,0.001,0.001,0.169,0.001,0.0272
D/s40_on,65,seg1,d(item_3),move_to,step,item_3,d(item_3),0.2873,0.2868,0.2611,0.2873,0.001,0.001,0.133,0.001,0.0287
D/s40_on,66,seg1,d(item_3),move_to,step,item_3,d(item_3),0.3013,0.3005,0.2639,0.3013,0.001,0.001,0.1012,0.001,0.0301
D/s40_on,67,seg1,d(item_3),move_to,step,item_3,d(item_3),0.3138,0.3127,0.2643,0.3138,0.001,0.001,0.0748,0.001,0.0314
D/s40_on,68,seg1,d(item_3),move_to,step,item_3,d(item_3),0.3247,0.3234,0.2623,0.3247,0.001,0.001,0.054,0.001,0.0325
D/s40_on,69,seg1,d(item_3),move_to,step,item_3,d(item_3),0.3343,0.3327,0.2582,0.3343,0.001,0.001,0.0383,0.001,0.0334
D/s40_on,70,seg1,d(item_3),move_to,step,item_3,d(item_3),0.3428,0.3409,0.2522,0.3428,0.001,0.001,0.0268,0.001,0.0343
D/s40_on,71,seg1,d(item_3),move_to,step,item_3,d(item_3),0.3503,0.3482,0.2448,0.3503,0.001,0.001,0.0186,0.001,0.035
D/s40_on,72,seg1,d(item_3),move_to,step,item_3,d(item_3),0.3573,0.3548,0.2363,0.3573,0.001,0.001,0.0129,0.001,0.0357
D/s40_on,73,seg1,d(item_3),move_to,step,item_3,d(item_3),0.364,0.3611,0.2267,0.364,0.001,0.001,0.0088,0.001,0.0364
D/s40_on,74,seg1,d(item_3),move_to,step,item_3,d(item_3),0.3703,0.3671,0.2165,0.3703,0.001,0.001,0.006,0.001,0.037
D/s40_on,75,seg1,d(item_3),move_to,step,item_3,d(item_3),0.3766,0.373,0.2056,0.3766,0.001,0.001,0.0041,0.001,0.0377
D/s40_on,76,seg1,d(item_3),move_to,step,item_3,d(item_3),0.3828,0.3788,0.1943,0.3828,0.001,0.001,0.0028,0.001,0.0383
D/s40_on,77,seg1,d(item_3),move_to,step,item_3,d(item_3),0.389,0.3845,0.1827,0.389,0.001,0.001,0.0019,0.001,0.0389
D/s40_on,78,seg1,d(item_3),move_to,step,item_3,d(item_3),0.3952,0.3902,0.1707,0.3952,0.001,0.001,0.0013,0.001,0.0395
D/s40_on,79,seg1,d(item_3),move_to,step,item_3,d(item_3),0.4013,0.3959,0.1586,0.4013,0.001,0.001,0.001,0.001,0.0401
D/s40_on,80,seg1,d(item_3),move_to,step,item_3,d(item_3),0.4074,0.4014,0.1465,0.4074,0.001,0.001,0.001,0.001,0.0407
D/s40_on,81,seg1,d(item_3),move_to,step,item_3,d(item_3),0.4134,0.4069,0.1344,0.4134,0.001,0.001,0.001,0.001,0.0413
D/s40_on,82,seg1,d(item_3),move_to,step,item_3,d(item_3),0.4193,0.4123,0.1225,0.4193,0.001,0.001,0.001,0.001,0.0419
D/s40_on,83,seg1,d(item_3),move_to,step,item_3,d(item_3),0.4252,0.4175,0.1108,0.4252,0.001,0.001,0.001,0.001,0.0425
D/s40_on,84,seg1,d(item_3),move_to,step,item_3,d(item_3),0.4308,0.4225,0.0996,0.4308,0.001,0.001,0.001,0.001,0.0431
D/s40_on,85,seg1,d(item_3),move_to,step,item_3,d(item_3),0.4363,0.4273,0.0888,0.4363,0.001,0.001,0.001,0.001,0.0436
D/s40_on,86,seg1,d(item_3),move_to,step,item_3,d(item_3),0.4415,0.4318,0.0785,0.4415,0.001,0.001,0.001,0.001,0.0441
D/s40_on,87,seg1,d(item_3),move_to,step,item_3,d(item_3),0.4464,0.436,0.0689,0.4464,0.001,0.001,0.001,0.001,0.0446
D/s40_on,88,seg1,d(item_3),move_to,step,item_3,d(item_3),0.451,0.4398,0.06,0.451,0.001,0.001,0.001,0.001,0.0451
D/s40_on,89,seg1,d(item_3),move_to,step,item_3,d(item_3),0.4553,0.4433,0.0519,0.4553,0.001,0.001,0.001,0.001,0.0455
D/s40_on,90,seg1,d(item_3),move_to,step,item_3,d(item_3),0.4592,0.4464,0.0444,0.4592,0.001,0.001,0.001,0.001,0.0459
D/s40_on,91,seg1,d(item_3),move_to,step,item_3,d(item_3),0.4628,0.4491,0.0377,0.4628,0.001,0.001,0.001,0.001,0.0463
D/s40_on,92,seg1,d(item_3),move_to,step,item_3,d(item_3),0.4661,0.4515,0.0318,0.4661,0.001,0.001,0.001,0.001,0.0466
D/s40_on,93,seg1,d(item_3),move_to,step,item_3,d(item_3),0.469,0.4535,0.0266,0.469,0.001,0.001,0.001,0.001,0.0469
D/s40_on,94,seg1,d(item_3),move_to,step,item_3,d(item_3),0.4717,0.4551,0.0221,0.4717,0.001,0.001,0.001,0.001,0.0472
D/s40_on,95,seg1,d(item_3),move_to,step,item_3,d(item_3),0.474,0.4564,0.0182,0.474,0.001,0.001,0.001,0.001,0.0474
D/s40_on,96,seg1,d(item_3),move_to,step,item_3,d(item_3),0.4761,0.4574,0.0148,0.4761,0.001,0.001,0.001,0.001,0.0476
D/s40_on,97,seg1,d(item_3),move_to,step,item_3,d(item_3),0.478,0.4582,0.012,0.478,0.001,0.001,0.001,0.001,0.0478
D/s40_on,98,seg1,d(item_3),move_to,step,item_3,d(item_3),0.4797,0.4587,0.0097,0.4797,0.001,0.001,0.001,0.001,0.048
D/s40_on,99,seg1,d(item_3),move_to,step,item_3,d(item_3),0.4812,0.4589,0.0077,0.4812,0.001,0.001,0.001,0.001,0.0481
D/s40_on,100,seg1,d(item_3),move_to,step,item_3,d(item_3),0.4826,0.459,0.0062,0.4826,0.001,0.001,0.001,0.001,0.0483
D/s40_on,101,seg1,d(item_3),move_to,step,item_3,d(item_3),0.4839,0.4589,0.0049,0.4839,0.001,0.001,0.001,0.001,0.0484
D/s40_on,102,seg1,d(item_3),move_to,step,item_3,d(item_3),0.4851,0.4586,0.0038,0.4851,0.001,0.001,0.001,0.001,0.0485
D/s40_on,103,seg1,d(item_3),move_to,step,item_3,d(item_3),0.4863,0.4581,0.003,0.4863,0.001,0.001,0.001,0.001,0.0486
D/s40_on,104,seg1,d(item_3),move_to,step,item_3,d(item_3),0.4874,0.4576,0.0023,0.4874,0.001,0.001,0.001,0.001,0.0487
D/s40_on,105,seg1,d(item_3),move_to,step,item_3,d(item_3),0.4885,0.4569,0.0018,0.4885,0.001,0.001,0.001,0.001,0.0489
D/s40_on,106,seg1,d(item_3),move_to,step,item_3,d(item_3),0.4897,0.456,0.0014,0.4897,0.001,0.001,0.001,0.001,0.049
D/s40_on,107,seg1,d(item_3),move_to,step,item_3,d(item_3),0.4908,0.4551,0.001,0.4908,0.001,0.001,0.001,0.001,0.0491
D/s40_on,108,seg1,d(item_3),move_to,step,item_3,d(item_3),0.4919,0.4539,0.001,0.4919,0.001,0.001,0.001,0.001,0.0492
D/s40_on,109,seg1,d(item_3),move_to,step,item_3,d(item_3),0.4931,0.4526,0.001,0.4931,0.001,0.001,0.001,0.001,0.0493
D/s40_on,110,seg1,d(item_3),move_to,step,item_3,d(item_3),0.4943,0.4513,0.001,0.4943,0.001,0.001,0.001,0.001,0.0494
D/s40_on,111,seg1,d(item_3),move_to,step,item_3,d(item_3),0.4957,0.4498,0.001,0.4957,0.001,0.001,0.001,0.001,0.0496
D/s40_on,112,seg1,d(item_3),move_to,step,item_3,d(item_3),0.4972,0.4481,0.001,0.4972,0.001,0.001,0.001,0.001,0.0497
D/s40_on,113,seg1,d(item_3),move_to,step,item_3,d(item_3),0.4988,0.4463,0.001,0.4988,0.001,0.001,0.001,0.001,0.0499
D/s40_on,114,seg1,d(item_3),move_to,,item_3,ac,0.2432,0.2432,0.2432,0.2432,0.001,0.001,0.2432,0.001,0.0243
D/s40_on,115,seg1,d(item_3),place,release,,ac,0.3213,0.3213,0.3213,0.001,0.001,0.001,0.3213,0.001,0.0321
D/s40_on,116,seg1,d(item_3),place,,,ac,0.3213,0.3213,0.3213,0.001,0.001,0.001,0.3213,0.001,0.0321
D/s40_on,117,seg2,coffee,,,,ac,0.3213,0.3213,0.3213,0.001,0.001,0.001,0.3213,0.001,0.0321
D/s40_on,118,seg2,coffee,move_to,step,,coffee,0.3395,0.2992,0.3395,0.001,0.001,0.001,0.3233,0.001,0.034
D/s40_on,119,seg2,coffee,move_to,step,,coffee,0.3602,0.2744,0.3602,0.001,0.001,0.001,0.3254,0.001,0.036
D/s40_on,120,seg2,coffee,move_to,step,,coffee,0.3832,0.2473,0.3832,0.001,0.001,0.001,0.3272,0.001,0.0383
D/s40_on,121,seg2,coffee,move_to,step,,coffee,0.4083,0.2187,0.4083,0.001,0.001,0.001,0.3282,0.001,0.0408
D/s40_on,122,seg2,coffee,move_to,step,,coffee,0.4351,0.1896,0.4351,0.001,0.001,0.001,0.3278,0.001,0.0435
D/s40_on,123,seg2,coffee,move_to,step,,coffee,0.463,0.1612,0.463,0.001,0.001,0.001,0.3255,0.001,0.0463
D/s40_on,124,seg2,coffee,move_to,step,,coffee,0.4916,0.1343,0.4916,0.001,0.001,0.001,0.3209,0.001,0.0492
D/s40_on,125,seg2,coffee,move_to,step,,coffee,0.5202,0.1098,0.5202,0.001,0.001,0.001,0.3139,0.001,0.052
D/s40_on,126,seg2,coffee,move_to,step,,coffee,0.5485,0.0882,0.5485,0.001,0.001,0.001,0.3044,0.001,0.0549
D/s40_on,127,seg2,coffee,move_to,step,,coffee,0.5761,0.0697,0.5761,0.001,0.001,0.001,0.2925,0.001,0.0576
D/s40_on,128,seg2,coffee,move_to,step,,coffee,0.6028,0.0543,0.6028,0.001,0.001,0.001,0.2786,0.001,0.0603
D/s40_on,129,seg2,coffee,move_to,step,,coffee,0.6284,0.0418,0.6284,0.001,0.001,0.001,0.263,0.001,0.0628
D/s40_on,130,seg2,coffee,move_to,step,,coffee,0.6529,0.0318,0.6529,0.001,0.001,0.001,0.2461,0.001,0.0653
D/s40_on,131,seg2,coffee,move_to,step,,coffee,0.6762,0.0239,0.6762,0.001,0.001,0.001,0.2283,0.001,0.0676
D/s40_on,132,seg2,coffee,move_to,step,,coffee,0.6983,0.0178,0.6983,0.001,0.001,0.001,0.21,0.001,0.0698
D/s40_on,133,seg2,coffee,move_to,step,,coffee,0.7192,0.0132,0.7192,0.001,0.001,0.001,0.1917,0.001,0.0719
D/s40_on,134,seg2,coffee,move_to,step,,coffee,0.7389,0.0097,0.7389,0.001,0.001,0.001,0.1735,0.001,0.0739
D/s40_on,135,seg2,coffee,move_to,step,,coffee,0.7573,0.0071,0.7573,0.001,0.001,0.001,0.1559,0.001,0.0757
D/s40_on,136,seg2,coffee,move_to,step,,coffee,0.7744,0.0051,0.7744,0.001,0.001,0.001,0.139,0.001,0.0774
D/s40_on,137,seg2,coffee,move_to,step,,coffee,0.7903,0.0037,0.7903,0.001,0.001,0.001,0.123,0.001,0.079
D/s40_on,138,seg2,coffee,move_to,step,,coffee,0.8048,0.0027,0.8048,0.001,0.001,0.001,0.108,0.001,0.0805
D/s40_on,139,seg2,coffee,move_to,step,,coffee,0.8181,0.0019,0.8181,0.001,0.001,0.001,0.0942,0.001,0.0818
D/s40_on,140,seg2,coffee,move_to,step,,coffee,0.83,0.0014,0.83,0.001,0.001,0.001,0.0816,0.001,0.083
D/s40_on,141,seg2,coffee,move_to,step,,coffee,0.8407,0.001,0.8407,0.001,0.001,0.001,0.0702,0.001,0.0841
D/s40_on,142,seg2,coffee,move_to,step,,coffee,0.85,0.001,0.85,0.001,0.001,0.001,0.06,0.001,0.085
D/s40_on,143,seg2,coffee,move_to,step,,coffee,0.8582,0.001,0.8582,0.001,0.001,0.001,0.051,0.001,0.0858
D/s40_on,144,seg2,coffee,move_to,step,,coffee,0.8654,0.001,0.8654,0.001,0.001,0.001,0.043,0.001,0.0865
D/s40_on,145,seg2,coffee,move_to,step,,coffee,0.8717,0.001,0.8717,0.001,0.001,0.001,0.0361,0.001,0.0872
D/s40_on,146,seg2,coffee,move_to,step,,coffee,0.8772,0.001,0.8772,0.001,0.001,0.001,0.0301,0.001,0.0877
D/s40_on,147,seg2,coffee,move_to,step,,coffee,0.8818,0.001,0.8818,0.001,0.001,0.001,0.025,0.001,0.0882
D/s40_on,148,seg2,coffee,move_to,step,,coffee,0.8858,0.001,0.8858,0.001,0.001,0.001,0.0206,0.001,0.0886
D/s40_on,149,seg2,coffee,move_to,step,,coffee,0.8891,0.001,0.8891,0.001,0.001,0.001,0.0169,0.001,0.0889
D/s40_on,150,seg2,coffee,move_to,step,,coffee,0.892,0.001,0.892,0.001,0.001,0.001,0.0138,0.001,0.0892
D/s40_on,151,seg2,coffee,move_to,step,,coffee,0.8943,0.001,0.8943,0.001,0.001,0.001,0.0113,0.001,0.0894
D/s40_on,152,seg2,coffee,move_to,step,,coffee,0.8963,0.001,0.8963,0.001,0.001,0.001,0.0091,0.001,0.0896
D/s40_on,153,seg2,coffee,move_to,step,,coffee,0.8979,0.001,0.8979,0.001,0.001,0.001,0.0073,0.001,0.0898
D/s40_on,154,seg2,coffee,move_to,,,ac,0.3213,0.3213,0.3213,0.001,0.001,0.001,0.3213,0.001,0.0321
D/s40_on,155,seg2,coffee,wait_at,stand,,ac,0.3213,0.3213,0.3213,0.001,0.001,0.001,0.3213,0.001,0.0321
D/s40_on,156,seg2,coffee,wait_at,stand,,ac,0.3213,0.3213,0.3213,0.001,0.001,0.001,0.3213,0.001,0.0321
D/s40_on,157,seg2,coffee,wait_at,stand,,ac,0.3213,0.3213,0.3213,0.001,0.001,0.001,0.3213,0.001,0.0321
D/s40_on,158,seg2,coffee,wait_at,stand,,ac,0.3213,0.3213,0.3213,0.001,0.001,0.001,0.3213,0.001,0.0321
D/s40_on,159,seg2,coffee,wait_at,stand,,ac,0.3213,0.3213,0.3213,0.001,0.001,0.001,0.3213,0.001,0.0321
D/s40_on,160,seg2,coffee,wait_at,stand,,ac,0.3213,0.3213,0.3213,0.001,0.001,0.001,0.3213,0.001,0.0321
D/s40_on,161,seg2,coffee,wait_at,stand,,ac,0.3213,0.3213,0.3213,0.001,0.001,0.001,0.3213,0.001,0.0321
D/s40_on,162,seg2,coffee,wait_at,stand,,ac,0.3213,0.3213,0.3213,0.001,0.001,0.001,0.3213,0.001,0.0321
D/s40_on,163,seg2,coffee,wait_at,stand,,ac,0.3213,0.3213,0.3213,0.001,0.001,0.001,0.3213,0.001,0.0321
D/s40_on,164,seg2,coffee,wait_at,stand,,ac,0.3213,0.3213,0.3213,0.001,0.001,0.001,0.3213,0.001,0.0321
D/s40_on,165,seg2,coffee,wait_at,stand,,ac,0.3213,0.3213,0.3213,0.001,0.001,0.001,0.3213,0.001,0.0321
D/s40_on,166,seg2,coffee,wait_at,stand,,ac,0.3213,0.3213,0.3213,0.001,0.001,0.001,0.3213,0.001,0.0321
D/s40_on,167,seg2,coffee,wait_at,stand,,ac,0.3213,0.3213,0.3213,0.001,0.001,0.001,0.3213,0.001,0.0321
D/s40_on,168,seg2,coffee,wait_at,stand,,ac,0.3213,0.3213,0.3213,0.001,0.001,0.001,0.3213,0.001,0.0321
D/s40_on,169,seg2,coffee,wait_at,stand,,ac,0.3213,0.3213,0.3213,0.001,0.001,0.001,0.3213,0.001,0.0321
D/s40_on,170,seg2,coffee,wait_at,stand,,ac,0.3213,0.3213,0.3213,0.001,0.001,0.001,0.3213,0.001,0.0321
D/s40_on,171,seg2,coffee,wait_at,stand,,ac,0.3213,0.3213,0.3213,0.001,0.001,0.001,0.3213,0.001,0.0321
D/s40_on,172,seg2,coffee,wait_at,stand,,ac,0.3213,0.3213,0.3213,0.001,0.001,0.001,0.3213,0.001,0.0321
D/s40_on,173,seg2,coffee,wait_at,stand,,ac,0.3213,0.3213,0.3213,0.001,0.001,0.001,0.3213,0.001,0.0321
D/s40_on,174,seg2,coffee,wait_at,stand,,ac,0.3213,0.3213,0.3213,0.001,0.001,0.001,0.3213,0.001,0.0321
D/s40_on,175,seg2,coffee,wait_at,stand,,ac,0.3213,0.3213,0.3213,0.001,0.001,0.001,0.3213,0.001,0.0321
D/s40_on,176,seg2,coffee,wait_at,stand,,ac,0.3213,0.3213,0.3213,0.001,0.001,0.001,0.3213,0.001,0.0321
D/s40_on,177,seg2,coffee,wait_at,stand,,ac,0.3213,0.3213,0.3213,0.001,0.001,0.001,0.3213,0.001,0.0321
D/s40_on,178,seg2,coffee,wait_at,stand,,ac,0.3213,0.3213,0.3213,0.001,0.001,0.001,0.3213,0.001,0.0321
D/s40_on,179,seg2,coffee,wait_at,stand,,ac,0.3213,0.3213,0.3213,0.001,0.001,0.001,0.3213,0.001,0.0321
D/s40_on,180,seg2,coffee,wait_at,stand,,ac,0.3213,0.3213,0.3213,0.001,0.001,0.001,0.3213,0.001,0.0321
D/s40_on,181,seg2,coffee,wait_at,stand,,ac,0.3213,0.3213,0.3213,0.001,0.001,0.001,0.3213,0.001,0.0321
D/s40_on,182,seg2,coffee,wait_at,stand,,ac,0.3213,0.3213,0.3213,0.001,0.001,0.001,0.3213,0.001,0.0321
D/s40_on,183,seg2,coffee,wait_at,stand,,ac,0.3213,0.3213,0.3213,0.001,0.001,0.001,0.3213,0.001,0.0321
D/s40_on,184,seg2,coffee,wait_at,stand,,ac,0.4738,0.4738,0.001,0.001,0.001,0.001,0.4738,0.001,0.0474
D/s40_on,185,seg2,coffee,wait_at,,,ac,0.4738,0.4738,0.001,0.001,0.001,0.001,0.4738,0.001,0.0474
D/s40_on,186,seg3a,unknown,,,,ac,0.4738,0.4738,0.001,0.001,0.001,0.001,0.4738,0.001,0.0474
D/s40_on,187,seg3a,unknown,move_to,step,,d(item_6),0.4846,0.462,0.001,0.001,0.001,0.001,0.4846,0.001,0.0485
D/s40_on,188,seg3a,unknown,move_to,step,,d(item_6),0.4962,0.4492,0.001,0.001,0.001,0.001,0.4962,0.001,0.0496
D/s40_on,189,seg3a,unknown,move_to,step,,d(item_6),0.5087,0.4355,0.001,0.001,0.001,0.001,0.5087,0.001,0.0509
D/s40_on,190,seg3a,unknown,move_to,step,,d(item_6),0.5221,0.4207,0.001,0.001,0.001,0.001,0.5221,0.001,0.0522
D/s40_on,191,seg3a,unknown,move_to,step,,d(item_6),0.5364,0.4049,0.001,0.001,0.001,0.001,0.5364,0.001,0.0536
D/s40_on,192,seg3a,unknown,move_to,step,,d(item_6),0.5517,0.3882,0.001,0.001,0.001,0.001,0.5517,0.001,0.0552
D/s40_on,193,seg3a,unknown,move_to,step,,d(item_6),0.5678,0.3704,0.001,0.001,0.001,0.001,0.5678,0.001,0.0568
D/s40_on,194,seg3a,unknown,move_to,step,,d(item_6),0.5849,0.3516,0.001,0.001,0.001,0.001,0.5849,0.001,0.0585
D/s40_on,195,seg3a,unknown,move_to,step,,d(item_6),0.6027,0.332,0.001,0.001,0.001,0.001,0.6027,0.001,0.0603
D/s40_on,196,seg3a,unknown,move_to,step,,d(item_6),0.6212,0.3117,0.001,0.001,0.001,0.001,0.6212,0.001,0.0621
D/s40_on,197,seg3a,unknown,move_to,step,,d(item_6),0.6403,0.2907,0.001,0.001,0.001,0.001,0.6403,0.001,0.0641
D/s40_on,198,seg3a,unknown,move_to,step,,d(item_6),0.6597,0.2693,0.001,0.001,0.001,0.001,0.6597,0.001,0.066
D/s40_on,199,seg3a,unknown,move_to,step,,d(item_6),0.6794,0.2476,0.001,0.001,0.001,0.001,0.6794,0.001,0.068
D/s40_on,200,seg3a,unknown,move_to,step,,d(item_6),0.6991,0.226,0.001,0.001,0.001,0.001,0.6991,0.001,0.0699
D/s40_on,201,seg3a,unknown,move_to,step,,d(item_6),0.7185,0.2046,0.001,0.001,0.001,0.001,0.7185,0.001,0.0719
D/s40_on,202,seg3a,unknown,move_to,step,,d(item_6),0.7375,0.1837,0.001,0.001,0.001,0.001,0.7375,0.001,0.0738
D/s40_on,203,seg3a,unknown,move_to,step,,d(item_6),0.7559,0.1635,0.001,0.001,0.001,0.001,0.7559,0.001,0.0756
D/s40_on,204,seg3a,unknown,move_to,step,,d(item_6),0.7733,0.1443,0.001,0.001,0.001,0.001,0.7733,0.001,0.0774
D/s40_on,205,seg3a,unknown,move_to,step,,d(item_6),0.7897,0.1262,0.001,0.001,0.001,0.001,0.7897,0.001,0.079
D/s40_on,206,seg3a,unknown,move_to,,,d(item_6),0.7897,0.1262,0.001,0.001,0.001,0.001,0.7897,0.001,0.079
D/s40_on,207,seg3a,unknown,wait_at,stand,,d(item_6),0.7897,0.1262,0.001,0.001,0.001,0.001,0.7897,0.001,0.079
D/s40_on,208,seg3a,unknown,wait_at,,,d(item_6),0.7897,0.1262,0.001,0.001,0.001,0.001,0.7897,0.001,0.079
D/s40_on,209,seg3b,unknown,,,,d(item_6),0.7897,0.1262,0.001,0.001,0.001,0.001,0.7897,0.001,0.079
D/s40_on,210,seg3b,unknown,move_to,step,,d(item_6),0.7991,0.1028,0.001,0.001,0.001,0.001,0.7991,0.001,0.0931
D/s40_on,211,seg3b,unknown,move_to,step,,d(item_6),0.8,0.0841,0.001,0.001,0.001,0.001,0.8,0.001,0.1109
D/s40_on,212,seg3b,unknown,move_to,step,,d(item_6),0.7921,0.0691,0.001,0.001,0.001,0.001,0.7921,0.001,0.1338
D/s40_on,213,seg3b,unknown,move_to,step,,d(item_6),0.775,0.0572,0.001,0.001,0.001,0.001,0.775,0.001,0.1628
D/s40_on,214,seg3b,unknown,move_to,step,,d(item_6),0.7481,0.0474,0.001,0.001,0.001,0.001,0.7481,0.001,0.1995
D/s40_on,215,seg3b,unknown,move_to,step,,d(item_6),0.7108,0.0393,0.001,0.001,0.001,0.001,0.7108,0.001,0.2449
D/s40_on,216,seg3b,unknown,move_to,step,,d(item_6),0.6629,0.0325,0.001,0.001,0.001,0.001,0.6629,0.001,0.2997
D/s40_on,217,seg3b,unknown,move_to,step,,d(item_6),0.6049,0.0266,0.001,0.001,0.001,0.001,0.6049,0.001,0.3636
D/s40_on,218,seg3b,unknown,move_to,step,,d(item_6),0.5385,0.0214,0.001,0.001,0.001,0.001,0.5385,0.001,0.4351
D/s40_on,219,seg3b,unknown,move_to,step,,unknown,0.5116,0.0169,0.001,0.001,0.001,0.001,0.4665,0.001,0.5116
D/s40_on,220,seg3b,unknown,move_to,step,,unknown,0.5891,0.0131,0.001,0.001,0.001,0.001,0.3927,0.001,0.5891
D/s40_on,221,seg3b,unknown,move_to,step,,unknown,0.6637,0.01,0.001,0.001,0.001,0.001,0.3213,0.001,0.6637
D/s40_on,222,seg3b,unknown,move_to,step,,unknown,0.7317,0.0074,0.001,0.001,0.001,0.001,0.2559,0.001,0.7317
D/s40_on,223,seg3b,unknown,move_to,step,,unknown,0.7909,0.0054,0.001,0.001,0.001,0.001,0.1988,0.001,0.7909
D/s40_on,224,seg3b,unknown,move_to,step,,unknown,0.8401,0.0038,0.001,0.001,0.001,0.001,0.1511,0.001,0.8401
D/s40_on,225,seg3b,unknown,move_to,step,,unknown,0.8795,0.0027,0.001,0.001,0.001,0.001,0.1128,0.001,0.8795
D/s40_on,226,seg3b,unknown,move_to,step,,unknown,0.9101,0.0019,0.001,0.001,0.001,0.001,0.083,0.001,0.9101
D/s40_on,227,seg3b,unknown,move_to,,,unknown,0.9101,0.0019,0.001,0.001,0.001,0.001,0.083,0.001,0.9101
D/s40_on,228,seg3b,unknown,wait_at,stand,,unknown,0.9101,0.0019,0.001,0.001,0.001,0.001,0.083,0.001,0.9101
D/s40_on,229,seg3b,unknown,wait_at,,,unknown,0.9101,0.0019,0.001,0.001,0.001,0.001,0.083,0.001,0.9101
D/s40_on,230,seg4,d(item_6),,,,unknown,0.9101,0.0019,0.001,0.001,0.001,0.001,0.083,0.001,0.9101
D/s40_on,231,seg4,d(item_6),move_to,step,,unknown,0.9103,0.0017,0.001,0.001,0.001,0.001,0.083,0.001,0.9103
D/s40_on,232,seg4,d(item_6),move_to,step,,unknown,0.9104,0.0016,0.001,0.001,0.001,0.001,0.083,0.001,0.9104
D/s40_on,233,seg4,d(item_6),move_to,step,,unknown,0.9105,0.0015,0.001,0.001,0.001,0.001,0.083,0.001,0.9105
D/s40_on,234,seg4,d(item_6),move_to,step,,unknown,0.9106,0.0013,0.001,0.001,0.001,0.001,0.083,0.001,0.9106
D/s40_on,235,seg4,d(item_6),move_to,step,,unknown,0.9107,0.0012,0.001,0.001,0.001,0.001,0.0831,0.001,0.9107
D/s40_on,236,seg4,d(item_6),move_to,step,,unknown,0.9108,0.0011,0.001,0.001,0.001,0.001,0.0831,0.001,0.9108
D/s40_on,237,seg4,d(item_6),move_to,step,,unknown,0.9109,0.001,0.001,0.001,0.001,0.001,0.0831,0.001,0.9109
D/s40_on,238,seg4,d(item_6),move_to,step,,unknown,0.9109,0.001,0.001,0.001,0.001,0.001,0.0831,0.001,0.9109
D/s40_on,239,seg4,d(item_6),move_to,step,,unknown,0.9109,0.001,0.001,0.001,0.001,0.001,0.0831,0.001,0.9109
D/s40_on,240,seg4,d(item_6),move_to,step,,unknown,0.9109,0.001,0.001,0.001,0.001,0.001,0.0831,0.001,0.9109
D/s40_on,241,seg4,d(item_6),move_to,step,,unknown,0.9109,0.001,0.001,0.001,0.001,0.001,0.0831,0.001,0.9109
D/s40_on,242,seg4,d(item_6),move_to,step,,unknown,0.9109,0.001,0.001,0.001,0.001,0.001,0.0831,0.001,0.9109
D/s40_on,243,seg4,d(item_6),move_to,step,,unknown,0.9109,0.001,0.001,0.001,0.001,0.001,0.0831,0.001,0.9109
D/s40_on,244,seg4,d(item_6),move_to,step,,unknown,0.9109,0.001,0.001,0.001,0.001,0.001,0.0831,0.001,0.9109
D/s40_on,245,seg4,d(item_6),move_to,step,,unknown,0.9109,0.001,0.001,0.001,0.001,0.001,0.0831,0.001,0.9109
D/s40_on,246,seg4,d(item_6),move_to,step,,unknown,0.9109,0.001,0.001,0.001,0.001,0.001,0.0831,0.001,0.9109
D/s40_on,247,seg4,d(item_6),move_to,step,,unknown,0.9109,0.001,0.001,0.001,0.001,0.001,0.0831,0.001,0.9109
D/s40_on,248,seg4,d(item_6),move_to,step,,unknown,0.9109,0.001,0.001,0.001,0.001,0.001,0.0831,0.001,0.9109
D/s40_on,249,seg4,d(item_6),move_to,step,,unknown,0.9109,0.001,0.001,0.001,0.001,0.001,0.0831,0.001,0.9109
D/s40_on,250,seg4,d(item_6),move_to,step,,unknown,0.9109,0.001,0.001,0.001,0.001,0.001,0.0831,0.001,0.9109
D/s40_on,251,seg4,d(item_6),move_to,step,,unknown,0.9109,0.001,0.001,0.001,0.001,0.001,0.0831,0.001,0.9109
D/s40_on,252,seg4,d(item_6),move_to,step,,unknown,0.9109,0.001,0.001,0.001,0.001,0.001,0.0831,0.001,0.9109
D/s40_on,253,seg4,d(item_6),move_to,step,,unknown,0.9109,0.001,0.001,0.001,0.001,0.001,0.0831,0.001,0.9109
D/s40_on,254,seg4,d(item_6),move_to,step,,unknown,0.9109,0.001,0.001,0.001,0.001,0.001,0.0831,0.001,0.9109
D/s40_on,255,seg4,d(item_6),move_to,step,,unknown,0.9109,0.001,0.001,0.001,0.001,0.001,0.0831,0.001,0.9109
D/s40_on,256,seg4,d(item_6),move_to,step,,unknown,0.9109,0.001,0.001,0.001,0.001,0.001,0.0831,0.001,0.9109
D/s40_on,257,seg4,d(item_6),move_to,step,,unknown,0.9109,0.001,0.001,0.001,0.001,0.001,0.0831,0.001,0.9109
D/s40_on,258,seg4,d(item_6),move_to,step,,unknown,0.9109,0.001,0.001,0.001,0.001,0.001,0.0831,0.001,0.9109
D/s40_on,259,seg4,d(item_6),move_to,step,,unknown,0.9109,0.001,0.001,0.001,0.001,0.001,0.0831,0.001,0.9109
D/s40_on,260,seg4,d(item_6),move_to,step,,unknown,0.9109,0.001,0.001,0.001,0.001,0.001,0.0831,0.001,0.9109
D/s40_on,261,seg4,d(item_6),move_to,step,,unknown,0.9109,0.001,0.001,0.001,0.001,0.001,0.0831,0.001,0.9109
D/s40_on,262,seg4,d(item_6),move_to,step,,unknown,0.9109,0.001,0.001,0.001,0.001,0.001,0.0831,0.001,0.9109
D/s40_on,263,seg4,d(item_6),move_to,step,,unknown,0.9109,0.001,0.001,0.001,0.001,0.001,0.0831,0.001,0.9109
D/s40_on,264,seg4,d(item_6),move_to,step,,unknown,0.9109,0.001,0.001,0.001,0.001,0.001,0.0831,0.001,0.9109
D/s40_on,265,seg4,d(item_6),move_to,step,,unknown,0.9109,0.001,0.001,0.001,0.001,0.001,0.0831,0.001,0.9109
D/s40_on,266,seg4,d(item_6),move_to,step,,unknown,0.9109,0.001,0.001,0.001,0.001,0.001,0.0831,0.001,0.9109
D/s40_on,267,seg4,d(item_6),move_to,step,,unknown,0.9109,0.001,0.001,0.001,0.001,0.001,0.0831,0.001,0.9109
D/s40_on,268,seg4,d(item_6),move_to,step,,unknown,0.9109,0.001,0.001,0.001,0.001,0.001,0.0831,0.001,0.9109
D/s40_on,269,seg4,d(item_6),move_to,step,,unknown,0.9109,0.001,0.001,0.001,0.001,0.001,0.0831,0.001,0.9109
D/s40_on,270,seg4,d(item_6),move_to,step,,unknown,0.9109,0.001,0.001,0.001,0.001,0.001,0.0831,0.001,0.9109
D/s40_on,271,seg4,d(item_6),move_to,,,ac,0.8971,0.8971,0.001,0.001,0.001,0.001,0.0082,0.001,0.0897
D/s40_on,272,seg4,d(item_6),pick_up,grasp,item_6,ac,0.8971,0.8971,0.001,0.001,0.001,0.001,0.0082,0.001,0.0897
D/s40_on,273,seg4,d(item_6),pick_up,,item_6,ac,0.8971,0.8971,0.001,0.001,0.001,0.001,0.0082,0.001,0.0897
D/s40_on,274,seg4,d(item_6),move_to,step,item_6,ac,0.8967,0.8967,0.001,0.001,0.001,0.001,0.0082,0.001,0.0901
D/s40_on,275,seg4,d(item_6),move_to,step,item_6,ac,0.8962,0.8962,0.001,0.001,0.001,0.001,0.0083,0.001,0.0905
D/s40_on,276,seg4,d(item_6),move_to,step,item_6,ac,0.8957,0.8957,0.001,0.001,0.001,0.001,0.0083,0.001,0.091
D/s40_on,277,seg4,d(item_6),move_to,step,item_6,ac,0.8952,0.8952,0.001,0.001,0.001,0.001,0.0083,0.001,0.0914
D/s40_on,278,seg4,d(item_6),move_to,step,item_6,ac,0.8947,0.8947,0.001,0.001,0.001,0.001,0.0084,0.001,0.0919
D/s40_on,279,seg4,d(item_6),move_to,step,item_6,ac,0.8941,0.8941,0.001,0.001,0.001,0.001,0.0084,0.001,0.0924
D/s40_on,280,seg4,d(item_6),move_to,step,item_6,ac,0.8935,0.8935,0.001,0.001,0.001,0.001,0.0085,0.001,0.093
D/s40_on,281,seg4,d(item_6),move_to,step,item_6,ac,0.8929,0.8929,0.001,0.001,0.001,0.001,0.0085,0.001,0.0936
D/s40_on,282,seg4,d(item_6),move_to,step,item_6,ac,0.8922,0.8922,0.001,0.001,0.001,0.001,0.0086,0.001,0.0942
D/s40_on,283,seg4,d(item_6),move_to,step,item_6,ac,0.8915,0.8915,0.001,0.001,0.001,0.001,0.0087,0.001,0.0949
D/s40_on,284,seg4,d(item_6),move_to,step,item_6,ac,0.8907,0.8907,0.001,0.001,0.001,0.001,0.0087,0.001,0.0956
D/s40_on,285,seg4,d(item_6),move_to,step,item_6,ac,0.8898,0.8898,0.001,0.001,0.001,0.001,0.0088,0.001,0.0964
D/s40_on,286,seg4,d(item_6),move_to,step,item_6,ac,0.8889,0.8889,0.001,0.001,0.001,0.001,0.0089,0.001,0.0972
D/s40_on,287,seg4,d(item_6),move_to,step,item_6,ac,0.8879,0.8879,0.001,0.001,0.001,0.001,0.0089,0.001,0.0981
D/s40_on,288,seg4,d(item_6),move_to,step,item_6,ac,0.8869,0.8869,0.001,0.001,0.001,0.001,0.009,0.001,0.0991
D/s40_on,289,seg4,d(item_6),move_to,step,item_6,ac,0.8857,0.8857,0.001,0.001,0.001,0.001,0.0091,0.001,0.1001
D/s40_on,290,seg4,d(item_6),move_to,step,item_6,ac,0.8845,0.8845,0.001,0.001,0.001,0.001,0.0092,0.001,0.1013
D/s40_on,291,seg4,d(item_6),move_to,step,item_6,ac,0.8831,0.8831,0.001,0.001,0.001,0.001,0.0093,0.001,0.1025
D/s40_on,292,seg4,d(item_6),move_to,step,item_6,ac,0.8817,0.8817,0.001,0.001,0.001,0.001,0.0095,0.001,0.1039
D/s40_on,293,seg4,d(item_6),move_to,step,item_6,ac,0.88,0.88,0.001,0.001,0.001,0.001,0.0096,0.001,0.1054
D/s40_on,294,seg4,d(item_6),move_to,step,item_6,ac,0.8782,0.8782,0.001,0.001,0.001,0.001,0.0098,0.001,0.107
D/s40_on,295,seg4,d(item_6),move_to,step,item_6,ac,0.8762,0.8762,0.001,0.001,0.001,0.001,0.0099,0.001,0.1088
D/s40_on,296,seg4,d(item_6),move_to,step,item_6,ac,0.874,0.874,0.001,0.001,0.001,0.001,0.0101,0.001,0.1109
D/s40_on,297,seg4,d(item_6),move_to,step,item_6,ac,0.8716,0.8716,0.001,0.001,0.001,0.001,0.0103,0.001,0.1131
D/s40_on,298,seg4,d(item_6),move_to,step,item_6,ac,0.8688,0.8688,0.001,0.001,0.001,0.001,0.0105,0.001,0.1156
D/s40_on,299,seg4,d(item_6),move_to,step,item_6,ac,0.8658,0.8658,0.001,0.001,0.001,0.001,0.0108,0.001,0.1184
D/s40_on,300,seg4,d(item_6),move_to,step,item_6,ac,0.8623,0.8623,0.001,0.001,0.001,0.001,0.0111,0.001,0.1216
D/s40_on,301,seg4,d(item_6),move_to,step,item_6,ac,0.8583,0.8583,0.001,0.001,0.001,0.001,0.0114,0.001,0.1253
D/s40_on,302,seg4,d(item_6),move_to,step,item_6,ac,0.8538,0.8538,0.001,0.001,0.001,0.001,0.0118,0.001,0.1294
D/s40_on,303,seg4,d(item_6),move_to,step,item_6,ac,0.8486,0.8486,0.001,0.001,0.001,0.001,0.0122,0.001,0.1342
D/s40_on,304,seg4,d(item_6),move_to,step,item_6,ac,0.8426,0.8426,0.001,0.001,0.001,0.001,0.0127,0.001,0.1396
D/s40_on,305,seg4,d(item_6),move_to,step,item_6,ac,0.8357,0.8357,0.001,0.001,0.001,0.001,0.0133,0.001,0.146
D/s40_on,306,seg4,d(item_6),move_to,step,item_6,ac,0.8275,0.8275,0.001,0.001,0.001,0.001,0.014,0.001,0.1535
D/s40_on,307,seg4,d(item_6),move_to,step,item_6,ac,0.818,0.818,0.001,0.001,0.001,0.001,0.0148,0.001,0.1622
D/s40_on,308,seg4,d(item_6),move_to,step,item_6,ac,0.8067,0.8067,0.001,0.001,0.001,0.001,0.0157,0.001,0.1725
D/s40_on,309,seg4,d(item_6),move_to,step,item_6,ac,0.7934,0.7934,0.001,0.001,0.001,0.001,0.0169,0.001,0.1848
D/s40_on,310,seg4,d(item_6),move_to,step,item_6,ac,0.7775,0.7775,0.001,0.001,0.001,0.001,0.0182,0.001,0.1994
D/s40_on,311,seg4,d(item_6),move_to,step,item_6,ac,0.7585,0.7585,0.001,0.001,0.001,0.001,0.0198,0.001,0.2167
D/s40_on,312,seg4,d(item_6),move_to,step,item_6,ac,0.7359,0.7359,0.001,0.001,0.001,0.001,0.0217,0.001,0.2375
D/s40_on,313,seg4,d(item_6),move_to,step,item_6,ac,0.7089,0.7089,0.001,0.001,0.001,0.001,0.0239,0.001,0.2622
D/s40_on,314,seg4,d(item_6),move_to,step,item_6,ac,0.6771,0.6771,0.001,0.001,0.001,0.001,0.0266,0.001,0.2914
D/s40_on,315,seg4,d(item_6),move_to,step,item_6,ac,0.6397,0.6397,0.001,0.001,0.001,0.001,0.0297,0.001,0.3256
D/s40_on,316,seg4,d(item_6),move_to,step,item_6,ac,0.5965,0.5965,0.001,0.001,0.001,0.001,0.0333,0.001,0.3652
D/s40_on,317,seg4,d(item_6),move_to,step,item_6,ac,0.5476,0.5476,0.001,0.001,0.001,0.001,0.0374,0.001,0.41
D/s40_on,318,seg4,d(item_6),move_to,step,item_6,ac,0.4935,0.4935,0.001,0.001,0.001,0.001,0.0419,0.001,0.4595
D/s40_on,319,seg4,d(item_6),move_to,step,item_6,unknown,0.5126,0.4356,0.001,0.001,0.001,0.001,0.0468,0.001,0.5126
D/s40_on,320,seg4,d(item_6),move_to,step,item_6,unknown,0.5675,0.3758,0.001,0.001,0.001,0.001,0.0518,0.001,0.5675
D/s40_on,321,seg4,d(item_6),move_to,step,item_6,unknown,0.6219,0.3163,0.001,0.001,0.001,0.001,0.0567,0.001,0.6219
D/s40_on,322,seg4,d(item_6),move_to,step,item_6,unknown,0.6738,0.2598,0.001,0.001,0.001,0.001,0.0614,0.001,0.6738
D/s40_on,323,seg4,d(item_6),move_to,step,item_6,unknown,0.721,0.2082,0.001,0.001,0.001,0.001,0.0658,0.001,0.721
D/s40_on,324,seg4,d(item_6),move_to,step,item_6,unknown,0.7624,0.1631,0.001,0.001,0.001,0.001,0.0695,0.001,0.7624
D/s40_on,325,seg4,d(item_6),move_to,step,item_6,unknown,0.7972,0.1251,0.001,0.001,0.001,0.001,0.0727,0.001,0.7972
D/s40_on,326,seg4,d(item_6),move_to,step,item_6,unknown,0.8255,0.0943,0.001,0.001,0.001,0.001,0.0753,0.001,0.8255
D/s40_on,327,seg4,d(item_6),move_to,step,item_6,unknown,0.8478,0.0699,0.001,0.001,0.001,0.001,0.0773,0.001,0.8478
D/s40_on,328,seg4,d(item_6),move_to,step,item_6,unknown,0.865,0.0511,0.001,0.001,0.001,0.001,0.0789,0.001,0.865
D/s40_on,329,seg4,d(item_6),move_to,step,item_6,unknown,0.878,0.037,0.001,0.001,0.001,0.001,0.0801,0.001,0.878
D/s40_on,330,seg4,d(item_6),move_to,,item_6,ac,0.8971,0.8971,0.001,0.001,0.001,0.001,0.0082,0.001,0.0897
D/s40_on,331,seg4,d(item_6),place,release,,ac,0.9036,0.9036,0.001,0.001,0.001,0.001,0.001,0.001,0.0904
D/s40_on,332,seg4,d(item_6),place,,,ac,0.9036,0.9036,0.001,0.001,0.001,0.001,0.001,0.001,0.0904
D/s40_on,333,done,unknown,,,,ac,0.9036,0.9036,0.001,0.001,0.001,0.001,0.001,0.001,0.0904
D/s40_on,334,done,unknown,,,,ac,0.9036,0.9036,0.001,0.001,0.001,0.001,0.001,0.001,0.0904
D/s40_on,335,done,unknown,,,,ac,0.9036,0.9036,0.001,0.001,0.001,0.001,0.001,0.001,0.0904
D/s40_on,336,done,unknown,,,,ac,0.9036,0.9036,0.001,0.001,0.001,0.001,0.001,0.001,0.0904
D/s40_on,337,done,unknown,,,,ac,0.9036,0.9036,0.001,0.001,0.001,0.001,0.001,0.001,0.0904
D/s40_on,338,done,unknown,,,,ac,0.9036,0.9036,0.001,0.001,0.001,0.001,0.001,0.001,0.0904
D/s40_on,339,done,unknown,,,,ac,0.9036,0.9036,0.001,0.001,0.001,0.001,0.001,0.001,0.0904
D/s40_on,340,done,unknown,,,,ac,0.9036,0.9036,0.001,0.001,0.001,0.001,0.001,0.001,0.0904
D/s40_on,341,done,unknown,,,,ac,0.9036,0.9036,0.001,0.001,0.001,0.001,0.001,0.001,0.0904
D/s40_on,342,done,unknown,,,,ac,0.9036,0.9036,0.001,0.001,0.001,0.001,0.001,0.001,0.0904
D/s40_on,343,done,unknown,,,,ac,0.9036,0.9036,0.001,0.001,0.001,0.001,0.001,0.001,0.0904
D/s40_on,344,done,unknown,,,,ac,0.9036,0.9036,0.001,0.001,0.001,0.001,0.001,0.001,0.0904
D/s40_on,345,done,unknown,,,,ac,0.9036,0.9036,0.001,0.001,0.001,0.001,0.001,0.001,0.0904
D/s40_on,346,done,unknown,,,,ac,0.9036,0.9036,0.001,0.001,0.001,0.001,0.001,0.001,0.0904
D/s40_on,347,done,unknown,,,,ac,0.9036,0.9036,0.001,0.001,0.001,0.001,0.001,0.001,0.0904
D/s40_on,348,done,unknown,,,,ac,0.9036,0.9036,0.001,0.001,0.001,0.001,0.001,0.001,0.0904
D/s40_on,349,done,unknown,,,,ac,0.9036,0.9036,0.001,0.001,0.001,0.001,0.001,0.001,0.0904
D/s40_on,350,done,unknown,,,,ac,0.9036,0.9036,0.001,0.001,0.001,0.001,0.001,0.001,0.0904
D/s40_on,351,done,unknown,,,,ac,0.9036,0.9036,0.001,0.001,0.001,0.001,0.001,0.001,0.0904
D/s40_on,352,done,unknown,,,,ac,0.9036,0.9036,0.001,0.001,0.001,0.001,0.001,0.001,0.0904
D/s40_on,353,done,unknown,,,,ac,0.9036,0.9036,0.001,0.001,0.001,0.001,0.001,0.001,0.0904
D/s40_on,354,done,unknown,,,,ac,0.9036,0.9036,0.001,0.001,0.001,0.001,0.001,0.001,0.0904
D/s40_on,355,done,unknown,,,,ac,0.9036,0.9036,0.001,0.001,0.001,0.001,0.001,0.001,0.0904
D/s40_on,356,done,unknown,,,,ac,0.9036,0.9036,0.001,0.001,0.001,0.001,0.001,0.001,0.0904
D/s40_on,357,done,unknown,,,,ac,0.9036,0.9036,0.001,0.001,0.001,0.001,0.001,0.001,0.0904
D/s40_on,358,done,unknown,,,,ac,0.9036,0.9036,0.001,0.001,0.001,0.001,0.001,0.001,0.0904
D/s40_on,359,done,unknown,,,,ac,0.9036,0.9036,0.001,0.001,0.001,0.001,0.001,0.001,0.0904
D/s40_on,360,done,unknown,,,,ac,0.9036,0.9036,0.001,0.001,0.001,0.001,0.001,0.001,0.0904
D/s40_on,361,done,unknown,,,,ac,0.9036,0.9036,0.001,0.001,0.001,0.001,0.001,0.001,0.0904
D/s40_on,362,done,unknown,,,,ac,0.9036,0.9036,0.001,0.001,0.001,0.001,0.001,0.001,0.0904
D/s40_on,363,done,unknown,,,,ac,0.9036,0.9036,0.001,0.001,0.001,0.001,0.001,0.001,0.0904
D/s40_on,364,done,unknown,,,,ac,0.9036,0.9036,0.001,0.001,0.001,0.001,0.001,0.001,0.0904
D/s40_on,365,done,unknown,,,,ac,0.9036,0.9036,0.001,0.001,0.001,0.001,0.001,0.001,0.0904
D/s40_on,366,done,unknown,,,,ac,0.9036,0.9036,0.001,0.001,0.001,0.001,0.001,0.001,0.0904
D/s40_on,367,done,unknown,,,,ac,0.9036,0.9036,0.001,0.001,0.001,0.001,0.001,0.001,0.0904
D/s40_on,368,done,unknown,,,,ac,0.9036,0.9036,0.001,0.001,0.001,0.001,0.001,0.001,0.0904
D/s40_on,369,done,unknown,,,,ac,0.9036,0.9036,0.001,0.001,0.001,0.001,0.001,0.001,0.0904
D/s40_on,370,done,unknown,,,,ac,0.9036,0.9036,0.001,0.001,0.001,0.001,0.001,0.001,0.0904
D/s40_on,371,done,unknown,,,,ac,0.9036,0.9036,0.001,0.001,0.001,0.001,0.001,0.001,0.0904
D/s40_on,372,done,unknown,,,,ac,0.9036,0.9036,0.001,0.001,0.001,0.001,0.001,0.001,0.0904
D/s40_on,373,done,unknown,,,,ac,0.9036,0.9036,0.001,0.001,0.001,0.001,0.001,0.001,0.0904
D/s40_on,374,done,unknown,,,,ac,0.9036,0.9036,0.001,0.001,0.001,0.001,0.001,0.001,0.0904
D/s40_on,375,done,unknown,,,,ac,0.9036,0.9036,0.001,0.001,0.001,0.001,0.001,0.001,0.0904
D/s40_on,376,done,unknown,,,,ac,0.9036,0.9036,0.001,0.001,0.001,0.001,0.001,0.001,0.0904
D/s40_on,377,done,unknown,,,,ac,0.9036,0.9036,0.001,0.001,0.001,0.001,0.001,0.001,0.0904
D/s40_on,378,done,unknown,,,,ac,0.9036,0.9036,0.001,0.001,0.001,0.001,0.001,0.001,0.0904
fold/s40_off,0,seg1,d(item_3),move_to,step,,d(item_3),0.159,0.1295,0.1531,0.159,0.1347,0.1397,0.1375,0.1306,0.0159
fold/s40_off,1,seg1,d(item_3),move_to,step,,d(item_3),0.1815,0.1162,0.1678,0.1815,0.127,0.1379,0.133,0.1184,0.0181
fold/s40_off,2,seg1,d(item_3),move_to,step,,d(item_3),0.2086,0.1016,0.1846,0.2086,0.1177,0.1348,0.1269,0.105,0.0209
fold/s40_off,3,seg1,d(item_3),move_to,step,,d(item_3),0.2401,0.0865,0.2027,0.2401,0.1068,0.13,0.1191,0.0908,0.024
fold/s40_off,4,seg1,d(item_3),move_to,step,,d(item_3),0.2756,0.0717,0.221,0.2756,0.0947,0.1231,0.1096,0.0766,0.0276
fold/s40_off,5,seg1,d(item_3),move_to,step,,d(item_3),0.3141,0.058,0.2384,0.3141,0.0821,0.1142,0.0986,0.0631,0.0314
fold/s40_off,6,seg1,d(item_3),move_to,step,,d(item_3),0.3546,0.0458,0.2535,0.3546,0.0694,0.1037,0.0867,0.0508,0.0355
fold/s40_off,7,seg1,d(item_3),move_to,step,,d(item_3),0.3957,0.0354,0.2653,0.3957,0.0573,0.092,0.0745,0.04,0.0396
fold/s40_off,8,seg1,d(item_3),move_to,step,,d(item_3),0.4365,0.0269,0.273,0.4365,0.0464,0.08,0.0627,0.0309,0.0436
fold/s40_off,9,seg1,d(item_3),move_to,step,,d(item_3),0.476,0.02,0.2763,0.476,0.0368,0.0681,0.0517,0.0235,0.0476
fold/s40_off,10,seg1,d(item_3),move_to,step,,d(item_3),0.5136,0.0147,0.2751,0.5136,0.0287,0.057,0.0419,0.0176,0.0514
fold/s40_off,11,seg1,d(item_3),move_to,step,,d(item_3),0.5492,0.0107,0.2698,0.5492,0.0221,0.047,0.0334,0.013,0.0549
fold/s40_off,12,seg1,d(item_3),move_to,step,,d(item_3),0.5825,0.0077,0.2608,0.5825,0.0168,0.0382,0.0263,0.0095,0.0582
fold/s40_off,13,seg1,d(item_3),move_to,step,,d(item_3),0.6137,0.0055,0.2488,0.6137,0.0126,0.0307,0.0205,0.0069,0.0614
fold/s40_off,14,seg1,d(item_3),move_to,step,,d(item_3),0.6428,0.0039,0.2344,0.6428,0.0094,0.0244,0.0158,0.0049,0.0643
fold/s40_off,15,seg1,d(item_3),move_to,step,,d(item_3),0.6702,0.0027,0.2183,0.6702,0.0069,0.0192,0.0121,0.0035,0.067
fold/s40_off,16,seg1,d(item_3),move_to,step,,d(item_3),0.6958,0.0019,0.2009,0.6958,0.0051,0.0151,0.0092,0.0025,0.0696
fold/s40_off,17,seg1,d(item_3),move_to,step,,d(item_3),0.7197,0.0013,0.1828,0.7197,0.0037,0.0117,0.0069,0.0018,0.072
fold/s40_off,18,seg1,d(item_3),move_to,step,,d(item_3),0.742,0.001,0.1646,0.742,0.0027,0.009,0.0052,0.0013,0.0742
fold/s40_off,19,seg1,d(item_3),move_to,step,,d(item_3),0.7624,0.001,0.1466,0.7624,0.002,0.0069,0.0039,0.001,0.0762
fold/s40_off,20,seg1,d(item_3),move_to,step,,d(item_3),0.7812,0.001,0.1291,0.7812,0.0014,0.0053,0.0029,0.001,0.0781
fold/s40_off,21,seg1,d(item_3),move_to,step,,d(item_3),0.7984,0.001,0.1126,0.7984,0.001,0.004,0.0021,0.001,0.0798
fold/s40_off,22,seg1,d(item_3),move_to,step,,d(item_3),0.8139,0.001,0.0972,0.8139,0.001,0.003,0.0016,0.001,0.0814
fold/s40_off,23,seg1,d(item_3),move_to,step,,d(item_3),0.8278,0.001,0.083,0.8278,0.001,0.0023,0.0011,0.001,0.0828
fold/s40_off,24,seg1,d(item_3),move_to,step,,d(item_3),0.8401,0.001,0.0702,0.8401,0.001,0.0017,0.001,0.001,0.084
fold/s40_off,25,seg1,d(item_3),move_to,step,,d(item_3),0.8508,0.001,0.0588,0.8508,0.001,0.0013,0.001,0.001,0.0851
fold/s40_off,26,seg1,d(item_3),move_to,step,,d(item_3),0.8602,0.001,0.0488,0.8602,0.001,0.001,0.001,0.001,0.086
fold/s40_off,27,seg1,d(item_3),move_to,step,,d(item_3),0.8681,0.001,0.0401,0.8681,0.001,0.001,0.001,0.001,0.0868
fold/s40_off,28,seg1,d(item_3),move_to,step,,d(item_3),0.8748,0.001,0.0327,0.8748,0.001,0.001,0.001,0.001,0.0875
fold/s40_off,29,seg1,d(item_3),move_to,step,,d(item_3),0.8805,0.001,0.0265,0.8805,0.001,0.001,0.001,0.001,0.0881
fold/s40_off,30,seg1,d(item_3),move_to,step,,d(item_3),0.8853,0.001,0.0212,0.8853,0.001,0.001,0.001,0.001,0.0885
fold/s40_off,31,seg1,d(item_3),move_to,step,,d(item_3),0.8892,0.001,0.0169,0.8892,0.001,0.001,0.001,0.001,0.0889
fold/s40_off,32,seg1,d(item_3),move_to,step,,d(item_3),0.8924,0.001,0.0134,0.8924,0.001,0.001,0.001,0.001,0.0892
fold/s40_off,33,seg1,d(item_3),move_to,step,,d(item_3),0.895,0.001,0.0105,0.895,0.001,0.001,0.001,0.001,0.0895
fold/s40_off,34,seg1,d(item_3),move_to,step,,d(item_3),0.8971,0.001,0.0082,0.8971,0.001,0.001,0.001,0.001,0.0897
fold/s40_off,35,seg1,d(item_3),move_to,step,,d(item_3),0.8988,0.001,0.0063,0.8988,0.001,0.001,0.001,0.001,0.0899
fold/s40_off,36,seg1,d(item_3),move_to,step,,d(item_3),0.9001,0.001,0.0049,0.9001,0.001,0.001,0.001,0.001,0.09
fold/s40_off,37,seg1,d(item_3),move_to,step,,d(item_3),0.9012,0.001,0.0037,0.9012,0.001,0.001,0.001,0.001,0.0901
fold/s40_off,38,seg1,d(item_3),move_to,step,,d(item_3),0.902,0.001,0.0028,0.902,0.001,0.001,0.001,0.001,0.0902
fold/s40_off,39,seg1,d(item_3),move_to,step,,d(item_3),0.9026,0.001,0.0021,0.9026,0.001,0.001,0.001,0.001,0.0903
fold/s40_off,40,seg1,d(item_3),move_to,step,,d(item_3),0.9031,0.001,0.0016,0.9031,0.001,0.001,0.001,0.001,0.0903
fold/s40_off,41,seg1,d(item_3),move_to,step,,d(item_3),0.9035,0.001,0.0012,0.9035,0.001,0.001,0.001,0.001,0.0903
fold/s40_off,42,seg1,d(item_3),move_to,step,,d(item_3),0.9037,0.001,0.001,0.9037,0.001,0.001,0.001,0.001,0.0904
fold/s40_off,43,seg1,d(item_3),move_to,step,,d(item_3),0.9037,0.001,0.001,0.9037,0.001,0.001,0.001,0.001,0.0904
fold/s40_off,44,seg1,d(item_3),move_to,step,,d(item_3),0.9037,0.001,0.001,0.9037,0.001,0.001,0.001,0.001,0.0904
fold/s40_off,45,seg1,d(item_3),move_to,step,,d(item_3),0.9037,0.001,0.001,0.9037,0.001,0.001,0.001,0.001,0.0904
fold/s40_off,46,seg1,d(item_3),move_to,step,,d(item_3),0.9037,0.001,0.001,0.9037,0.001,0.001,0.001,0.001,0.0904
fold/s40_off,47,seg1,d(item_3),move_to,step,,d(item_3),0.9037,0.001,0.001,0.9037,0.001,0.001,0.001,0.001,0.0904
fold/s40_off,48,seg1,d(item_3),move_to,step,,d(item_3),0.9037,0.001,0.001,0.9037,0.001,0.001,0.001,0.001,0.0904
fold/s40_off,49,seg1,d(item_3),move_to,step,,d(item_3),0.9037,0.001,0.001,0.9037,0.001,0.001,0.001,0.001,0.0904
fold/s40_off,50,seg1,d(item_3),move_to,step,,d(item_3),0.9037,0.001,0.001,0.9037,0.001,0.001,0.001,0.001,0.0904
fold/s40_off,51,seg1,d(item_3),move_to,step,,d(item_3),0.9037,0.001,0.001,0.9037,0.001,0.001,0.001,0.001,0.0904
fold/s40_off,52,seg1,d(item_3),move_to,step,,d(item_3),0.9037,0.001,0.001,0.9037,0.001,0.001,0.001,0.001,0.0904
fold/s40_off,53,seg1,d(item_3),move_to,step,,d(item_3),0.9037,0.001,0.001,0.9037,0.001,0.001,0.001,0.001,0.0904
fold/s40_off,54,seg1,d(item_3),move_to,step,,d(item_3),0.9037,0.001,0.001,0.9037,0.001,0.001,0.001,0.001,0.0904
fold/s40_off,55,seg1,d(item_3),move_to,step,,d(item_3),0.9037,0.001,0.001,0.9037,0.001,0.001,0.001,0.001,0.0904
fold/s40_off,56,seg1,d(item_3),move_to,step,,d(item_3),0.9037,0.001,0.001,0.9037,0.001,0.001,0.001,0.001,0.0904
fold/s40_off,57,seg1,d(item_3),move_to,step,,d(item_3),0.9037,0.001,0.001,0.9037,0.001,0.001,0.001,0.001,0.0904
fold/s40_off,58,seg1,d(item_3),move_to,step,,d(item_3),0.9037,0.001,0.001,0.9037,0.001,0.001,0.001,0.001,0.0904
fold/s40_off,59,seg1,d(item_3),move_to,,,d(item_3),0.9037,0.001,0.001,0.9037,0.001,0.001,0.001,0.001,0.0904
fold/s40_off,60,seg1,d(item_3),pick_up,grasp,item_3,d(item_3),0.9037,0.001,0.001,0.9037,0.001,0.001,0.001,0.001,0.0904
fold/s40_off,61,seg1,d(item_3),pick_up,,item_3,d(item_3),0.9037,0.001,0.001,0.9037,0.001,0.001,0.001,0.001,0.0904
fold/s40_off,62,seg1,d(item_3),move_to,step,item_3,d(item_3),0.9037,0.001,0.001,0.9037,0.001,0.001,0.001,0.001,0.0904
fold/s40_off,63,seg1,d(item_3),move_to,step,item_3,d(item_3),0.9037,0.001,0.001,0.9037,0.001,0.001,0.001,0.001,0.0904
fold/s40_off,64,seg1,d(item_3),move_to,step,item_3,d(item_3),0.9037,0.001,0.001,0.9037,0.001,0.001,0.001,0.001,0.0904
fold/s40_off,65,seg1,d(item_3),move_to,step,item_3,d(item_3),0.9037,0.001,0.001,0.9037,0.001,0.001,0.001,0.001,0.0904
fold/s40_off,66,seg1,d(item_3),move_to,step,item_3,d(item_3),0.9037,0.001,0.001,0.9037,0.001,0.001,0.001,0.001,0.0904
fold/s40_off,67,seg1,d(item_3),move_to,step,item_3,d(item_3),0.9037,0.001,0.001,0.9037,0.001,0.001,0.001,0.001,0.0904
fold/s40_off,68,seg1,d(item_3),move_to,step,item_3,d(item_3),0.9037,0.001,0.001,0.9037,0.001,0.001,0.001,0.001,0.0904
fold/s40_off,69,seg1,d(item_3),move_to,step,item_3,d(item_3),0.9037,0.001,0.001,0.9037,0.001,0.001,0.001,0.001,0.0904
fold/s40_off,70,seg1,d(item_3),move_to,step,item_3,d(item_3),0.9037,0.001,0.001,0.9037,0.001,0.001,0.001,0.001,0.0904
fold/s40_off,71,seg1,d(item_3),move_to,step,item_3,d(item_3),0.9037,0.001,0.001,0.9037,0.001,0.001,0.001,0.001,0.0904
fold/s40_off,72,seg1,d(item_3),move_to,step,item_3,d(item_3),0.9037,0.001,0.001,0.9037,0.001,0.001,0.001,0.001,0.0904
fold/s40_off,73,seg1,d(item_3),move_to,step,item_3,d(item_3),0.9037,0.001,0.001,0.9037,0.001,0.001,0.001,0.001,0.0904
fold/s40_off,74,seg1,d(item_3),move_to,step,item_3,d(item_3),0.9037,0.001,0.001,0.9037,0.001,0.001,0.001,0.001,0.0904
fold/s40_off,75,seg1,d(item_3),move_to,step,item_3,d(item_3),0.9037,0.001,0.001,0.9037,0.001,0.001,0.001,0.001,0.0904
fold/s40_off,76,seg1,d(item_3),move_to,step,item_3,d(item_3),0.9037,0.001,0.001,0.9037,0.001,0.001,0.001,0.001,0.0904
fold/s40_off,77,seg1,d(item_3),move_to,step,item_3,d(item_3),0.9037,0.001,0.001,0.9037,0.001,0.001,0.001,0.001,0.0904
fold/s40_off,78,seg1,d(item_3),move_to,step,item_3,d(item_3),0.9037,0.001,0.001,0.9037,0.001,0.001,0.001,0.001,0.0904
fold/s40_off,79,seg1,d(item_3),move_to,step,item_3,d(item_3),0.9037,0.001,0.001,0.9037,0.001,0.001,0.001,0.001,0.0904
fold/s40_off,80,seg1,d(item_3),move_to,step,item_3,d(item_3),0.9037,0.001,0.001,0.9037,0.001,0.001,0.001,0.001,0.0904
fold/s40_off,81,seg1,d(item_3),move_to,step,item_3,d(item_3),0.9037,0.001,0.001,0.9037,0.001,0.001,0.001,0.001,0.0904
fold/s40_off,82,seg1,d(item_3),move_to,step,item_3,d(item_3),0.9037,0.001,0.001,0.9037,0.001,0.001,0.001,0.001,0.0904
fold/s40_off,83,seg1,d(item_3),move_to,step,item_3,d(item_3),0.9037,0.001,0.001,0.9037,0.001,0.001,0.001,0.001,0.0904
fold/s40_off,84,seg1,d(item_3),move_to,step,item_3,d(item_3),0.9037,0.001,0.001,0.9037,0.001,0.001,0.001,0.001,0.0904
fold/s40_off,85,seg1,d(item_3),move_to,step,item_3,d(item_3),0.9037,0.001,0.001,0.9037,0.001,0.001,0.001,0.001,0.0904
fold/s40_off,86,seg1,d(item_3),move_to,step,item_3,d(item_3),0.9037,0.001,0.001,0.9037,0.001,0.001,0.001,0.001,0.0904
fold/s40_off,87,seg1,d(item_3),move_to,step,item_3,d(item_3),0.9037,0.001,0.001,0.9037,0.001,0.001,0.001,0.001,0.0904
fold/s40_off,88,seg1,d(item_3),move_to,step,item_3,d(item_3),0.9037,0.001,0.001,0.9037,0.001,0.001,0.001,0.001,0.0904
fold/s40_off,89,seg1,d(item_3),move_to,step,item_3,d(item_3),0.9037,0.001,0.001,0.9037,0.001,0.001,0.001,0.001,0.0904
fold/s40_off,90,seg1,d(item_3),move_to,step,item_3,d(item_3),0.9037,0.001,0.001,0.9037,0.001,0.001,0.001,0.001,0.0904
fold/s40_off,91,seg1,d(item_3),move_to,step,item_3,d(item_3),0.9037,0.001,0.001,0.9037,0.001,0.001,0.001,0.001,0.0904
fold/s40_off,92,seg1,d(item_3),move_to,step,item_3,d(item_3),0.9037,0.001,0.001,0.9037,0.001,0.001,0.001,0.001,0.0904
fold/s40_off,93,seg1,d(item_3),move_to,step,item_3,d(item_3),0.9037,0.001,0.001,0.9037,0.001,0.001,0.001,0.001,0.0904
fold/s40_off,94,seg1,d(item_3),move_to,step,item_3,d(item_3),0.9037,0.001,0.001,0.9037,0.001,0.001,0.001,0.001,0.0904
fold/s40_off,95,seg1,d(item_3),move_to,step,item_3,d(item_3),0.9037,0.001,0.001,0.9037,0.001,0.001,0.001,0.001,0.0904
fold/s40_off,96,seg1,d(item_3),move_to,step,item_3,d(item_3),0.9037,0.001,0.001,0.9037,0.001,0.001,0.001,0.001,0.0904
fold/s40_off,97,seg1,d(item_3),move_to,step,item_3,d(item_3),0.9037,0.001,0.001,0.9037,0.001,0.001,0.001,0.001,0.0904
fold/s40_off,98,seg1,d(item_3),move_to,step,item_3,d(item_3),0.9037,0.001,0.001,0.9037,0.001,0.001,0.001,0.001,0.0904
fold/s40_off,99,seg1,d(item_3),move_to,step,item_3,d(item_3),0.9037,0.001,0.001,0.9037,0.001,0.001,0.001,0.001,0.0904
fold/s40_off,100,seg1,d(item_3),move_to,step,item_3,d(item_3),0.9037,0.001,0.001,0.9037,0.001,0.001,0.001,0.001,0.0904
fold/s40_off,101,seg1,d(item_3),move_to,step,item_3,d(item_3),0.9037,0.001,0.001,0.9037,0.001,0.001,0.001,0.001,0.0904
fold/s40_off,102,seg1,d(item_3),move_to,step,item_3,d(item_3),0.9037,0.001,0.001,0.9037,0.001,0.001,0.001,0.001,0.0904
fold/s40_off,103,seg1,d(item_3),move_to,step,item_3,d(item_3),0.9037,0.001,0.001,0.9037,0.001,0.001,0.001,0.001,0.0904
fold/s40_off,104,seg1,d(item_3),move_to,step,item_3,d(item_3),0.9037,0.001,0.001,0.9037,0.001,0.001,0.001,0.001,0.0904
fold/s40_off,105,seg1,d(item_3),move_to,step,item_3,d(item_3),0.9037,0.001,0.001,0.9037,0.001,0.001,0.001,0.001,0.0904
fold/s40_off,106,seg1,d(item_3),move_to,step,item_3,d(item_3),0.9037,0.001,0.001,0.9037,0.001,0.001,0.001,0.001,0.0904
fold/s40_off,107,seg1,d(item_3),move_to,step,item_3,d(item_3),0.9037,0.001,0.001,0.9037,0.001,0.001,0.001,0.001,0.0904
fold/s40_off,108,seg1,d(item_3),move_to,step,item_3,d(item_3),0.9037,0.001,0.001,0.9037,0.001,0.001,0.001,0.001,0.0904
fold/s40_off,109,seg1,d(item_3),move_to,step,item_3,d(item_3),0.9037,0.001,0.001,0.9037,0.001,0.001,0.001,0.001,0.0904
fold/s40_off,110,seg1,d(item_3),move_to,step,item_3,d(item_3),0.9037,0.001,0.001,0.9037,0.001,0.001,0.001,0.001,0.0904
fold/s40_off,111,seg1,d(item_3),move_to,step,item_3,d(item_3),0.9037,0.001,0.001,0.9037,0.001,0.001,0.001,0.001,0.0904
fold/s40_off,112,seg1,d(item_3),move_to,step,item_3,d(item_3),0.9037,0.001,0.001,0.9037,0.001,0.001,0.001,0.001,0.0904
fold/s40_off,113,seg1,d(item_3),move_to,step,item_3,d(item_3),0.9037,0.001,0.001,0.9037,0.001,0.001,0.001,0.001,0.0904
fold/s40_off,114,seg1,d(item_3),move_to,,item_3,d(item_3),0.9037,0.001,0.001,0.9037,0.001,0.001,0.001,0.001,0.0904
fold/s40_off,115,seg1,d(item_3),place,release,,unknown,0.993,0.001,0.001,0.001,0.001,0.001,0.001,0.001,0.993
fold/s40_off,116,seg1,d(item_3),place,,,unknown,0.993,0.001,0.001,0.001,0.001,0.001,0.001,0.001,0.993
fold/s40_off,117,seg2,coffee,,,,unknown,0.993,0.001,0.001,0.001,0.001,0.001,0.001,0.001,0.993
fold/s40_off,118,seg2,coffee,move_to,step,,unknown,0.993,0.001,0.001,0.001,0.001,0.001,0.001,0.001,0.993
fold/s40_off,119,seg2,coffee,move_to,step,,unknown,0.993,0.001,0.001,0.001,0.001,0.001,0.001,0.001,0.993
fold/s40_off,120,seg2,coffee,move_to,step,,unknown,0.993,0.001,0.001,0.001,0.001,0.001,0.001,0.001,0.993
fold/s40_off,121,seg2,coffee,move_to,step,,unknown,0.993,0.001,0.001,0.001,0.001,0.001,0.001,0.001,0.993
fold/s40_off,122,seg2,coffee,move_to,step,,unknown,0.993,0.001,0.001,0.001,0.001,0.001,0.001,0.001,0.993
fold/s40_off,123,seg2,coffee,move_to,step,,unknown,0.993,0.001,0.001,0.001,0.001,0.001,0.001,0.001,0.993
fold/s40_off,124,seg2,coffee,move_to,step,,unknown,0.993,0.001,0.001,0.001,0.001,0.001,0.001,0.001,0.993
fold/s40_off,125,seg2,coffee,move_to,step,,unknown,0.993,0.001,0.001,0.001,0.001,0.001,0.001,0.001,0.993
fold/s40_off,126,seg2,coffee,move_to,step,,unknown,0.993,0.001,0.001,0.001,0.001,0.001,0.001,0.001,0.993
fold/s40_off,127,seg2,coffee,move_to,step,,unknown,0.993,0.001,0.001,0.001,0.001,0.001,0.001,0.001,0.993
fold/s40_off,128,seg2,coffee,move_to,step,,unknown,0.993,0.001,0.001,0.001,0.001,0.001,0.001,0.001,0.993
fold/s40_off,129,seg2,coffee,move_to,step,,unknown,0.993,0.001,0.001,0.001,0.001,0.001,0.001,0.001,0.993
fold/s40_off,130,seg2,coffee,move_to,step,,unknown,0.993,0.001,0.001,0.001,0.001,0.001,0.001,0.001,0.993
fold/s40_off,131,seg2,coffee,move_to,step,,unknown,0.993,0.001,0.001,0.001,0.001,0.001,0.001,0.001,0.993
fold/s40_off,132,seg2,coffee,move_to,step,,unknown,0.993,0.001,0.001,0.001,0.001,0.001,0.001,0.001,0.993
fold/s40_off,133,seg2,coffee,move_to,step,,unknown,0.993,0.001,0.001,0.001,0.001,0.001,0.001,0.001,0.993
fold/s40_off,134,seg2,coffee,move_to,step,,unknown,0.993,0.001,0.001,0.001,0.001,0.001,0.001,0.001,0.993
fold/s40_off,135,seg2,coffee,move_to,step,,unknown,0.993,0.001,0.001,0.001,0.001,0.001,0.001,0.001,0.993
fold/s40_off,136,seg2,coffee,move_to,step,,unknown,0.993,0.001,0.001,0.001,0.001,0.001,0.001,0.001,0.993
fold/s40_off,137,seg2,coffee,move_to,step,,unknown,0.993,0.001,0.001,0.001,0.001,0.001,0.001,0.001,0.993
fold/s40_off,138,seg2,coffee,move_to,step,,unknown,0.993,0.001,0.001,0.001,0.001,0.001,0.001,0.001,0.993
fold/s40_off,139,seg2,coffee,move_to,step,,unknown,0.993,0.001,0.001,0.001,0.001,0.001,0.001,0.001,0.993
fold/s40_off,140,seg2,coffee,move_to,step,,unknown,0.993,0.001,0.001,0.001,0.001,0.001,0.001,0.001,0.993
fold/s40_off,141,seg2,coffee,move_to,step,,unknown,0.993,0.001,0.001,0.001,0.001,0.001,0.001,0.001,0.993
fold/s40_off,142,seg2,coffee,move_to,step,,unknown,0.993,0.001,0.001,0.001,0.001,0.001,0.001,0.001,0.993
fold/s40_off,143,seg2,coffee,move_to,step,,unknown,0.993,0.001,0.001,0.001,0.001,0.001,0.001,0.001,0.993
fold/s40_off,144,seg2,coffee,move_to,step,,unknown,0.993,0.001,0.001,0.001,0.001,0.001,0.001,0.001,0.993
fold/s40_off,145,seg2,coffee,move_to,step,,unknown,0.993,0.001,0.001,0.001,0.001,0.001,0.001,0.001,0.993
fold/s40_off,146,seg2,coffee,move_to,step,,unknown,0.993,0.001,0.001,0.001,0.001,0.001,0.001,0.001,0.993
fold/s40_off,147,seg2,coffee,move_to,step,,unknown,0.993,0.001,0.001,0.001,0.001,0.001,0.001,0.001,0.993
fold/s40_off,148,seg2,coffee,move_to,step,,unknown,0.993,0.001,0.001,0.001,0.001,0.001,0.001,0.001,0.993
fold/s40_off,149,seg2,coffee,move_to,step,,unknown,0.993,0.001,0.001,0.001,0.001,0.001,0.001,0.001,0.993
fold/s40_off,150,seg2,coffee,move_to,step,,unknown,0.993,0.001,0.001,0.001,0.001,0.001,0.001,0.001,0.993
fold/s40_off,151,seg2,coffee,move_to,step,,unknown,0.993,0.001,0.001,0.001,0.001,0.001,0.001,0.001,0.993
fold/s40_off,152,seg2,coffee,move_to,step,,unknown,0.993,0.001,0.001,0.001,0.001,0.001,0.001,0.001,0.993
fold/s40_off,153,seg2,coffee,move_to,step,,unknown,0.993,0.001,0.001,0.001,0.001,0.001,0.001,0.001,0.993
fold/s40_off,154,seg2,coffee,move_to,,,unknown,0.993,0.001,0.001,0.001,0.001,0.001,0.001,0.001,0.993
fold/s40_off,155,seg2,coffee,wait_at,stand,,unknown,0.993,0.001,0.001,0.001,0.001,0.001,0.001,0.001,0.993
fold/s40_off,156,seg2,coffee,wait_at,stand,,unknown,0.993,0.001,0.001,0.001,0.001,0.001,0.001,0.001,0.993
fold/s40_off,157,seg2,coffee,wait_at,stand,,unknown,0.993,0.001,0.001,0.001,0.001,0.001,0.001,0.001,0.993
fold/s40_off,158,seg2,coffee,wait_at,stand,,unknown,0.993,0.001,0.001,0.001,0.001,0.001,0.001,0.001,0.993
fold/s40_off,159,seg2,coffee,wait_at,stand,,unknown,0.993,0.001,0.001,0.001,0.001,0.001,0.001,0.001,0.993
fold/s40_off,160,seg2,coffee,wait_at,stand,,unknown,0.993,0.001,0.001,0.001,0.001,0.001,0.001,0.001,0.993
fold/s40_off,161,seg2,coffee,wait_at,stand,,unknown,0.993,0.001,0.001,0.001,0.001,0.001,0.001,0.001,0.993
fold/s40_off,162,seg2,coffee,wait_at,stand,,unknown,0.993,0.001,0.001,0.001,0.001,0.001,0.001,0.001,0.993
fold/s40_off,163,seg2,coffee,wait_at,stand,,unknown,0.993,0.001,0.001,0.001,0.001,0.001,0.001,0.001,0.993
fold/s40_off,164,seg2,coffee,wait_at,stand,,unknown,0.993,0.001,0.001,0.001,0.001,0.001,0.001,0.001,0.993
fold/s40_off,165,seg2,coffee,wait_at,stand,,unknown,0.993,0.001,0.001,0.001,0.001,0.001,0.001,0.001,0.993
fold/s40_off,166,seg2,coffee,wait_at,stand,,unknown,0.993,0.001,0.001,0.001,0.001,0.001,0.001,0.001,0.993
fold/s40_off,167,seg2,coffee,wait_at,stand,,unknown,0.993,0.001,0.001,0.001,0.001,0.001,0.001,0.001,0.993
fold/s40_off,168,seg2,coffee,wait_at,stand,,unknown,0.993,0.001,0.001,0.001,0.001,0.001,0.001,0.001,0.993
fold/s40_off,169,seg2,coffee,wait_at,stand,,unknown,0.993,0.001,0.001,0.001,0.001,0.001,0.001,0.001,0.993
fold/s40_off,170,seg2,coffee,wait_at,stand,,unknown,0.993,0.001,0.001,0.001,0.001,0.001,0.001,0.001,0.993
fold/s40_off,171,seg2,coffee,wait_at,stand,,unknown,0.993,0.001,0.001,0.001,0.001,0.001,0.001,0.001,0.993
fold/s40_off,172,seg2,coffee,wait_at,stand,,unknown,0.993,0.001,0.001,0.001,0.001,0.001,0.001,0.001,0.993
fold/s40_off,173,seg2,coffee,wait_at,stand,,unknown,0.993,0.001,0.001,0.001,0.001,0.001,0.001,0.001,0.993
fold/s40_off,174,seg2,coffee,wait_at,stand,,unknown,0.993,0.001,0.001,0.001,0.001,0.001,0.001,0.001,0.993
fold/s40_off,175,seg2,coffee,wait_at,stand,,unknown,0.993,0.001,0.001,0.001,0.001,0.001,0.001,0.001,0.993
fold/s40_off,176,seg2,coffee,wait_at,stand,,unknown,0.993,0.001,0.001,0.001,0.001,0.001,0.001,0.001,0.993
fold/s40_off,177,seg2,coffee,wait_at,stand,,unknown,0.993,0.001,0.001,0.001,0.001,0.001,0.001,0.001,0.993
fold/s40_off,178,seg2,coffee,wait_at,stand,,unknown,0.993,0.001,0.001,0.001,0.001,0.001,0.001,0.001,0.993
fold/s40_off,179,seg2,coffee,wait_at,stand,,unknown,0.993,0.001,0.001,0.001,0.001,0.001,0.001,0.001,0.993
fold/s40_off,180,seg2,coffee,wait_at,stand,,unknown,0.993,0.001,0.001,0.001,0.001,0.001,0.001,0.001,0.993
fold/s40_off,181,seg2,coffee,wait_at,stand,,unknown,0.993,0.001,0.001,0.001,0.001,0.001,0.001,0.001,0.993
fold/s40_off,182,seg2,coffee,wait_at,stand,,unknown,0.993,0.001,0.001,0.001,0.001,0.001,0.001,0.001,0.993
fold/s40_off,183,seg2,coffee,wait_at,stand,,unknown,0.993,0.001,0.001,0.001,0.001,0.001,0.001,0.001,0.993
fold/s40_off,184,seg2,coffee,wait_at,stand,,unknown,0.993,0.001,0.001,0.001,0.001,0.001,0.001,0.001,0.993
fold/s40_off,185,seg2,coffee,wait_at,,,unknown,0.993,0.001,0.001,0.001,0.001,0.001,0.001,0.001,0.993
fold/s40_off,186,seg3a,unknown,,,,unknown,0.993,0.001,0.001,0.001,0.001,0.001,0.001,0.001,0.993
fold/s40_off,187,seg3a,unknown,move_to,step,,unknown,0.993,0.001,0.001,0.001,0.001,0.001,0.001,0.001,0.993
fold/s40_off,188,seg3a,unknown,move_to,step,,unknown,0.993,0.001,0.001,0.001,0.001,0.001,0.001,0.001,0.993
fold/s40_off,189,seg3a,unknown,move_to,step,,unknown,0.993,0.001,0.001,0.001,0.001,0.001,0.001,0.001,0.993
fold/s40_off,190,seg3a,unknown,move_to,step,,unknown,0.993,0.001,0.001,0.001,0.001,0.001,0.001,0.001,0.993
fold/s40_off,191,seg3a,unknown,move_to,step,,unknown,0.993,0.001,0.001,0.001,0.001,0.001,0.001,0.001,0.993
fold/s40_off,192,seg3a,unknown,move_to,step,,unknown,0.993,0.001,0.001,0.001,0.001,0.001,0.001,0.001,0.993
fold/s40_off,193,seg3a,unknown,move_to,step,,unknown,0.993,0.001,0.001,0.001,0.001,0.001,0.001,0.001,0.993
fold/s40_off,194,seg3a,unknown,move_to,step,,unknown,0.993,0.001,0.001,0.001,0.001,0.001,0.001,0.001,0.993
fold/s40_off,195,seg3a,unknown,move_to,step,,unknown,0.993,0.001,0.001,0.001,0.001,0.001,0.001,0.001,0.993
fold/s40_off,196,seg3a,unknown,move_to,step,,unknown,0.993,0.001,0.001,0.001,0.001,0.001,0.001,0.001,0.993
fold/s40_off,197,seg3a,unknown,move_to,step,,unknown,0.993,0.001,0.001,0.001,0.001,0.001,0.001,0.001,0.993
fold/s40_off,198,seg3a,unknown,move_to,step,,unknown,0.993,0.001,0.001,0.001,0.001,0.001,0.001,0.001,0.993
fold/s40_off,199,seg3a,unknown,move_to,step,,unknown,0.993,0.001,0.001,0.001,0.001,0.001,0.001,0.001,0.993
fold/s40_off,200,seg3a,unknown,move_to,step,,unknown,0.993,0.001,0.001,0.001,0.001,0.001,0.001,0.001,0.993
fold/s40_off,201,seg3a,unknown,move_to,step,,unknown,0.993,0.001,0.001,0.001,0.001,0.001,0.001,0.001,0.993
fold/s40_off,202,seg3a,unknown,move_to,step,,unknown,0.993,0.001,0.001,0.001,0.001,0.001,0.001,0.001,0.993
fold/s40_off,203,seg3a,unknown,move_to,step,,unknown,0.993,0.001,0.001,0.001,0.001,0.001,0.001,0.001,0.993
fold/s40_off,204,seg3a,unknown,move_to,step,,unknown,0.993,0.001,0.001,0.001,0.001,0.001,0.001,0.001,0.993
fold/s40_off,205,seg3a,unknown,move_to,step,,unknown,0.993,0.001,0.001,0.001,0.001,0.001,0.001,0.001,0.993
fold/s40_off,206,seg3a,unknown,move_to,,,unknown,0.993,0.001,0.001,0.001,0.001,0.001,0.001,0.001,0.993
fold/s40_off,207,seg3a,unknown,wait_at,stand,,unknown,0.993,0.001,0.001,0.001,0.001,0.001,0.001,0.001,0.993
fold/s40_off,208,seg3a,unknown,wait_at,,,unknown,0.993,0.001,0.001,0.001,0.001,0.001,0.001,0.001,0.993
fold/s40_off,209,seg3b,unknown,,,,unknown,0.993,0.001,0.001,0.001,0.001,0.001,0.001,0.001,0.993
fold/s40_off,210,seg3b,unknown,move_to,step,,unknown,0.993,0.001,0.001,0.001,0.001,0.001,0.001,0.001,0.993
fold/s40_off,211,seg3b,unknown,move_to,step,,unknown,0.993,0.001,0.001,0.001,0.001,0.001,0.001,0.001,0.993
fold/s40_off,212,seg3b,unknown,move_to,step,,unknown,0.993,0.001,0.001,0.001,0.001,0.001,0.001,0.001,0.993
fold/s40_off,213,seg3b,unknown,move_to,step,,unknown,0.993,0.001,0.001,0.001,0.001,0.001,0.001,0.001,0.993
fold/s40_off,214,seg3b,unknown,move_to,step,,unknown,0.993,0.001,0.001,0.001,0.001,0.001,0.001,0.001,0.993
fold/s40_off,215,seg3b,unknown,move_to,step,,unknown,0.993,0.001,0.001,0.001,0.001,0.001,0.001,0.001,0.993
fold/s40_off,216,seg3b,unknown,move_to,step,,unknown,0.993,0.001,0.001,0.001,0.001,0.001,0.001,0.001,0.993
fold/s40_off,217,seg3b,unknown,move_to,step,,unknown,0.993,0.001,0.001,0.001,0.001,0.001,0.001,0.001,0.993
fold/s40_off,218,seg3b,unknown,move_to,step,,unknown,0.993,0.001,0.001,0.001,0.001,0.001,0.001,0.001,0.993
fold/s40_off,219,seg3b,unknown,move_to,step,,unknown,0.993,0.001,0.001,0.001,0.001,0.001,0.001,0.001,0.993
fold/s40_off,220,seg3b,unknown,move_to,step,,unknown,0.993,0.001,0.001,0.001,0.001,0.001,0.001,0.001,0.993
fold/s40_off,221,seg3b,unknown,move_to,step,,unknown,0.993,0.001,0.001,0.001,0.001,0.001,0.001,0.001,0.993
fold/s40_off,222,seg3b,unknown,move_to,step,,unknown,0.993,0.001,0.001,0.001,0.001,0.001,0.001,0.001,0.993
fold/s40_off,223,seg3b,unknown,move_to,step,,unknown,0.993,0.001,0.001,0.001,0.001,0.001,0.001,0.001,0.993
fold/s40_off,224,seg3b,unknown,move_to,step,,unknown,0.993,0.001,0.001,0.001,0.001,0.001,0.001,0.001,0.993
fold/s40_off,225,seg3b,unknown,move_to,step,,unknown,0.993,0.001,0.001,0.001,0.001,0.001,0.001,0.001,0.993
fold/s40_off,226,seg3b,unknown,move_to,step,,unknown,0.993,0.001,0.001,0.001,0.001,0.001,0.001,0.001,0.993
fold/s40_off,227,seg3b,unknown,move_to,,,unknown,0.993,0.001,0.001,0.001,0.001,0.001,0.001,0.001,0.993
fold/s40_off,228,seg3b,unknown,wait_at,stand,,unknown,0.993,0.001,0.001,0.001,0.001,0.001,0.001,0.001,0.993
fold/s40_off,229,seg3b,unknown,wait_at,,,unknown,0.993,0.001,0.001,0.001,0.001,0.001,0.001,0.001,0.993
fold/s40_off,230,seg4,d(item_6),,,,unknown,0.993,0.001,0.001,0.001,0.001,0.001,0.001,0.001,0.993
fold/s40_off,231,seg4,d(item_6),move_to,step,,unknown,0.993,0.001,0.001,0.001,0.001,0.001,0.001,0.001,0.993
fold/s40_off,232,seg4,d(item_6),move_to,step,,unknown,0.993,0.001,0.001,0.001,0.001,0.001,0.001,0.001,0.993
fold/s40_off,233,seg4,d(item_6),move_to,step,,unknown,0.993,0.001,0.001,0.001,0.001,0.001,0.001,0.001,0.993
fold/s40_off,234,seg4,d(item_6),move_to,step,,unknown,0.993,0.001,0.001,0.001,0.001,0.001,0.001,0.001,0.993
fold/s40_off,235,seg4,d(item_6),move_to,step,,unknown,0.993,0.001,0.001,0.001,0.001,0.001,0.001,0.001,0.993
fold/s40_off,236,seg4,d(item_6),move_to,step,,unknown,0.993,0.001,0.001,0.001,0.001,0.001,0.001,0.001,0.993
fold/s40_off,237,seg4,d(item_6),move_to,step,,unknown,0.993,0.001,0.001,0.001,0.001,0.001,0.001,0.001,0.993
fold/s40_off,238,seg4,d(item_6),move_to,step,,unknown,0.993,0.001,0.001,0.001,0.001,0.001,0.001,0.001,0.993
fold/s40_off,239,seg4,d(item_6),move_to,step,,unknown,0.993,0.001,0.001,0.001,0.001,0.001,0.001,0.001,0.993
fold/s40_off,240,seg4,d(item_6),move_to,step,,unknown,0.993,0.001,0.001,0.001,0.001,0.001,0.001,0.001,0.993
fold/s40_off,241,seg4,d(item_6),move_to,step,,unknown,0.993,0.001,0.001,0.001,0.001,0.001,0.001,0.001,0.993
fold/s40_off,242,seg4,d(item_6),move_to,step,,unknown,0.993,0.001,0.001,0.001,0.001,0.001,0.001,0.001,0.993
fold/s40_off,243,seg4,d(item_6),move_to,step,,unknown,0.993,0.001,0.001,0.001,0.001,0.001,0.001,0.001,0.993
fold/s40_off,244,seg4,d(item_6),move_to,step,,unknown,0.993,0.001,0.001,0.001,0.001,0.001,0.001,0.001,0.993
fold/s40_off,245,seg4,d(item_6),move_to,step,,unknown,0.993,0.001,0.001,0.001,0.001,0.001,0.001,0.001,0.993
fold/s40_off,246,seg4,d(item_6),move_to,step,,unknown,0.993,0.001,0.001,0.001,0.001,0.001,0.001,0.001,0.993
fold/s40_off,247,seg4,d(item_6),move_to,step,,unknown,0.993,0.001,0.001,0.001,0.001,0.001,0.001,0.001,0.993
fold/s40_off,248,seg4,d(item_6),move_to,step,,unknown,0.993,0.001,0.001,0.001,0.001,0.001,0.001,0.001,0.993
fold/s40_off,249,seg4,d(item_6),move_to,step,,unknown,0.993,0.001,0.001,0.001,0.001,0.001,0.001,0.001,0.993
fold/s40_off,250,seg4,d(item_6),move_to,step,,unknown,0.993,0.001,0.001,0.001,0.001,0.001,0.001,0.001,0.993
fold/s40_off,251,seg4,d(item_6),move_to,step,,unknown,0.993,0.001,0.001,0.001,0.001,0.001,0.001,0.001,0.993
fold/s40_off,252,seg4,d(item_6),move_to,step,,unknown,0.993,0.001,0.001,0.001,0.001,0.001,0.001,0.001,0.993
fold/s40_off,253,seg4,d(item_6),move_to,step,,unknown,0.993,0.001,0.001,0.001,0.001,0.001,0.001,0.001,0.993
fold/s40_off,254,seg4,d(item_6),move_to,step,,unknown,0.993,0.001,0.001,0.001,0.001,0.001,0.001,0.001,0.993
fold/s40_off,255,seg4,d(item_6),move_to,step,,unknown,0.993,0.001,0.001,0.001,0.001,0.001,0.001,0.001,0.993
fold/s40_off,256,seg4,d(item_6),move_to,step,,unknown,0.993,0.001,0.001,0.001,0.001,0.001,0.001,0.001,0.993
fold/s40_off,257,seg4,d(item_6),move_to,step,,unknown,0.993,0.001,0.001,0.001,0.001,0.001,0.001,0.001,0.993
fold/s40_off,258,seg4,d(item_6),move_to,step,,unknown,0.993,0.001,0.001,0.001,0.001,0.001,0.001,0.001,0.993
fold/s40_off,259,seg4,d(item_6),move_to,step,,unknown,0.993,0.001,0.001,0.001,0.001,0.001,0.001,0.001,0.993
fold/s40_off,260,seg4,d(item_6),move_to,step,,unknown,0.993,0.001,0.001,0.001,0.001,0.001,0.001,0.001,0.993
fold/s40_off,261,seg4,d(item_6),move_to,step,,unknown,0.993,0.001,0.001,0.001,0.001,0.001,0.001,0.001,0.993
fold/s40_off,262,seg4,d(item_6),move_to,step,,unknown,0.993,0.001,0.001,0.001,0.001,0.001,0.001,0.001,0.993
fold/s40_off,263,seg4,d(item_6),move_to,step,,unknown,0.993,0.001,0.001,0.001,0.001,0.001,0.001,0.001,0.993
fold/s40_off,264,seg4,d(item_6),move_to,step,,unknown,0.993,0.001,0.001,0.001,0.001,0.001,0.001,0.001,0.993
fold/s40_off,265,seg4,d(item_6),move_to,step,,unknown,0.993,0.001,0.001,0.001,0.001,0.001,0.001,0.001,0.993
fold/s40_off,266,seg4,d(item_6),move_to,step,,unknown,0.993,0.001,0.001,0.001,0.001,0.001,0.001,0.001,0.993
fold/s40_off,267,seg4,d(item_6),move_to,step,,unknown,0.993,0.001,0.001,0.001,0.001,0.001,0.001,0.001,0.993
fold/s40_off,268,seg4,d(item_6),move_to,step,,unknown,0.993,0.001,0.001,0.001,0.001,0.001,0.001,0.001,0.993
fold/s40_off,269,seg4,d(item_6),move_to,step,,unknown,0.993,0.001,0.001,0.001,0.001,0.001,0.001,0.001,0.993
fold/s40_off,270,seg4,d(item_6),move_to,step,,unknown,0.993,0.001,0.001,0.001,0.001,0.001,0.001,0.001,0.993
fold/s40_off,271,seg4,d(item_6),move_to,,,unknown,0.993,0.001,0.001,0.001,0.001,0.001,0.001,0.001,0.993
fold/s40_off,272,seg4,d(item_6),pick_up,grasp,item_6,unknown,0.993,0.001,0.001,0.001,0.001,0.001,0.001,0.001,0.993
fold/s40_off,273,seg4,d(item_6),pick_up,,item_6,unknown,0.993,0.001,0.001,0.001,0.001,0.001,0.001,0.001,0.993
fold/s40_off,274,seg4,d(item_6),move_to,step,item_6,unknown,0.993,0.001,0.001,0.001,0.001,0.001,0.001,0.001,0.993
fold/s40_off,275,seg4,d(item_6),move_to,step,item_6,unknown,0.993,0.001,0.001,0.001,0.001,0.001,0.001,0.001,0.993
fold/s40_off,276,seg4,d(item_6),move_to,step,item_6,unknown,0.993,0.001,0.001,0.001,0.001,0.001,0.001,0.001,0.993
fold/s40_off,277,seg4,d(item_6),move_to,step,item_6,unknown,0.993,0.001,0.001,0.001,0.001,0.001,0.001,0.001,0.993
fold/s40_off,278,seg4,d(item_6),move_to,step,item_6,unknown,0.993,0.001,0.001,0.001,0.001,0.001,0.001,0.001,0.993
fold/s40_off,279,seg4,d(item_6),move_to,step,item_6,unknown,0.993,0.001,0.001,0.001,0.001,0.001,0.001,0.001,0.993
fold/s40_off,280,seg4,d(item_6),move_to,step,item_6,unknown,0.993,0.001,0.001,0.001,0.001,0.001,0.001,0.001,0.993
fold/s40_off,281,seg4,d(item_6),move_to,step,item_6,unknown,0.993,0.001,0.001,0.001,0.001,0.001,0.001,0.001,0.993
fold/s40_off,282,seg4,d(item_6),move_to,step,item_6,unknown,0.993,0.001,0.001,0.001,0.001,0.001,0.001,0.001,0.993
fold/s40_off,283,seg4,d(item_6),move_to,step,item_6,unknown,0.993,0.001,0.001,0.001,0.001,0.001,0.001,0.001,0.993
fold/s40_off,284,seg4,d(item_6),move_to,step,item_6,unknown,0.993,0.001,0.001,0.001,0.001,0.001,0.001,0.001,0.993
fold/s40_off,285,seg4,d(item_6),move_to,step,item_6,unknown,0.993,0.001,0.001,0.001,0.001,0.001,0.001,0.001,0.993
fold/s40_off,286,seg4,d(item_6),move_to,step,item_6,unknown,0.993,0.001,0.001,0.001,0.001,0.001,0.001,0.001,0.993
fold/s40_off,287,seg4,d(item_6),move_to,step,item_6,unknown,0.993,0.001,0.001,0.001,0.001,0.001,0.001,0.001,0.993
fold/s40_off,288,seg4,d(item_6),move_to,step,item_6,unknown,0.993,0.001,0.001,0.001,0.001,0.001,0.001,0.001,0.993
fold/s40_off,289,seg4,d(item_6),move_to,step,item_6,unknown,0.993,0.001,0.001,0.001,0.001,0.001,0.001,0.001,0.993
fold/s40_off,290,seg4,d(item_6),move_to,step,item_6,unknown,0.993,0.001,0.001,0.001,0.001,0.001,0.001,0.001,0.993
fold/s40_off,291,seg4,d(item_6),move_to,step,item_6,unknown,0.993,0.001,0.001,0.001,0.001,0.001,0.001,0.001,0.993
fold/s40_off,292,seg4,d(item_6),move_to,step,item_6,unknown,0.993,0.001,0.001,0.001,0.001,0.001,0.001,0.001,0.993
fold/s40_off,293,seg4,d(item_6),move_to,step,item_6,unknown,0.993,0.001,0.001,0.001,0.001,0.001,0.001,0.001,0.993
fold/s40_off,294,seg4,d(item_6),move_to,step,item_6,unknown,0.993,0.001,0.001,0.001,0.001,0.001,0.001,0.001,0.993
fold/s40_off,295,seg4,d(item_6),move_to,step,item_6,unknown,0.993,0.001,0.001,0.001,0.001,0.001,0.001,0.001,0.993
fold/s40_off,296,seg4,d(item_6),move_to,step,item_6,unknown,0.993,0.001,0.001,0.001,0.001,0.001,0.001,0.001,0.993
fold/s40_off,297,seg4,d(item_6),move_to,step,item_6,unknown,0.993,0.001,0.001,0.001,0.001,0.001,0.001,0.001,0.993
fold/s40_off,298,seg4,d(item_6),move_to,step,item_6,unknown,0.993,0.001,0.001,0.001,0.001,0.001,0.001,0.001,0.993
fold/s40_off,299,seg4,d(item_6),move_to,step,item_6,unknown,0.993,0.001,0.001,0.001,0.001,0.001,0.001,0.001,0.993
fold/s40_off,300,seg4,d(item_6),move_to,step,item_6,unknown,0.993,0.001,0.001,0.001,0.001,0.001,0.001,0.001,0.993
fold/s40_off,301,seg4,d(item_6),move_to,step,item_6,unknown,0.993,0.001,0.001,0.001,0.001,0.001,0.001,0.001,0.993
fold/s40_off,302,seg4,d(item_6),move_to,step,item_6,unknown,0.993,0.001,0.001,0.001,0.001,0.001,0.001,0.001,0.993
fold/s40_off,303,seg4,d(item_6),move_to,step,item_6,unknown,0.993,0.001,0.001,0.001,0.001,0.001,0.001,0.001,0.993
fold/s40_off,304,seg4,d(item_6),move_to,step,item_6,unknown,0.993,0.001,0.001,0.001,0.001,0.001,0.001,0.001,0.993
fold/s40_off,305,seg4,d(item_6),move_to,step,item_6,unknown,0.993,0.001,0.001,0.001,0.001,0.001,0.001,0.001,0.993
fold/s40_off,306,seg4,d(item_6),move_to,step,item_6,unknown,0.993,0.001,0.001,0.001,0.001,0.001,0.001,0.001,0.993
fold/s40_off,307,seg4,d(item_6),move_to,step,item_6,unknown,0.993,0.001,0.001,0.001,0.001,0.001,0.001,0.001,0.993
fold/s40_off,308,seg4,d(item_6),move_to,step,item_6,unknown,0.993,0.001,0.001,0.001,0.001,0.001,0.001,0.001,0.993
fold/s40_off,309,seg4,d(item_6),move_to,step,item_6,unknown,0.993,0.001,0.001,0.001,0.001,0.001,0.001,0.001,0.993
fold/s40_off,310,seg4,d(item_6),move_to,step,item_6,unknown,0.993,0.001,0.001,0.001,0.001,0.001,0.001,0.001,0.993
fold/s40_off,311,seg4,d(item_6),move_to,step,item_6,unknown,0.993,0.001,0.001,0.001,0.001,0.001,0.001,0.001,0.993
fold/s40_off,312,seg4,d(item_6),move_to,step,item_6,unknown,0.993,0.001,0.001,0.001,0.001,0.001,0.001,0.001,0.993
fold/s40_off,313,seg4,d(item_6),move_to,step,item_6,unknown,0.993,0.001,0.001,0.001,0.001,0.001,0.001,0.001,0.993
fold/s40_off,314,seg4,d(item_6),move_to,step,item_6,unknown,0.993,0.001,0.001,0.001,0.001,0.001,0.001,0.001,0.993
fold/s40_off,315,seg4,d(item_6),move_to,step,item_6,unknown,0.993,0.001,0.001,0.001,0.001,0.001,0.001,0.001,0.993
fold/s40_off,316,seg4,d(item_6),move_to,step,item_6,unknown,0.993,0.001,0.001,0.001,0.001,0.001,0.001,0.001,0.993
fold/s40_off,317,seg4,d(item_6),move_to,step,item_6,unknown,0.993,0.001,0.001,0.001,0.001,0.001,0.001,0.001,0.993
fold/s40_off,318,seg4,d(item_6),move_to,step,item_6,unknown,0.993,0.001,0.001,0.001,0.001,0.001,0.001,0.001,0.993
fold/s40_off,319,seg4,d(item_6),move_to,step,item_6,unknown,0.993,0.001,0.001,0.001,0.001,0.001,0.001,0.001,0.993
fold/s40_off,320,seg4,d(item_6),move_to,step,item_6,unknown,0.993,0.001,0.001,0.001,0.001,0.001,0.001,0.001,0.993
fold/s40_off,321,seg4,d(item_6),move_to,step,item_6,unknown,0.993,0.001,0.001,0.001,0.001,0.001,0.001,0.001,0.993
fold/s40_off,322,seg4,d(item_6),move_to,step,item_6,unknown,0.993,0.001,0.001,0.001,0.001,0.001,0.001,0.001,0.993
fold/s40_off,323,seg4,d(item_6),move_to,step,item_6,unknown,0.993,0.001,0.001,0.001,0.001,0.001,0.001,0.001,0.993
fold/s40_off,324,seg4,d(item_6),move_to,step,item_6,unknown,0.993,0.001,0.001,0.001,0.001,0.001,0.001,0.001,0.993
fold/s40_off,325,seg4,d(item_6),move_to,step,item_6,unknown,0.993,0.001,0.001,0.001,0.001,0.001,0.001,0.001,0.993
fold/s40_off,326,seg4,d(item_6),move_to,step,item_6,unknown,0.993,0.001,0.001,0.001,0.001,0.001,0.001,0.001,0.993
fold/s40_off,327,seg4,d(item_6),move_to,step,item_6,unknown,0.993,0.001,0.001,0.001,0.001,0.001,0.001,0.001,0.993
fold/s40_off,328,seg4,d(item_6),move_to,step,item_6,unknown,0.993,0.001,0.001,0.001,0.001,0.001,0.001,0.001,0.993
fold/s40_off,329,seg4,d(item_6),move_to,step,item_6,unknown,0.993,0.001,0.001,0.001,0.001,0.001,0.001,0.001,0.993
fold/s40_off,330,seg4,d(item_6),move_to,,item_6,unknown,0.993,0.001,0.001,0.001,0.001,0.001,0.001,0.001,0.993
fold/s40_off,331,seg4,d(item_6),place,release,,unknown,0.993,0.001,0.001,0.001,0.001,0.001,0.001,0.001,0.993
fold/s40_off,332,seg4,d(item_6),place,,,unknown,0.993,0.001,0.001,0.001,0.001,0.001,0.001,0.001,0.993
fold/s40_off,333,done,unknown,,,,unknown,0.993,0.001,0.001,0.001,0.001,0.001,0.001,0.001,0.993
fold/s40_off,334,done,unknown,,,,unknown,0.993,0.001,0.001,0.001,0.001,0.001,0.001,0.001,0.993
fold/s40_off,335,done,unknown,,,,unknown,0.993,0.001,0.001,0.001,0.001,0.001,0.001,0.001,0.993
fold/s40_off,336,done,unknown,,,,unknown,0.993,0.001,0.001,0.001,0.001,0.001,0.001,0.001,0.993
fold/s40_off,337,done,unknown,,,,unknown,0.993,0.001,0.001,0.001,0.001,0.001,0.001,0.001,0.993
fold/s40_off,338,done,unknown,,,,unknown,0.993,0.001,0.001,0.001,0.001,0.001,0.001,0.001,0.993
fold/s40_off,339,done,unknown,,,,unknown,0.993,0.001,0.001,0.001,0.001,0.001,0.001,0.001,0.993
fold/s40_off,340,done,unknown,,,,unknown,0.993,0.001,0.001,0.001,0.001,0.001,0.001,0.001,0.993
fold/s40_off,341,done,unknown,,,,unknown,0.993,0.001,0.001,0.001,0.001,0.001,0.001,0.001,0.993
fold/s40_off,342,done,unknown,,,,unknown,0.993,0.001,0.001,0.001,0.001,0.001,0.001,0.001,0.993
fold/s40_off,343,done,unknown,,,,unknown,0.993,0.001,0.001,0.001,0.001,0.001,0.001,0.001,0.993
fold/s40_off,344,done,unknown,,,,unknown,0.993,0.001,0.001,0.001,0.001,0.001,0.001,0.001,0.993
fold/s40_off,345,done,unknown,,,,unknown,0.993,0.001,0.001,0.001,0.001,0.001,0.001,0.001,0.993
fold/s40_off,346,done,unknown,,,,unknown,0.993,0.001,0.001,0.001,0.001,0.001,0.001,0.001,0.993
fold/s40_off,347,done,unknown,,,,unknown,0.993,0.001,0.001,0.001,0.001,0.001,0.001,0.001,0.993
fold/s40_off,348,done,unknown,,,,unknown,0.993,0.001,0.001,0.001,0.001,0.001,0.001,0.001,0.993
fold/s40_off,349,done,unknown,,,,unknown,0.993,0.001,0.001,0.001,0.001,0.001,0.001,0.001,0.993
fold/s40_off,350,done,unknown,,,,unknown,0.993,0.001,0.001,0.001,0.001,0.001,0.001,0.001,0.993
fold/s40_off,351,done,unknown,,,,unknown,0.993,0.001,0.001,0.001,0.001,0.001,0.001,0.001,0.993
fold/s40_off,352,done,unknown,,,,unknown,0.993,0.001,0.001,0.001,0.001,0.001,0.001,0.001,0.993
fold/s40_off,353,done,unknown,,,,unknown,0.993,0.001,0.001,0.001,0.001,0.001,0.001,0.001,0.993
fold/s40_off,354,done,unknown,,,,unknown,0.993,0.001,0.001,0.001,0.001,0.001,0.001,0.001,0.993
fold/s40_off,355,done,unknown,,,,unknown,0.993,0.001,0.001,0.001,0.001,0.001,0.001,0.001,0.993
fold/s40_off,356,done,unknown,,,,unknown,0.993,0.001,0.001,0.001,0.001,0.001,0.001,0.001,0.993
fold/s40_off,357,done,unknown,,,,unknown,0.993,0.001,0.001,0.001,0.001,0.001,0.001,0.001,0.993
fold/s40_off,358,done,unknown,,,,unknown,0.993,0.001,0.001,0.001,0.001,0.001,0.001,0.001,0.993
fold/s40_off,359,done,unknown,,,,unknown,0.993,0.001,0.001,0.001,0.001,0.001,0.001,0.001,0.993
fold/s40_off,360,done,unknown,,,,unknown,0.993,0.001,0.001,0.001,0.001,0.001,0.001,0.001,0.993
fold/s40_off,361,done,unknown,,,,unknown,0.993,0.001,0.001,0.001,0.001,0.001,0.001,0.001,0.993
fold/s40_off,362,done,unknown,,,,unknown,0.993,0.001,0.001,0.001,0.001,0.001,0.001,0.001,0.993
fold/s40_off,363,done,unknown,,,,unknown,0.993,0.001,0.001,0.001,0.001,0.001,0.001,0.001,0.993
fold/s40_off,364,done,unknown,,,,unknown,0.993,0.001,0.001,0.001,0.001,0.001,0.001,0.001,0.993
fold/s40_off,365,done,unknown,,,,unknown,0.993,0.001,0.001,0.001,0.001,0.001,0.001,0.001,0.993
fold/s40_off,366,done,unknown,,,,unknown,0.993,0.001,0.001,0.001,0.001,0.001,0.001,0.001,0.993
fold/s40_off,367,done,unknown,,,,unknown,0.993,0.001,0.001,0.001,0.001,0.001,0.001,0.001,0.993
fold/s40_off,368,done,unknown,,,,unknown,0.993,0.001,0.001,0.001,0.001,0.001,0.001,0.001,0.993
fold/s40_off,369,done,unknown,,,,unknown,0.993,0.001,0.001,0.001,0.001,0.001,0.001,0.001,0.993
fold/s40_off,370,done,unknown,,,,unknown,0.993,0.001,0.001,0.001,0.001,0.001,0.001,0.001,0.993
fold/s40_off,371,done,unknown,,,,unknown,0.993,0.001,0.001,0.001,0.001,0.001,0.001,0.001,0.993
fold/s40_off,372,done,unknown,,,,unknown,0.993,0.001,0.001,0.001,0.001,0.001,0.001,0.001,0.993
fold/s40_off,373,done,unknown,,,,unknown,0.993,0.001,0.001,0.001,0.001,0.001,0.001,0.001,0.993
fold/s40_off,374,done,unknown,,,,unknown,0.993,0.001,0.001,0.001,0.001,0.001,0.001,0.001,0.993
fold/s40_off,375,done,unknown,,,,unknown,0.993,0.001,0.001,0.001,0.001,0.001,0.001,0.001,0.993
fold/s40_off,376,done,unknown,,,,unknown,0.993,0.001,0.001,0.001,0.001,0.001,0.001,0.001,0.993
fold/s40_off,377,done,unknown,,,,unknown,0.993,0.001,0.001,0.001,0.001,0.001,0.001,0.001,0.993
fold/s40_off,378,done,unknown,,,,unknown,0.993,0.001,0.001,0.001,0.001,0.001,0.001,0.001,0.993
fold/s40_on,0,seg1,d(item_3),move_to,step,,d(item_3),0.2664,0.217,0.2566,0.2664,0.001,0.001,0.2303,0.001,0.0266
fold/s40_on,1,seg1,d(item_3),move_to,step,,d(item_3),0.2934,0.1879,0.2714,0.2934,0.001,0.001,0.215,0.001,0.0293
fold/s40_on,2,seg1,d(item_3),move_to,step,,d(item_3),0.3236,0.1576,0.2864,0.3236,0.001,0.001,0.197,0.001,0.0324
fold/s40_on,3,seg1,d(item_3),move_to,step,,d(item_3),0.356,0.1282,0.3005,0.356,0.001,0.001,0.1767,0.001,0.0356
fold/s40_on,4,seg1,d(item_3),move_to,step,,d(item_3),0.3894,0.1013,0.3124,0.3894,0.001,0.001,0.1549,0.001,0.0389
fold/s40_on,5,seg1,d(item_3),move_to,step,,d(item_3),0.4229,0.0781,0.321,0.4229,0.001,0.001,0.1328,0.001,0.0423
fold/s40_on,6,seg1,d(item_3),move_to,step,,d(item_3),0.4555,0.0589,0.3257,0.4555,0.001,0.001,0.1114,0.001,0.0455
fold/s40_on,7,seg1,d(item_3),move_to,step,,d(item_3),0.4867,0.0436,0.3263,0.4867,0.001,0.001,0.0917,0.001,0.0487
fold/s40_on,8,seg1,d(item_3),move_to,step,,d(item_3),0.5164,0.0318,0.323,0.5164,0.001,0.001,0.0741,0.001,0.0516
fold/s40_on,9,seg1,d(item_3),move_to,step,,d(item_3),0.5445,0.0229,0.3161,0.5445,0.001,0.001,0.0591,0.001,0.0544
fold/s40_on,10,seg1,d(item_3),move_to,step,,d(item_3),0.5711,0.0164,0.3059,0.5711,0.001,0.001,0.0465,0.001,0.0571
fold/s40_on,11,seg1,d(item_3),move_to,step,,d(item_3),0.5964,0.0116,0.293,0.5964,0.001,0.001,0.0363,0.001,0.0596
fold/s40_on,12,seg1,d(item_3),move_to,step,,d(item_3),0.6207,0.0082,0.278,0.6207,0.001,0.001,0.028,0.001,0.0621
fold/s40_on,13,seg1,d(item_3),move_to,step,,d(item_3),0.6441,0.0058,0.2612,0.6441,0.001,0.001,0.0215,0.001,0.0644
fold/s40_on,14,seg1,d(item_3),move_to,step,,d(item_3),0.6667,0.004,0.2432,0.6667,0.001,0.001,0.0164,0.001,0.0667
fold/s40_on,15,seg1,d(item_3),move_to,step,,d(item_3),0.6886,0.0028,0.2243,0.6886,0.001,0.001,0.0124,0.001,0.0689
fold/s40_on,16,seg1,d(item_3),move_to,step,,d(item_3),0.7098,0.002,0.2049,0.7098,0.001,0.001,0.0094,0.001,0.071
fold/s40_on,17,seg1,d(item_3),move_to,step,,d(item_3),0.7301,0.0014,0.1855,0.7301,0.001,0.001,0.007,0.001,0.073
fold/s40_on,18,seg1,d(item_3),move_to,step,,d(item_3),0.7495,0.001,0.1663,0.7495,0.001,0.001,0.0053,0.001,0.075
fold/s40_on,19,seg1,d(item_3),move_to,step,,d(item_3),0.7677,0.001,0.1476,0.7677,0.001,0.001,0.0039,0.001,0.0768
fold/s40_on,20,seg1,d(item_3),move_to,step,,d(item_3),0.7849,0.001,0.1297,0.7849,0.001,0.001,0.0029,0.001,0.0785
fold/s40_on,21,seg1,d(item_3),move_to,step,,d(item_3),0.8008,0.001,0.1129,0.8008,0.001,0.001,0.0021,0.001,0.0801
fold/s40_on,22,seg1,d(item_3),move_to,step,,d(item_3),0.8155,0.001,0.0974,0.8155,0.001,0.001,0.0016,0.001,0.0816
fold/s40_on,23,seg1,d(item_3),move_to,step,,d(item_3),0.8289,0.001,0.0831,0.8289,0.001,0.001,0.0012,0.001,0.0829
fold/s40_on,24,seg1,d(item_3),move_to,step,,d(item_3),0.8407,0.001,0.0703,0.8407,0.001,0.001,0.001,0.001,0.0841
fold/s40_on,25,seg1,d(item_3),move_to,step,,d(item_3),0.8511,0.001,0.0588,0.8511,0.001,0.001,0.001,0.001,0.0851
fold/s40_on,26,seg1,d(item_3),move_to,step,,d(item_3),0.8602,0.001,0.0488,0.8602,0.001,0.001,0.001,0.001,0.086
fold/s40_on,27,seg1,d(item_3),move_to,step,,d(item_3),0.8681,0.001,0.0401,0.8681,0.001,0.001,0.001,0.001,0.0868
fold/s40_on,28,seg1,d(item_3),move_to,step,,d(item_3),0.8748,0.001,0.0327,0.8748,0.001,0.001,0.001,0.001,0.0875
fold/s40_on,29,seg1,d(item_3),move_to,step,,d(item_3),0.8805,0.001,0.0265,0.8805,0.001,0.001,0.001,0.001,0.088
fold/s40_on,30,seg1,d(item_3),move_to,step,,d(item_3),0.8853,0.001,0.0212,0.8853,0.001,0.001,0.001,0.001,0.0885
fold/s40_on,31,seg1,d(item_3),move_to,step,,d(item_3),0.8892,0.001,0.0169,0.8892,0.001,0.001,0.001,0.001,0.0889
fold/s40_on,32,seg1,d(item_3),move_to,step,,d(item_3),0.8924,0.001,0.0134,0.8924,0.001,0.001,0.001,0.001,0.0892
fold/s40_on,33,seg1,d(item_3),move_to,step,,d(item_3),0.895,0.001,0.0105,0.895,0.001,0.001,0.001,0.001,0.0895
fold/s40_on,34,seg1,d(item_3),move_to,step,,d(item_3),0.8971,0.001,0.0082,0.8971,0.001,0.001,0.001,0.001,0.0897
fold/s40_on,35,seg1,d(item_3),move_to,step,,d(item_3),0.8988,0.001,0.0063,0.8988,0.001,0.001,0.001,0.001,0.0899
fold/s40_on,36,seg1,d(item_3),move_to,step,,d(item_3),0.9001,0.001,0.0049,0.9001,0.001,0.001,0.001,0.001,0.09
fold/s40_on,37,seg1,d(item_3),move_to,step,,d(item_3),0.9012,0.001,0.0037,0.9012,0.001,0.001,0.001,0.001,0.0901
fold/s40_on,38,seg1,d(item_3),move_to,step,,d(item_3),0.902,0.001,0.0028,0.902,0.001,0.001,0.001,0.001,0.0902
fold/s40_on,39,seg1,d(item_3),move_to,step,,d(item_3),0.9026,0.001,0.0021,0.9026,0.001,0.001,0.001,0.001,0.0903
fold/s40_on,40,seg1,d(item_3),move_to,step,,d(item_3),0.9031,0.001,0.0016,0.9031,0.001,0.001,0.001,0.001,0.0903
fold/s40_on,41,seg1,d(item_3),move_to,step,,d(item_3),0.9035,0.001,0.0012,0.9035,0.001,0.001,0.001,0.001,0.0903
fold/s40_on,42,seg1,d(item_3),move_to,step,,d(item_3),0.9037,0.001,0.001,0.9037,0.001,0.001,0.001,0.001,0.0904
fold/s40_on,43,seg1,d(item_3),move_to,step,,d(item_3),0.9037,0.001,0.001,0.9037,0.001,0.001,0.001,0.001,0.0904
fold/s40_on,44,seg1,d(item_3),move_to,step,,d(item_3),0.9037,0.001,0.001,0.9037,0.001,0.001,0.001,0.001,0.0904
fold/s40_on,45,seg1,d(item_3),move_to,step,,d(item_3),0.9037,0.001,0.001,0.9037,0.001,0.001,0.001,0.001,0.0904
fold/s40_on,46,seg1,d(item_3),move_to,step,,d(item_3),0.9037,0.001,0.001,0.9037,0.001,0.001,0.001,0.001,0.0904
fold/s40_on,47,seg1,d(item_3),move_to,step,,d(item_3),0.9037,0.001,0.001,0.9037,0.001,0.001,0.001,0.001,0.0904
fold/s40_on,48,seg1,d(item_3),move_to,step,,d(item_3),0.9037,0.001,0.001,0.9037,0.001,0.001,0.001,0.001,0.0904
fold/s40_on,49,seg1,d(item_3),move_to,step,,d(item_3),0.9037,0.001,0.001,0.9037,0.001,0.001,0.001,0.001,0.0904
fold/s40_on,50,seg1,d(item_3),move_to,step,,d(item_3),0.9037,0.001,0.001,0.9037,0.001,0.001,0.001,0.001,0.0904
fold/s40_on,51,seg1,d(item_3),move_to,step,,d(item_3),0.9037,0.001,0.001,0.9037,0.001,0.001,0.001,0.001,0.0904
fold/s40_on,52,seg1,d(item_3),move_to,step,,d(item_3),0.9037,0.001,0.001,0.9037,0.001,0.001,0.001,0.001,0.0904
fold/s40_on,53,seg1,d(item_3),move_to,step,,d(item_3),0.9037,0.001,0.001,0.9037,0.001,0.001,0.001,0.001,0.0904
fold/s40_on,54,seg1,d(item_3),move_to,step,,d(item_3),0.9037,0.001,0.001,0.9037,0.001,0.001,0.001,0.001,0.0904
fold/s40_on,55,seg1,d(item_3),move_to,step,,d(item_3),0.9037,0.001,0.001,0.9037,0.001,0.001,0.001,0.001,0.0904
fold/s40_on,56,seg1,d(item_3),move_to,step,,d(item_3),0.9037,0.001,0.001,0.9037,0.001,0.001,0.001,0.001,0.0904
fold/s40_on,57,seg1,d(item_3),move_to,step,,d(item_3),0.9037,0.001,0.001,0.9037,0.001,0.001,0.001,0.001,0.0904
fold/s40_on,58,seg1,d(item_3),move_to,step,,d(item_3),0.9037,0.001,0.001,0.9037,0.001,0.001,0.001,0.001,0.0904
fold/s40_on,59,seg1,d(item_3),move_to,,,d(item_3),0.9037,0.001,0.001,0.9037,0.001,0.001,0.001,0.001,0.0904
fold/s40_on,60,seg1,d(item_3),pick_up,grasp,item_3,d(item_3),0.9037,0.001,0.001,0.9037,0.001,0.001,0.001,0.001,0.0904
fold/s40_on,61,seg1,d(item_3),pick_up,,item_3,d(item_3),0.9037,0.001,0.001,0.9037,0.001,0.001,0.001,0.001,0.0904
fold/s40_on,62,seg1,d(item_3),move_to,step,item_3,d(item_3),0.9037,0.001,0.001,0.9037,0.001,0.001,0.001,0.001,0.0904
fold/s40_on,63,seg1,d(item_3),move_to,step,item_3,d(item_3),0.9037,0.001,0.001,0.9037,0.001,0.001,0.001,0.001,0.0904
fold/s40_on,64,seg1,d(item_3),move_to,step,item_3,d(item_3),0.9037,0.001,0.001,0.9037,0.001,0.001,0.001,0.001,0.0904
fold/s40_on,65,seg1,d(item_3),move_to,step,item_3,d(item_3),0.9037,0.001,0.001,0.9037,0.001,0.001,0.001,0.001,0.0904
fold/s40_on,66,seg1,d(item_3),move_to,step,item_3,d(item_3),0.9037,0.001,0.001,0.9037,0.001,0.001,0.001,0.001,0.0904
fold/s40_on,67,seg1,d(item_3),move_to,step,item_3,d(item_3),0.9037,0.001,0.001,0.9037,0.001,0.001,0.001,0.001,0.0904
fold/s40_on,68,seg1,d(item_3),move_to,step,item_3,d(item_3),0.9037,0.001,0.001,0.9037,0.001,0.001,0.001,0.001,0.0904
fold/s40_on,69,seg1,d(item_3),move_to,step,item_3,d(item_3),0.9037,0.001,0.001,0.9037,0.001,0.001,0.001,0.001,0.0904
fold/s40_on,70,seg1,d(item_3),move_to,step,item_3,d(item_3),0.9037,0.001,0.001,0.9037,0.001,0.001,0.001,0.001,0.0904
fold/s40_on,71,seg1,d(item_3),move_to,step,item_3,d(item_3),0.9037,0.001,0.001,0.9037,0.001,0.001,0.001,0.001,0.0904
fold/s40_on,72,seg1,d(item_3),move_to,step,item_3,d(item_3),0.9037,0.001,0.001,0.9037,0.001,0.001,0.001,0.001,0.0904
fold/s40_on,73,seg1,d(item_3),move_to,step,item_3,d(item_3),0.9037,0.001,0.001,0.9037,0.001,0.001,0.001,0.001,0.0904
fold/s40_on,74,seg1,d(item_3),move_to,step,item_3,d(item_3),0.9037,0.001,0.001,0.9037,0.001,0.001,0.001,0.001,0.0904
fold/s40_on,75,seg1,d(item_3),move_to,step,item_3,d(item_3),0.9037,0.001,0.001,0.9037,0.001,0.001,0.001,0.001,0.0904
fold/s40_on,76,seg1,d(item_3),move_to,step,item_3,d(item_3),0.9037,0.001,0.001,0.9037,0.001,0.001,0.001,0.001,0.0904
fold/s40_on,77,seg1,d(item_3),move_to,step,item_3,d(item_3),0.9037,0.001,0.001,0.9037,0.001,0.001,0.001,0.001,0.0904
fold/s40_on,78,seg1,d(item_3),move_to,step,item_3,d(item_3),0.9037,0.001,0.001,0.9037,0.001,0.001,0.001,0.001,0.0904
fold/s40_on,79,seg1,d(item_3),move_to,step,item_3,d(item_3),0.9037,0.001,0.001,0.9037,0.001,0.001,0.001,0.001,0.0904
fold/s40_on,80,seg1,d(item_3),move_to,step,item_3,d(item_3),0.9037,0.001,0.001,0.9037,0.001,0.001,0.001,0.001,0.0904
fold/s40_on,81,seg1,d(item_3),move_to,step,item_3,d(item_3),0.9037,0.001,0.001,0.9037,0.001,0.001,0.001,0.001,0.0904
fold/s40_on,82,seg1,d(item_3),move_to,step,item_3,d(item_3),0.9037,0.001,0.001,0.9037,0.001,0.001,0.001,0.001,0.0904
fold/s40_on,83,seg1,d(item_3),move_to,step,item_3,d(item_3),0.9037,0.001,0.001,0.9037,0.001,0.001,0.001,0.001,0.0904
fold/s40_on,84,seg1,d(item_3),move_to,step,item_3,d(item_3),0.9037,0.001,0.001,0.9037,0.001,0.001,0.001,0.001,0.0904
fold/s40_on,85,seg1,d(item_3),move_to,step,item_3,d(item_3),0.9037,0.001,0.001,0.9037,0.001,0.001,0.001,0.001,0.0904
fold/s40_on,86,seg1,d(item_3),move_to,step,item_3,d(item_3),0.9037,0.001,0.001,0.9037,0.001,0.001,0.001,0.001,0.0904
fold/s40_on,87,seg1,d(item_3),move_to,step,item_3,d(item_3),0.9037,0.001,0.001,0.9037,0.001,0.001,0.001,0.001,0.0904
fold/s40_on,88,seg1,d(item_3),move_to,step,item_3,d(item_3),0.9037,0.001,0.001,0.9037,0.001,0.001,0.001,0.001,0.0904
fold/s40_on,89,seg1,d(item_3),move_to,step,item_3,d(item_3),0.9037,0.001,0.001,0.9037,0.001,0.001,0.001,0.001,0.0904
fold/s40_on,90,seg1,d(item_3),move_to,step,item_3,d(item_3),0.9037,0.001,0.001,0.9037,0.001,0.001,0.001,0.001,0.0904
fold/s40_on,91,seg1,d(item_3),move_to,step,item_3,d(item_3),0.9037,0.001,0.001,0.9037,0.001,0.001,0.001,0.001,0.0904
fold/s40_on,92,seg1,d(item_3),move_to,step,item_3,d(item_3),0.9037,0.001,0.001,0.9037,0.001,0.001,0.001,0.001,0.0904
fold/s40_on,93,seg1,d(item_3),move_to,step,item_3,d(item_3),0.9037,0.001,0.001,0.9037,0.001,0.001,0.001,0.001,0.0904
fold/s40_on,94,seg1,d(item_3),move_to,step,item_3,d(item_3),0.9037,0.001,0.001,0.9037,0.001,0.001,0.001,0.001,0.0904
fold/s40_on,95,seg1,d(item_3),move_to,step,item_3,d(item_3),0.9037,0.001,0.001,0.9037,0.001,0.001,0.001,0.001,0.0904
fold/s40_on,96,seg1,d(item_3),move_to,step,item_3,d(item_3),0.9037,0.001,0.001,0.9037,0.001,0.001,0.001,0.001,0.0904
fold/s40_on,97,seg1,d(item_3),move_to,step,item_3,d(item_3),0.9037,0.001,0.001,0.9037,0.001,0.001,0.001,0.001,0.0904
fold/s40_on,98,seg1,d(item_3),move_to,step,item_3,d(item_3),0.9037,0.001,0.001,0.9037,0.001,0.001,0.001,0.001,0.0904
fold/s40_on,99,seg1,d(item_3),move_to,step,item_3,d(item_3),0.9037,0.001,0.001,0.9037,0.001,0.001,0.001,0.001,0.0904
fold/s40_on,100,seg1,d(item_3),move_to,step,item_3,d(item_3),0.9037,0.001,0.001,0.9037,0.001,0.001,0.001,0.001,0.0904
fold/s40_on,101,seg1,d(item_3),move_to,step,item_3,d(item_3),0.9037,0.001,0.001,0.9037,0.001,0.001,0.001,0.001,0.0904
fold/s40_on,102,seg1,d(item_3),move_to,step,item_3,d(item_3),0.9037,0.001,0.001,0.9037,0.001,0.001,0.001,0.001,0.0904
fold/s40_on,103,seg1,d(item_3),move_to,step,item_3,d(item_3),0.9037,0.001,0.001,0.9037,0.001,0.001,0.001,0.001,0.0904
fold/s40_on,104,seg1,d(item_3),move_to,step,item_3,d(item_3),0.9037,0.001,0.001,0.9037,0.001,0.001,0.001,0.001,0.0904
fold/s40_on,105,seg1,d(item_3),move_to,step,item_3,d(item_3),0.9037,0.001,0.001,0.9037,0.001,0.001,0.001,0.001,0.0904
fold/s40_on,106,seg1,d(item_3),move_to,step,item_3,d(item_3),0.9037,0.001,0.001,0.9037,0.001,0.001,0.001,0.001,0.0904
fold/s40_on,107,seg1,d(item_3),move_to,step,item_3,d(item_3),0.9037,0.001,0.001,0.9037,0.001,0.001,0.001,0.001,0.0904
fold/s40_on,108,seg1,d(item_3),move_to,step,item_3,d(item_3),0.9037,0.001,0.001,0.9037,0.001,0.001,0.001,0.001,0.0904
fold/s40_on,109,seg1,d(item_3),move_to,step,item_3,d(item_3),0.9037,0.001,0.001,0.9037,0.001,0.001,0.001,0.001,0.0904
fold/s40_on,110,seg1,d(item_3),move_to,step,item_3,d(item_3),0.9037,0.001,0.001,0.9037,0.001,0.001,0.001,0.001,0.0904
fold/s40_on,111,seg1,d(item_3),move_to,step,item_3,d(item_3),0.9037,0.001,0.001,0.9037,0.001,0.001,0.001,0.001,0.0904
fold/s40_on,112,seg1,d(item_3),move_to,step,item_3,d(item_3),0.9037,0.001,0.001,0.9037,0.001,0.001,0.001,0.001,0.0904
fold/s40_on,113,seg1,d(item_3),move_to,step,item_3,d(item_3),0.9037,0.001,0.001,0.9037,0.001,0.001,0.001,0.001,0.0904
fold/s40_on,114,seg1,d(item_3),move_to,,item_3,d(item_3),0.9037,0.001,0.001,0.9037,0.001,0.001,0.001,0.001,0.0904
fold/s40_on,115,seg1,d(item_3),place,release,,unknown,0.993,0.001,0.001,0.001,0.001,0.001,0.001,0.001,0.993
fold/s40_on,116,seg1,d(item_3),place,,,unknown,0.993,0.001,0.001,0.001,0.001,0.001,0.001,0.001,0.993
fold/s40_on,117,seg2,coffee,,,,unknown,0.993,0.001,0.001,0.001,0.001,0.001,0.001,0.001,0.993
fold/s40_on,118,seg2,coffee,move_to,step,,unknown,0.993,0.001,0.001,0.001,0.001,0.001,0.001,0.001,0.993
fold/s40_on,119,seg2,coffee,move_to,step,,unknown,0.993,0.001,0.001,0.001,0.001,0.001,0.001,0.001,0.993
fold/s40_on,120,seg2,coffee,move_to,step,,unknown,0.993,0.001,0.001,0.001,0.001,0.001,0.001,0.001,0.993
fold/s40_on,121,seg2,coffee,move_to,step,,unknown,0.993,0.001,0.001,0.001,0.001,0.001,0.001,0.001,0.993
fold/s40_on,122,seg2,coffee,move_to,step,,unknown,0.993,0.001,0.001,0.001,0.001,0.001,0.001,0.001,0.993
fold/s40_on,123,seg2,coffee,move_to,step,,unknown,0.993,0.001,0.001,0.001,0.001,0.001,0.001,0.001,0.993
fold/s40_on,124,seg2,coffee,move_to,step,,unknown,0.993,0.001,0.001,0.001,0.001,0.001,0.001,0.001,0.993
fold/s40_on,125,seg2,coffee,move_to,step,,unknown,0.993,0.001,0.001,0.001,0.001,0.001,0.001,0.001,0.993
fold/s40_on,126,seg2,coffee,move_to,step,,unknown,0.993,0.001,0.001,0.001,0.001,0.001,0.001,0.001,0.993
fold/s40_on,127,seg2,coffee,move_to,step,,unknown,0.993,0.001,0.001,0.001,0.001,0.001,0.001,0.001,0.993
fold/s40_on,128,seg2,coffee,move_to,step,,unknown,0.993,0.001,0.001,0.001,0.001,0.001,0.001,0.001,0.993
fold/s40_on,129,seg2,coffee,move_to,step,,unknown,0.993,0.001,0.001,0.001,0.001,0.001,0.001,0.001,0.993
fold/s40_on,130,seg2,coffee,move_to,step,,unknown,0.993,0.001,0.001,0.001,0.001,0.001,0.001,0.001,0.993
fold/s40_on,131,seg2,coffee,move_to,step,,unknown,0.993,0.001,0.001,0.001,0.001,0.001,0.001,0.001,0.993
fold/s40_on,132,seg2,coffee,move_to,step,,unknown,0.993,0.001,0.001,0.001,0.001,0.001,0.001,0.001,0.993
fold/s40_on,133,seg2,coffee,move_to,step,,unknown,0.993,0.001,0.001,0.001,0.001,0.001,0.001,0.001,0.993
fold/s40_on,134,seg2,coffee,move_to,step,,unknown,0.993,0.001,0.001,0.001,0.001,0.001,0.001,0.001,0.993
fold/s40_on,135,seg2,coffee,move_to,step,,unknown,0.993,0.001,0.001,0.001,0.001,0.001,0.001,0.001,0.993
fold/s40_on,136,seg2,coffee,move_to,step,,unknown,0.993,0.001,0.001,0.001,0.001,0.001,0.001,0.001,0.993
fold/s40_on,137,seg2,coffee,move_to,step,,unknown,0.993,0.001,0.001,0.001,0.001,0.001,0.001,0.001,0.993
fold/s40_on,138,seg2,coffee,move_to,step,,unknown,0.993,0.001,0.001,0.001,0.001,0.001,0.001,0.001,0.993
fold/s40_on,139,seg2,coffee,move_to,step,,unknown,0.993,0.001,0.001,0.001,0.001,0.001,0.001,0.001,0.993
fold/s40_on,140,seg2,coffee,move_to,step,,unknown,0.993,0.001,0.001,0.001,0.001,0.001,0.001,0.001,0.993
fold/s40_on,141,seg2,coffee,move_to,step,,unknown,0.993,0.001,0.001,0.001,0.001,0.001,0.001,0.001,0.993
fold/s40_on,142,seg2,coffee,move_to,step,,unknown,0.993,0.001,0.001,0.001,0.001,0.001,0.001,0.001,0.993
fold/s40_on,143,seg2,coffee,move_to,step,,unknown,0.993,0.001,0.001,0.001,0.001,0.001,0.001,0.001,0.993
fold/s40_on,144,seg2,coffee,move_to,step,,unknown,0.993,0.001,0.001,0.001,0.001,0.001,0.001,0.001,0.993
fold/s40_on,145,seg2,coffee,move_to,step,,unknown,0.993,0.001,0.001,0.001,0.001,0.001,0.001,0.001,0.993
fold/s40_on,146,seg2,coffee,move_to,step,,unknown,0.993,0.001,0.001,0.001,0.001,0.001,0.001,0.001,0.993
fold/s40_on,147,seg2,coffee,move_to,step,,unknown,0.993,0.001,0.001,0.001,0.001,0.001,0.001,0.001,0.993
fold/s40_on,148,seg2,coffee,move_to,step,,unknown,0.993,0.001,0.001,0.001,0.001,0.001,0.001,0.001,0.993
fold/s40_on,149,seg2,coffee,move_to,step,,unknown,0.993,0.001,0.001,0.001,0.001,0.001,0.001,0.001,0.993
fold/s40_on,150,seg2,coffee,move_to,step,,unknown,0.993,0.001,0.001,0.001,0.001,0.001,0.001,0.001,0.993
fold/s40_on,151,seg2,coffee,move_to,step,,unknown,0.993,0.001,0.001,0.001,0.001,0.001,0.001,0.001,0.993
fold/s40_on,152,seg2,coffee,move_to,step,,unknown,0.993,0.001,0.001,0.001,0.001,0.001,0.001,0.001,0.993
fold/s40_on,153,seg2,coffee,move_to,step,,unknown,0.993,0.001,0.001,0.001,0.001,0.001,0.001,0.001,0.993
fold/s40_on,154,seg2,coffee,move_to,,,unknown,0.993,0.001,0.001,0.001,0.001,0.001,0.001,0.001,0.993
fold/s40_on,155,seg2,coffee,wait_at,stand,,unknown,0.993,0.001,0.001,0.001,0.001,0.001,0.001,0.001,0.993
fold/s40_on,156,seg2,coffee,wait_at,stand,,unknown,0.993,0.001,0.001,0.001,0.001,0.001,0.001,0.001,0.993
fold/s40_on,157,seg2,coffee,wait_at,stand,,unknown,0.993,0.001,0.001,0.001,0.001,0.001,0.001,0.001,0.993
fold/s40_on,158,seg2,coffee,wait_at,stand,,unknown,0.993,0.001,0.001,0.001,0.001,0.001,0.001,0.001,0.993
fold/s40_on,159,seg2,coffee,wait_at,stand,,unknown,0.993,0.001,0.001,0.001,0.001,0.001,0.001,0.001,0.993
fold/s40_on,160,seg2,coffee,wait_at,stand,,unknown,0.993,0.001,0.001,0.001,0.001,0.001,0.001,0.001,0.993
fold/s40_on,161,seg2,coffee,wait_at,stand,,unknown,0.993,0.001,0.001,0.001,0.001,0.001,0.001,0.001,0.993
fold/s40_on,162,seg2,coffee,wait_at,stand,,unknown,0.993,0.001,0.001,0.001,0.001,0.001,0.001,0.001,0.993
fold/s40_on,163,seg2,coffee,wait_at,stand,,unknown,0.993,0.001,0.001,0.001,0.001,0.001,0.001,0.001,0.993
fold/s40_on,164,seg2,coffee,wait_at,stand,,unknown,0.993,0.001,0.001,0.001,0.001,0.001,0.001,0.001,0.993
fold/s40_on,165,seg2,coffee,wait_at,stand,,unknown,0.993,0.001,0.001,0.001,0.001,0.001,0.001,0.001,0.993
fold/s40_on,166,seg2,coffee,wait_at,stand,,unknown,0.993,0.001,0.001,0.001,0.001,0.001,0.001,0.001,0.993
fold/s40_on,167,seg2,coffee,wait_at,stand,,unknown,0.993,0.001,0.001,0.001,0.001,0.001,0.001,0.001,0.993
fold/s40_on,168,seg2,coffee,wait_at,stand,,unknown,0.993,0.001,0.001,0.001,0.001,0.001,0.001,0.001,0.993
fold/s40_on,169,seg2,coffee,wait_at,stand,,unknown,0.993,0.001,0.001,0.001,0.001,0.001,0.001,0.001,0.993
fold/s40_on,170,seg2,coffee,wait_at,stand,,unknown,0.993,0.001,0.001,0.001,0.001,0.001,0.001,0.001,0.993
fold/s40_on,171,seg2,coffee,wait_at,stand,,unknown,0.993,0.001,0.001,0.001,0.001,0.001,0.001,0.001,0.993
fold/s40_on,172,seg2,coffee,wait_at,stand,,unknown,0.993,0.001,0.001,0.001,0.001,0.001,0.001,0.001,0.993
fold/s40_on,173,seg2,coffee,wait_at,stand,,unknown,0.993,0.001,0.001,0.001,0.001,0.001,0.001,0.001,0.993
fold/s40_on,174,seg2,coffee,wait_at,stand,,unknown,0.993,0.001,0.001,0.001,0.001,0.001,0.001,0.001,0.993
fold/s40_on,175,seg2,coffee,wait_at,stand,,unknown,0.993,0.001,0.001,0.001,0.001,0.001,0.001,0.001,0.993
fold/s40_on,176,seg2,coffee,wait_at,stand,,unknown,0.993,0.001,0.001,0.001,0.001,0.001,0.001,0.001,0.993
fold/s40_on,177,seg2,coffee,wait_at,stand,,unknown,0.993,0.001,0.001,0.001,0.001,0.001,0.001,0.001,0.993
fold/s40_on,178,seg2,coffee,wait_at,stand,,unknown,0.993,0.001,0.001,0.001,0.001,0.001,0.001,0.001,0.993
fold/s40_on,179,seg2,coffee,wait_at,stand,,unknown,0.993,0.001,0.001,0.001,0.001,0.001,0.001,0.001,0.993
fold/s40_on,180,seg2,coffee,wait_at,stand,,unknown,0.993,0.001,0.001,0.001,0.001,0.001,0.001,0.001,0.993
fold/s40_on,181,seg2,coffee,wait_at,stand,,unknown,0.993,0.001,0.001,0.001,0.001,0.001,0.001,0.001,0.993
fold/s40_on,182,seg2,coffee,wait_at,stand,,unknown,0.993,0.001,0.001,0.001,0.001,0.001,0.001,0.001,0.993
fold/s40_on,183,seg2,coffee,wait_at,stand,,unknown,0.993,0.001,0.001,0.001,0.001,0.001,0.001,0.001,0.993
fold/s40_on,184,seg2,coffee,wait_at,stand,,unknown,0.993,0.001,0.001,0.001,0.001,0.001,0.001,0.001,0.993
fold/s40_on,185,seg2,coffee,wait_at,,,unknown,0.993,0.001,0.001,0.001,0.001,0.001,0.001,0.001,0.993
fold/s40_on,186,seg3a,unknown,,,,unknown,0.993,0.001,0.001,0.001,0.001,0.001,0.001,0.001,0.993
fold/s40_on,187,seg3a,unknown,move_to,step,,unknown,0.993,0.001,0.001,0.001,0.001,0.001,0.001,0.001,0.993
fold/s40_on,188,seg3a,unknown,move_to,step,,unknown,0.993,0.001,0.001,0.001,0.001,0.001,0.001,0.001,0.993
fold/s40_on,189,seg3a,unknown,move_to,step,,unknown,0.993,0.001,0.001,0.001,0.001,0.001,0.001,0.001,0.993
fold/s40_on,190,seg3a,unknown,move_to,step,,unknown,0.993,0.001,0.001,0.001,0.001,0.001,0.001,0.001,0.993
fold/s40_on,191,seg3a,unknown,move_to,step,,unknown,0.993,0.001,0.001,0.001,0.001,0.001,0.001,0.001,0.993
fold/s40_on,192,seg3a,unknown,move_to,step,,unknown,0.993,0.001,0.001,0.001,0.001,0.001,0.001,0.001,0.993
fold/s40_on,193,seg3a,unknown,move_to,step,,unknown,0.993,0.001,0.001,0.001,0.001,0.001,0.001,0.001,0.993
fold/s40_on,194,seg3a,unknown,move_to,step,,unknown,0.993,0.001,0.001,0.001,0.001,0.001,0.001,0.001,0.993
fold/s40_on,195,seg3a,unknown,move_to,step,,unknown,0.993,0.001,0.001,0.001,0.001,0.001,0.001,0.001,0.993
fold/s40_on,196,seg3a,unknown,move_to,step,,unknown,0.993,0.001,0.001,0.001,0.001,0.001,0.001,0.001,0.993
fold/s40_on,197,seg3a,unknown,move_to,step,,unknown,0.993,0.001,0.001,0.001,0.001,0.001,0.001,0.001,0.993
fold/s40_on,198,seg3a,unknown,move_to,step,,unknown,0.993,0.001,0.001,0.001,0.001,0.001,0.001,0.001,0.993
fold/s40_on,199,seg3a,unknown,move_to,step,,unknown,0.993,0.001,0.001,0.001,0.001,0.001,0.001,0.001,0.993
fold/s40_on,200,seg3a,unknown,move_to,step,,unknown,0.993,0.001,0.001,0.001,0.001,0.001,0.001,0.001,0.993
fold/s40_on,201,seg3a,unknown,move_to,step,,unknown,0.993,0.001,0.001,0.001,0.001,0.001,0.001,0.001,0.993
fold/s40_on,202,seg3a,unknown,move_to,step,,unknown,0.993,0.001,0.001,0.001,0.001,0.001,0.001,0.001,0.993
fold/s40_on,203,seg3a,unknown,move_to,step,,unknown,0.993,0.001,0.001,0.001,0.001,0.001,0.001,0.001,0.993
fold/s40_on,204,seg3a,unknown,move_to,step,,unknown,0.993,0.001,0.001,0.001,0.001,0.001,0.001,0.001,0.993
fold/s40_on,205,seg3a,unknown,move_to,step,,unknown,0.993,0.001,0.001,0.001,0.001,0.001,0.001,0.001,0.993
fold/s40_on,206,seg3a,unknown,move_to,,,unknown,0.993,0.001,0.001,0.001,0.001,0.001,0.001,0.001,0.993
fold/s40_on,207,seg3a,unknown,wait_at,stand,,unknown,0.993,0.001,0.001,0.001,0.001,0.001,0.001,0.001,0.993
fold/s40_on,208,seg3a,unknown,wait_at,,,unknown,0.993,0.001,0.001,0.001,0.001,0.001,0.001,0.001,0.993
fold/s40_on,209,seg3b,unknown,,,,unknown,0.993,0.001,0.001,0.001,0.001,0.001,0.001,0.001,0.993
fold/s40_on,210,seg3b,unknown,move_to,step,,unknown,0.993,0.001,0.001,0.001,0.001,0.001,0.001,0.001,0.993
fold/s40_on,211,seg3b,unknown,move_to,step,,unknown,0.993,0.001,0.001,0.001,0.001,0.001,0.001,0.001,0.993
fold/s40_on,212,seg3b,unknown,move_to,step,,unknown,0.993,0.001,0.001,0.001,0.001,0.001,0.001,0.001,0.993
fold/s40_on,213,seg3b,unknown,move_to,step,,unknown,0.993,0.001,0.001,0.001,0.001,0.001,0.001,0.001,0.993
fold/s40_on,214,seg3b,unknown,move_to,step,,unknown,0.993,0.001,0.001,0.001,0.001,0.001,0.001,0.001,0.993
fold/s40_on,215,seg3b,unknown,move_to,step,,unknown,0.993,0.001,0.001,0.001,0.001,0.001,0.001,0.001,0.993
fold/s40_on,216,seg3b,unknown,move_to,step,,unknown,0.993,0.001,0.001,0.001,0.001,0.001,0.001,0.001,0.993
fold/s40_on,217,seg3b,unknown,move_to,step,,unknown,0.993,0.001,0.001,0.001,0.001,0.001,0.001,0.001,0.993
fold/s40_on,218,seg3b,unknown,move_to,step,,unknown,0.993,0.001,0.001,0.001,0.001,0.001,0.001,0.001,0.993
fold/s40_on,219,seg3b,unknown,move_to,step,,unknown,0.993,0.001,0.001,0.001,0.001,0.001,0.001,0.001,0.993
fold/s40_on,220,seg3b,unknown,move_to,step,,unknown,0.993,0.001,0.001,0.001,0.001,0.001,0.001,0.001,0.993
fold/s40_on,221,seg3b,unknown,move_to,step,,unknown,0.993,0.001,0.001,0.001,0.001,0.001,0.001,0.001,0.993
fold/s40_on,222,seg3b,unknown,move_to,step,,unknown,0.993,0.001,0.001,0.001,0.001,0.001,0.001,0.001,0.993
fold/s40_on,223,seg3b,unknown,move_to,step,,unknown,0.993,0.001,0.001,0.001,0.001,0.001,0.001,0.001,0.993
fold/s40_on,224,seg3b,unknown,move_to,step,,unknown,0.993,0.001,0.001,0.001,0.001,0.001,0.001,0.001,0.993
fold/s40_on,225,seg3b,unknown,move_to,step,,unknown,0.993,0.001,0.001,0.001,0.001,0.001,0.001,0.001,0.993
fold/s40_on,226,seg3b,unknown,move_to,step,,unknown,0.993,0.001,0.001,0.001,0.001,0.001,0.001,0.001,0.993
fold/s40_on,227,seg3b,unknown,move_to,,,unknown,0.993,0.001,0.001,0.001,0.001,0.001,0.001,0.001,0.993
fold/s40_on,228,seg3b,unknown,wait_at,stand,,unknown,0.993,0.001,0.001,0.001,0.001,0.001,0.001,0.001,0.993
fold/s40_on,229,seg3b,unknown,wait_at,,,unknown,0.993,0.001,0.001,0.001,0.001,0.001,0.001,0.001,0.993
fold/s40_on,230,seg4,d(item_6),,,,unknown,0.993,0.001,0.001,0.001,0.001,0.001,0.001,0.001,0.993
fold/s40_on,231,seg4,d(item_6),move_to,step,,unknown,0.993,0.001,0.001,0.001,0.001,0.001,0.001,0.001,0.993
fold/s40_on,232,seg4,d(item_6),move_to,step,,unknown,0.993,0.001,0.001,0.001,0.001,0.001,0.001,0.001,0.993
fold/s40_on,233,seg4,d(item_6),move_to,step,,unknown,0.993,0.001,0.001,0.001,0.001,0.001,0.001,0.001,0.993
fold/s40_on,234,seg4,d(item_6),move_to,step,,unknown,0.993,0.001,0.001,0.001,0.001,0.001,0.001,0.001,0.993
fold/s40_on,235,seg4,d(item_6),move_to,step,,unknown,0.993,0.001,0.001,0.001,0.001,0.001,0.001,0.001,0.993
fold/s40_on,236,seg4,d(item_6),move_to,step,,unknown,0.993,0.001,0.001,0.001,0.001,0.001,0.001,0.001,0.993
fold/s40_on,237,seg4,d(item_6),move_to,step,,unknown,0.993,0.001,0.001,0.001,0.001,0.001,0.001,0.001,0.993
fold/s40_on,238,seg4,d(item_6),move_to,step,,unknown,0.993,0.001,0.001,0.001,0.001,0.001,0.001,0.001,0.993
fold/s40_on,239,seg4,d(item_6),move_to,step,,unknown,0.993,0.001,0.001,0.001,0.001,0.001,0.001,0.001,0.993
fold/s40_on,240,seg4,d(item_6),move_to,step,,unknown,0.993,0.001,0.001,0.001,0.001,0.001,0.001,0.001,0.993
fold/s40_on,241,seg4,d(item_6),move_to,step,,unknown,0.993,0.001,0.001,0.001,0.001,0.001,0.001,0.001,0.993
fold/s40_on,242,seg4,d(item_6),move_to,step,,unknown,0.993,0.001,0.001,0.001,0.001,0.001,0.001,0.001,0.993
fold/s40_on,243,seg4,d(item_6),move_to,step,,unknown,0.993,0.001,0.001,0.001,0.001,0.001,0.001,0.001,0.993
fold/s40_on,244,seg4,d(item_6),move_to,step,,unknown,0.993,0.001,0.001,0.001,0.001,0.001,0.001,0.001,0.993
fold/s40_on,245,seg4,d(item_6),move_to,step,,unknown,0.993,0.001,0.001,0.001,0.001,0.001,0.001,0.001,0.993
fold/s40_on,246,seg4,d(item_6),move_to,step,,unknown,0.993,0.001,0.001,0.001,0.001,0.001,0.001,0.001,0.993
fold/s40_on,247,seg4,d(item_6),move_to,step,,unknown,0.993,0.001,0.001,0.001,0.001,0.001,0.001,0.001,0.993
fold/s40_on,248,seg4,d(item_6),move_to,step,,unknown,0.993,0.001,0.001,0.001,0.001,0.001,0.001,0.001,0.993
fold/s40_on,249,seg4,d(item_6),move_to,step,,unknown,0.993,0.001,0.001,0.001,0.001,0.001,0.001,0.001,0.993
fold/s40_on,250,seg4,d(item_6),move_to,step,,unknown,0.993,0.001,0.001,0.001,0.001,0.001,0.001,0.001,0.993
fold/s40_on,251,seg4,d(item_6),move_to,step,,unknown,0.993,0.001,0.001,0.001,0.001,0.001,0.001,0.001,0.993
fold/s40_on,252,seg4,d(item_6),move_to,step,,unknown,0.993,0.001,0.001,0.001,0.001,0.001,0.001,0.001,0.993
fold/s40_on,253,seg4,d(item_6),move_to,step,,unknown,0.993,0.001,0.001,0.001,0.001,0.001,0.001,0.001,0.993
fold/s40_on,254,seg4,d(item_6),move_to,step,,unknown,0.993,0.001,0.001,0.001,0.001,0.001,0.001,0.001,0.993
fold/s40_on,255,seg4,d(item_6),move_to,step,,unknown,0.993,0.001,0.001,0.001,0.001,0.001,0.001,0.001,0.993
fold/s40_on,256,seg4,d(item_6),move_to,step,,unknown,0.993,0.001,0.001,0.001,0.001,0.001,0.001,0.001,0.993
fold/s40_on,257,seg4,d(item_6),move_to,step,,unknown,0.993,0.001,0.001,0.001,0.001,0.001,0.001,0.001,0.993
fold/s40_on,258,seg4,d(item_6),move_to,step,,unknown,0.993,0.001,0.001,0.001,0.001,0.001,0.001,0.001,0.993
fold/s40_on,259,seg4,d(item_6),move_to,step,,unknown,0.993,0.001,0.001,0.001,0.001,0.001,0.001,0.001,0.993
fold/s40_on,260,seg4,d(item_6),move_to,step,,unknown,0.993,0.001,0.001,0.001,0.001,0.001,0.001,0.001,0.993
fold/s40_on,261,seg4,d(item_6),move_to,step,,unknown,0.993,0.001,0.001,0.001,0.001,0.001,0.001,0.001,0.993
fold/s40_on,262,seg4,d(item_6),move_to,step,,unknown,0.993,0.001,0.001,0.001,0.001,0.001,0.001,0.001,0.993
fold/s40_on,263,seg4,d(item_6),move_to,step,,unknown,0.993,0.001,0.001,0.001,0.001,0.001,0.001,0.001,0.993
fold/s40_on,264,seg4,d(item_6),move_to,step,,unknown,0.993,0.001,0.001,0.001,0.001,0.001,0.001,0.001,0.993
fold/s40_on,265,seg4,d(item_6),move_to,step,,unknown,0.993,0.001,0.001,0.001,0.001,0.001,0.001,0.001,0.993
fold/s40_on,266,seg4,d(item_6),move_to,step,,unknown,0.993,0.001,0.001,0.001,0.001,0.001,0.001,0.001,0.993
fold/s40_on,267,seg4,d(item_6),move_to,step,,unknown,0.993,0.001,0.001,0.001,0.001,0.001,0.001,0.001,0.993
fold/s40_on,268,seg4,d(item_6),move_to,step,,unknown,0.993,0.001,0.001,0.001,0.001,0.001,0.001,0.001,0.993
fold/s40_on,269,seg4,d(item_6),move_to,step,,unknown,0.993,0.001,0.001,0.001,0.001,0.001,0.001,0.001,0.993
fold/s40_on,270,seg4,d(item_6),move_to,step,,unknown,0.993,0.001,0.001,0.001,0.001,0.001,0.001,0.001,0.993
fold/s40_on,271,seg4,d(item_6),move_to,,,unknown,0.993,0.001,0.001,0.001,0.001,0.001,0.001,0.001,0.993
fold/s40_on,272,seg4,d(item_6),pick_up,grasp,item_6,unknown,0.993,0.001,0.001,0.001,0.001,0.001,0.001,0.001,0.993
fold/s40_on,273,seg4,d(item_6),pick_up,,item_6,unknown,0.993,0.001,0.001,0.001,0.001,0.001,0.001,0.001,0.993
fold/s40_on,274,seg4,d(item_6),move_to,step,item_6,unknown,0.993,0.001,0.001,0.001,0.001,0.001,0.001,0.001,0.993
fold/s40_on,275,seg4,d(item_6),move_to,step,item_6,unknown,0.993,0.001,0.001,0.001,0.001,0.001,0.001,0.001,0.993
fold/s40_on,276,seg4,d(item_6),move_to,step,item_6,unknown,0.993,0.001,0.001,0.001,0.001,0.001,0.001,0.001,0.993
fold/s40_on,277,seg4,d(item_6),move_to,step,item_6,unknown,0.993,0.001,0.001,0.001,0.001,0.001,0.001,0.001,0.993
fold/s40_on,278,seg4,d(item_6),move_to,step,item_6,unknown,0.993,0.001,0.001,0.001,0.001,0.001,0.001,0.001,0.993
fold/s40_on,279,seg4,d(item_6),move_to,step,item_6,unknown,0.993,0.001,0.001,0.001,0.001,0.001,0.001,0.001,0.993
fold/s40_on,280,seg4,d(item_6),move_to,step,item_6,unknown,0.993,0.001,0.001,0.001,0.001,0.001,0.001,0.001,0.993
fold/s40_on,281,seg4,d(item_6),move_to,step,item_6,unknown,0.993,0.001,0.001,0.001,0.001,0.001,0.001,0.001,0.993
fold/s40_on,282,seg4,d(item_6),move_to,step,item_6,unknown,0.993,0.001,0.001,0.001,0.001,0.001,0.001,0.001,0.993
fold/s40_on,283,seg4,d(item_6),move_to,step,item_6,unknown,0.993,0.001,0.001,0.001,0.001,0.001,0.001,0.001,0.993
fold/s40_on,284,seg4,d(item_6),move_to,step,item_6,unknown,0.993,0.001,0.001,0.001,0.001,0.001,0.001,0.001,0.993
fold/s40_on,285,seg4,d(item_6),move_to,step,item_6,unknown,0.993,0.001,0.001,0.001,0.001,0.001,0.001,0.001,0.993
fold/s40_on,286,seg4,d(item_6),move_to,step,item_6,unknown,0.993,0.001,0.001,0.001,0.001,0.001,0.001,0.001,0.993
fold/s40_on,287,seg4,d(item_6),move_to,step,item_6,unknown,0.993,0.001,0.001,0.001,0.001,0.001,0.001,0.001,0.993
fold/s40_on,288,seg4,d(item_6),move_to,step,item_6,unknown,0.993,0.001,0.001,0.001,0.001,0.001,0.001,0.001,0.993
fold/s40_on,289,seg4,d(item_6),move_to,step,item_6,unknown,0.993,0.001,0.001,0.001,0.001,0.001,0.001,0.001,0.993
fold/s40_on,290,seg4,d(item_6),move_to,step,item_6,unknown,0.993,0.001,0.001,0.001,0.001,0.001,0.001,0.001,0.993
fold/s40_on,291,seg4,d(item_6),move_to,step,item_6,unknown,0.993,0.001,0.001,0.001,0.001,0.001,0.001,0.001,0.993
fold/s40_on,292,seg4,d(item_6),move_to,step,item_6,unknown,0.993,0.001,0.001,0.001,0.001,0.001,0.001,0.001,0.993
fold/s40_on,293,seg4,d(item_6),move_to,step,item_6,unknown,0.993,0.001,0.001,0.001,0.001,0.001,0.001,0.001,0.993
fold/s40_on,294,seg4,d(item_6),move_to,step,item_6,unknown,0.993,0.001,0.001,0.001,0.001,0.001,0.001,0.001,0.993
fold/s40_on,295,seg4,d(item_6),move_to,step,item_6,unknown,0.993,0.001,0.001,0.001,0.001,0.001,0.001,0.001,0.993
fold/s40_on,296,seg4,d(item_6),move_to,step,item_6,unknown,0.993,0.001,0.001,0.001,0.001,0.001,0.001,0.001,0.993
fold/s40_on,297,seg4,d(item_6),move_to,step,item_6,unknown,0.993,0.001,0.001,0.001,0.001,0.001,0.001,0.001,0.993
fold/s40_on,298,seg4,d(item_6),move_to,step,item_6,unknown,0.993,0.001,0.001,0.001,0.001,0.001,0.001,0.001,0.993
fold/s40_on,299,seg4,d(item_6),move_to,step,item_6,unknown,0.993,0.001,0.001,0.001,0.001,0.001,0.001,0.001,0.993
fold/s40_on,300,seg4,d(item_6),move_to,step,item_6,unknown,0.993,0.001,0.001,0.001,0.001,0.001,0.001,0.001,0.993
fold/s40_on,301,seg4,d(item_6),move_to,step,item_6,unknown,0.993,0.001,0.001,0.001,0.001,0.001,0.001,0.001,0.993
fold/s40_on,302,seg4,d(item_6),move_to,step,item_6,unknown,0.993,0.001,0.001,0.001,0.001,0.001,0.001,0.001,0.993
fold/s40_on,303,seg4,d(item_6),move_to,step,item_6,unknown,0.993,0.001,0.001,0.001,0.001,0.001,0.001,0.001,0.993
fold/s40_on,304,seg4,d(item_6),move_to,step,item_6,unknown,0.993,0.001,0.001,0.001,0.001,0.001,0.001,0.001,0.993
fold/s40_on,305,seg4,d(item_6),move_to,step,item_6,unknown,0.993,0.001,0.001,0.001,0.001,0.001,0.001,0.001,0.993
fold/s40_on,306,seg4,d(item_6),move_to,step,item_6,unknown,0.993,0.001,0.001,0.001,0.001,0.001,0.001,0.001,0.993
fold/s40_on,307,seg4,d(item_6),move_to,step,item_6,unknown,0.993,0.001,0.001,0.001,0.001,0.001,0.001,0.001,0.993
fold/s40_on,308,seg4,d(item_6),move_to,step,item_6,unknown,0.993,0.001,0.001,0.001,0.001,0.001,0.001,0.001,0.993
fold/s40_on,309,seg4,d(item_6),move_to,step,item_6,unknown,0.993,0.001,0.001,0.001,0.001,0.001,0.001,0.001,0.993
fold/s40_on,310,seg4,d(item_6),move_to,step,item_6,unknown,0.993,0.001,0.001,0.001,0.001,0.001,0.001,0.001,0.993
fold/s40_on,311,seg4,d(item_6),move_to,step,item_6,unknown,0.993,0.001,0.001,0.001,0.001,0.001,0.001,0.001,0.993
fold/s40_on,312,seg4,d(item_6),move_to,step,item_6,unknown,0.993,0.001,0.001,0.001,0.001,0.001,0.001,0.001,0.993
fold/s40_on,313,seg4,d(item_6),move_to,step,item_6,unknown,0.993,0.001,0.001,0.001,0.001,0.001,0.001,0.001,0.993
fold/s40_on,314,seg4,d(item_6),move_to,step,item_6,unknown,0.993,0.001,0.001,0.001,0.001,0.001,0.001,0.001,0.993
fold/s40_on,315,seg4,d(item_6),move_to,step,item_6,unknown,0.993,0.001,0.001,0.001,0.001,0.001,0.001,0.001,0.993
fold/s40_on,316,seg4,d(item_6),move_to,step,item_6,unknown,0.993,0.001,0.001,0.001,0.001,0.001,0.001,0.001,0.993
fold/s40_on,317,seg4,d(item_6),move_to,step,item_6,unknown,0.993,0.001,0.001,0.001,0.001,0.001,0.001,0.001,0.993
fold/s40_on,318,seg4,d(item_6),move_to,step,item_6,unknown,0.993,0.001,0.001,0.001,0.001,0.001,0.001,0.001,0.993
fold/s40_on,319,seg4,d(item_6),move_to,step,item_6,unknown,0.993,0.001,0.001,0.001,0.001,0.001,0.001,0.001,0.993
fold/s40_on,320,seg4,d(item_6),move_to,step,item_6,unknown,0.993,0.001,0.001,0.001,0.001,0.001,0.001,0.001,0.993
fold/s40_on,321,seg4,d(item_6),move_to,step,item_6,unknown,0.993,0.001,0.001,0.001,0.001,0.001,0.001,0.001,0.993
fold/s40_on,322,seg4,d(item_6),move_to,step,item_6,unknown,0.993,0.001,0.001,0.001,0.001,0.001,0.001,0.001,0.993
fold/s40_on,323,seg4,d(item_6),move_to,step,item_6,unknown,0.993,0.001,0.001,0.001,0.001,0.001,0.001,0.001,0.993
fold/s40_on,324,seg4,d(item_6),move_to,step,item_6,unknown,0.993,0.001,0.001,0.001,0.001,0.001,0.001,0.001,0.993
fold/s40_on,325,seg4,d(item_6),move_to,step,item_6,unknown,0.993,0.001,0.001,0.001,0.001,0.001,0.001,0.001,0.993
fold/s40_on,326,seg4,d(item_6),move_to,step,item_6,unknown,0.993,0.001,0.001,0.001,0.001,0.001,0.001,0.001,0.993
fold/s40_on,327,seg4,d(item_6),move_to,step,item_6,unknown,0.993,0.001,0.001,0.001,0.001,0.001,0.001,0.001,0.993
fold/s40_on,328,seg4,d(item_6),move_to,step,item_6,unknown,0.993,0.001,0.001,0.001,0.001,0.001,0.001,0.001,0.993
fold/s40_on,329,seg4,d(item_6),move_to,step,item_6,unknown,0.993,0.001,0.001,0.001,0.001,0.001,0.001,0.001,0.993
fold/s40_on,330,seg4,d(item_6),move_to,,item_6,unknown,0.993,0.001,0.001,0.001,0.001,0.001,0.001,0.001,0.993
fold/s40_on,331,seg4,d(item_6),place,release,,unknown,0.993,0.001,0.001,0.001,0.001,0.001,0.001,0.001,0.993
fold/s40_on,332,seg4,d(item_6),place,,,unknown,0.993,0.001,0.001,0.001,0.001,0.001,0.001,0.001,0.993
fold/s40_on,333,done,unknown,,,,unknown,0.993,0.001,0.001,0.001,0.001,0.001,0.001,0.001,0.993
fold/s40_on,334,done,unknown,,,,unknown,0.993,0.001,0.001,0.001,0.001,0.001,0.001,0.001,0.993
fold/s40_on,335,done,unknown,,,,unknown,0.993,0.001,0.001,0.001,0.001,0.001,0.001,0.001,0.993
fold/s40_on,336,done,unknown,,,,unknown,0.993,0.001,0.001,0.001,0.001,0.001,0.001,0.001,0.993
fold/s40_on,337,done,unknown,,,,unknown,0.993,0.001,0.001,0.001,0.001,0.001,0.001,0.001,0.993
fold/s40_on,338,done,unknown,,,,unknown,0.993,0.001,0.001,0.001,0.001,0.001,0.001,0.001,0.993
fold/s40_on,339,done,unknown,,,,unknown,0.993,0.001,0.001,0.001,0.001,0.001,0.001,0.001,0.993
fold/s40_on,340,done,unknown,,,,unknown,0.993,0.001,0.001,0.001,0.001,0.001,0.001,0.001,0.993
fold/s40_on,341,done,unknown,,,,unknown,0.993,0.001,0.001,0.001,0.001,0.001,0.001,0.001,0.993
fold/s40_on,342,done,unknown,,,,unknown,0.993,0.001,0.001,0.001,0.001,0.001,0.001,0.001,0.993
fold/s40_on,343,done,unknown,,,,unknown,0.993,0.001,0.001,0.001,0.001,0.001,0.001,0.001,0.993
fold/s40_on,344,done,unknown,,,,unknown,0.993,0.001,0.001,0.001,0.001,0.001,0.001,0.001,0.993
fold/s40_on,345,done,unknown,,,,unknown,0.993,0.001,0.001,0.001,0.001,0.001,0.001,0.001,0.993
fold/s40_on,346,done,unknown,,,,unknown,0.993,0.001,0.001,0.001,0.001,0.001,0.001,0.001,0.993
fold/s40_on,347,done,unknown,,,,unknown,0.993,0.001,0.001,0.001,0.001,0.001,0.001,0.001,0.993
fold/s40_on,348,done,unknown,,,,unknown,0.993,0.001,0.001,0.001,0.001,0.001,0.001,0.001,0.993
fold/s40_on,349,done,unknown,,,,unknown,0.993,0.001,0.001,0.001,0.001,0.001,0.001,0.001,0.993
fold/s40_on,350,done,unknown,,,,unknown,0.993,0.001,0.001,0.001,0.001,0.001,0.001,0.001,0.993
fold/s40_on,351,done,unknown,,,,unknown,0.993,0.001,0.001,0.001,0.001,0.001,0.001,0.001,0.993
fold/s40_on,352,done,unknown,,,,unknown,0.993,0.001,0.001,0.001,0.001,0.001,0.001,0.001,0.993
fold/s40_on,353,done,unknown,,,,unknown,0.993,0.001,0.001,0.001,0.001,0.001,0.001,0.001,0.993
fold/s40_on,354,done,unknown,,,,unknown,0.993,0.001,0.001,0.001,0.001,0.001,0.001,0.001,0.993
fold/s40_on,355,done,unknown,,,,unknown,0.993,0.001,0.001,0.001,0.001,0.001,0.001,0.001,0.993
fold/s40_on,356,done,unknown,,,,unknown,0.993,0.001,0.001,0.001,0.001,0.001,0.001,0.001,0.993
fold/s40_on,357,done,unknown,,,,unknown,0.993,0.001,0.001,0.001,0.001,0.001,0.001,0.001,0.993
fold/s40_on,358,done,unknown,,,,unknown,0.993,0.001,0.001,0.001,0.001,0.001,0.001,0.001,0.993
fold/s40_on,359,done,unknown,,,,unknown,0.993,0.001,0.001,0.001,0.001,0.001,0.001,0.001,0.993
fold/s40_on,360,done,unknown,,,,unknown,0.993,0.001,0.001,0.001,0.001,0.001,0.001,0.001,0.993
fold/s40_on,361,done,unknown,,,,unknown,0.993,0.001,0.001,0.001,0.001,0.001,0.001,0.001,0.993
fold/s40_on,362,done,unknown,,,,unknown,0.993,0.001,0.001,0.001,0.001,0.001,0.001,0.001,0.993
fold/s40_on,363,done,unknown,,,,unknown,0.993,0.001,0.001,0.001,0.001,0.001,0.001,0.001,0.993
fold/s40_on,364,done,unknown,,,,unknown,0.993,0.001,0.001,0.001,0.001,0.001,0.001,0.001,0.993
fold/s40_on,365,done,unknown,,,,unknown,0.993,0.001,0.001,0.001,0.001,0.001,0.001,0.001,0.993
fold/s40_on,366,done,unknown,,,,unknown,0.993,0.001,0.001,0.001,0.001,0.001,0.001,0.001,0.993
fold/s40_on,367,done,unknown,,,,unknown,0.993,0.001,0.001,0.001,0.001,0.001,0.001,0.001,0.993
fold/s40_on,368,done,unknown,,,,unknown,0.993,0.001,0.001,0.001,0.001,0.001,0.001,0.001,0.993
fold/s40_on,369,done,unknown,,,,unknown,0.993,0.001,0.001,0.001,0.001,0.001,0.001,0.001,0.993
fold/s40_on,370,done,unknown,,,,unknown,0.993,0.001,0.001,0.001,0.001,0.001,0.001,0.001,0.993
fold/s40_on,371,done,unknown,,,,unknown,0.993,0.001,0.001,0.001,0.001,0.001,0.001,0.001,0.993
fold/s40_on,372,done,unknown,,,,unknown,0.993,0.001,0.001,0.001,0.001,0.001,0.001,0.001,0.993
fold/s40_on,373,done,unknown,,,,unknown,0.993,0.001,0.001,0.001,0.001,0.001,0.001,0.001,0.993
fold/s40_on,374,done,unknown,,,,unknown,0.993,0.001,0.001,0.001,0.001,0.001,0.001,0.001,0.993
fold/s40_on,375,done,unknown,,,,unknown,0.993,0.001,0.001,0.001,0.001,0.001,0.001,0.001,0.993
fold/s40_on,376,done,unknown,,,,unknown,0.993,0.001,0.001,0.001,0.001,0.001,0.001,0.001,0.993
fold/s40_on,377,done,unknown,,,,unknown,0.993,0.001,0.001,0.001,0.001,0.001,0.001,0.001,0.993
fold/s40_on,378,done,unknown,,,,unknown,0.993,0.001,0.001,0.001,0.001,0.001,0.001,0.001,0.993
ungated/s40_off,0,seg1,d(item_3),move_to,step,,d(item_3),0.159,0.1295,0.1531,0.159,0.1347,0.1397,0.1375,0.1306,0.0159
ungated/s40_off,1,seg1,d(item_3),move_to,step,,d(item_3),0.1815,0.1162,0.1678,0.1815,0.127,0.1379,0.133,0.1184,0.0181
ungated/s40_off,2,seg1,d(item_3),move_to,step,,d(item_3),0.2086,0.1016,0.1846,0.2086,0.1177,0.1348,0.1269,0.105,0.0209
ungated/s40_off,3,seg1,d(item_3),move_to,step,,d(item_3),0.2401,0.0865,0.2027,0.2401,0.1068,0.13,0.1191,0.0908,0.024
ungated/s40_off,4,seg1,d(item_3),move_to,step,,d(item_3),0.2756,0.0717,0.221,0.2756,0.0947,0.1231,0.1096,0.0766,0.0276
ungated/s40_off,5,seg1,d(item_3),move_to,step,,d(item_3),0.3141,0.058,0.2384,0.3141,0.0821,0.1142,0.0986,0.0631,0.0314
ungated/s40_off,6,seg1,d(item_3),move_to,step,,d(item_3),0.3546,0.0458,0.2535,0.3546,0.0694,0.1037,0.0867,0.0508,0.0355
ungated/s40_off,7,seg1,d(item_3),move_to,step,,d(item_3),0.3957,0.0354,0.2653,0.3957,0.0573,0.092,0.0745,0.04,0.0396
ungated/s40_off,8,seg1,d(item_3),move_to,step,,d(item_3),0.4365,0.0269,0.273,0.4365,0.0464,0.08,0.0627,0.0309,0.0436
ungated/s40_off,9,seg1,d(item_3),move_to,step,,d(item_3),0.476,0.02,0.2763,0.476,0.0368,0.0681,0.0517,0.0235,0.0476
ungated/s40_off,10,seg1,d(item_3),move_to,step,,d(item_3),0.5136,0.0147,0.2751,0.5136,0.0287,0.057,0.0419,0.0176,0.0514
ungated/s40_off,11,seg1,d(item_3),move_to,step,,d(item_3),0.5492,0.0107,0.2698,0.5492,0.0221,0.047,0.0334,0.013,0.0549
ungated/s40_off,12,seg1,d(item_3),move_to,step,,d(item_3),0.5825,0.0077,0.2608,0.5825,0.0168,0.0382,0.0263,0.0095,0.0582
ungated/s40_off,13,seg1,d(item_3),move_to,step,,d(item_3),0.6137,0.0055,0.2488,0.6137,0.0126,0.0307,0.0205,0.0069,0.0614
ungated/s40_off,14,seg1,d(item_3),move_to,step,,d(item_3),0.6428,0.0039,0.2344,0.6428,0.0094,0.0244,0.0158,0.0049,0.0643
ungated/s40_off,15,seg1,d(item_3),move_to,step,,d(item_3),0.6702,0.0027,0.2183,0.6702,0.0069,0.0192,0.0121,0.0035,0.067
ungated/s40_off,16,seg1,d(item_3),move_to,step,,d(item_3),0.6958,0.0019,0.2009,0.6958,0.0051,0.0151,0.0092,0.0025,0.0696
ungated/s40_off,17,seg1,d(item_3),move_to,step,,d(item_3),0.7197,0.0013,0.1828,0.7197,0.0037,0.0117,0.0069,0.0018,0.072
ungated/s40_off,18,seg1,d(item_3),move_to,step,,d(item_3),0.742,0.001,0.1646,0.742,0.0027,0.009,0.0052,0.0013,0.0742
ungated/s40_off,19,seg1,d(item_3),move_to,step,,d(item_3),0.7624,0.001,0.1466,0.7624,0.002,0.0069,0.0039,0.001,0.0762
ungated/s40_off,20,seg1,d(item_3),move_to,step,,d(item_3),0.7812,0.001,0.1291,0.7812,0.0014,0.0053,0.0029,0.001,0.0781
ungated/s40_off,21,seg1,d(item_3),move_to,step,,d(item_3),0.7984,0.001,0.1126,0.7984,0.001,0.004,0.0021,0.001,0.0798
ungated/s40_off,22,seg1,d(item_3),move_to,step,,d(item_3),0.8139,0.001,0.0972,0.8139,0.001,0.003,0.0016,0.001,0.0814
ungated/s40_off,23,seg1,d(item_3),move_to,step,,d(item_3),0.8278,0.001,0.083,0.8278,0.001,0.0023,0.0011,0.001,0.0828
ungated/s40_off,24,seg1,d(item_3),move_to,step,,d(item_3),0.8401,0.001,0.0702,0.8401,0.001,0.0017,0.001,0.001,0.084
ungated/s40_off,25,seg1,d(item_3),move_to,step,,d(item_3),0.8508,0.001,0.0588,0.8508,0.001,0.0013,0.001,0.001,0.0851
ungated/s40_off,26,seg1,d(item_3),move_to,step,,d(item_3),0.8602,0.001,0.0488,0.8602,0.001,0.001,0.001,0.001,0.086
ungated/s40_off,27,seg1,d(item_3),move_to,step,,d(item_3),0.8681,0.001,0.0401,0.8681,0.001,0.001,0.001,0.001,0.0868
ungated/s40_off,28,seg1,d(item_3),move_to,step,,d(item_3),0.8748,0.001,0.0327,0.8748,0.001,0.001,0.001,0.001,0.0875
ungated/s40_off,29,seg1,d(item_3),move_to,step,,d(item_3),0.8805,0.001,0.0265,0.8805,0.001,0.001,0.001,0.001,0.0881
ungated/s40_off,30,seg1,d(item_3),move_to,step,,d(item_3),0.8853,0.001,0.0212,0.8853,0.001,0.001,0.001,0.001,0.0885
ungated/s40_off,31,seg1,d(item_3),move_to,step,,d(item_3),0.8892,0.001,0.0169,0.8892,0.001,0.001,0.001,0.001,0.0889
ungated/s40_off,32,seg1,d(item_3),move_to,step,,d(item_3),0.8924,0.001,0.0134,0.8924,0.001,0.001,0.001,0.001,0.0892
ungated/s40_off,33,seg1,d(item_3),move_to,step,,d(item_3),0.895,0.001,0.0105,0.895,0.001,0.001,0.001,0.001,0.0895
ungated/s40_off,34,seg1,d(item_3),move_to,step,,d(item_3),0.8971,0.001,0.0082,0.8971,0.001,0.001,0.001,0.001,0.0897
ungated/s40_off,35,seg1,d(item_3),move_to,step,,d(item_3),0.8988,0.001,0.0063,0.8988,0.001,0.001,0.001,0.001,0.0899
ungated/s40_off,36,seg1,d(item_3),move_to,step,,d(item_3),0.9001,0.001,0.0049,0.9001,0.001,0.001,0.001,0.001,0.09
ungated/s40_off,37,seg1,d(item_3),move_to,step,,d(item_3),0.9012,0.001,0.0037,0.9012,0.001,0.001,0.001,0.001,0.0901
ungated/s40_off,38,seg1,d(item_3),move_to,step,,d(item_3),0.902,0.001,0.0028,0.902,0.001,0.001,0.001,0.001,0.0902
ungated/s40_off,39,seg1,d(item_3),move_to,step,,d(item_3),0.9026,0.001,0.0021,0.9026,0.001,0.001,0.001,0.001,0.0903
ungated/s40_off,40,seg1,d(item_3),move_to,step,,d(item_3),0.9031,0.001,0.0016,0.9031,0.001,0.001,0.001,0.001,0.0903
ungated/s40_off,41,seg1,d(item_3),move_to,step,,d(item_3),0.9035,0.001,0.0012,0.9035,0.001,0.001,0.001,0.001,0.0903
ungated/s40_off,42,seg1,d(item_3),move_to,step,,d(item_3),0.9037,0.001,0.001,0.9037,0.001,0.001,0.001,0.001,0.0904
ungated/s40_off,43,seg1,d(item_3),move_to,step,,d(item_3),0.9037,0.001,0.001,0.9037,0.001,0.001,0.001,0.001,0.0904
ungated/s40_off,44,seg1,d(item_3),move_to,step,,d(item_3),0.9037,0.001,0.001,0.9037,0.001,0.001,0.001,0.001,0.0904
ungated/s40_off,45,seg1,d(item_3),move_to,step,,d(item_3),0.9037,0.001,0.001,0.9037,0.001,0.001,0.001,0.001,0.0904
ungated/s40_off,46,seg1,d(item_3),move_to,step,,d(item_3),0.9037,0.001,0.001,0.9037,0.001,0.001,0.001,0.001,0.0904
ungated/s40_off,47,seg1,d(item_3),move_to,step,,d(item_3),0.9037,0.001,0.001,0.9037,0.001,0.001,0.001,0.001,0.0904
ungated/s40_off,48,seg1,d(item_3),move_to,step,,d(item_3),0.9037,0.001,0.001,0.9037,0.001,0.001,0.001,0.001,0.0904
ungated/s40_off,49,seg1,d(item_3),move_to,step,,d(item_3),0.9037,0.001,0.001,0.9037,0.001,0.001,0.001,0.001,0.0904
ungated/s40_off,50,seg1,d(item_3),move_to,step,,d(item_3),0.9037,0.001,0.001,0.9037,0.001,0.001,0.001,0.001,0.0904
ungated/s40_off,51,seg1,d(item_3),move_to,step,,d(item_3),0.9037,0.001,0.001,0.9037,0.001,0.001,0.001,0.001,0.0904
ungated/s40_off,52,seg1,d(item_3),move_to,step,,d(item_3),0.9037,0.001,0.001,0.9037,0.001,0.001,0.001,0.001,0.0904
ungated/s40_off,53,seg1,d(item_3),move_to,step,,d(item_3),0.9037,0.001,0.001,0.9037,0.001,0.001,0.001,0.001,0.0904
ungated/s40_off,54,seg1,d(item_3),move_to,step,,d(item_3),0.9037,0.001,0.001,0.9037,0.001,0.001,0.001,0.001,0.0904
ungated/s40_off,55,seg1,d(item_3),move_to,step,,d(item_3),0.9037,0.001,0.001,0.9037,0.001,0.001,0.001,0.001,0.0904
ungated/s40_off,56,seg1,d(item_3),move_to,step,,d(item_3),0.9037,0.001,0.001,0.9037,0.001,0.001,0.001,0.001,0.0904
ungated/s40_off,57,seg1,d(item_3),move_to,step,,d(item_3),0.9037,0.001,0.001,0.9037,0.001,0.001,0.001,0.001,0.0904
ungated/s40_off,58,seg1,d(item_3),move_to,step,,d(item_3),0.9037,0.001,0.001,0.9037,0.001,0.001,0.001,0.001,0.0904
ungated/s40_off,59,seg1,d(item_3),move_to,,,d(item_3),0.9037,0.001,0.001,0.9037,0.001,0.001,0.001,0.001,0.0904
ungated/s40_off,60,seg1,d(item_3),pick_up,grasp,item_3,d(item_3),0.9037,0.001,0.001,0.9037,0.001,0.001,0.001,0.001,0.0904
ungated/s40_off,61,seg1,d(item_3),pick_up,,item_3,d(item_3),0.9037,0.001,0.001,0.9037,0.001,0.001,0.001,0.001,0.0904
ungated/s40_off,62,seg1,d(item_3),move_to,step,item_3,d(item_3),0.9037,0.001,0.001,0.9037,0.001,0.001,0.001,0.001,0.0904
ungated/s40_off,63,seg1,d(item_3),move_to,step,item_3,d(item_3),0.9037,0.001,0.001,0.9037,0.001,0.001,0.001,0.001,0.0904
ungated/s40_off,64,seg1,d(item_3),move_to,step,item_3,d(item_3),0.9037,0.001,0.001,0.9037,0.001,0.001,0.001,0.001,0.0904
ungated/s40_off,65,seg1,d(item_3),move_to,step,item_3,d(item_3),0.9037,0.001,0.001,0.9037,0.001,0.001,0.001,0.001,0.0904
ungated/s40_off,66,seg1,d(item_3),move_to,step,item_3,d(item_3),0.9037,0.001,0.001,0.9037,0.001,0.001,0.001,0.001,0.0904
ungated/s40_off,67,seg1,d(item_3),move_to,step,item_3,d(item_3),0.9037,0.001,0.001,0.9037,0.001,0.001,0.001,0.001,0.0904
ungated/s40_off,68,seg1,d(item_3),move_to,step,item_3,d(item_3),0.9037,0.001,0.001,0.9037,0.001,0.001,0.001,0.001,0.0904
ungated/s40_off,69,seg1,d(item_3),move_to,step,item_3,d(item_3),0.9037,0.001,0.001,0.9037,0.001,0.001,0.001,0.001,0.0904
ungated/s40_off,70,seg1,d(item_3),move_to,step,item_3,d(item_3),0.9037,0.001,0.001,0.9037,0.001,0.001,0.001,0.001,0.0904
ungated/s40_off,71,seg1,d(item_3),move_to,step,item_3,d(item_3),0.9037,0.001,0.001,0.9037,0.001,0.001,0.001,0.001,0.0904
ungated/s40_off,72,seg1,d(item_3),move_to,step,item_3,d(item_3),0.9037,0.001,0.001,0.9037,0.001,0.001,0.001,0.001,0.0904
ungated/s40_off,73,seg1,d(item_3),move_to,step,item_3,d(item_3),0.9037,0.001,0.001,0.9037,0.001,0.001,0.001,0.001,0.0904
ungated/s40_off,74,seg1,d(item_3),move_to,step,item_3,d(item_3),0.9037,0.001,0.001,0.9037,0.001,0.001,0.001,0.001,0.0904
ungated/s40_off,75,seg1,d(item_3),move_to,step,item_3,d(item_3),0.9037,0.001,0.001,0.9037,0.001,0.001,0.001,0.001,0.0904
ungated/s40_off,76,seg1,d(item_3),move_to,step,item_3,d(item_3),0.9037,0.001,0.001,0.9037,0.001,0.001,0.001,0.001,0.0904
ungated/s40_off,77,seg1,d(item_3),move_to,step,item_3,d(item_3),0.9037,0.001,0.001,0.9037,0.001,0.001,0.001,0.001,0.0904
ungated/s40_off,78,seg1,d(item_3),move_to,step,item_3,d(item_3),0.9037,0.001,0.001,0.9037,0.001,0.001,0.001,0.001,0.0904
ungated/s40_off,79,seg1,d(item_3),move_to,step,item_3,d(item_3),0.9037,0.001,0.001,0.9037,0.001,0.001,0.001,0.001,0.0904
ungated/s40_off,80,seg1,d(item_3),move_to,step,item_3,d(item_3),0.9037,0.001,0.001,0.9037,0.001,0.001,0.001,0.001,0.0904
ungated/s40_off,81,seg1,d(item_3),move_to,step,item_3,d(item_3),0.9037,0.001,0.001,0.9037,0.001,0.001,0.001,0.001,0.0904
ungated/s40_off,82,seg1,d(item_3),move_to,step,item_3,d(item_3),0.9037,0.001,0.001,0.9037,0.001,0.001,0.001,0.001,0.0904
ungated/s40_off,83,seg1,d(item_3),move_to,step,item_3,d(item_3),0.9037,0.001,0.001,0.9037,0.001,0.001,0.001,0.001,0.0904
ungated/s40_off,84,seg1,d(item_3),move_to,step,item_3,d(item_3),0.9037,0.001,0.001,0.9037,0.001,0.001,0.001,0.001,0.0904
ungated/s40_off,85,seg1,d(item_3),move_to,step,item_3,d(item_3),0.9037,0.001,0.001,0.9037,0.001,0.001,0.001,0.001,0.0904
ungated/s40_off,86,seg1,d(item_3),move_to,step,item_3,d(item_3),0.9037,0.001,0.001,0.9037,0.001,0.001,0.001,0.001,0.0904
ungated/s40_off,87,seg1,d(item_3),move_to,step,item_3,d(item_3),0.9037,0.001,0.001,0.9037,0.001,0.001,0.001,0.001,0.0904
ungated/s40_off,88,seg1,d(item_3),move_to,step,item_3,d(item_3),0.9037,0.001,0.001,0.9037,0.001,0.001,0.001,0.001,0.0904
ungated/s40_off,89,seg1,d(item_3),move_to,step,item_3,d(item_3),0.9037,0.001,0.001,0.9037,0.001,0.001,0.001,0.001,0.0904
ungated/s40_off,90,seg1,d(item_3),move_to,step,item_3,d(item_3),0.9037,0.001,0.001,0.9037,0.001,0.001,0.001,0.001,0.0904
ungated/s40_off,91,seg1,d(item_3),move_to,step,item_3,d(item_3),0.9037,0.001,0.001,0.9037,0.001,0.001,0.001,0.001,0.0904
ungated/s40_off,92,seg1,d(item_3),move_to,step,item_3,d(item_3),0.9037,0.001,0.001,0.9037,0.001,0.001,0.001,0.001,0.0904
ungated/s40_off,93,seg1,d(item_3),move_to,step,item_3,d(item_3),0.9037,0.001,0.001,0.9037,0.001,0.001,0.001,0.001,0.0904
ungated/s40_off,94,seg1,d(item_3),move_to,step,item_3,d(item_3),0.9037,0.001,0.001,0.9037,0.001,0.001,0.001,0.001,0.0904
ungated/s40_off,95,seg1,d(item_3),move_to,step,item_3,d(item_3),0.9037,0.001,0.001,0.9037,0.001,0.001,0.001,0.001,0.0904
ungated/s40_off,96,seg1,d(item_3),move_to,step,item_3,d(item_3),0.9037,0.001,0.001,0.9037,0.001,0.001,0.001,0.001,0.0904
ungated/s40_off,97,seg1,d(item_3),move_to,step,item_3,d(item_3),0.9037,0.001,0.001,0.9037,0.001,0.001,0.001,0.001,0.0904
ungated/s40_off,98,seg1,d(item_3),move_to,step,item_3,d(item_3),0.9037,0.001,0.001,0.9037,0.001,0.001,0.001,0.001,0.0904
ungated/s40_off,99,seg1,d(item_3),move_to,step,item_3,d(item_3),0.9037,0.001,0.001,0.9037,0.001,0.001,0.001,0.001,0.0904
ungated/s40_off,100,seg1,d(item_3),move_to,step,item_3,d(item_3),0.9037,0.001,0.001,0.9037,0.001,0.001,0.001,0.001,0.0904
ungated/s40_off,101,seg1,d(item_3),move_to,step,item_3,d(item_3),0.9037,0.001,0.001,0.9037,0.001,0.001,0.001,0.001,0.0904
ungated/s40_off,102,seg1,d(item_3),move_to,step,item_3,d(item_3),0.9037,0.001,0.001,0.9037,0.001,0.001,0.001,0.001,0.0904
ungated/s40_off,103,seg1,d(item_3),move_to,step,item_3,d(item_3),0.9037,0.001,0.001,0.9037,0.001,0.001,0.001,0.001,0.0904
ungated/s40_off,104,seg1,d(item_3),move_to,step,item_3,d(item_3),0.9037,0.001,0.001,0.9037,0.001,0.001,0.001,0.001,0.0904
ungated/s40_off,105,seg1,d(item_3),move_to,step,item_3,d(item_3),0.9037,0.001,0.001,0.9037,0.001,0.001,0.001,0.001,0.0904
ungated/s40_off,106,seg1,d(item_3),move_to,step,item_3,d(item_3),0.9037,0.001,0.001,0.9037,0.001,0.001,0.001,0.001,0.0904
ungated/s40_off,107,seg1,d(item_3),move_to,step,item_3,d(item_3),0.9037,0.001,0.001,0.9037,0.001,0.001,0.001,0.001,0.0904
ungated/s40_off,108,seg1,d(item_3),move_to,step,item_3,d(item_3),0.9037,0.001,0.001,0.9037,0.001,0.001,0.001,0.001,0.0904
ungated/s40_off,109,seg1,d(item_3),move_to,step,item_3,d(item_3),0.9037,0.001,0.001,0.9037,0.001,0.001,0.001,0.001,0.0904
ungated/s40_off,110,seg1,d(item_3),move_to,step,item_3,d(item_3),0.9037,0.001,0.001,0.9037,0.001,0.001,0.001,0.001,0.0904
ungated/s40_off,111,seg1,d(item_3),move_to,step,item_3,d(item_3),0.9037,0.001,0.001,0.9037,0.001,0.001,0.001,0.001,0.0904
ungated/s40_off,112,seg1,d(item_3),move_to,step,item_3,d(item_3),0.9037,0.001,0.001,0.9037,0.001,0.001,0.001,0.001,0.0904
ungated/s40_off,113,seg1,d(item_3),move_to,step,item_3,d(item_3),0.9037,0.001,0.001,0.9037,0.001,0.001,0.001,0.001,0.0904
ungated/s40_off,114,seg1,d(item_3),move_to,,item_3,d(item_3),0.9037,0.001,0.001,0.9037,0.001,0.001,0.001,0.001,0.0904
ungated/s40_off,115,seg1,d(item_3),place,release,,unknown,0.993,0.001,0.001,0.001,0.001,0.001,0.001,0.001,0.993
ungated/s40_off,116,seg1,d(item_3),place,,,unknown,0.993,0.001,0.001,0.001,0.001,0.001,0.001,0.001,0.993
ungated/s40_off,117,seg2,coffee,,,,unknown,0.993,0.001,0.001,0.001,0.001,0.001,0.001,0.001,0.993
ungated/s40_off,118,seg2,coffee,move_to,step,,unknown,0.993,0.001,0.001,0.001,0.001,0.001,0.001,0.001,0.993
ungated/s40_off,119,seg2,coffee,move_to,step,,unknown,0.993,0.001,0.001,0.001,0.001,0.001,0.001,0.001,0.993
ungated/s40_off,120,seg2,coffee,move_to,step,,unknown,0.993,0.001,0.001,0.001,0.001,0.001,0.001,0.001,0.993
ungated/s40_off,121,seg2,coffee,move_to,step,,unknown,0.993,0.001,0.001,0.001,0.001,0.001,0.001,0.001,0.993
ungated/s40_off,122,seg2,coffee,move_to,step,,unknown,0.993,0.001,0.001,0.001,0.001,0.001,0.001,0.001,0.993
ungated/s40_off,123,seg2,coffee,move_to,step,,unknown,0.993,0.001,0.001,0.001,0.001,0.001,0.001,0.001,0.993
ungated/s40_off,124,seg2,coffee,move_to,step,,unknown,0.993,0.001,0.001,0.001,0.001,0.001,0.001,0.001,0.993
ungated/s40_off,125,seg2,coffee,move_to,step,,unknown,0.993,0.001,0.001,0.001,0.001,0.001,0.001,0.001,0.993
ungated/s40_off,126,seg2,coffee,move_to,step,,unknown,0.993,0.001,0.001,0.001,0.001,0.001,0.001,0.001,0.993
ungated/s40_off,127,seg2,coffee,move_to,step,,unknown,0.993,0.001,0.001,0.001,0.001,0.001,0.001,0.001,0.993
ungated/s40_off,128,seg2,coffee,move_to,step,,unknown,0.993,0.001,0.001,0.001,0.001,0.001,0.001,0.001,0.993
ungated/s40_off,129,seg2,coffee,move_to,step,,unknown,0.993,0.001,0.001,0.001,0.001,0.001,0.001,0.001,0.993
ungated/s40_off,130,seg2,coffee,move_to,step,,unknown,0.993,0.001,0.001,0.001,0.001,0.001,0.001,0.001,0.993
ungated/s40_off,131,seg2,coffee,move_to,step,,unknown,0.993,0.001,0.001,0.001,0.001,0.001,0.001,0.001,0.993
ungated/s40_off,132,seg2,coffee,move_to,step,,unknown,0.993,0.001,0.001,0.001,0.001,0.001,0.001,0.001,0.993
ungated/s40_off,133,seg2,coffee,move_to,step,,unknown,0.993,0.001,0.001,0.001,0.001,0.001,0.001,0.001,0.993
ungated/s40_off,134,seg2,coffee,move_to,step,,unknown,0.993,0.001,0.001,0.001,0.001,0.001,0.001,0.001,0.993
ungated/s40_off,135,seg2,coffee,move_to,step,,unknown,0.993,0.001,0.001,0.001,0.001,0.001,0.001,0.001,0.993
ungated/s40_off,136,seg2,coffee,move_to,step,,unknown,0.993,0.001,0.001,0.001,0.001,0.001,0.001,0.001,0.993
ungated/s40_off,137,seg2,coffee,move_to,step,,unknown,0.993,0.001,0.001,0.001,0.001,0.001,0.001,0.001,0.993
ungated/s40_off,138,seg2,coffee,move_to,step,,unknown,0.993,0.001,0.001,0.001,0.001,0.001,0.001,0.001,0.993
ungated/s40_off,139,seg2,coffee,move_to,step,,unknown,0.993,0.001,0.001,0.001,0.001,0.001,0.001,0.001,0.993
ungated/s40_off,140,seg2,coffee,move_to,step,,unknown,0.993,0.001,0.001,0.001,0.001,0.001,0.001,0.001,0.993
ungated/s40_off,141,seg2,coffee,move_to,step,,unknown,0.993,0.001,0.001,0.001,0.001,0.001,0.001,0.001,0.993
ungated/s40_off,142,seg2,coffee,move_to,step,,unknown,0.993,0.001,0.001,0.001,0.001,0.001,0.001,0.001,0.993
ungated/s40_off,143,seg2,coffee,move_to,step,,unknown,0.993,0.001,0.001,0.001,0.001,0.001,0.001,0.001,0.993
ungated/s40_off,144,seg2,coffee,move_to,step,,unknown,0.993,0.001,0.001,0.001,0.001,0.001,0.001,0.001,0.993
ungated/s40_off,145,seg2,coffee,move_to,step,,unknown,0.993,0.001,0.001,0.001,0.001,0.001,0.001,0.001,0.993
ungated/s40_off,146,seg2,coffee,move_to,step,,unknown,0.993,0.001,0.001,0.001,0.001,0.001,0.001,0.001,0.993
ungated/s40_off,147,seg2,coffee,move_to,step,,unknown,0.993,0.001,0.001,0.001,0.001,0.001,0.001,0.001,0.993
ungated/s40_off,148,seg2,coffee,move_to,step,,unknown,0.993,0.001,0.001,0.001,0.001,0.001,0.001,0.001,0.993
ungated/s40_off,149,seg2,coffee,move_to,step,,unknown,0.993,0.001,0.001,0.001,0.001,0.001,0.001,0.001,0.993
ungated/s40_off,150,seg2,coffee,move_to,step,,unknown,0.993,0.001,0.001,0.001,0.001,0.001,0.001,0.001,0.993
ungated/s40_off,151,seg2,coffee,move_to,step,,unknown,0.993,0.001,0.001,0.001,0.001,0.001,0.001,0.001,0.993
ungated/s40_off,152,seg2,coffee,move_to,step,,unknown,0.993,0.001,0.001,0.001,0.001,0.001,0.001,0.001,0.993
ungated/s40_off,153,seg2,coffee,move_to,step,,unknown,0.993,0.001,0.001,0.001,0.001,0.001,0.001,0.001,0.993
ungated/s40_off,154,seg2,coffee,move_to,,,unknown,0.993,0.001,0.001,0.001,0.001,0.001,0.001,0.001,0.993
ungated/s40_off,155,seg2,coffee,wait_at,stand,,unknown,0.993,0.001,0.001,0.001,0.001,0.001,0.001,0.001,0.993
ungated/s40_off,156,seg2,coffee,wait_at,stand,,unknown,0.993,0.001,0.001,0.001,0.001,0.001,0.001,0.001,0.993
ungated/s40_off,157,seg2,coffee,wait_at,stand,,unknown,0.993,0.001,0.001,0.001,0.001,0.001,0.001,0.001,0.993
ungated/s40_off,158,seg2,coffee,wait_at,stand,,unknown,0.993,0.001,0.001,0.001,0.001,0.001,0.001,0.001,0.993
ungated/s40_off,159,seg2,coffee,wait_at,stand,,unknown,0.993,0.001,0.001,0.001,0.001,0.001,0.001,0.001,0.993
ungated/s40_off,160,seg2,coffee,wait_at,stand,,unknown,0.993,0.001,0.001,0.001,0.001,0.001,0.001,0.001,0.993
ungated/s40_off,161,seg2,coffee,wait_at,stand,,unknown,0.993,0.001,0.001,0.001,0.001,0.001,0.001,0.001,0.993
ungated/s40_off,162,seg2,coffee,wait_at,stand,,unknown,0.993,0.001,0.001,0.001,0.001,0.001,0.001,0.001,0.993
ungated/s40_off,163,seg2,coffee,wait_at,stand,,unknown,0.993,0.001,0.001,0.001,0.001,0.001,0.001,0.001,0.993
ungated/s40_off,164,seg2,coffee,wait_at,stand,,unknown,0.993,0.001,0.001,0.001,0.001,0.001,0.001,0.001,0.993
ungated/s40_off,165,seg2,coffee,wait_at,stand,,unknown,0.993,0.001,0.001,0.001,0.001,0.001,0.001,0.001,0.993
ungated/s40_off,166,seg2,coffee,wait_at,stand,,unknown,0.993,0.001,0.001,0.001,0.001,0.001,0.001,0.001,0.993
ungated/s40_off,167,seg2,coffee,wait_at,stand,,unknown,0.993,0.001,0.001,0.001,0.001,0.001,0.001,0.001,0.993
ungated/s40_off,168,seg2,coffee,wait_at,stand,,unknown,0.993,0.001,0.001,0.001,0.001,0.001,0.001,0.001,0.993
ungated/s40_off,169,seg2,coffee,wait_at,stand,,unknown,0.993,0.001,0.001,0.001,0.001,0.001,0.001,0.001,0.993
ungated/s40_off,170,seg2,coffee,wait_at,stand,,unknown,0.993,0.001,0.001,0.001,0.001,0.001,0.001,0.001,0.993
ungated/s40_off,171,seg2,coffee,wait_at,stand,,unknown,0.993,0.001,0.001,0.001,0.001,0.001,0.001,0.001,0.993
ungated/s40_off,172,seg2,coffee,wait_at,stand,,unknown,0.993,0.001,0.001,0.001,0.001,0.001,0.001,0.001,0.993
ungated/s40_off,173,seg2,coffee,wait_at,stand,,unknown,0.993,0.001,0.001,0.001,0.001,0.001,0.001,0.001,0.993
ungated/s40_off,174,seg2,coffee,wait_at,stand,,unknown,0.993,0.001,0.001,0.001,0.001,0.001,0.001,0.001,0.993
ungated/s40_off,175,seg2,coffee,wait_at,stand,,unknown,0.993,0.001,0.001,0.001,0.001,0.001,0.001,0.001,0.993
ungated/s40_off,176,seg2,coffee,wait_at,stand,,unknown,0.993,0.001,0.001,0.001,0.001,0.001,0.001,0.001,0.993
ungated/s40_off,177,seg2,coffee,wait_at,stand,,unknown,0.993,0.001,0.001,0.001,0.001,0.001,0.001,0.001,0.993
ungated/s40_off,178,seg2,coffee,wait_at,stand,,unknown,0.993,0.001,0.001,0.001,0.001,0.001,0.001,0.001,0.993
ungated/s40_off,179,seg2,coffee,wait_at,stand,,unknown,0.993,0.001,0.001,0.001,0.001,0.001,0.001,0.001,0.993
ungated/s40_off,180,seg2,coffee,wait_at,stand,,unknown,0.993,0.001,0.001,0.001,0.001,0.001,0.001,0.001,0.993
ungated/s40_off,181,seg2,coffee,wait_at,stand,,unknown,0.993,0.001,0.001,0.001,0.001,0.001,0.001,0.001,0.993
ungated/s40_off,182,seg2,coffee,wait_at,stand,,unknown,0.993,0.001,0.001,0.001,0.001,0.001,0.001,0.001,0.993
ungated/s40_off,183,seg2,coffee,wait_at,stand,,unknown,0.993,0.001,0.001,0.001,0.001,0.001,0.001,0.001,0.993
ungated/s40_off,184,seg2,coffee,wait_at,stand,,unknown,0.993,0.001,0.001,0.001,0.001,0.001,0.001,0.001,0.993
ungated/s40_off,185,seg2,coffee,wait_at,,,unknown,0.993,0.001,0.001,0.001,0.001,0.001,0.001,0.001,0.993
ungated/s40_off,186,seg3a,unknown,,,,unknown,0.993,0.001,0.001,0.001,0.001,0.001,0.001,0.001,0.993
ungated/s40_off,187,seg3a,unknown,move_to,step,,unknown,0.993,0.001,0.001,0.001,0.001,0.001,0.001,0.001,0.993
ungated/s40_off,188,seg3a,unknown,move_to,step,,unknown,0.993,0.001,0.001,0.001,0.001,0.001,0.001,0.001,0.993
ungated/s40_off,189,seg3a,unknown,move_to,step,,unknown,0.993,0.001,0.001,0.001,0.001,0.001,0.001,0.001,0.993
ungated/s40_off,190,seg3a,unknown,move_to,step,,unknown,0.993,0.001,0.001,0.001,0.001,0.001,0.001,0.001,0.993
ungated/s40_off,191,seg3a,unknown,move_to,step,,unknown,0.993,0.001,0.001,0.001,0.001,0.001,0.001,0.001,0.993
ungated/s40_off,192,seg3a,unknown,move_to,step,,unknown,0.993,0.001,0.001,0.001,0.001,0.001,0.001,0.001,0.993
ungated/s40_off,193,seg3a,unknown,move_to,step,,unknown,0.993,0.001,0.001,0.001,0.001,0.001,0.001,0.001,0.993
ungated/s40_off,194,seg3a,unknown,move_to,step,,unknown,0.993,0.001,0.001,0.001,0.001,0.001,0.001,0.001,0.993
ungated/s40_off,195,seg3a,unknown,move_to,step,,unknown,0.993,0.001,0.001,0.001,0.001,0.001,0.001,0.001,0.993
ungated/s40_off,196,seg3a,unknown,move_to,step,,unknown,0.993,0.001,0.001,0.001,0.001,0.001,0.001,0.001,0.993
ungated/s40_off,197,seg3a,unknown,move_to,step,,unknown,0.993,0.001,0.001,0.001,0.001,0.001,0.001,0.001,0.993
ungated/s40_off,198,seg3a,unknown,move_to,step,,unknown,0.993,0.001,0.001,0.001,0.001,0.001,0.001,0.001,0.993
ungated/s40_off,199,seg3a,unknown,move_to,step,,unknown,0.993,0.001,0.001,0.001,0.001,0.001,0.001,0.001,0.993
ungated/s40_off,200,seg3a,unknown,move_to,step,,unknown,0.993,0.001,0.001,0.001,0.001,0.001,0.001,0.001,0.993
ungated/s40_off,201,seg3a,unknown,move_to,step,,unknown,0.993,0.001,0.001,0.001,0.001,0.001,0.001,0.001,0.993
ungated/s40_off,202,seg3a,unknown,move_to,step,,unknown,0.993,0.001,0.001,0.001,0.001,0.001,0.001,0.001,0.993
ungated/s40_off,203,seg3a,unknown,move_to,step,,unknown,0.993,0.001,0.001,0.001,0.001,0.001,0.001,0.001,0.993
ungated/s40_off,204,seg3a,unknown,move_to,step,,unknown,0.993,0.001,0.001,0.001,0.001,0.001,0.001,0.001,0.993
ungated/s40_off,205,seg3a,unknown,move_to,step,,unknown,0.993,0.001,0.001,0.001,0.001,0.001,0.001,0.001,0.993
ungated/s40_off,206,seg3a,unknown,move_to,,,unknown,0.993,0.001,0.001,0.001,0.001,0.001,0.001,0.001,0.993
ungated/s40_off,207,seg3a,unknown,wait_at,stand,,unknown,0.993,0.001,0.001,0.001,0.001,0.001,0.001,0.001,0.993
ungated/s40_off,208,seg3a,unknown,wait_at,,,unknown,0.993,0.001,0.001,0.001,0.001,0.001,0.001,0.001,0.993
ungated/s40_off,209,seg3b,unknown,,,,unknown,0.993,0.001,0.001,0.001,0.001,0.001,0.001,0.001,0.993
ungated/s40_off,210,seg3b,unknown,move_to,step,,unknown,0.993,0.001,0.001,0.001,0.001,0.001,0.001,0.001,0.993
ungated/s40_off,211,seg3b,unknown,move_to,step,,unknown,0.993,0.001,0.001,0.001,0.001,0.001,0.001,0.001,0.993
ungated/s40_off,212,seg3b,unknown,move_to,step,,unknown,0.993,0.001,0.001,0.001,0.001,0.001,0.001,0.001,0.993
ungated/s40_off,213,seg3b,unknown,move_to,step,,unknown,0.993,0.001,0.001,0.001,0.001,0.001,0.001,0.001,0.993
ungated/s40_off,214,seg3b,unknown,move_to,step,,unknown,0.993,0.001,0.001,0.001,0.001,0.001,0.001,0.001,0.993
ungated/s40_off,215,seg3b,unknown,move_to,step,,unknown,0.993,0.001,0.001,0.001,0.001,0.001,0.001,0.001,0.993
ungated/s40_off,216,seg3b,unknown,move_to,step,,unknown,0.993,0.001,0.001,0.001,0.001,0.001,0.001,0.001,0.993
ungated/s40_off,217,seg3b,unknown,move_to,step,,unknown,0.993,0.001,0.001,0.001,0.001,0.001,0.001,0.001,0.993
ungated/s40_off,218,seg3b,unknown,move_to,step,,unknown,0.993,0.001,0.001,0.001,0.001,0.001,0.001,0.001,0.993
ungated/s40_off,219,seg3b,unknown,move_to,step,,unknown,0.993,0.001,0.001,0.001,0.001,0.001,0.001,0.001,0.993
ungated/s40_off,220,seg3b,unknown,move_to,step,,unknown,0.993,0.001,0.001,0.001,0.001,0.001,0.001,0.001,0.993
ungated/s40_off,221,seg3b,unknown,move_to,step,,unknown,0.993,0.001,0.001,0.001,0.001,0.001,0.001,0.001,0.993
ungated/s40_off,222,seg3b,unknown,move_to,step,,unknown,0.993,0.001,0.001,0.001,0.001,0.001,0.001,0.001,0.993
ungated/s40_off,223,seg3b,unknown,move_to,step,,unknown,0.993,0.001,0.001,0.001,0.001,0.001,0.001,0.001,0.993
ungated/s40_off,224,seg3b,unknown,move_to,step,,unknown,0.993,0.001,0.001,0.001,0.001,0.001,0.001,0.001,0.993
ungated/s40_off,225,seg3b,unknown,move_to,step,,unknown,0.993,0.001,0.001,0.001,0.001,0.001,0.001,0.001,0.993
ungated/s40_off,226,seg3b,unknown,move_to,step,,unknown,0.993,0.001,0.001,0.001,0.001,0.001,0.001,0.001,0.993
ungated/s40_off,227,seg3b,unknown,move_to,,,unknown,0.993,0.001,0.001,0.001,0.001,0.001,0.001,0.001,0.993
ungated/s40_off,228,seg3b,unknown,wait_at,stand,,unknown,0.993,0.001,0.001,0.001,0.001,0.001,0.001,0.001,0.993
ungated/s40_off,229,seg3b,unknown,wait_at,,,unknown,0.993,0.001,0.001,0.001,0.001,0.001,0.001,0.001,0.993
ungated/s40_off,230,seg4,d(item_6),,,,unknown,0.993,0.001,0.001,0.001,0.001,0.001,0.001,0.001,0.993
ungated/s40_off,231,seg4,d(item_6),move_to,step,,unknown,0.993,0.001,0.001,0.001,0.001,0.001,0.001,0.001,0.993
ungated/s40_off,232,seg4,d(item_6),move_to,step,,unknown,0.993,0.001,0.001,0.001,0.001,0.001,0.001,0.001,0.993
ungated/s40_off,233,seg4,d(item_6),move_to,step,,unknown,0.993,0.001,0.001,0.001,0.001,0.001,0.001,0.001,0.993
ungated/s40_off,234,seg4,d(item_6),move_to,step,,unknown,0.993,0.001,0.001,0.001,0.001,0.001,0.001,0.001,0.993
ungated/s40_off,235,seg4,d(item_6),move_to,step,,unknown,0.993,0.001,0.001,0.001,0.001,0.001,0.001,0.001,0.993
ungated/s40_off,236,seg4,d(item_6),move_to,step,,unknown,0.993,0.001,0.001,0.001,0.001,0.001,0.001,0.001,0.993
ungated/s40_off,237,seg4,d(item_6),move_to,step,,unknown,0.993,0.001,0.001,0.001,0.001,0.001,0.001,0.001,0.993
ungated/s40_off,238,seg4,d(item_6),move_to,step,,unknown,0.993,0.001,0.001,0.001,0.001,0.001,0.001,0.001,0.993
ungated/s40_off,239,seg4,d(item_6),move_to,step,,unknown,0.993,0.001,0.001,0.001,0.001,0.001,0.001,0.001,0.993
ungated/s40_off,240,seg4,d(item_6),move_to,step,,unknown,0.993,0.001,0.001,0.001,0.001,0.001,0.001,0.001,0.993
ungated/s40_off,241,seg4,d(item_6),move_to,step,,unknown,0.993,0.001,0.001,0.001,0.001,0.001,0.001,0.001,0.993
ungated/s40_off,242,seg4,d(item_6),move_to,step,,unknown,0.993,0.001,0.001,0.001,0.001,0.001,0.001,0.001,0.993
ungated/s40_off,243,seg4,d(item_6),move_to,step,,unknown,0.993,0.001,0.001,0.001,0.001,0.001,0.001,0.001,0.993
ungated/s40_off,244,seg4,d(item_6),move_to,step,,unknown,0.993,0.001,0.001,0.001,0.001,0.001,0.001,0.001,0.993
ungated/s40_off,245,seg4,d(item_6),move_to,step,,unknown,0.993,0.001,0.001,0.001,0.001,0.001,0.001,0.001,0.993
ungated/s40_off,246,seg4,d(item_6),move_to,step,,unknown,0.993,0.001,0.001,0.001,0.001,0.001,0.001,0.001,0.993
ungated/s40_off,247,seg4,d(item_6),move_to,step,,unknown,0.993,0.001,0.001,0.001,0.001,0.001,0.001,0.001,0.993
ungated/s40_off,248,seg4,d(item_6),move_to,step,,unknown,0.993,0.001,0.001,0.001,0.001,0.001,0.001,0.001,0.993
ungated/s40_off,249,seg4,d(item_6),move_to,step,,unknown,0.993,0.001,0.001,0.001,0.001,0.001,0.001,0.001,0.993
ungated/s40_off,250,seg4,d(item_6),move_to,step,,unknown,0.993,0.001,0.001,0.001,0.001,0.001,0.001,0.001,0.993
ungated/s40_off,251,seg4,d(item_6),move_to,step,,unknown,0.993,0.001,0.001,0.001,0.001,0.001,0.001,0.001,0.993
ungated/s40_off,252,seg4,d(item_6),move_to,step,,unknown,0.993,0.001,0.001,0.001,0.001,0.001,0.001,0.001,0.993
ungated/s40_off,253,seg4,d(item_6),move_to,step,,unknown,0.993,0.001,0.001,0.001,0.001,0.001,0.001,0.001,0.993
ungated/s40_off,254,seg4,d(item_6),move_to,step,,unknown,0.993,0.001,0.001,0.001,0.001,0.001,0.001,0.001,0.993
ungated/s40_off,255,seg4,d(item_6),move_to,step,,unknown,0.993,0.001,0.001,0.001,0.001,0.001,0.001,0.001,0.993
ungated/s40_off,256,seg4,d(item_6),move_to,step,,unknown,0.993,0.001,0.001,0.001,0.001,0.001,0.001,0.001,0.993
ungated/s40_off,257,seg4,d(item_6),move_to,step,,unknown,0.993,0.001,0.001,0.001,0.001,0.001,0.001,0.001,0.993
ungated/s40_off,258,seg4,d(item_6),move_to,step,,unknown,0.993,0.001,0.001,0.001,0.001,0.001,0.001,0.001,0.993
ungated/s40_off,259,seg4,d(item_6),move_to,step,,unknown,0.993,0.001,0.001,0.001,0.001,0.001,0.001,0.001,0.993
ungated/s40_off,260,seg4,d(item_6),move_to,step,,unknown,0.993,0.001,0.001,0.001,0.001,0.001,0.001,0.001,0.993
ungated/s40_off,261,seg4,d(item_6),move_to,step,,unknown,0.993,0.001,0.001,0.001,0.001,0.001,0.001,0.001,0.993
ungated/s40_off,262,seg4,d(item_6),move_to,step,,unknown,0.993,0.001,0.001,0.001,0.001,0.001,0.001,0.001,0.993
ungated/s40_off,263,seg4,d(item_6),move_to,step,,unknown,0.993,0.001,0.001,0.001,0.001,0.001,0.001,0.001,0.993
ungated/s40_off,264,seg4,d(item_6),move_to,step,,unknown,0.993,0.001,0.001,0.001,0.001,0.001,0.001,0.001,0.993
ungated/s40_off,265,seg4,d(item_6),move_to,step,,unknown,0.993,0.001,0.001,0.001,0.001,0.001,0.001,0.001,0.993
ungated/s40_off,266,seg4,d(item_6),move_to,step,,unknown,0.993,0.001,0.001,0.001,0.001,0.001,0.001,0.001,0.993
ungated/s40_off,267,seg4,d(item_6),move_to,step,,unknown,0.993,0.001,0.001,0.001,0.001,0.001,0.001,0.001,0.993
ungated/s40_off,268,seg4,d(item_6),move_to,step,,unknown,0.993,0.001,0.001,0.001,0.001,0.001,0.001,0.001,0.993
ungated/s40_off,269,seg4,d(item_6),move_to,step,,unknown,0.993,0.001,0.001,0.001,0.001,0.001,0.001,0.001,0.993
ungated/s40_off,270,seg4,d(item_6),move_to,step,,unknown,0.993,0.001,0.001,0.001,0.001,0.001,0.001,0.001,0.993
ungated/s40_off,271,seg4,d(item_6),move_to,,,unknown,0.993,0.001,0.001,0.001,0.001,0.001,0.001,0.001,0.993
ungated/s40_off,272,seg4,d(item_6),pick_up,grasp,item_6,unknown,0.993,0.001,0.001,0.001,0.001,0.001,0.001,0.001,0.993
ungated/s40_off,273,seg4,d(item_6),pick_up,,item_6,unknown,0.993,0.001,0.001,0.001,0.001,0.001,0.001,0.001,0.993
ungated/s40_off,274,seg4,d(item_6),move_to,step,item_6,unknown,0.993,0.001,0.001,0.001,0.001,0.001,0.001,0.001,0.993
ungated/s40_off,275,seg4,d(item_6),move_to,step,item_6,unknown,0.993,0.001,0.001,0.001,0.001,0.001,0.001,0.001,0.993
ungated/s40_off,276,seg4,d(item_6),move_to,step,item_6,unknown,0.993,0.001,0.001,0.001,0.001,0.001,0.001,0.001,0.993
ungated/s40_off,277,seg4,d(item_6),move_to,step,item_6,unknown,0.993,0.001,0.001,0.001,0.001,0.001,0.001,0.001,0.993
ungated/s40_off,278,seg4,d(item_6),move_to,step,item_6,unknown,0.993,0.001,0.001,0.001,0.001,0.001,0.001,0.001,0.993
ungated/s40_off,279,seg4,d(item_6),move_to,step,item_6,unknown,0.993,0.001,0.001,0.001,0.001,0.001,0.001,0.001,0.993
ungated/s40_off,280,seg4,d(item_6),move_to,step,item_6,unknown,0.993,0.001,0.001,0.001,0.001,0.001,0.001,0.001,0.993
ungated/s40_off,281,seg4,d(item_6),move_to,step,item_6,unknown,0.993,0.001,0.001,0.001,0.001,0.001,0.001,0.001,0.993
ungated/s40_off,282,seg4,d(item_6),move_to,step,item_6,unknown,0.993,0.001,0.001,0.001,0.001,0.001,0.001,0.001,0.993
ungated/s40_off,283,seg4,d(item_6),move_to,step,item_6,unknown,0.993,0.001,0.001,0.001,0.001,0.001,0.001,0.001,0.993
ungated/s40_off,284,seg4,d(item_6),move_to,step,item_6,unknown,0.993,0.001,0.001,0.001,0.001,0.001,0.001,0.001,0.993
ungated/s40_off,285,seg4,d(item_6),move_to,step,item_6,unknown,0.993,0.001,0.001,0.001,0.001,0.001,0.001,0.001,0.993
ungated/s40_off,286,seg4,d(item_6),move_to,step,item_6,unknown,0.993,0.001,0.001,0.001,0.001,0.001,0.001,0.001,0.993
ungated/s40_off,287,seg4,d(item_6),move_to,step,item_6,unknown,0.993,0.001,0.001,0.001,0.001,0.001,0.001,0.001,0.993
ungated/s40_off,288,seg4,d(item_6),move_to,step,item_6,unknown,0.993,0.001,0.001,0.001,0.001,0.001,0.001,0.001,0.993
ungated/s40_off,289,seg4,d(item_6),move_to,step,item_6,unknown,0.993,0.001,0.001,0.001,0.001,0.001,0.001,0.001,0.993
ungated/s40_off,290,seg4,d(item_6),move_to,step,item_6,unknown,0.993,0.001,0.001,0.001,0.001,0.001,0.001,0.001,0.993
ungated/s40_off,291,seg4,d(item_6),move_to,step,item_6,unknown,0.993,0.001,0.001,0.001,0.001,0.001,0.001,0.001,0.993
ungated/s40_off,292,seg4,d(item_6),move_to,step,item_6,unknown,0.993,0.001,0.001,0.001,0.001,0.001,0.001,0.001,0.993
ungated/s40_off,293,seg4,d(item_6),move_to,step,item_6,unknown,0.993,0.001,0.001,0.001,0.001,0.001,0.001,0.001,0.993
ungated/s40_off,294,seg4,d(item_6),move_to,step,item_6,unknown,0.993,0.001,0.001,0.001,0.001,0.001,0.001,0.001,0.993
ungated/s40_off,295,seg4,d(item_6),move_to,step,item_6,unknown,0.993,0.001,0.001,0.001,0.001,0.001,0.001,0.001,0.993
ungated/s40_off,296,seg4,d(item_6),move_to,step,item_6,unknown,0.993,0.001,0.001,0.001,0.001,0.001,0.001,0.001,0.993
ungated/s40_off,297,seg4,d(item_6),move_to,step,item_6,unknown,0.993,0.001,0.001,0.001,0.001,0.001,0.001,0.001,0.993
ungated/s40_off,298,seg4,d(item_6),move_to,step,item_6,unknown,0.993,0.001,0.001,0.001,0.001,0.001,0.001,0.001,0.993
ungated/s40_off,299,seg4,d(item_6),move_to,step,item_6,unknown,0.993,0.001,0.001,0.001,0.001,0.001,0.001,0.001,0.993
ungated/s40_off,300,seg4,d(item_6),move_to,step,item_6,unknown,0.993,0.001,0.001,0.001,0.001,0.001,0.001,0.001,0.993
ungated/s40_off,301,seg4,d(item_6),move_to,step,item_6,unknown,0.993,0.001,0.001,0.001,0.001,0.001,0.001,0.001,0.993
ungated/s40_off,302,seg4,d(item_6),move_to,step,item_6,unknown,0.993,0.001,0.001,0.001,0.001,0.001,0.001,0.001,0.993
ungated/s40_off,303,seg4,d(item_6),move_to,step,item_6,unknown,0.993,0.001,0.001,0.001,0.001,0.001,0.001,0.001,0.993
ungated/s40_off,304,seg4,d(item_6),move_to,step,item_6,unknown,0.993,0.001,0.001,0.001,0.001,0.001,0.001,0.001,0.993
ungated/s40_off,305,seg4,d(item_6),move_to,step,item_6,unknown,0.993,0.001,0.001,0.001,0.001,0.001,0.001,0.001,0.993
ungated/s40_off,306,seg4,d(item_6),move_to,step,item_6,unknown,0.993,0.001,0.001,0.001,0.001,0.001,0.001,0.001,0.993
ungated/s40_off,307,seg4,d(item_6),move_to,step,item_6,unknown,0.993,0.001,0.001,0.001,0.001,0.001,0.001,0.001,0.993
ungated/s40_off,308,seg4,d(item_6),move_to,step,item_6,unknown,0.993,0.001,0.001,0.001,0.001,0.001,0.001,0.001,0.993
ungated/s40_off,309,seg4,d(item_6),move_to,step,item_6,unknown,0.993,0.001,0.001,0.001,0.001,0.001,0.001,0.001,0.993
ungated/s40_off,310,seg4,d(item_6),move_to,step,item_6,unknown,0.993,0.001,0.001,0.001,0.001,0.001,0.001,0.001,0.993
ungated/s40_off,311,seg4,d(item_6),move_to,step,item_6,unknown,0.993,0.001,0.001,0.001,0.001,0.001,0.001,0.001,0.993
ungated/s40_off,312,seg4,d(item_6),move_to,step,item_6,unknown,0.993,0.001,0.001,0.001,0.001,0.001,0.001,0.001,0.993
ungated/s40_off,313,seg4,d(item_6),move_to,step,item_6,unknown,0.993,0.001,0.001,0.001,0.001,0.001,0.001,0.001,0.993
ungated/s40_off,314,seg4,d(item_6),move_to,step,item_6,unknown,0.993,0.001,0.001,0.001,0.001,0.001,0.001,0.001,0.993
ungated/s40_off,315,seg4,d(item_6),move_to,step,item_6,unknown,0.993,0.001,0.001,0.001,0.001,0.001,0.001,0.001,0.993
ungated/s40_off,316,seg4,d(item_6),move_to,step,item_6,unknown,0.993,0.001,0.001,0.001,0.001,0.001,0.001,0.001,0.993
ungated/s40_off,317,seg4,d(item_6),move_to,step,item_6,unknown,0.993,0.001,0.001,0.001,0.001,0.001,0.001,0.001,0.993
ungated/s40_off,318,seg4,d(item_6),move_to,step,item_6,unknown,0.993,0.001,0.001,0.001,0.001,0.001,0.001,0.001,0.993
ungated/s40_off,319,seg4,d(item_6),move_to,step,item_6,unknown,0.993,0.001,0.001,0.001,0.001,0.001,0.001,0.001,0.993
ungated/s40_off,320,seg4,d(item_6),move_to,step,item_6,unknown,0.993,0.001,0.001,0.001,0.001,0.001,0.001,0.001,0.993
ungated/s40_off,321,seg4,d(item_6),move_to,step,item_6,unknown,0.993,0.001,0.001,0.001,0.001,0.001,0.001,0.001,0.993
ungated/s40_off,322,seg4,d(item_6),move_to,step,item_6,unknown,0.993,0.001,0.001,0.001,0.001,0.001,0.001,0.001,0.993
ungated/s40_off,323,seg4,d(item_6),move_to,step,item_6,unknown,0.993,0.001,0.001,0.001,0.001,0.001,0.001,0.001,0.993
ungated/s40_off,324,seg4,d(item_6),move_to,step,item_6,unknown,0.993,0.001,0.001,0.001,0.001,0.001,0.001,0.001,0.993
ungated/s40_off,325,seg4,d(item_6),move_to,step,item_6,unknown,0.993,0.001,0.001,0.001,0.001,0.001,0.001,0.001,0.993
ungated/s40_off,326,seg4,d(item_6),move_to,step,item_6,unknown,0.993,0.001,0.001,0.001,0.001,0.001,0.001,0.001,0.993
ungated/s40_off,327,seg4,d(item_6),move_to,step,item_6,unknown,0.993,0.001,0.001,0.001,0.001,0.001,0.001,0.001,0.993
ungated/s40_off,328,seg4,d(item_6),move_to,step,item_6,unknown,0.993,0.001,0.001,0.001,0.001,0.001,0.001,0.001,0.993
ungated/s40_off,329,seg4,d(item_6),move_to,step,item_6,unknown,0.993,0.001,0.001,0.001,0.001,0.001,0.001,0.001,0.993
ungated/s40_off,330,seg4,d(item_6),move_to,,item_6,unknown,0.993,0.001,0.001,0.001,0.001,0.001,0.001,0.001,0.993
ungated/s40_off,331,seg4,d(item_6),place,release,,unknown,0.993,0.001,0.001,0.001,0.001,0.001,0.001,0.001,0.993
ungated/s40_off,332,seg4,d(item_6),place,,,unknown,0.993,0.001,0.001,0.001,0.001,0.001,0.001,0.001,0.993
ungated/s40_off,333,done,unknown,,,,unknown,0.993,0.001,0.001,0.001,0.001,0.001,0.001,0.001,0.993
ungated/s40_off,334,done,unknown,,,,unknown,0.993,0.001,0.001,0.001,0.001,0.001,0.001,0.001,0.993
ungated/s40_off,335,done,unknown,,,,unknown,0.993,0.001,0.001,0.001,0.001,0.001,0.001,0.001,0.993
ungated/s40_off,336,done,unknown,,,,unknown,0.993,0.001,0.001,0.001,0.001,0.001,0.001,0.001,0.993
ungated/s40_off,337,done,unknown,,,,unknown,0.993,0.001,0.001,0.001,0.001,0.001,0.001,0.001,0.993
ungated/s40_off,338,done,unknown,,,,unknown,0.993,0.001,0.001,0.001,0.001,0.001,0.001,0.001,0.993
ungated/s40_off,339,done,unknown,,,,unknown,0.993,0.001,0.001,0.001,0.001,0.001,0.001,0.001,0.993
ungated/s40_off,340,done,unknown,,,,unknown,0.993,0.001,0.001,0.001,0.001,0.001,0.001,0.001,0.993
ungated/s40_off,341,done,unknown,,,,unknown,0.993,0.001,0.001,0.001,0.001,0.001,0.001,0.001,0.993
ungated/s40_off,342,done,unknown,,,,unknown,0.993,0.001,0.001,0.001,0.001,0.001,0.001,0.001,0.993
ungated/s40_off,343,done,unknown,,,,unknown,0.993,0.001,0.001,0.001,0.001,0.001,0.001,0.001,0.993
ungated/s40_off,344,done,unknown,,,,unknown,0.993,0.001,0.001,0.001,0.001,0.001,0.001,0.001,0.993
ungated/s40_off,345,done,unknown,,,,unknown,0.993,0.001,0.001,0.001,0.001,0.001,0.001,0.001,0.993
ungated/s40_off,346,done,unknown,,,,unknown,0.993,0.001,0.001,0.001,0.001,0.001,0.001,0.001,0.993
ungated/s40_off,347,done,unknown,,,,unknown,0.993,0.001,0.001,0.001,0.001,0.001,0.001,0.001,0.993
ungated/s40_off,348,done,unknown,,,,unknown,0.993,0.001,0.001,0.001,0.001,0.001,0.001,0.001,0.993
ungated/s40_off,349,done,unknown,,,,unknown,0.993,0.001,0.001,0.001,0.001,0.001,0.001,0.001,0.993
ungated/s40_off,350,done,unknown,,,,unknown,0.993,0.001,0.001,0.001,0.001,0.001,0.001,0.001,0.993
ungated/s40_off,351,done,unknown,,,,unknown,0.993,0.001,0.001,0.001,0.001,0.001,0.001,0.001,0.993
ungated/s40_off,352,done,unknown,,,,unknown,0.993,0.001,0.001,0.001,0.001,0.001,0.001,0.001,0.993
ungated/s40_off,353,done,unknown,,,,unknown,0.993,0.001,0.001,0.001,0.001,0.001,0.001,0.001,0.993
ungated/s40_off,354,done,unknown,,,,unknown,0.993,0.001,0.001,0.001,0.001,0.001,0.001,0.001,0.993
ungated/s40_off,355,done,unknown,,,,unknown,0.993,0.001,0.001,0.001,0.001,0.001,0.001,0.001,0.993
ungated/s40_off,356,done,unknown,,,,unknown,0.993,0.001,0.001,0.001,0.001,0.001,0.001,0.001,0.993
ungated/s40_off,357,done,unknown,,,,unknown,0.993,0.001,0.001,0.001,0.001,0.001,0.001,0.001,0.993
ungated/s40_off,358,done,unknown,,,,unknown,0.993,0.001,0.001,0.001,0.001,0.001,0.001,0.001,0.993
ungated/s40_off,359,done,unknown,,,,unknown,0.993,0.001,0.001,0.001,0.001,0.001,0.001,0.001,0.993
ungated/s40_off,360,done,unknown,,,,unknown,0.993,0.001,0.001,0.001,0.001,0.001,0.001,0.001,0.993
ungated/s40_off,361,done,unknown,,,,unknown,0.993,0.001,0.001,0.001,0.001,0.001,0.001,0.001,0.993
ungated/s40_off,362,done,unknown,,,,unknown,0.993,0.001,0.001,0.001,0.001,0.001,0.001,0.001,0.993
ungated/s40_off,363,done,unknown,,,,unknown,0.993,0.001,0.001,0.001,0.001,0.001,0.001,0.001,0.993
ungated/s40_off,364,done,unknown,,,,unknown,0.993,0.001,0.001,0.001,0.001,0.001,0.001,0.001,0.993
ungated/s40_off,365,done,unknown,,,,unknown,0.993,0.001,0.001,0.001,0.001,0.001,0.001,0.001,0.993
ungated/s40_off,366,done,unknown,,,,unknown,0.993,0.001,0.001,0.001,0.001,0.001,0.001,0.001,0.993
ungated/s40_off,367,done,unknown,,,,unknown,0.993,0.001,0.001,0.001,0.001,0.001,0.001,0.001,0.993
ungated/s40_off,368,done,unknown,,,,unknown,0.993,0.001,0.001,0.001,0.001,0.001,0.001,0.001,0.993
ungated/s40_off,369,done,unknown,,,,unknown,0.993,0.001,0.001,0.001,0.001,0.001,0.001,0.001,0.993
ungated/s40_off,370,done,unknown,,,,unknown,0.993,0.001,0.001,0.001,0.001,0.001,0.001,0.001,0.993
ungated/s40_off,371,done,unknown,,,,unknown,0.993,0.001,0.001,0.001,0.001,0.001,0.001,0.001,0.993
ungated/s40_off,372,done,unknown,,,,unknown,0.993,0.001,0.001,0.001,0.001,0.001,0.001,0.001,0.993
ungated/s40_off,373,done,unknown,,,,unknown,0.993,0.001,0.001,0.001,0.001,0.001,0.001,0.001,0.993
ungated/s40_off,374,done,unknown,,,,unknown,0.993,0.001,0.001,0.001,0.001,0.001,0.001,0.001,0.993
ungated/s40_off,375,done,unknown,,,,unknown,0.993,0.001,0.001,0.001,0.001,0.001,0.001,0.001,0.993
ungated/s40_off,376,done,unknown,,,,unknown,0.993,0.001,0.001,0.001,0.001,0.001,0.001,0.001,0.993
ungated/s40_off,377,done,unknown,,,,unknown,0.993,0.001,0.001,0.001,0.001,0.001,0.001,0.001,0.993
ungated/s40_off,378,done,unknown,,,,unknown,0.993,0.001,0.001,0.001,0.001,0.001,0.001,0.001,0.993
ungated/s40_on,0,seg1,d(item_3),move_to,step,,d(item_3),0.2664,0.217,0.2566,0.2664,0.001,0.001,0.2303,0.001,0.0266
ungated/s40_on,1,seg1,d(item_3),move_to,step,,d(item_3),0.2934,0.1879,0.2714,0.2934,0.001,0.001,0.215,0.001,0.0293
ungated/s40_on,2,seg1,d(item_3),move_to,step,,d(item_3),0.3236,0.1576,0.2864,0.3236,0.001,0.001,0.197,0.001,0.0324
ungated/s40_on,3,seg1,d(item_3),move_to,step,,d(item_3),0.356,0.1282,0.3005,0.356,0.001,0.001,0.1767,0.001,0.0356
ungated/s40_on,4,seg1,d(item_3),move_to,step,,d(item_3),0.3894,0.1013,0.3124,0.3894,0.001,0.001,0.1549,0.001,0.0389
ungated/s40_on,5,seg1,d(item_3),move_to,step,,d(item_3),0.4229,0.0781,0.321,0.4229,0.001,0.001,0.1328,0.001,0.0423
ungated/s40_on,6,seg1,d(item_3),move_to,step,,d(item_3),0.4555,0.0589,0.3257,0.4555,0.001,0.001,0.1114,0.001,0.0455
ungated/s40_on,7,seg1,d(item_3),move_to,step,,d(item_3),0.4867,0.0436,0.3263,0.4867,0.001,0.001,0.0917,0.001,0.0487
ungated/s40_on,8,seg1,d(item_3),move_to,step,,d(item_3),0.5164,0.0318,0.323,0.5164,0.001,0.001,0.0741,0.001,0.0516
ungated/s40_on,9,seg1,d(item_3),move_to,step,,d(item_3),0.5445,0.0229,0.3161,0.5445,0.001,0.001,0.0591,0.001,0.0544
ungated/s40_on,10,seg1,d(item_3),move_to,step,,d(item_3),0.5711,0.0164,0.3059,0.5711,0.001,0.001,0.0465,0.001,0.0571
ungated/s40_on,11,seg1,d(item_3),move_to,step,,d(item_3),0.5964,0.0116,0.293,0.5964,0.001,0.001,0.0363,0.001,0.0596
ungated/s40_on,12,seg1,d(item_3),move_to,step,,d(item_3),0.6207,0.0082,0.278,0.6207,0.001,0.001,0.028,0.001,0.0621
ungated/s40_on,13,seg1,d(item_3),move_to,step,,d(item_3),0.6441,0.0058,0.2612,0.6441,0.001,0.001,0.0215,0.001,0.0644
ungated/s40_on,14,seg1,d(item_3),move_to,step,,d(item_3),0.6667,0.004,0.2432,0.6667,0.001,0.001,0.0164,0.001,0.0667
ungated/s40_on,15,seg1,d(item_3),move_to,step,,d(item_3),0.6886,0.0028,0.2243,0.6886,0.001,0.001,0.0124,0.001,0.0689
ungated/s40_on,16,seg1,d(item_3),move_to,step,,d(item_3),0.7098,0.002,0.2049,0.7098,0.001,0.001,0.0094,0.001,0.071
ungated/s40_on,17,seg1,d(item_3),move_to,step,,d(item_3),0.7301,0.0014,0.1855,0.7301,0.001,0.001,0.007,0.001,0.073
ungated/s40_on,18,seg1,d(item_3),move_to,step,,d(item_3),0.7495,0.001,0.1663,0.7495,0.001,0.001,0.0053,0.001,0.075
ungated/s40_on,19,seg1,d(item_3),move_to,step,,d(item_3),0.7677,0.001,0.1476,0.7677,0.001,0.001,0.0039,0.001,0.0768
ungated/s40_on,20,seg1,d(item_3),move_to,step,,d(item_3),0.7849,0.001,0.1297,0.7849,0.001,0.001,0.0029,0.001,0.0785
ungated/s40_on,21,seg1,d(item_3),move_to,step,,d(item_3),0.8008,0.001,0.1129,0.8008,0.001,0.001,0.0021,0.001,0.0801
ungated/s40_on,22,seg1,d(item_3),move_to,step,,d(item_3),0.8155,0.001,0.0974,0.8155,0.001,0.001,0.0016,0.001,0.0816
ungated/s40_on,23,seg1,d(item_3),move_to,step,,d(item_3),0.8289,0.001,0.0831,0.8289,0.001,0.001,0.0012,0.001,0.0829
ungated/s40_on,24,seg1,d(item_3),move_to,step,,d(item_3),0.8407,0.001,0.0703,0.8407,0.001,0.001,0.001,0.001,0.0841
ungated/s40_on,25,seg1,d(item_3),move_to,step,,d(item_3),0.8511,0.001,0.0588,0.8511,0.001,0.001,0.001,0.001,0.0851
ungated/s40_on,26,seg1,d(item_3),move_to,step,,d(item_3),0.8602,0.001,0.0488,0.8602,0.001,0.001,0.001,0.001,0.086
ungated/s40_on,27,seg1,d(item_3),move_to,step,,d(item_3),0.8681,0.001,0.0401,0.8681,0.001,0.001,0.001,0.001,0.0868
ungated/s40_on,28,seg1,d(item_3),move_to,step,,d(item_3),0.8748,0.001,0.0327,0.8748,0.001,0.001,0.001,0.001,0.0875
ungated/s40_on,29,seg1,d(item_3),move_to,step,,d(item_3),0.8805,0.001,0.0265,0.8805,0.001,0.001,0.001,0.001,0.088
ungated/s40_on,30,seg1,d(item_3),move_to,step,,d(item_3),0.8853,0.001,0.0212,0.8853,0.001,0.001,0.001,0.001,0.0885
ungated/s40_on,31,seg1,d(item_3),move_to,step,,d(item_3),0.8892,0.001,0.0169,0.8892,0.001,0.001,0.001,0.001,0.0889
ungated/s40_on,32,seg1,d(item_3),move_to,step,,d(item_3),0.8924,0.001,0.0134,0.8924,0.001,0.001,0.001,0.001,0.0892
ungated/s40_on,33,seg1,d(item_3),move_to,step,,d(item_3),0.895,0.001,0.0105,0.895,0.001,0.001,0.001,0.001,0.0895
ungated/s40_on,34,seg1,d(item_3),move_to,step,,d(item_3),0.8971,0.001,0.0082,0.8971,0.001,0.001,0.001,0.001,0.0897
ungated/s40_on,35,seg1,d(item_3),move_to,step,,d(item_3),0.8988,0.001,0.0063,0.8988,0.001,0.001,0.001,0.001,0.0899
ungated/s40_on,36,seg1,d(item_3),move_to,step,,d(item_3),0.9001,0.001,0.0049,0.9001,0.001,0.001,0.001,0.001,0.09
ungated/s40_on,37,seg1,d(item_3),move_to,step,,d(item_3),0.9012,0.001,0.0037,0.9012,0.001,0.001,0.001,0.001,0.0901
ungated/s40_on,38,seg1,d(item_3),move_to,step,,d(item_3),0.902,0.001,0.0028,0.902,0.001,0.001,0.001,0.001,0.0902
ungated/s40_on,39,seg1,d(item_3),move_to,step,,d(item_3),0.9026,0.001,0.0021,0.9026,0.001,0.001,0.001,0.001,0.0903
ungated/s40_on,40,seg1,d(item_3),move_to,step,,d(item_3),0.9031,0.001,0.0016,0.9031,0.001,0.001,0.001,0.001,0.0903
ungated/s40_on,41,seg1,d(item_3),move_to,step,,d(item_3),0.9035,0.001,0.0012,0.9035,0.001,0.001,0.001,0.001,0.0903
ungated/s40_on,42,seg1,d(item_3),move_to,step,,d(item_3),0.9037,0.001,0.001,0.9037,0.001,0.001,0.001,0.001,0.0904
ungated/s40_on,43,seg1,d(item_3),move_to,step,,d(item_3),0.9037,0.001,0.001,0.9037,0.001,0.001,0.001,0.001,0.0904
ungated/s40_on,44,seg1,d(item_3),move_to,step,,d(item_3),0.9037,0.001,0.001,0.9037,0.001,0.001,0.001,0.001,0.0904
ungated/s40_on,45,seg1,d(item_3),move_to,step,,d(item_3),0.9037,0.001,0.001,0.9037,0.001,0.001,0.001,0.001,0.0904
ungated/s40_on,46,seg1,d(item_3),move_to,step,,d(item_3),0.9037,0.001,0.001,0.9037,0.001,0.001,0.001,0.001,0.0904
ungated/s40_on,47,seg1,d(item_3),move_to,step,,d(item_3),0.9037,0.001,0.001,0.9037,0.001,0.001,0.001,0.001,0.0904
ungated/s40_on,48,seg1,d(item_3),move_to,step,,d(item_3),0.9037,0.001,0.001,0.9037,0.001,0.001,0.001,0.001,0.0904
ungated/s40_on,49,seg1,d(item_3),move_to,step,,d(item_3),0.9037,0.001,0.001,0.9037,0.001,0.001,0.001,0.001,0.0904
ungated/s40_on,50,seg1,d(item_3),move_to,step,,d(item_3),0.9037,0.001,0.001,0.9037,0.001,0.001,0.001,0.001,0.0904
ungated/s40_on,51,seg1,d(item_3),move_to,step,,d(item_3),0.9037,0.001,0.001,0.9037,0.001,0.001,0.001,0.001,0.0904
ungated/s40_on,52,seg1,d(item_3),move_to,step,,d(item_3),0.9037,0.001,0.001,0.9037,0.001,0.001,0.001,0.001,0.0904
ungated/s40_on,53,seg1,d(item_3),move_to,step,,d(item_3),0.9037,0.001,0.001,0.9037,0.001,0.001,0.001,0.001,0.0904
ungated/s40_on,54,seg1,d(item_3),move_to,step,,d(item_3),0.9037,0.001,0.001,0.9037,0.001,0.001,0.001,0.001,0.0904
ungated/s40_on,55,seg1,d(item_3),move_to,step,,d(item_3),0.9037,0.001,0.001,0.9037,0.001,0.001,0.001,0.001,0.0904
ungated/s40_on,56,seg1,d(item_3),move_to,step,,d(item_3),0.9037,0.001,0.001,0.9037,0.001,0.001,0.001,0.001,0.0904
ungated/s40_on,57,seg1,d(item_3),move_to,step,,d(item_3),0.9037,0.001,0.001,0.9037,0.001,0.001,0.001,0.001,0.0904
ungated/s40_on,58,seg1,d(item_3),move_to,step,,d(item_3),0.9037,0.001,0.001,0.9037,0.001,0.001,0.001,0.001,0.0904
ungated/s40_on,59,seg1,d(item_3),move_to,,,d(item_3),0.9037,0.001,0.001,0.9037,0.001,0.001,0.001,0.001,0.0904
ungated/s40_on,60,seg1,d(item_3),pick_up,grasp,item_3,d(item_3),0.9037,0.001,0.001,0.9037,0.001,0.001,0.001,0.001,0.0904
ungated/s40_on,61,seg1,d(item_3),pick_up,,item_3,d(item_3),0.9037,0.001,0.001,0.9037,0.001,0.001,0.001,0.001,0.0904
ungated/s40_on,62,seg1,d(item_3),move_to,step,item_3,d(item_3),0.9037,0.001,0.001,0.9037,0.001,0.001,0.001,0.001,0.0904
ungated/s40_on,63,seg1,d(item_3),move_to,step,item_3,d(item_3),0.9037,0.001,0.001,0.9037,0.001,0.001,0.001,0.001,0.0904
ungated/s40_on,64,seg1,d(item_3),move_to,step,item_3,d(item_3),0.9037,0.001,0.001,0.9037,0.001,0.001,0.001,0.001,0.0904
ungated/s40_on,65,seg1,d(item_3),move_to,step,item_3,d(item_3),0.9037,0.001,0.001,0.9037,0.001,0.001,0.001,0.001,0.0904
ungated/s40_on,66,seg1,d(item_3),move_to,step,item_3,d(item_3),0.9037,0.001,0.001,0.9037,0.001,0.001,0.001,0.001,0.0904
ungated/s40_on,67,seg1,d(item_3),move_to,step,item_3,d(item_3),0.9037,0.001,0.001,0.9037,0.001,0.001,0.001,0.001,0.0904
ungated/s40_on,68,seg1,d(item_3),move_to,step,item_3,d(item_3),0.9037,0.001,0.001,0.9037,0.001,0.001,0.001,0.001,0.0904
ungated/s40_on,69,seg1,d(item_3),move_to,step,item_3,d(item_3),0.9037,0.001,0.001,0.9037,0.001,0.001,0.001,0.001,0.0904
ungated/s40_on,70,seg1,d(item_3),move_to,step,item_3,d(item_3),0.9037,0.001,0.001,0.9037,0.001,0.001,0.001,0.001,0.0904
ungated/s40_on,71,seg1,d(item_3),move_to,step,item_3,d(item_3),0.9037,0.001,0.001,0.9037,0.001,0.001,0.001,0.001,0.0904
ungated/s40_on,72,seg1,d(item_3),move_to,step,item_3,d(item_3),0.9037,0.001,0.001,0.9037,0.001,0.001,0.001,0.001,0.0904
ungated/s40_on,73,seg1,d(item_3),move_to,step,item_3,d(item_3),0.9037,0.001,0.001,0.9037,0.001,0.001,0.001,0.001,0.0904
ungated/s40_on,74,seg1,d(item_3),move_to,step,item_3,d(item_3),0.9037,0.001,0.001,0.9037,0.001,0.001,0.001,0.001,0.0904
ungated/s40_on,75,seg1,d(item_3),move_to,step,item_3,d(item_3),0.9037,0.001,0.001,0.9037,0.001,0.001,0.001,0.001,0.0904
ungated/s40_on,76,seg1,d(item_3),move_to,step,item_3,d(item_3),0.9037,0.001,0.001,0.9037,0.001,0.001,0.001,0.001,0.0904
ungated/s40_on,77,seg1,d(item_3),move_to,step,item_3,d(item_3),0.9037,0.001,0.001,0.9037,0.001,0.001,0.001,0.001,0.0904
ungated/s40_on,78,seg1,d(item_3),move_to,step,item_3,d(item_3),0.9037,0.001,0.001,0.9037,0.001,0.001,0.001,0.001,0.0904
ungated/s40_on,79,seg1,d(item_3),move_to,step,item_3,d(item_3),0.9037,0.001,0.001,0.9037,0.001,0.001,0.001,0.001,0.0904
ungated/s40_on,80,seg1,d(item_3),move_to,step,item_3,d(item_3),0.9037,0.001,0.001,0.9037,0.001,0.001,0.001,0.001,0.0904
ungated/s40_on,81,seg1,d(item_3),move_to,step,item_3,d(item_3),0.9037,0.001,0.001,0.9037,0.001,0.001,0.001,0.001,0.0904
ungated/s40_on,82,seg1,d(item_3),move_to,step,item_3,d(item_3),0.9037,0.001,0.001,0.9037,0.001,0.001,0.001,0.001,0.0904
ungated/s40_on,83,seg1,d(item_3),move_to,step,item_3,d(item_3),0.9037,0.001,0.001,0.9037,0.001,0.001,0.001,0.001,0.0904
ungated/s40_on,84,seg1,d(item_3),move_to,step,item_3,d(item_3),0.9037,0.001,0.001,0.9037,0.001,0.001,0.001,0.001,0.0904
ungated/s40_on,85,seg1,d(item_3),move_to,step,item_3,d(item_3),0.9037,0.001,0.001,0.9037,0.001,0.001,0.001,0.001,0.0904
ungated/s40_on,86,seg1,d(item_3),move_to,step,item_3,d(item_3),0.9037,0.001,0.001,0.9037,0.001,0.001,0.001,0.001,0.0904
ungated/s40_on,87,seg1,d(item_3),move_to,step,item_3,d(item_3),0.9037,0.001,0.001,0.9037,0.001,0.001,0.001,0.001,0.0904
ungated/s40_on,88,seg1,d(item_3),move_to,step,item_3,d(item_3),0.9037,0.001,0.001,0.9037,0.001,0.001,0.001,0.001,0.0904
ungated/s40_on,89,seg1,d(item_3),move_to,step,item_3,d(item_3),0.9037,0.001,0.001,0.9037,0.001,0.001,0.001,0.001,0.0904
ungated/s40_on,90,seg1,d(item_3),move_to,step,item_3,d(item_3),0.9037,0.001,0.001,0.9037,0.001,0.001,0.001,0.001,0.0904
ungated/s40_on,91,seg1,d(item_3),move_to,step,item_3,d(item_3),0.9037,0.001,0.001,0.9037,0.001,0.001,0.001,0.001,0.0904
ungated/s40_on,92,seg1,d(item_3),move_to,step,item_3,d(item_3),0.9037,0.001,0.001,0.9037,0.001,0.001,0.001,0.001,0.0904
ungated/s40_on,93,seg1,d(item_3),move_to,step,item_3,d(item_3),0.9037,0.001,0.001,0.9037,0.001,0.001,0.001,0.001,0.0904
ungated/s40_on,94,seg1,d(item_3),move_to,step,item_3,d(item_3),0.9037,0.001,0.001,0.9037,0.001,0.001,0.001,0.001,0.0904
ungated/s40_on,95,seg1,d(item_3),move_to,step,item_3,d(item_3),0.9037,0.001,0.001,0.9037,0.001,0.001,0.001,0.001,0.0904
ungated/s40_on,96,seg1,d(item_3),move_to,step,item_3,d(item_3),0.9037,0.001,0.001,0.9037,0.001,0.001,0.001,0.001,0.0904
ungated/s40_on,97,seg1,d(item_3),move_to,step,item_3,d(item_3),0.9037,0.001,0.001,0.9037,0.001,0.001,0.001,0.001,0.0904
ungated/s40_on,98,seg1,d(item_3),move_to,step,item_3,d(item_3),0.9037,0.001,0.001,0.9037,0.001,0.001,0.001,0.001,0.0904
ungated/s40_on,99,seg1,d(item_3),move_to,step,item_3,d(item_3),0.9037,0.001,0.001,0.9037,0.001,0.001,0.001,0.001,0.0904
ungated/s40_on,100,seg1,d(item_3),move_to,step,item_3,d(item_3),0.9037,0.001,0.001,0.9037,0.001,0.001,0.001,0.001,0.0904
ungated/s40_on,101,seg1,d(item_3),move_to,step,item_3,d(item_3),0.9037,0.001,0.001,0.9037,0.001,0.001,0.001,0.001,0.0904
ungated/s40_on,102,seg1,d(item_3),move_to,step,item_3,d(item_3),0.9037,0.001,0.001,0.9037,0.001,0.001,0.001,0.001,0.0904
ungated/s40_on,103,seg1,d(item_3),move_to,step,item_3,d(item_3),0.9037,0.001,0.001,0.9037,0.001,0.001,0.001,0.001,0.0904
ungated/s40_on,104,seg1,d(item_3),move_to,step,item_3,d(item_3),0.9037,0.001,0.001,0.9037,0.001,0.001,0.001,0.001,0.0904
ungated/s40_on,105,seg1,d(item_3),move_to,step,item_3,d(item_3),0.9037,0.001,0.001,0.9037,0.001,0.001,0.001,0.001,0.0904
ungated/s40_on,106,seg1,d(item_3),move_to,step,item_3,d(item_3),0.9037,0.001,0.001,0.9037,0.001,0.001,0.001,0.001,0.0904
ungated/s40_on,107,seg1,d(item_3),move_to,step,item_3,d(item_3),0.9037,0.001,0.001,0.9037,0.001,0.001,0.001,0.001,0.0904
ungated/s40_on,108,seg1,d(item_3),move_to,step,item_3,d(item_3),0.9037,0.001,0.001,0.9037,0.001,0.001,0.001,0.001,0.0904
ungated/s40_on,109,seg1,d(item_3),move_to,step,item_3,d(item_3),0.9037,0.001,0.001,0.9037,0.001,0.001,0.001,0.001,0.0904
ungated/s40_on,110,seg1,d(item_3),move_to,step,item_3,d(item_3),0.9037,0.001,0.001,0.9037,0.001,0.001,0.001,0.001,0.0904
ungated/s40_on,111,seg1,d(item_3),move_to,step,item_3,d(item_3),0.9037,0.001,0.001,0.9037,0.001,0.001,0.001,0.001,0.0904
ungated/s40_on,112,seg1,d(item_3),move_to,step,item_3,d(item_3),0.9037,0.001,0.001,0.9037,0.001,0.001,0.001,0.001,0.0904
ungated/s40_on,113,seg1,d(item_3),move_to,step,item_3,d(item_3),0.9037,0.001,0.001,0.9037,0.001,0.001,0.001,0.001,0.0904
ungated/s40_on,114,seg1,d(item_3),move_to,,item_3,d(item_3),0.9037,0.001,0.001,0.9037,0.001,0.001,0.001,0.001,0.0904
ungated/s40_on,115,seg1,d(item_3),place,release,,unknown,0.993,0.001,0.001,0.001,0.001,0.001,0.001,0.001,0.993
ungated/s40_on,116,seg1,d(item_3),place,,,unknown,0.993,0.001,0.001,0.001,0.001,0.001,0.001,0.001,0.993
ungated/s40_on,117,seg2,coffee,,,,unknown,0.993,0.001,0.001,0.001,0.001,0.001,0.001,0.001,0.993
ungated/s40_on,118,seg2,coffee,move_to,step,,unknown,0.993,0.001,0.001,0.001,0.001,0.001,0.001,0.001,0.993
ungated/s40_on,119,seg2,coffee,move_to,step,,unknown,0.993,0.001,0.001,0.001,0.001,0.001,0.001,0.001,0.993
ungated/s40_on,120,seg2,coffee,move_to,step,,unknown,0.993,0.001,0.001,0.001,0.001,0.001,0.001,0.001,0.993
ungated/s40_on,121,seg2,coffee,move_to,step,,unknown,0.993,0.001,0.001,0.001,0.001,0.001,0.001,0.001,0.993
ungated/s40_on,122,seg2,coffee,move_to,step,,unknown,0.993,0.001,0.001,0.001,0.001,0.001,0.001,0.001,0.993
ungated/s40_on,123,seg2,coffee,move_to,step,,unknown,0.993,0.001,0.001,0.001,0.001,0.001,0.001,0.001,0.993
ungated/s40_on,124,seg2,coffee,move_to,step,,unknown,0.993,0.001,0.001,0.001,0.001,0.001,0.001,0.001,0.993
ungated/s40_on,125,seg2,coffee,move_to,step,,unknown,0.993,0.001,0.001,0.001,0.001,0.001,0.001,0.001,0.993
ungated/s40_on,126,seg2,coffee,move_to,step,,unknown,0.993,0.001,0.001,0.001,0.001,0.001,0.001,0.001,0.993
ungated/s40_on,127,seg2,coffee,move_to,step,,unknown,0.993,0.001,0.001,0.001,0.001,0.001,0.001,0.001,0.993
ungated/s40_on,128,seg2,coffee,move_to,step,,unknown,0.993,0.001,0.001,0.001,0.001,0.001,0.001,0.001,0.993
ungated/s40_on,129,seg2,coffee,move_to,step,,unknown,0.993,0.001,0.001,0.001,0.001,0.001,0.001,0.001,0.993
ungated/s40_on,130,seg2,coffee,move_to,step,,unknown,0.993,0.001,0.001,0.001,0.001,0.001,0.001,0.001,0.993
ungated/s40_on,131,seg2,coffee,move_to,step,,unknown,0.993,0.001,0.001,0.001,0.001,0.001,0.001,0.001,0.993
ungated/s40_on,132,seg2,coffee,move_to,step,,unknown,0.993,0.001,0.001,0.001,0.001,0.001,0.001,0.001,0.993
ungated/s40_on,133,seg2,coffee,move_to,step,,unknown,0.993,0.001,0.001,0.001,0.001,0.001,0.001,0.001,0.993
ungated/s40_on,134,seg2,coffee,move_to,step,,unknown,0.993,0.001,0.001,0.001,0.001,0.001,0.001,0.001,0.993
ungated/s40_on,135,seg2,coffee,move_to,step,,unknown,0.993,0.001,0.001,0.001,0.001,0.001,0.001,0.001,0.993
ungated/s40_on,136,seg2,coffee,move_to,step,,unknown,0.993,0.001,0.001,0.001,0.001,0.001,0.001,0.001,0.993
ungated/s40_on,137,seg2,coffee,move_to,step,,unknown,0.993,0.001,0.001,0.001,0.001,0.001,0.001,0.001,0.993
ungated/s40_on,138,seg2,coffee,move_to,step,,unknown,0.993,0.001,0.001,0.001,0.001,0.001,0.001,0.001,0.993
ungated/s40_on,139,seg2,coffee,move_to,step,,unknown,0.993,0.001,0.001,0.001,0.001,0.001,0.001,0.001,0.993
ungated/s40_on,140,seg2,coffee,move_to,step,,unknown,0.993,0.001,0.001,0.001,0.001,0.001,0.001,0.001,0.993
ungated/s40_on,141,seg2,coffee,move_to,step,,unknown,0.993,0.001,0.001,0.001,0.001,0.001,0.001,0.001,0.993
ungated/s40_on,142,seg2,coffee,move_to,step,,unknown,0.993,0.001,0.001,0.001,0.001,0.001,0.001,0.001,0.993
ungated/s40_on,143,seg2,coffee,move_to,step,,unknown,0.993,0.001,0.001,0.001,0.001,0.001,0.001,0.001,0.993
ungated/s40_on,144,seg2,coffee,move_to,step,,unknown,0.993,0.001,0.001,0.001,0.001,0.001,0.001,0.001,0.993
ungated/s40_on,145,seg2,coffee,move_to,step,,unknown,0.993,0.001,0.001,0.001,0.001,0.001,0.001,0.001,0.993
ungated/s40_on,146,seg2,coffee,move_to,step,,unknown,0.993,0.001,0.001,0.001,0.001,0.001,0.001,0.001,0.993
ungated/s40_on,147,seg2,coffee,move_to,step,,unknown,0.993,0.001,0.001,0.001,0.001,0.001,0.001,0.001,0.993
ungated/s40_on,148,seg2,coffee,move_to,step,,unknown,0.993,0.001,0.001,0.001,0.001,0.001,0.001,0.001,0.993
ungated/s40_on,149,seg2,coffee,move_to,step,,unknown,0.993,0.001,0.001,0.001,0.001,0.001,0.001,0.001,0.993
ungated/s40_on,150,seg2,coffee,move_to,step,,unknown,0.993,0.001,0.001,0.001,0.001,0.001,0.001,0.001,0.993
ungated/s40_on,151,seg2,coffee,move_to,step,,unknown,0.993,0.001,0.001,0.001,0.001,0.001,0.001,0.001,0.993
ungated/s40_on,152,seg2,coffee,move_to,step,,unknown,0.993,0.001,0.001,0.001,0.001,0.001,0.001,0.001,0.993
ungated/s40_on,153,seg2,coffee,move_to,step,,unknown,0.993,0.001,0.001,0.001,0.001,0.001,0.001,0.001,0.993
ungated/s40_on,154,seg2,coffee,move_to,,,unknown,0.993,0.001,0.001,0.001,0.001,0.001,0.001,0.001,0.993
ungated/s40_on,155,seg2,coffee,wait_at,stand,,unknown,0.993,0.001,0.001,0.001,0.001,0.001,0.001,0.001,0.993
ungated/s40_on,156,seg2,coffee,wait_at,stand,,unknown,0.993,0.001,0.001,0.001,0.001,0.001,0.001,0.001,0.993
ungated/s40_on,157,seg2,coffee,wait_at,stand,,unknown,0.993,0.001,0.001,0.001,0.001,0.001,0.001,0.001,0.993
ungated/s40_on,158,seg2,coffee,wait_at,stand,,unknown,0.993,0.001,0.001,0.001,0.001,0.001,0.001,0.001,0.993
ungated/s40_on,159,seg2,coffee,wait_at,stand,,unknown,0.993,0.001,0.001,0.001,0.001,0.001,0.001,0.001,0.993
ungated/s40_on,160,seg2,coffee,wait_at,stand,,unknown,0.993,0.001,0.001,0.001,0.001,0.001,0.001,0.001,0.993
ungated/s40_on,161,seg2,coffee,wait_at,stand,,unknown,0.993,0.001,0.001,0.001,0.001,0.001,0.001,0.001,0.993
ungated/s40_on,162,seg2,coffee,wait_at,stand,,unknown,0.993,0.001,0.001,0.001,0.001,0.001,0.001,0.001,0.993
ungated/s40_on,163,seg2,coffee,wait_at,stand,,unknown,0.993,0.001,0.001,0.001,0.001,0.001,0.001,0.001,0.993
ungated/s40_on,164,seg2,coffee,wait_at,stand,,unknown,0.993,0.001,0.001,0.001,0.001,0.001,0.001,0.001,0.993
ungated/s40_on,165,seg2,coffee,wait_at,stand,,unknown,0.993,0.001,0.001,0.001,0.001,0.001,0.001,0.001,0.993
ungated/s40_on,166,seg2,coffee,wait_at,stand,,unknown,0.993,0.001,0.001,0.001,0.001,0.001,0.001,0.001,0.993
ungated/s40_on,167,seg2,coffee,wait_at,stand,,unknown,0.993,0.001,0.001,0.001,0.001,0.001,0.001,0.001,0.993
ungated/s40_on,168,seg2,coffee,wait_at,stand,,unknown,0.993,0.001,0.001,0.001,0.001,0.001,0.001,0.001,0.993
ungated/s40_on,169,seg2,coffee,wait_at,stand,,unknown,0.993,0.001,0.001,0.001,0.001,0.001,0.001,0.001,0.993
ungated/s40_on,170,seg2,coffee,wait_at,stand,,unknown,0.993,0.001,0.001,0.001,0.001,0.001,0.001,0.001,0.993
ungated/s40_on,171,seg2,coffee,wait_at,stand,,unknown,0.993,0.001,0.001,0.001,0.001,0.001,0.001,0.001,0.993
ungated/s40_on,172,seg2,coffee,wait_at,stand,,unknown,0.993,0.001,0.001,0.001,0.001,0.001,0.001,0.001,0.993
ungated/s40_on,173,seg2,coffee,wait_at,stand,,unknown,0.993,0.001,0.001,0.001,0.001,0.001,0.001,0.001,0.993
ungated/s40_on,174,seg2,coffee,wait_at,stand,,unknown,0.993,0.001,0.001,0.001,0.001,0.001,0.001,0.001,0.993
ungated/s40_on,175,seg2,coffee,wait_at,stand,,unknown,0.993,0.001,0.001,0.001,0.001,0.001,0.001,0.001,0.993
ungated/s40_on,176,seg2,coffee,wait_at,stand,,unknown,0.993,0.001,0.001,0.001,0.001,0.001,0.001,0.001,0.993
ungated/s40_on,177,seg2,coffee,wait_at,stand,,unknown,0.993,0.001,0.001,0.001,0.001,0.001,0.001,0.001,0.993
ungated/s40_on,178,seg2,coffee,wait_at,stand,,unknown,0.993,0.001,0.001,0.001,0.001,0.001,0.001,0.001,0.993
ungated/s40_on,179,seg2,coffee,wait_at,stand,,unknown,0.993,0.001,0.001,0.001,0.001,0.001,0.001,0.001,0.993
ungated/s40_on,180,seg2,coffee,wait_at,stand,,unknown,0.993,0.001,0.001,0.001,0.001,0.001,0.001,0.001,0.993
ungated/s40_on,181,seg2,coffee,wait_at,stand,,unknown,0.993,0.001,0.001,0.001,0.001,0.001,0.001,0.001,0.993
ungated/s40_on,182,seg2,coffee,wait_at,stand,,unknown,0.993,0.001,0.001,0.001,0.001,0.001,0.001,0.001,0.993
ungated/s40_on,183,seg2,coffee,wait_at,stand,,unknown,0.993,0.001,0.001,0.001,0.001,0.001,0.001,0.001,0.993
ungated/s40_on,184,seg2,coffee,wait_at,stand,,unknown,0.993,0.001,0.001,0.001,0.001,0.001,0.001,0.001,0.993
ungated/s40_on,185,seg2,coffee,wait_at,,,unknown,0.993,0.001,0.001,0.001,0.001,0.001,0.001,0.001,0.993
ungated/s40_on,186,seg3a,unknown,,,,unknown,0.993,0.001,0.001,0.001,0.001,0.001,0.001,0.001,0.993
ungated/s40_on,187,seg3a,unknown,move_to,step,,unknown,0.993,0.001,0.001,0.001,0.001,0.001,0.001,0.001,0.993
ungated/s40_on,188,seg3a,unknown,move_to,step,,unknown,0.993,0.001,0.001,0.001,0.001,0.001,0.001,0.001,0.993
ungated/s40_on,189,seg3a,unknown,move_to,step,,unknown,0.993,0.001,0.001,0.001,0.001,0.001,0.001,0.001,0.993
ungated/s40_on,190,seg3a,unknown,move_to,step,,unknown,0.993,0.001,0.001,0.001,0.001,0.001,0.001,0.001,0.993
ungated/s40_on,191,seg3a,unknown,move_to,step,,unknown,0.993,0.001,0.001,0.001,0.001,0.001,0.001,0.001,0.993
ungated/s40_on,192,seg3a,unknown,move_to,step,,unknown,0.993,0.001,0.001,0.001,0.001,0.001,0.001,0.001,0.993
ungated/s40_on,193,seg3a,unknown,move_to,step,,unknown,0.993,0.001,0.001,0.001,0.001,0.001,0.001,0.001,0.993
ungated/s40_on,194,seg3a,unknown,move_to,step,,unknown,0.993,0.001,0.001,0.001,0.001,0.001,0.001,0.001,0.993
ungated/s40_on,195,seg3a,unknown,move_to,step,,unknown,0.993,0.001,0.001,0.001,0.001,0.001,0.001,0.001,0.993
ungated/s40_on,196,seg3a,unknown,move_to,step,,unknown,0.993,0.001,0.001,0.001,0.001,0.001,0.001,0.001,0.993
ungated/s40_on,197,seg3a,unknown,move_to,step,,unknown,0.993,0.001,0.001,0.001,0.001,0.001,0.001,0.001,0.993
ungated/s40_on,198,seg3a,unknown,move_to,step,,unknown,0.993,0.001,0.001,0.001,0.001,0.001,0.001,0.001,0.993
ungated/s40_on,199,seg3a,unknown,move_to,step,,unknown,0.993,0.001,0.001,0.001,0.001,0.001,0.001,0.001,0.993
ungated/s40_on,200,seg3a,unknown,move_to,step,,unknown,0.993,0.001,0.001,0.001,0.001,0.001,0.001,0.001,0.993
ungated/s40_on,201,seg3a,unknown,move_to,step,,unknown,0.993,0.001,0.001,0.001,0.001,0.001,0.001,0.001,0.993
ungated/s40_on,202,seg3a,unknown,move_to,step,,unknown,0.993,0.001,0.001,0.001,0.001,0.001,0.001,0.001,0.993
ungated/s40_on,203,seg3a,unknown,move_to,step,,unknown,0.993,0.001,0.001,0.001,0.001,0.001,0.001,0.001,0.993
ungated/s40_on,204,seg3a,unknown,move_to,step,,unknown,0.993,0.001,0.001,0.001,0.001,0.001,0.001,0.001,0.993
ungated/s40_on,205,seg3a,unknown,move_to,step,,unknown,0.993,0.001,0.001,0.001,0.001,0.001,0.001,0.001,0.993
ungated/s40_on,206,seg3a,unknown,move_to,,,unknown,0.993,0.001,0.001,0.001,0.001,0.001,0.001,0.001,0.993
ungated/s40_on,207,seg3a,unknown,wait_at,stand,,unknown,0.993,0.001,0.001,0.001,0.001,0.001,0.001,0.001,0.993
ungated/s40_on,208,seg3a,unknown,wait_at,,,unknown,0.993,0.001,0.001,0.001,0.001,0.001,0.001,0.001,0.993
ungated/s40_on,209,seg3b,unknown,,,,unknown,0.993,0.001,0.001,0.001,0.001,0.001,0.001,0.001,0.993
ungated/s40_on,210,seg3b,unknown,move_to,step,,unknown,0.993,0.001,0.001,0.001,0.001,0.001,0.001,0.001,0.993
ungated/s40_on,211,seg3b,unknown,move_to,step,,unknown,0.993,0.001,0.001,0.001,0.001,0.001,0.001,0.001,0.993
ungated/s40_on,212,seg3b,unknown,move_to,step,,unknown,0.993,0.001,0.001,0.001,0.001,0.001,0.001,0.001,0.993
ungated/s40_on,213,seg3b,unknown,move_to,step,,unknown,0.993,0.001,0.001,0.001,0.001,0.001,0.001,0.001,0.993
ungated/s40_on,214,seg3b,unknown,move_to,step,,unknown,0.993,0.001,0.001,0.001,0.001,0.001,0.001,0.001,0.993
ungated/s40_on,215,seg3b,unknown,move_to,step,,unknown,0.993,0.001,0.001,0.001,0.001,0.001,0.001,0.001,0.993
ungated/s40_on,216,seg3b,unknown,move_to,step,,unknown,0.993,0.001,0.001,0.001,0.001,0.001,0.001,0.001,0.993
ungated/s40_on,217,seg3b,unknown,move_to,step,,unknown,0.993,0.001,0.001,0.001,0.001,0.001,0.001,0.001,0.993
ungated/s40_on,218,seg3b,unknown,move_to,step,,unknown,0.993,0.001,0.001,0.001,0.001,0.001,0.001,0.001,0.993
ungated/s40_on,219,seg3b,unknown,move_to,step,,unknown,0.993,0.001,0.001,0.001,0.001,0.001,0.001,0.001,0.993
ungated/s40_on,220,seg3b,unknown,move_to,step,,unknown,0.993,0.001,0.001,0.001,0.001,0.001,0.001,0.001,0.993
ungated/s40_on,221,seg3b,unknown,move_to,step,,unknown,0.993,0.001,0.001,0.001,0.001,0.001,0.001,0.001,0.993
ungated/s40_on,222,seg3b,unknown,move_to,step,,unknown,0.993,0.001,0.001,0.001,0.001,0.001,0.001,0.001,0.993
ungated/s40_on,223,seg3b,unknown,move_to,step,,unknown,0.993,0.001,0.001,0.001,0.001,0.001,0.001,0.001,0.993
ungated/s40_on,224,seg3b,unknown,move_to,step,,unknown,0.993,0.001,0.001,0.001,0.001,0.001,0.001,0.001,0.993
ungated/s40_on,225,seg3b,unknown,move_to,step,,unknown,0.993,0.001,0.001,0.001,0.001,0.001,0.001,0.001,0.993
ungated/s40_on,226,seg3b,unknown,move_to,step,,unknown,0.993,0.001,0.001,0.001,0.001,0.001,0.001,0.001,0.993
ungated/s40_on,227,seg3b,unknown,move_to,,,unknown,0.993,0.001,0.001,0.001,0.001,0.001,0.001,0.001,0.993
ungated/s40_on,228,seg3b,unknown,wait_at,stand,,unknown,0.993,0.001,0.001,0.001,0.001,0.001,0.001,0.001,0.993
ungated/s40_on,229,seg3b,unknown,wait_at,,,unknown,0.993,0.001,0.001,0.001,0.001,0.001,0.001,0.001,0.993
ungated/s40_on,230,seg4,d(item_6),,,,unknown,0.993,0.001,0.001,0.001,0.001,0.001,0.001,0.001,0.993
ungated/s40_on,231,seg4,d(item_6),move_to,step,,unknown,0.993,0.001,0.001,0.001,0.001,0.001,0.001,0.001,0.993
ungated/s40_on,232,seg4,d(item_6),move_to,step,,unknown,0.993,0.001,0.001,0.001,0.001,0.001,0.001,0.001,0.993
ungated/s40_on,233,seg4,d(item_6),move_to,step,,unknown,0.993,0.001,0.001,0.001,0.001,0.001,0.001,0.001,0.993
ungated/s40_on,234,seg4,d(item_6),move_to,step,,unknown,0.993,0.001,0.001,0.001,0.001,0.001,0.001,0.001,0.993
ungated/s40_on,235,seg4,d(item_6),move_to,step,,unknown,0.993,0.001,0.001,0.001,0.001,0.001,0.001,0.001,0.993
ungated/s40_on,236,seg4,d(item_6),move_to,step,,unknown,0.993,0.001,0.001,0.001,0.001,0.001,0.001,0.001,0.993
ungated/s40_on,237,seg4,d(item_6),move_to,step,,unknown,0.993,0.001,0.001,0.001,0.001,0.001,0.001,0.001,0.993
ungated/s40_on,238,seg4,d(item_6),move_to,step,,unknown,0.993,0.001,0.001,0.001,0.001,0.001,0.001,0.001,0.993
ungated/s40_on,239,seg4,d(item_6),move_to,step,,unknown,0.993,0.001,0.001,0.001,0.001,0.001,0.001,0.001,0.993
ungated/s40_on,240,seg4,d(item_6),move_to,step,,unknown,0.993,0.001,0.001,0.001,0.001,0.001,0.001,0.001,0.993
ungated/s40_on,241,seg4,d(item_6),move_to,step,,unknown,0.993,0.001,0.001,0.001,0.001,0.001,0.001,0.001,0.993
ungated/s40_on,242,seg4,d(item_6),move_to,step,,unknown,0.993,0.001,0.001,0.001,0.001,0.001,0.001,0.001,0.993
ungated/s40_on,243,seg4,d(item_6),move_to,step,,unknown,0.993,0.001,0.001,0.001,0.001,0.001,0.001,0.001,0.993
ungated/s40_on,244,seg4,d(item_6),move_to,step,,unknown,0.993,0.001,0.001,0.001,0.001,0.001,0.001,0.001,0.993
ungated/s40_on,245,seg4,d(item_6),move_to,step,,unknown,0.993,0.001,0.001,0.001,0.001,0.001,0.001,0.001,0.993
ungated/s40_on,246,seg4,d(item_6),move_to,step,,unknown,0.993,0.001,0.001,0.001,0.001,0.001,0.001,0.001,0.993
ungated/s40_on,247,seg4,d(item_6),move_to,step,,unknown,0.993,0.001,0.001,0.001,0.001,0.001,0.001,0.001,0.993
ungated/s40_on,248,seg4,d(item_6),move_to,step,,unknown,0.993,0.001,0.001,0.001,0.001,0.001,0.001,0.001,0.993
ungated/s40_on,249,seg4,d(item_6),move_to,step,,unknown,0.993,0.001,0.001,0.001,0.001,0.001,0.001,0.001,0.993
ungated/s40_on,250,seg4,d(item_6),move_to,step,,unknown,0.993,0.001,0.001,0.001,0.001,0.001,0.001,0.001,0.993
ungated/s40_on,251,seg4,d(item_6),move_to,step,,unknown,0.993,0.001,0.001,0.001,0.001,0.001,0.001,0.001,0.993
ungated/s40_on,252,seg4,d(item_6),move_to,step,,unknown,0.993,0.001,0.001,0.001,0.001,0.001,0.001,0.001,0.993
ungated/s40_on,253,seg4,d(item_6),move_to,step,,unknown,0.993,0.001,0.001,0.001,0.001,0.001,0.001,0.001,0.993
ungated/s40_on,254,seg4,d(item_6),move_to,step,,unknown,0.993,0.001,0.001,0.001,0.001,0.001,0.001,0.001,0.993
ungated/s40_on,255,seg4,d(item_6),move_to,step,,unknown,0.993,0.001,0.001,0.001,0.001,0.001,0.001,0.001,0.993
ungated/s40_on,256,seg4,d(item_6),move_to,step,,unknown,0.993,0.001,0.001,0.001,0.001,0.001,0.001,0.001,0.993
ungated/s40_on,257,seg4,d(item_6),move_to,step,,unknown,0.993,0.001,0.001,0.001,0.001,0.001,0.001,0.001,0.993
ungated/s40_on,258,seg4,d(item_6),move_to,step,,unknown,0.993,0.001,0.001,0.001,0.001,0.001,0.001,0.001,0.993
ungated/s40_on,259,seg4,d(item_6),move_to,step,,unknown,0.993,0.001,0.001,0.001,0.001,0.001,0.001,0.001,0.993
ungated/s40_on,260,seg4,d(item_6),move_to,step,,unknown,0.993,0.001,0.001,0.001,0.001,0.001,0.001,0.001,0.993
ungated/s40_on,261,seg4,d(item_6),move_to,step,,unknown,0.993,0.001,0.001,0.001,0.001,0.001,0.001,0.001,0.993
ungated/s40_on,262,seg4,d(item_6),move_to,step,,unknown,0.993,0.001,0.001,0.001,0.001,0.001,0.001,0.001,0.993
ungated/s40_on,263,seg4,d(item_6),move_to,step,,unknown,0.993,0.001,0.001,0.001,0.001,0.001,0.001,0.001,0.993
ungated/s40_on,264,seg4,d(item_6),move_to,step,,unknown,0.993,0.001,0.001,0.001,0.001,0.001,0.001,0.001,0.993
ungated/s40_on,265,seg4,d(item_6),move_to,step,,unknown,0.993,0.001,0.001,0.001,0.001,0.001,0.001,0.001,0.993
ungated/s40_on,266,seg4,d(item_6),move_to,step,,unknown,0.993,0.001,0.001,0.001,0.001,0.001,0.001,0.001,0.993
ungated/s40_on,267,seg4,d(item_6),move_to,step,,unknown,0.993,0.001,0.001,0.001,0.001,0.001,0.001,0.001,0.993
ungated/s40_on,268,seg4,d(item_6),move_to,step,,unknown,0.993,0.001,0.001,0.001,0.001,0.001,0.001,0.001,0.993
ungated/s40_on,269,seg4,d(item_6),move_to,step,,unknown,0.993,0.001,0.001,0.001,0.001,0.001,0.001,0.001,0.993
ungated/s40_on,270,seg4,d(item_6),move_to,step,,unknown,0.993,0.001,0.001,0.001,0.001,0.001,0.001,0.001,0.993
ungated/s40_on,271,seg4,d(item_6),move_to,,,unknown,0.993,0.001,0.001,0.001,0.001,0.001,0.001,0.001,0.993
ungated/s40_on,272,seg4,d(item_6),pick_up,grasp,item_6,unknown,0.993,0.001,0.001,0.001,0.001,0.001,0.001,0.001,0.993
ungated/s40_on,273,seg4,d(item_6),pick_up,,item_6,unknown,0.993,0.001,0.001,0.001,0.001,0.001,0.001,0.001,0.993
ungated/s40_on,274,seg4,d(item_6),move_to,step,item_6,unknown,0.993,0.001,0.001,0.001,0.001,0.001,0.001,0.001,0.993
ungated/s40_on,275,seg4,d(item_6),move_to,step,item_6,unknown,0.993,0.001,0.001,0.001,0.001,0.001,0.001,0.001,0.993
ungated/s40_on,276,seg4,d(item_6),move_to,step,item_6,unknown,0.993,0.001,0.001,0.001,0.001,0.001,0.001,0.001,0.993
ungated/s40_on,277,seg4,d(item_6),move_to,step,item_6,unknown,0.993,0.001,0.001,0.001,0.001,0.001,0.001,0.001,0.993
ungated/s40_on,278,seg4,d(item_6),move_to,step,item_6,unknown,0.993,0.001,0.001,0.001,0.001,0.001,0.001,0.001,0.993
ungated/s40_on,279,seg4,d(item_6),move_to,step,item_6,unknown,0.993,0.001,0.001,0.001,0.001,0.001,0.001,0.001,0.993
ungated/s40_on,280,seg4,d(item_6),move_to,step,item_6,unknown,0.993,0.001,0.001,0.001,0.001,0.001,0.001,0.001,0.993
ungated/s40_on,281,seg4,d(item_6),move_to,step,item_6,unknown,0.993,0.001,0.001,0.001,0.001,0.001,0.001,0.001,0.993
ungated/s40_on,282,seg4,d(item_6),move_to,step,item_6,unknown,0.993,0.001,0.001,0.001,0.001,0.001,0.001,0.001,0.993
ungated/s40_on,283,seg4,d(item_6),move_to,step,item_6,unknown,0.993,0.001,0.001,0.001,0.001,0.001,0.001,0.001,0.993
ungated/s40_on,284,seg4,d(item_6),move_to,step,item_6,unknown,0.993,0.001,0.001,0.001,0.001,0.001,0.001,0.001,0.993
ungated/s40_on,285,seg4,d(item_6),move_to,step,item_6,unknown,0.993,0.001,0.001,0.001,0.001,0.001,0.001,0.001,0.993
ungated/s40_on,286,seg4,d(item_6),move_to,step,item_6,unknown,0.993,0.001,0.001,0.001,0.001,0.001,0.001,0.001,0.993
ungated/s40_on,287,seg4,d(item_6),move_to,step,item_6,unknown,0.993,0.001,0.001,0.001,0.001,0.001,0.001,0.001,0.993
ungated/s40_on,288,seg4,d(item_6),move_to,step,item_6,unknown,0.993,0.001,0.001,0.001,0.001,0.001,0.001,0.001,0.993
ungated/s40_on,289,seg4,d(item_6),move_to,step,item_6,unknown,0.993,0.001,0.001,0.001,0.001,0.001,0.001,0.001,0.993
ungated/s40_on,290,seg4,d(item_6),move_to,step,item_6,unknown,0.993,0.001,0.001,0.001,0.001,0.001,0.001,0.001,0.993
ungated/s40_on,291,seg4,d(item_6),move_to,step,item_6,unknown,0.993,0.001,0.001,0.001,0.001,0.001,0.001,0.001,0.993
ungated/s40_on,292,seg4,d(item_6),move_to,step,item_6,unknown,0.993,0.001,0.001,0.001,0.001,0.001,0.001,0.001,0.993
ungated/s40_on,293,seg4,d(item_6),move_to,step,item_6,unknown,0.993,0.001,0.001,0.001,0.001,0.001,0.001,0.001,0.993
ungated/s40_on,294,seg4,d(item_6),move_to,step,item_6,unknown,0.993,0.001,0.001,0.001,0.001,0.001,0.001,0.001,0.993
ungated/s40_on,295,seg4,d(item_6),move_to,step,item_6,unknown,0.993,0.001,0.001,0.001,0.001,0.001,0.001,0.001,0.993
ungated/s40_on,296,seg4,d(item_6),move_to,step,item_6,unknown,0.993,0.001,0.001,0.001,0.001,0.001,0.001,0.001,0.993
ungated/s40_on,297,seg4,d(item_6),move_to,step,item_6,unknown,0.993,0.001,0.001,0.001,0.001,0.001,0.001,0.001,0.993
ungated/s40_on,298,seg4,d(item_6),move_to,step,item_6,unknown,0.993,0.001,0.001,0.001,0.001,0.001,0.001,0.001,0.993
ungated/s40_on,299,seg4,d(item_6),move_to,step,item_6,unknown,0.993,0.001,0.001,0.001,0.001,0.001,0.001,0.001,0.993
ungated/s40_on,300,seg4,d(item_6),move_to,step,item_6,unknown,0.993,0.001,0.001,0.001,0.001,0.001,0.001,0.001,0.993
ungated/s40_on,301,seg4,d(item_6),move_to,step,item_6,unknown,0.993,0.001,0.001,0.001,0.001,0.001,0.001,0.001,0.993
ungated/s40_on,302,seg4,d(item_6),move_to,step,item_6,unknown,0.993,0.001,0.001,0.001,0.001,0.001,0.001,0.001,0.993
ungated/s40_on,303,seg4,d(item_6),move_to,step,item_6,unknown,0.993,0.001,0.001,0.001,0.001,0.001,0.001,0.001,0.993
ungated/s40_on,304,seg4,d(item_6),move_to,step,item_6,unknown,0.993,0.001,0.001,0.001,0.001,0.001,0.001,0.001,0.993
ungated/s40_on,305,seg4,d(item_6),move_to,step,item_6,unknown,0.993,0.001,0.001,0.001,0.001,0.001,0.001,0.001,0.993
ungated/s40_on,306,seg4,d(item_6),move_to,step,item_6,unknown,0.993,0.001,0.001,0.001,0.001,0.001,0.001,0.001,0.993
ungated/s40_on,307,seg4,d(item_6),move_to,step,item_6,unknown,0.993,0.001,0.001,0.001,0.001,0.001,0.001,0.001,0.993
ungated/s40_on,308,seg4,d(item_6),move_to,step,item_6,unknown,0.993,0.001,0.001,0.001,0.001,0.001,0.001,0.001,0.993
ungated/s40_on,309,seg4,d(item_6),move_to,step,item_6,unknown,0.993,0.001,0.001,0.001,0.001,0.001,0.001,0.001,0.993
ungated/s40_on,310,seg4,d(item_6),move_to,step,item_6,unknown,0.993,0.001,0.001,0.001,0.001,0.001,0.001,0.001,0.993
ungated/s40_on,311,seg4,d(item_6),move_to,step,item_6,unknown,0.993,0.001,0.001,0.001,0.001,0.001,0.001,0.001,0.993
ungated/s40_on,312,seg4,d(item_6),move_to,step,item_6,unknown,0.993,0.001,0.001,0.001,0.001,0.001,0.001,0.001,0.993
ungated/s40_on,313,seg4,d(item_6),move_to,step,item_6,unknown,0.993,0.001,0.001,0.001,0.001,0.001,0.001,0.001,0.993
ungated/s40_on,314,seg4,d(item_6),move_to,step,item_6,unknown,0.993,0.001,0.001,0.001,0.001,0.001,0.001,0.001,0.993
ungated/s40_on,315,seg4,d(item_6),move_to,step,item_6,unknown,0.993,0.001,0.001,0.001,0.001,0.001,0.001,0.001,0.993
ungated/s40_on,316,seg4,d(item_6),move_to,step,item_6,unknown,0.993,0.001,0.001,0.001,0.001,0.001,0.001,0.001,0.993
ungated/s40_on,317,seg4,d(item_6),move_to,step,item_6,unknown,0.993,0.001,0.001,0.001,0.001,0.001,0.001,0.001,0.993
ungated/s40_on,318,seg4,d(item_6),move_to,step,item_6,unknown,0.993,0.001,0.001,0.001,0.001,0.001,0.001,0.001,0.993
ungated/s40_on,319,seg4,d(item_6),move_to,step,item_6,unknown,0.993,0.001,0.001,0.001,0.001,0.001,0.001,0.001,0.993
ungated/s40_on,320,seg4,d(item_6),move_to,step,item_6,unknown,0.993,0.001,0.001,0.001,0.001,0.001,0.001,0.001,0.993
ungated/s40_on,321,seg4,d(item_6),move_to,step,item_6,unknown,0.993,0.001,0.001,0.001,0.001,0.001,0.001,0.001,0.993
ungated/s40_on,322,seg4,d(item_6),move_to,step,item_6,unknown,0.993,0.001,0.001,0.001,0.001,0.001,0.001,0.001,0.993
ungated/s40_on,323,seg4,d(item_6),move_to,step,item_6,unknown,0.993,0.001,0.001,0.001,0.001,0.001,0.001,0.001,0.993
ungated/s40_on,324,seg4,d(item_6),move_to,step,item_6,unknown,0.993,0.001,0.001,0.001,0.001,0.001,0.001,0.001,0.993
ungated/s40_on,325,seg4,d(item_6),move_to,step,item_6,unknown,0.993,0.001,0.001,0.001,0.001,0.001,0.001,0.001,0.993
ungated/s40_on,326,seg4,d(item_6),move_to,step,item_6,unknown,0.993,0.001,0.001,0.001,0.001,0.001,0.001,0.001,0.993
ungated/s40_on,327,seg4,d(item_6),move_to,step,item_6,unknown,0.993,0.001,0.001,0.001,0.001,0.001,0.001,0.001,0.993
ungated/s40_on,328,seg4,d(item_6),move_to,step,item_6,unknown,0.993,0.001,0.001,0.001,0.001,0.001,0.001,0.001,0.993
ungated/s40_on,329,seg4,d(item_6),move_to,step,item_6,unknown,0.993,0.001,0.001,0.001,0.001,0.001,0.001,0.001,0.993
ungated/s40_on,330,seg4,d(item_6),move_to,,item_6,unknown,0.993,0.001,0.001,0.001,0.001,0.001,0.001,0.001,0.993
ungated/s40_on,331,seg4,d(item_6),place,release,,unknown,0.993,0.001,0.001,0.001,0.001,0.001,0.001,0.001,0.993
ungated/s40_on,332,seg4,d(item_6),place,,,unknown,0.993,0.001,0.001,0.001,0.001,0.001,0.001,0.001,0.993
ungated/s40_on,333,done,unknown,,,,unknown,0.993,0.001,0.001,0.001,0.001,0.001,0.001,0.001,0.993
ungated/s40_on,334,done,unknown,,,,unknown,0.993,0.001,0.001,0.001,0.001,0.001,0.001,0.001,0.993
ungated/s40_on,335,done,unknown,,,,unknown,0.993,0.001,0.001,0.001,0.001,0.001,0.001,0.001,0.993
ungated/s40_on,336,done,unknown,,,,unknown,0.993,0.001,0.001,0.001,0.001,0.001,0.001,0.001,0.993
ungated/s40_on,337,done,unknown,,,,unknown,0.993,0.001,0.001,0.001,0.001,0.001,0.001,0.001,0.993
ungated/s40_on,338,done,unknown,,,,unknown,0.993,0.001,0.001,0.001,0.001,0.001,0.001,0.001,0.993
ungated/s40_on,339,done,unknown,,,,unknown,0.993,0.001,0.001,0.001,0.001,0.001,0.001,0.001,0.993
ungated/s40_on,340,done,unknown,,,,unknown,0.993,0.001,0.001,0.001,0.001,0.001,0.001,0.001,0.993
ungated/s40_on,341,done,unknown,,,,unknown,0.993,0.001,0.001,0.001,0.001,0.001,0.001,0.001,0.993
ungated/s40_on,342,done,unknown,,,,unknown,0.993,0.001,0.001,0.001,0.001,0.001,0.001,0.001,0.993
ungated/s40_on,343,done,unknown,,,,unknown,0.993,0.001,0.001,0.001,0.001,0.001,0.001,0.001,0.993
ungated/s40_on,344,done,unknown,,,,unknown,0.993,0.001,0.001,0.001,0.001,0.001,0.001,0.001,0.993
ungated/s40_on,345,done,unknown,,,,unknown,0.993,0.001,0.001,0.001,0.001,0.001,0.001,0.001,0.993
ungated/s40_on,346,done,unknown,,,,unknown,0.993,0.001,0.001,0.001,0.001,0.001,0.001,0.001,0.993
ungated/s40_on,347,done,unknown,,,,unknown,0.993,0.001,0.001,0.001,0.001,0.001,0.001,0.001,0.993
ungated/s40_on,348,done,unknown,,,,unknown,0.993,0.001,0.001,0.001,0.001,0.001,0.001,0.001,0.993
ungated/s40_on,349,done,unknown,,,,unknown,0.993,0.001,0.001,0.001,0.001,0.001,0.001,0.001,0.993
ungated/s40_on,350,done,unknown,,,,unknown,0.993,0.001,0.001,0.001,0.001,0.001,0.001,0.001,0.993
ungated/s40_on,351,done,unknown,,,,unknown,0.993,0.001,0.001,0.001,0.001,0.001,0.001,0.001,0.993
ungated/s40_on,352,done,unknown,,,,unknown,0.993,0.001,0.001,0.001,0.001,0.001,0.001,0.001,0.993
ungated/s40_on,353,done,unknown,,,,unknown,0.993,0.001,0.001,0.001,0.001,0.001,0.001,0.001,0.993
ungated/s40_on,354,done,unknown,,,,unknown,0.993,0.001,0.001,0.001,0.001,0.001,0.001,0.001,0.993
ungated/s40_on,355,done,unknown,,,,unknown,0.993,0.001,0.001,0.001,0.001,0.001,0.001,0.001,0.993
ungated/s40_on,356,done,unknown,,,,unknown,0.993,0.001,0.001,0.001,0.001,0.001,0.001,0.001,0.993
ungated/s40_on,357,done,unknown,,,,unknown,0.993,0.001,0.001,0.001,0.001,0.001,0.001,0.001,0.993
ungated/s40_on,358,done,unknown,,,,unknown,0.993,0.001,0.001,0.001,0.001,0.001,0.001,0.001,0.993
ungated/s40_on,359,done,unknown,,,,unknown,0.993,0.001,0.001,0.001,0.001,0.001,0.001,0.001,0.993
ungated/s40_on,360,done,unknown,,,,unknown,0.993,0.001,0.001,0.001,0.001,0.001,0.001,0.001,0.993
ungated/s40_on,361,done,unknown,,,,unknown,0.993,0.001,0.001,0.001,0.001,0.001,0.001,0.001,0.993
ungated/s40_on,362,done,unknown,,,,unknown,0.993,0.001,0.001,0.001,0.001,0.001,0.001,0.001,0.993
ungated/s40_on,363,done,unknown,,,,unknown,0.993,0.001,0.001,0.001,0.001,0.001,0.001,0.001,0.993
ungated/s40_on,364,done,unknown,,,,unknown,0.993,0.001,0.001,0.001,0.001,0.001,0.001,0.001,0.993
ungated/s40_on,365,done,unknown,,,,unknown,0.993,0.001,0.001,0.001,0.001,0.001,0.001,0.001,0.993
ungated/s40_on,366,done,unknown,,,,unknown,0.993,0.001,0.001,0.001,0.001,0.001,0.001,0.001,0.993
ungated/s40_on,367,done,unknown,,,,unknown,0.993,0.001,0.001,0.001,0.001,0.001,0.001,0.001,0.993
ungated/s40_on,368,done,unknown,,,,unknown,0.993,0.001,0.001,0.001,0.001,0.001,0.001,0.001,0.993
ungated/s40_on,369,done,unknown,,,,unknown,0.993,0.001,0.001,0.001,0.001,0.001,0.001,0.001,0.993
ungated/s40_on,370,done,unknown,,,,unknown,0.993,0.001,0.001,0.001,0.001,0.001,0.001,0.001,0.993
ungated/s40_on,371,done,unknown,,,,unknown,0.993,0.001,0.001,0.001,0.001,0.001,0.001,0.001,0.993
ungated/s40_on,372,done,unknown,,,,unknown,0.993,0.001,0.001,0.001,0.001,0.001,0.001,0.001,0.993
ungated/s40_on,373,done,unknown,,,,unknown,0.993,0.001,0.001,0.001,0.001,0.001,0.001,0.001,0.993
ungated/s40_on,374,done,unknown,,,,unknown,0.993,0.001,0.001,0.001,0.001,0.001,0.001,0.001,0.993
ungated/s40_on,375,done,unknown,,,,unknown,0.993,0.001,0.001,0.001,0.001,0.001,0.001,0.001,0.993
ungated/s40_on,376,done,unknown,,,,unknown,0.993,0.001,0.001,0.001,0.001,0.001,0.001,0.001,0.993
ungated/s40_on,377,done,unknown,,,,unknown,0.993,0.001,0.001,0.001,0.001,0.001,0.001,0.001,0.993
ungated/s40_on,378,done,unknown,,,,unknown,0.993,0.001,0.001,0.001,0.001,0.001,0.001,0.001,0.993
ownshelf/s40_off,0,seg1,d(item_3),move_to,step,,d(item_3),0.159,0.1295,0.1531,0.159,0.1347,0.1397,0.1375,0.1306,0.0159
ownshelf/s40_off,1,seg1,d(item_3),move_to,step,,d(item_3),0.1815,0.1162,0.1678,0.1815,0.127,0.1379,0.133,0.1184,0.0181
ownshelf/s40_off,2,seg1,d(item_3),move_to,step,,d(item_3),0.2086,0.1016,0.1846,0.2086,0.1177,0.1348,0.1269,0.105,0.0209
ownshelf/s40_off,3,seg1,d(item_3),move_to,step,,d(item_3),0.2401,0.0865,0.2027,0.2401,0.1068,0.13,0.1191,0.0908,0.024
ownshelf/s40_off,4,seg1,d(item_3),move_to,step,,d(item_3),0.2756,0.0717,0.221,0.2756,0.0947,0.1231,0.1096,0.0766,0.0276
ownshelf/s40_off,5,seg1,d(item_3),move_to,step,,d(item_3),0.3141,0.058,0.2384,0.3141,0.0821,0.1142,0.0986,0.0631,0.0314
ownshelf/s40_off,6,seg1,d(item_3),move_to,step,,d(item_3),0.3546,0.0458,0.2535,0.3546,0.0694,0.1037,0.0867,0.0508,0.0355
ownshelf/s40_off,7,seg1,d(item_3),move_to,step,,d(item_3),0.3957,0.0354,0.2653,0.3957,0.0573,0.092,0.0745,0.04,0.0396
ownshelf/s40_off,8,seg1,d(item_3),move_to,step,,d(item_3),0.4365,0.0269,0.273,0.4365,0.0464,0.08,0.0627,0.0309,0.0436
ownshelf/s40_off,9,seg1,d(item_3),move_to,step,,d(item_3),0.476,0.02,0.2763,0.476,0.0368,0.0681,0.0517,0.0235,0.0476
ownshelf/s40_off,10,seg1,d(item_3),move_to,step,,d(item_3),0.5136,0.0147,0.2751,0.5136,0.0287,0.057,0.0419,0.0176,0.0514
ownshelf/s40_off,11,seg1,d(item_3),move_to,step,,d(item_3),0.5492,0.0107,0.2698,0.5492,0.0221,0.047,0.0334,0.013,0.0549
ownshelf/s40_off,12,seg1,d(item_3),move_to,step,,d(item_3),0.5825,0.0077,0.2608,0.5825,0.0168,0.0382,0.0263,0.0095,0.0582
ownshelf/s40_off,13,seg1,d(item_3),move_to,step,,d(item_3),0.6137,0.0055,0.2488,0.6137,0.0126,0.0307,0.0205,0.0069,0.0614
ownshelf/s40_off,14,seg1,d(item_3),move_to,step,,d(item_3),0.6428,0.0039,0.2344,0.6428,0.0094,0.0244,0.0158,0.0049,0.0643
ownshelf/s40_off,15,seg1,d(item_3),move_to,step,,d(item_3),0.6702,0.0027,0.2183,0.6702,0.0069,0.0192,0.0121,0.0035,0.067
ownshelf/s40_off,16,seg1,d(item_3),move_to,step,,d(item_3),0.6958,0.0019,0.2009,0.6958,0.0051,0.0151,0.0092,0.0025,0.0696
ownshelf/s40_off,17,seg1,d(item_3),move_to,step,,d(item_3),0.7197,0.0013,0.1828,0.7197,0.0037,0.0117,0.0069,0.0018,0.072
ownshelf/s40_off,18,seg1,d(item_3),move_to,step,,d(item_3),0.742,0.001,0.1646,0.742,0.0027,0.009,0.0052,0.0013,0.0742
ownshelf/s40_off,19,seg1,d(item_3),move_to,step,,d(item_3),0.7624,0.001,0.1466,0.7624,0.002,0.0069,0.0039,0.001,0.0762
ownshelf/s40_off,20,seg1,d(item_3),move_to,step,,d(item_3),0.7812,0.001,0.1291,0.7812,0.0014,0.0053,0.0029,0.001,0.0781
ownshelf/s40_off,21,seg1,d(item_3),move_to,step,,d(item_3),0.7984,0.001,0.1126,0.7984,0.001,0.004,0.0021,0.001,0.0798
ownshelf/s40_off,22,seg1,d(item_3),move_to,step,,d(item_3),0.8139,0.001,0.0972,0.8139,0.001,0.003,0.0016,0.001,0.0814
ownshelf/s40_off,23,seg1,d(item_3),move_to,step,,d(item_3),0.8278,0.001,0.083,0.8278,0.001,0.0023,0.0011,0.001,0.0828
ownshelf/s40_off,24,seg1,d(item_3),move_to,step,,d(item_3),0.8401,0.001,0.0702,0.8401,0.001,0.0017,0.001,0.001,0.084
ownshelf/s40_off,25,seg1,d(item_3),move_to,step,,d(item_3),0.8508,0.001,0.0588,0.8508,0.001,0.0013,0.001,0.001,0.0851
ownshelf/s40_off,26,seg1,d(item_3),move_to,step,,d(item_3),0.8602,0.001,0.0488,0.8602,0.001,0.001,0.001,0.001,0.086
ownshelf/s40_off,27,seg1,d(item_3),move_to,step,,d(item_3),0.8681,0.001,0.0401,0.8681,0.001,0.001,0.001,0.001,0.0868
ownshelf/s40_off,28,seg1,d(item_3),move_to,step,,d(item_3),0.8748,0.001,0.0327,0.8748,0.001,0.001,0.001,0.001,0.0875
ownshelf/s40_off,29,seg1,d(item_3),move_to,step,,d(item_3),0.8805,0.001,0.0265,0.8805,0.001,0.001,0.001,0.001,0.0881
ownshelf/s40_off,30,seg1,d(item_3),move_to,step,,d(item_3),0.8853,0.001,0.0212,0.8853,0.001,0.001,0.001,0.001,0.0885
ownshelf/s40_off,31,seg1,d(item_3),move_to,step,,d(item_3),0.8892,0.001,0.0169,0.8892,0.001,0.001,0.001,0.001,0.0889
ownshelf/s40_off,32,seg1,d(item_3),move_to,step,,d(item_3),0.8924,0.001,0.0134,0.8924,0.001,0.001,0.001,0.001,0.0892
ownshelf/s40_off,33,seg1,d(item_3),move_to,step,,d(item_3),0.895,0.001,0.0105,0.895,0.001,0.001,0.001,0.001,0.0895
ownshelf/s40_off,34,seg1,d(item_3),move_to,step,,d(item_3),0.8971,0.001,0.0082,0.8971,0.001,0.001,0.001,0.001,0.0897
ownshelf/s40_off,35,seg1,d(item_3),move_to,step,,d(item_3),0.8988,0.001,0.0063,0.8988,0.001,0.001,0.001,0.001,0.0899
ownshelf/s40_off,36,seg1,d(item_3),move_to,step,,d(item_3),0.9001,0.001,0.0049,0.9001,0.001,0.001,0.001,0.001,0.09
ownshelf/s40_off,37,seg1,d(item_3),move_to,step,,d(item_3),0.9012,0.001,0.0037,0.9012,0.001,0.001,0.001,0.001,0.0901
ownshelf/s40_off,38,seg1,d(item_3),move_to,step,,d(item_3),0.902,0.001,0.0028,0.902,0.001,0.001,0.001,0.001,0.0902
ownshelf/s40_off,39,seg1,d(item_3),move_to,step,,d(item_3),0.9026,0.001,0.0021,0.9026,0.001,0.001,0.001,0.001,0.0903
ownshelf/s40_off,40,seg1,d(item_3),move_to,step,,d(item_3),0.9031,0.001,0.0016,0.9031,0.001,0.001,0.001,0.001,0.0903
ownshelf/s40_off,41,seg1,d(item_3),move_to,step,,d(item_3),0.9035,0.001,0.0012,0.9035,0.001,0.001,0.001,0.001,0.0903
ownshelf/s40_off,42,seg1,d(item_3),move_to,step,,d(item_3),0.9037,0.001,0.001,0.9037,0.001,0.001,0.001,0.001,0.0904
ownshelf/s40_off,43,seg1,d(item_3),move_to,step,,d(item_3),0.9037,0.001,0.001,0.9037,0.001,0.001,0.001,0.001,0.0904
ownshelf/s40_off,44,seg1,d(item_3),move_to,step,,d(item_3),0.9037,0.001,0.001,0.9037,0.001,0.001,0.001,0.001,0.0904
ownshelf/s40_off,45,seg1,d(item_3),move_to,step,,d(item_3),0.9037,0.001,0.001,0.9037,0.001,0.001,0.001,0.001,0.0904
ownshelf/s40_off,46,seg1,d(item_3),move_to,step,,d(item_3),0.9037,0.001,0.001,0.9037,0.001,0.001,0.001,0.001,0.0904
ownshelf/s40_off,47,seg1,d(item_3),move_to,step,,d(item_3),0.9037,0.001,0.001,0.9037,0.001,0.001,0.001,0.001,0.0904
ownshelf/s40_off,48,seg1,d(item_3),move_to,step,,d(item_3),0.9037,0.001,0.001,0.9037,0.001,0.001,0.001,0.001,0.0904
ownshelf/s40_off,49,seg1,d(item_3),move_to,step,,d(item_3),0.9037,0.001,0.001,0.9037,0.001,0.001,0.001,0.001,0.0904
ownshelf/s40_off,50,seg1,d(item_3),move_to,step,,d(item_3),0.9037,0.001,0.001,0.9037,0.001,0.001,0.001,0.001,0.0904
ownshelf/s40_off,51,seg1,d(item_3),move_to,step,,d(item_3),0.9037,0.001,0.001,0.9037,0.001,0.001,0.001,0.001,0.0904
ownshelf/s40_off,52,seg1,d(item_3),move_to,step,,d(item_3),0.9037,0.001,0.001,0.9037,0.001,0.001,0.001,0.001,0.0904
ownshelf/s40_off,53,seg1,d(item_3),move_to,step,,d(item_3),0.9037,0.001,0.001,0.9037,0.001,0.001,0.001,0.001,0.0904
ownshelf/s40_off,54,seg1,d(item_3),move_to,step,,d(item_3),0.9037,0.001,0.001,0.9037,0.001,0.001,0.001,0.001,0.0904
ownshelf/s40_off,55,seg1,d(item_3),move_to,step,,d(item_3),0.9037,0.001,0.001,0.9037,0.001,0.001,0.001,0.001,0.0904
ownshelf/s40_off,56,seg1,d(item_3),move_to,step,,d(item_3),0.9037,0.001,0.001,0.9037,0.001,0.001,0.001,0.001,0.0904
ownshelf/s40_off,57,seg1,d(item_3),move_to,step,,d(item_3),0.9037,0.001,0.001,0.9037,0.001,0.001,0.001,0.001,0.0904
ownshelf/s40_off,58,seg1,d(item_3),move_to,step,,d(item_3),0.9037,0.001,0.001,0.9037,0.001,0.001,0.001,0.001,0.0904
ownshelf/s40_off,59,seg1,d(item_3),move_to,,,d(item_3),0.9037,0.001,0.001,0.9037,0.001,0.001,0.001,0.001,0.0904
ownshelf/s40_off,60,seg1,d(item_3),pick_up,grasp,item_3,d(item_3),0.9037,0.001,0.001,0.9037,0.001,0.001,0.001,0.001,0.0904
ownshelf/s40_off,61,seg1,d(item_3),pick_up,,item_3,d(item_3),0.9037,0.001,0.001,0.9037,0.001,0.001,0.001,0.001,0.0904
ownshelf/s40_off,62,seg1,d(item_3),move_to,step,item_3,d(item_3),0.9037,0.001,0.001,0.9037,0.001,0.001,0.001,0.001,0.0904
ownshelf/s40_off,63,seg1,d(item_3),move_to,step,item_3,d(item_3),0.9037,0.001,0.001,0.9037,0.001,0.001,0.001,0.001,0.0904
ownshelf/s40_off,64,seg1,d(item_3),move_to,step,item_3,d(item_3),0.9037,0.001,0.001,0.9037,0.001,0.001,0.001,0.001,0.0904
ownshelf/s40_off,65,seg1,d(item_3),move_to,step,item_3,d(item_3),0.9037,0.001,0.001,0.9037,0.001,0.001,0.001,0.001,0.0904
ownshelf/s40_off,66,seg1,d(item_3),move_to,step,item_3,d(item_3),0.9037,0.001,0.001,0.9037,0.001,0.001,0.001,0.001,0.0904
ownshelf/s40_off,67,seg1,d(item_3),move_to,step,item_3,d(item_3),0.9037,0.001,0.001,0.9037,0.001,0.001,0.001,0.001,0.0904
ownshelf/s40_off,68,seg1,d(item_3),move_to,step,item_3,d(item_3),0.9037,0.001,0.001,0.9037,0.001,0.001,0.001,0.001,0.0904
ownshelf/s40_off,69,seg1,d(item_3),move_to,step,item_3,d(item_3),0.9037,0.001,0.001,0.9037,0.001,0.001,0.001,0.001,0.0904
ownshelf/s40_off,70,seg1,d(item_3),move_to,step,item_3,d(item_3),0.9037,0.001,0.001,0.9037,0.001,0.001,0.001,0.001,0.0904
ownshelf/s40_off,71,seg1,d(item_3),move_to,step,item_3,d(item_3),0.9037,0.001,0.001,0.9037,0.001,0.001,0.001,0.001,0.0904
ownshelf/s40_off,72,seg1,d(item_3),move_to,step,item_3,d(item_3),0.9037,0.001,0.001,0.9037,0.001,0.001,0.001,0.001,0.0904
ownshelf/s40_off,73,seg1,d(item_3),move_to,step,item_3,d(item_3),0.9037,0.001,0.001,0.9037,0.001,0.001,0.001,0.001,0.0904
ownshelf/s40_off,74,seg1,d(item_3),move_to,step,item_3,d(item_3),0.9037,0.001,0.001,0.9037,0.001,0.001,0.001,0.001,0.0904
ownshelf/s40_off,75,seg1,d(item_3),move_to,step,item_3,d(item_3),0.9037,0.001,0.001,0.9037,0.001,0.001,0.001,0.001,0.0904
ownshelf/s40_off,76,seg1,d(item_3),move_to,step,item_3,d(item_3),0.9037,0.001,0.001,0.9037,0.001,0.001,0.001,0.001,0.0904
ownshelf/s40_off,77,seg1,d(item_3),move_to,step,item_3,d(item_3),0.9037,0.001,0.001,0.9037,0.001,0.001,0.001,0.001,0.0904
ownshelf/s40_off,78,seg1,d(item_3),move_to,step,item_3,d(item_3),0.9037,0.001,0.001,0.9037,0.001,0.001,0.001,0.001,0.0904
ownshelf/s40_off,79,seg1,d(item_3),move_to,step,item_3,d(item_3),0.9037,0.001,0.001,0.9037,0.001,0.001,0.001,0.001,0.0904
ownshelf/s40_off,80,seg1,d(item_3),move_to,step,item_3,d(item_3),0.9037,0.001,0.001,0.9037,0.001,0.001,0.001,0.001,0.0904
ownshelf/s40_off,81,seg1,d(item_3),move_to,step,item_3,d(item_3),0.9037,0.001,0.001,0.9037,0.001,0.001,0.001,0.001,0.0904
ownshelf/s40_off,82,seg1,d(item_3),move_to,step,item_3,d(item_3),0.9037,0.001,0.001,0.9037,0.001,0.001,0.001,0.001,0.0904
ownshelf/s40_off,83,seg1,d(item_3),move_to,step,item_3,d(item_3),0.9037,0.001,0.001,0.9037,0.001,0.001,0.001,0.001,0.0904
ownshelf/s40_off,84,seg1,d(item_3),move_to,step,item_3,d(item_3),0.9037,0.001,0.001,0.9037,0.001,0.001,0.001,0.001,0.0904
ownshelf/s40_off,85,seg1,d(item_3),move_to,step,item_3,d(item_3),0.9037,0.001,0.001,0.9037,0.001,0.001,0.001,0.001,0.0904
ownshelf/s40_off,86,seg1,d(item_3),move_to,step,item_3,d(item_3),0.9037,0.001,0.001,0.9037,0.001,0.001,0.001,0.001,0.0904
ownshelf/s40_off,87,seg1,d(item_3),move_to,step,item_3,d(item_3),0.9037,0.001,0.001,0.9037,0.001,0.001,0.001,0.001,0.0904
ownshelf/s40_off,88,seg1,d(item_3),move_to,step,item_3,d(item_3),0.9037,0.001,0.001,0.9037,0.001,0.001,0.001,0.001,0.0904
ownshelf/s40_off,89,seg1,d(item_3),move_to,step,item_3,d(item_3),0.9037,0.001,0.001,0.9037,0.001,0.001,0.001,0.001,0.0904
ownshelf/s40_off,90,seg1,d(item_3),move_to,step,item_3,d(item_3),0.9037,0.001,0.001,0.9037,0.001,0.001,0.001,0.001,0.0904
ownshelf/s40_off,91,seg1,d(item_3),move_to,step,item_3,d(item_3),0.9037,0.001,0.001,0.9037,0.001,0.001,0.001,0.001,0.0904
ownshelf/s40_off,92,seg1,d(item_3),move_to,step,item_3,d(item_3),0.9037,0.001,0.001,0.9037,0.001,0.001,0.001,0.001,0.0904
ownshelf/s40_off,93,seg1,d(item_3),move_to,step,item_3,d(item_3),0.9037,0.001,0.001,0.9037,0.001,0.001,0.001,0.001,0.0904
ownshelf/s40_off,94,seg1,d(item_3),move_to,step,item_3,d(item_3),0.9037,0.001,0.001,0.9037,0.001,0.001,0.001,0.001,0.0904
ownshelf/s40_off,95,seg1,d(item_3),move_to,step,item_3,d(item_3),0.9037,0.001,0.001,0.9037,0.001,0.001,0.001,0.001,0.0904
ownshelf/s40_off,96,seg1,d(item_3),move_to,step,item_3,d(item_3),0.9037,0.001,0.001,0.9037,0.001,0.001,0.001,0.001,0.0904
ownshelf/s40_off,97,seg1,d(item_3),move_to,step,item_3,d(item_3),0.9037,0.001,0.001,0.9037,0.001,0.001,0.001,0.001,0.0904
ownshelf/s40_off,98,seg1,d(item_3),move_to,step,item_3,d(item_3),0.9037,0.001,0.001,0.9037,0.001,0.001,0.001,0.001,0.0904
ownshelf/s40_off,99,seg1,d(item_3),move_to,step,item_3,d(item_3),0.9037,0.001,0.001,0.9037,0.001,0.001,0.001,0.001,0.0904
ownshelf/s40_off,100,seg1,d(item_3),move_to,step,item_3,d(item_3),0.9037,0.001,0.001,0.9037,0.001,0.001,0.001,0.001,0.0904
ownshelf/s40_off,101,seg1,d(item_3),move_to,step,item_3,d(item_3),0.9037,0.001,0.001,0.9037,0.001,0.001,0.001,0.001,0.0904
ownshelf/s40_off,102,seg1,d(item_3),move_to,step,item_3,d(item_3),0.9037,0.001,0.001,0.9037,0.001,0.001,0.001,0.001,0.0904
ownshelf/s40_off,103,seg1,d(item_3),move_to,step,item_3,d(item_3),0.9037,0.001,0.001,0.9037,0.001,0.001,0.001,0.001,0.0904
ownshelf/s40_off,104,seg1,d(item_3),move_to,step,item_3,d(item_3),0.9037,0.001,0.001,0.9037,0.001,0.001,0.001,0.001,0.0904
ownshelf/s40_off,105,seg1,d(item_3),move_to,step,item_3,d(item_3),0.9037,0.001,0.001,0.9037,0.001,0.001,0.001,0.001,0.0904
ownshelf/s40_off,106,seg1,d(item_3),move_to,step,item_3,d(item_3),0.9037,0.001,0.001,0.9037,0.001,0.001,0.001,0.001,0.0904
ownshelf/s40_off,107,seg1,d(item_3),move_to,step,item_3,d(item_3),0.9037,0.001,0.001,0.9037,0.001,0.001,0.001,0.001,0.0904
ownshelf/s40_off,108,seg1,d(item_3),move_to,step,item_3,d(item_3),0.9037,0.001,0.001,0.9037,0.001,0.001,0.001,0.001,0.0904
ownshelf/s40_off,109,seg1,d(item_3),move_to,step,item_3,d(item_3),0.9037,0.001,0.001,0.9037,0.001,0.001,0.001,0.001,0.0904
ownshelf/s40_off,110,seg1,d(item_3),move_to,step,item_3,d(item_3),0.9037,0.001,0.001,0.9037,0.001,0.001,0.001,0.001,0.0904
ownshelf/s40_off,111,seg1,d(item_3),move_to,step,item_3,d(item_3),0.9037,0.001,0.001,0.9037,0.001,0.001,0.001,0.001,0.0904
ownshelf/s40_off,112,seg1,d(item_3),move_to,step,item_3,d(item_3),0.9037,0.001,0.001,0.9037,0.001,0.001,0.001,0.001,0.0904
ownshelf/s40_off,113,seg1,d(item_3),move_to,step,item_3,d(item_3),0.9037,0.001,0.001,0.9037,0.001,0.001,0.001,0.001,0.0904
ownshelf/s40_off,114,seg1,d(item_3),move_to,,item_3,d(item_3),0.9037,0.001,0.001,0.9037,0.001,0.001,0.001,0.001,0.0904
ownshelf/s40_off,115,seg1,d(item_3),place,release,,unknown,0.993,0.001,0.001,0.001,0.001,0.001,0.001,0.001,0.993
ownshelf/s40_off,116,seg1,d(item_3),place,,,ac,0.1638,0.1638,0.1638,0.001,0.1638,0.1638,0.1638,0.1638,0.0164
ownshelf/s40_off,117,seg2,coffee,,,,ac,0.1638,0.1638,0.1638,0.001,0.1638,0.1638,0.1638,0.1638,0.0164
ownshelf/s40_off,118,seg2,coffee,move_to,step,,coffee,0.1743,0.1536,0.1743,0.001,0.1623,0.1683,0.166,0.157,0.0174
ownshelf/s40_off,119,seg2,coffee,move_to,step,,coffee,0.1865,0.1421,0.1865,0.001,0.1603,0.1734,0.1685,0.1495,0.0187
ownshelf/s40_off,120,seg2,coffee,move_to,step,,coffee,0.2005,0.1294,0.2005,0.001,0.1573,0.1792,0.1713,0.1413,0.0201
ownshelf/s40_off,121,seg2,coffee,move_to,step,,coffee,0.2165,0.116,0.2165,0.001,0.1529,0.1855,0.174,0.1324,0.0217
ownshelf/s40_off,122,seg2,coffee,move_to,step,,coffee,0.2346,0.1022,0.2346,0.001,0.147,0.1921,0.1767,0.1229,0.0235
ownshelf/s40_off,123,seg2,coffee,move_to,step,,coffee,0.2547,0.0887,0.2547,0.001,0.1391,0.199,0.179,0.113,0.0255
ownshelf/s40_off,124,seg2,coffee,move_to,step,,coffee,0.277,0.0757,0.277,0.001,0.1292,0.2058,0.1808,0.1029,0.0277
ownshelf/s40_off,125,seg2,coffee,move_to,step,,coffee,0.3013,0.0636,0.3013,0.001,0.1171,0.2123,0.1818,0.0927,0.0301
ownshelf/s40_off,126,seg2,coffee,move_to,step,,coffee,0.3276,0.0527,0.3276,0.001,0.1032,0.2183,0.1818,0.0826,0.0328
ownshelf/s40_off,127,seg2,coffee,move_to,step,,coffee,0.3556,0.0431,0.3556,0.001,0.0881,0.2233,0.1806,0.0728,0.0356
ownshelf/s40_off,128,seg2,coffee,move_to,step,,coffee,0.385,0.0347,0.385,0.001,0.0724,0.2271,0.1779,0.0634,0.0385
ownshelf/s40_off,129,seg2,coffee,move_to,step,,coffee,0.4151,0.0276,0.4151,0.001,0.0571,0.2293,0.1737,0.0546,0.0415
ownshelf/s40_off,130,seg2,coffee,move_to,step,,coffee,0.4456,0.0217,0.4456,0.001,0.0432,0.2296,0.168,0.0464,0.0446
ownshelf/s40_off,131,seg2,coffee,move_to,step,,coffee,0.4758,0.0168,0.4758,0.001,0.0313,0.2279,0.1606,0.039,0.0476
ownshelf/s40_off,132,seg2,coffee,move_to,step,,coffee,0.5053,0.0129,0.5053,0.001,0.0217,0.2241,0.152,0.0325,0.0505
ownshelf/s40_off,133,seg2,coffee,move_to,step,,coffee,0.5339,0.0098,0.5339,0.001,0.0144,0.2185,0.1423,0.0267,0.0534
ownshelf/s40_off,134,seg2,coffee,move_to,step,,coffee,0.5615,0.0074,0.5615,0.001,0.0092,0.2111,0.1319,0.0217,0.0561
ownshelf/s40_off,135,seg2,coffee,move_to,step,,coffee,0.588,0.0055,0.588,0.001,0.0057,0.2024,0.121,0.0175,0.0588
ownshelf/s40_off,136,seg2,coffee,move_to,step,,coffee,0.6135,0.0041,0.6135,0.001,0.0034,0.1925,0.1101,0.014,0.0613
ownshelf/s40_off,137,seg2,coffee,move_to,step,,coffee,0.638,0.003,0.638,0.001,0.002,0.1817,0.0993,0.0112,0.0638
ownshelf/s40_off,138,seg2,coffee,move_to,step,,coffee,0.6615,0.0022,0.6615,0.001,0.0012,0.1704,0.0888,0.0088,0.0662
ownshelf/s40_off,139,seg2,coffee,move_to,step,,coffee,0.6838,0.0016,0.6838,0.001,0.001,0.1585,0.0788,0.0069,0.0684
ownshelf/s40_off,140,seg2,coffee,move_to,step,,coffee,0.7051,0.0011,0.7051,0.001,0.001,0.1465,0.0693,0.0054,0.0705
ownshelf/s40_off,141,seg2,coffee,move_to,step,,coffee,0.7252,0.001,0.7252,0.001,0.001,0.1345,0.0606,0.0042,0.0725
ownshelf/s40_off,142,seg2,coffee,move_to,step,,coffee,0.7442,0.001,0.7442,0.001,0.001,0.1227,0.0525,0.0032,0.0744
ownshelf/s40_off,143,seg2,coffee,move_to,step,,coffee,0.762,0.001,0.762,0.001,0.001,0.1111,0.0453,0.0025,0.0762
ownshelf/s40_off,144,seg2,coffee,move_to,step,,coffee,0.7785,0.001,0.7785,0.001,0.001,0.1,0.0387,0.0019,0.0779
ownshelf/s40_off,145,seg2,coffee,move_to,step,,coffee,0.7938,0.001,0.7938,0.001,0.001,0.0895,0.0329,0.0014,0.0794
ownshelf/s40_off,146,seg2,coffee,move_to,step,,coffee,0.8079,0.001,0.8079,0.001,0.001,0.0795,0.0277,0.0011,0.0808
ownshelf/s40_off,147,seg2,coffee,move_to,step,,coffee,0.8205,0.001,0.8205,0.001,0.001,0.0702,0.0233,0.001,0.082
ownshelf/s40_off,148,seg2,coffee,move_to,step,,coffee,0.8318,0.001,0.8318,0.001,0.001,0.0616,0.0194,0.001,0.0832
ownshelf/s40_off,149,seg2,coffee,move_to,step,,coffee,0.842,0.001,0.842,0.001,0.001,0.0538,0.016,0.001,0.0842
ownshelf/s40_off,150,seg2,coffee,move_to,step,,coffee,0.8511,0.001,0.8511,0.001,0.001,0.0466,0.0132,0.001,0.0851
ownshelf/s40_off,151,seg2,coffee,move_to,step,,coffee,0.8591,0.001,0.8591,0.001,0.001,0.0402,0.0108,0.001,0.0859
ownshelf/s40_off,152,seg2,coffee,move_to,step,,coffee,0.8661,0.001,0.8661,0.001,0.001,0.0345,0.0088,0.001,0.0866
ownshelf/s40_off,153,seg2,coffee,move_to,step,,coffee,0.8722,0.001,0.8722,0.001,0.001,0.0294,0.0071,0.001,0.0872
ownshelf/s40_off,154,seg2,coffee,move_to,,,coffee,0.8722,0.001,0.8722,0.001,0.001,0.0294,0.0071,0.001,0.0872
ownshelf/s40_off,155,seg2,coffee,wait_at,stand,,coffee,0.8722,0.001,0.8722,0.001,0.001,0.0294,0.0071,0.001,0.0872
ownshelf/s40_off,156,seg2,coffee,wait_at,stand,,coffee,0.8722,0.001,0.8722,0.001,0.001,0.0294,0.0071,0.001,0.0872
ownshelf/s40_off,157,seg2,coffee,wait_at,stand,,coffee,0.8722,0.001,0.8722,0.001,0.001,0.0294,0.0071,0.001,0.0872
ownshelf/s40_off,158,seg2,coffee,wait_at,stand,,coffee,0.8722,0.001,0.8722,0.001,0.001,0.0294,0.0071,0.001,0.0872
ownshelf/s40_off,159,seg2,coffee,wait_at,stand,,coffee,0.8722,0.001,0.8722,0.001,0.001,0.0294,0.0071,0.001,0.0872
ownshelf/s40_off,160,seg2,coffee,wait_at,stand,,coffee,0.8722,0.001,0.8722,0.001,0.001,0.0294,0.0071,0.001,0.0872
ownshelf/s40_off,161,seg2,coffee,wait_at,stand,,coffee,0.8722,0.001,0.8722,0.001,0.001,0.0294,0.0071,0.001,0.0872
ownshelf/s40_off,162,seg2,coffee,wait_at,stand,,coffee,0.8722,0.001,0.8722,0.001,0.001,0.0294,0.0071,0.001,0.0872
ownshelf/s40_off,163,seg2,coffee,wait_at,stand,,coffee,0.8722,0.001,0.8722,0.001,0.001,0.0294,0.0071,0.001,0.0872
ownshelf/s40_off,164,seg2,coffee,wait_at,stand,,coffee,0.8722,0.001,0.8722,0.001,0.001,0.0294,0.0071,0.001,0.0872
ownshelf/s40_off,165,seg2,coffee,wait_at,stand,,coffee,0.8722,0.001,0.8722,0.001,0.001,0.0294,0.0071,0.001,0.0872
ownshelf/s40_off,166,seg2,coffee,wait_at,stand,,coffee,0.8722,0.001,0.8722,0.001,0.001,0.0294,0.0071,0.001,0.0872
ownshelf/s40_off,167,seg2,coffee,wait_at,stand,,coffee,0.8722,0.001,0.8722,0.001,0.001,0.0294,0.0071,0.001,0.0872
ownshelf/s40_off,168,seg2,coffee,wait_at,stand,,coffee,0.8722,0.001,0.8722,0.001,0.001,0.0294,0.0071,0.001,0.0872
ownshelf/s40_off,169,seg2,coffee,wait_at,stand,,coffee,0.8722,0.001,0.8722,0.001,0.001,0.0294,0.0071,0.001,0.0872
ownshelf/s40_off,170,seg2,coffee,wait_at,stand,,coffee,0.8722,0.001,0.8722,0.001,0.001,0.0294,0.0071,0.001,0.0872
ownshelf/s40_off,171,seg2,coffee,wait_at,stand,,coffee,0.8722,0.001,0.8722,0.001,0.001,0.0294,0.0071,0.001,0.0872
ownshelf/s40_off,172,seg2,coffee,wait_at,stand,,coffee,0.8722,0.001,0.8722,0.001,0.001,0.0294,0.0071,0.001,0.0872
ownshelf/s40_off,173,seg2,coffee,wait_at,stand,,coffee,0.8722,0.001,0.8722,0.001,0.001,0.0294,0.0071,0.001,0.0872
ownshelf/s40_off,174,seg2,coffee,wait_at,stand,,coffee,0.8722,0.001,0.8722,0.001,0.001,0.0294,0.0071,0.001,0.0872
ownshelf/s40_off,175,seg2,coffee,wait_at,stand,,coffee,0.8722,0.001,0.8722,0.001,0.001,0.0294,0.0071,0.001,0.0872
ownshelf/s40_off,176,seg2,coffee,wait_at,stand,,coffee,0.8722,0.001,0.8722,0.001,0.001,0.0294,0.0071,0.001,0.0872
ownshelf/s40_off,177,seg2,coffee,wait_at,stand,,coffee,0.8722,0.001,0.8722,0.001,0.001,0.0294,0.0071,0.001,0.0872
ownshelf/s40_off,178,seg2,coffee,wait_at,stand,,coffee,0.8722,0.001,0.8722,0.001,0.001,0.0294,0.0071,0.001,0.0872
ownshelf/s40_off,179,seg2,coffee,wait_at,stand,,coffee,0.8722,0.001,0.8722,0.001,0.001,0.0294,0.0071,0.001,0.0872
ownshelf/s40_off,180,seg2,coffee,wait_at,stand,,coffee,0.8722,0.001,0.8722,0.001,0.001,0.0294,0.0071,0.001,0.0872
ownshelf/s40_off,181,seg2,coffee,wait_at,stand,,coffee,0.8722,0.001,0.8722,0.001,0.001,0.0294,0.0071,0.001,0.0872
ownshelf/s40_off,182,seg2,coffee,wait_at,stand,,coffee,0.8722,0.001,0.8722,0.001,0.001,0.0294,0.0071,0.001,0.0872
ownshelf/s40_off,183,seg2,coffee,wait_at,stand,,coffee,0.8722,0.001,0.8722,0.001,0.001,0.0294,0.0071,0.001,0.0872
ownshelf/s40_off,184,seg2,coffee,wait_at,stand,,unknown,0.7011,0.001,0.001,0.001,0.001,0.2365,0.0573,0.0011,0.7011
ownshelf/s40_off,185,seg2,coffee,wait_at,,,ac,0.2432,0.2432,0.001,0.001,0.001,0.2432,0.2432,0.2432,0.0243
ownshelf/s40_off,186,seg3a,unknown,,,,ac,0.2432,0.2432,0.001,0.001,0.001,0.2432,0.2432,0.2432,0.0243
ownshelf/s40_off,187,seg3a,unknown,move_to,step,,d(item_6),0.247,0.2355,0.001,0.001,0.001,0.2464,0.247,0.2434,0.0247
ownshelf/s40_off,188,seg3a,unknown,move_to,step,,d(item_6),0.2511,0.2273,0.001,0.001,0.001,0.2498,0.2511,0.2436,0.0251
ownshelf/s40_off,189,seg3a,unknown,move_to,step,,d(item_6),0.2555,0.2187,0.001,0.001,0.001,0.2534,0.2555,0.2439,0.0255
ownshelf/s40_off,190,seg3a,unknown,move_to,step,,d(item_6),0.2601,0.2096,0.001,0.001,0.001,0.2572,0.2601,0.2441,0.026
ownshelf/s40_off,191,seg3a,unknown,move_to,step,,d(item_6),0.2649,0.2,0.001,0.001,0.001,0.2612,0.2649,0.2443,0.0265
ownshelf/s40_off,192,seg3a,unknown,move_to,step,,d(item_6),0.2701,0.19,0.001,0.001,0.001,0.2654,0.2701,0.2444,0.027
ownshelf/s40_off,193,seg3a,unknown,move_to,step,,d(item_6),0.2755,0.1797,0.001,0.001,0.001,0.2698,0.2755,0.2445,0.0276
ownshelf/s40_off,194,seg3a,unknown,move_to,step,,d(item_6),0.2811,0.169,0.001,0.001,0.001,0.2744,0.2811,0.2444,0.0281
ownshelf/s40_off,195,seg3a,unknown,move_to,step,,d(item_6),0.2875,0.1584,0.001,0.001,0.001,0.2795,0.2875,0.2429,0.0288
ownshelf/s40_off,196,seg3a,unknown,move_to,step,,d(item_6),0.2942,0.1476,0.001,0.001,0.001,0.285,0.2942,0.2407,0.0294
ownshelf/s40_off,197,seg3a,unknown,move_to,step,,d(item_6),0.3014,0.1368,0.001,0.001,0.001,0.2907,0.3014,0.2379,0.0302
ownshelf/s40_off,198,seg3a,unknown,move_to,step,,d(item_6),0.3091,0.1261,0.001,0.001,0.001,0.2968,0.3091,0.2341,0.0309
ownshelf/s40_off,199,seg3a,unknown,move_to,step,,d(item_6),0.3172,0.1156,0.001,0.001,0.001,0.3032,0.3172,0.2293,0.0317
ownshelf/s40_off,200,seg3a,unknown,move_to,step,,d(item_6),0.3258,0.1053,0.001,0.001,0.001,0.3099,0.3258,0.2234,0.0326
ownshelf/s40_off,201,seg3a,unknown,move_to,step,,d(item_6),0.3349,0.0954,0.001,0.001,0.001,0.3169,0.3349,0.2163,0.0335
ownshelf/s40_off,202,seg3a,unknown,move_to,step,,d(item_6),0.3446,0.0858,0.001,0.001,0.001,0.3242,0.3446,0.2079,0.0345
ownshelf/s40_off,203,seg3a,unknown,move_to,step,,d(item_6),0.3548,0.0767,0.001,0.001,0.001,0.3319,0.3548,0.1981,0.0355
ownshelf/s40_off,204,seg3a,unknown,move_to,step,,d(item_6),0.3655,0.0682,0.001,0.001,0.001,0.3399,0.3655,0.1868,0.0366
ownshelf/s40_off,205,seg3a,unknown,move_to,step,,d(item_6),0.3768,0.0602,0.001,0.001,0.001,0.348,0.3768,0.1742,0.0377
ownshelf/s40_off,206,seg3a,unknown,move_to,,,d(item_6),0.3794,0.0606,0.001,0.001,0.001,0.3504,0.3794,0.1686,0.038
ownshelf/s40_off,207,seg3a,unknown,wait_at,stand,,d(item_6),0.3821,0.0611,0.001,0.001,0.001,0.3529,0.3821,0.1628,0.0382
ownshelf/s40_off,208,seg3a,unknown,wait_at,,,d(item_6),0.3848,0.0615,0.001,0.001,0.001,0.3554,0.3848,0.1569,0.0385
ownshelf/s40_off,209,seg3b,unknown,,,,d(item_6),0.3875,0.0619,0.001,0.001,0.001,0.3579,0.3875,0.1509,0.0388
ownshelf/s40_off,210,seg3b,unknown,move_to,step,,d(item_6),0.3972,0.0511,0.001,0.001,0.001,0.3801,0.3972,0.1224,0.0463
ownshelf/s40_off,211,seg3b,unknown,move_to,step,,d(item_5),0.401,0.0421,0.001,0.001,0.001,0.401,0.4009,0.0974,0.0556
ownshelf/s40_off,212,seg3b,unknown,move_to,step,,d(item_5),0.42,0.0348,0.001,0.001,0.001,0.42,0.3985,0.0765,0.0673
ownshelf/s40_off,213,seg3b,unknown,move_to,step,,d(item_5),0.4363,0.0288,0.001,0.001,0.001,0.4363,0.3902,0.0597,0.082
ownshelf/s40_off,214,seg3b,unknown,move_to,step,,d(item_5),0.4494,0.0239,0.001,0.001,0.001,0.4494,0.3769,0.0463,0.1005
ownshelf/s40_off,215,seg3b,unknown,move_to,step,,d(item_5),0.4584,0.0199,0.001,0.001,0.001,0.4584,0.3591,0.0359,0.1237
ownshelf/s40_off,216,seg3b,unknown,move_to,step,,d(item_5),0.4624,0.0165,0.001,0.001,0.001,0.4624,0.3377,0.0278,0.1527
ownshelf/s40_off,217,seg3b,unknown,move_to,step,,d(item_5),0.4603,0.0138,0.001,0.001,0.001,0.4603,0.3133,0.0214,0.1883
ownshelf/s40_off,218,seg3b,unknown,move_to,step,,d(item_5),0.4514,0.0114,0.001,0.001,0.001,0.4514,0.2864,0.0164,0.2314
ownshelf/s40_off,219,seg3b,unknown,move_to,step,,d(item_5),0.435,0.0094,0.001,0.001,0.001,0.435,0.2577,0.0125,0.2826
ownshelf/s40_off,220,seg3b,unknown,move_to,step,,d(item_5),0.4108,0.0076,0.001,0.001,0.001,0.4108,0.2277,0.0094,0.3415
ownshelf/s40_off,221,seg3b,unknown,move_to,step,,unknown,0.4073,0.0061,0.001,0.001,0.001,0.3795,0.1972,0.0069,0.4073
ownshelf/s40_off,222,seg3b,unknown,move_to,step,,unknown,0.4779,0.0048,0.001,0.001,0.001,0.3421,0.1671,0.0051,0.4779
ownshelf/s40_off,223,seg3b,unknown,move_to,step,,unknown,0.5506,0.0037,0.001,0.001,0.001,0.3006,0.1384,0.0036,0.5506
ownshelf/s40_off,224,seg3b,unknown,move_to,step,,unknown,0.6223,0.0028,0.001,0.001,0.001,0.2573,0.1119,0.0026,0.6223
ownshelf/s40_off,225,seg3b,unknown,move_to,step,,unknown,0.6898,0.0021,0.001,0.001,0.001,0.2148,0.0885,0.0018,0.6898
ownshelf/s40_off,226,seg3b,unknown,move_to,step,,unknown,0.7508,0.0015,0.001,0.001,0.001,0.175,0.0685,0.0012,0.7508
ownshelf/s40_off,227,seg3b,unknown,move_to,,,unknown,0.7509,0.0015,0.001,0.001,0.001,0.175,0.0685,0.0011,0.7509
ownshelf/s40_off,228,seg3b,unknown,wait_at,stand,,unknown,0.7509,0.0015,0.001,0.001,0.001,0.175,0.0685,0.001,0.7509
ownshelf/s40_off,229,seg3b,unknown,wait_at,,,unknown,0.751,0.0015,0.001,0.001,0.001,0.175,0.0685,0.001,0.751
ownshelf/s40_off,230,seg4,d(item_6),,,,unknown,0.751,0.0015,0.001,0.001,0.001,0.175,0.0685,0.001,0.751
ownshelf/s40_off,231,seg4,d(item_6),move_to,step,,unknown,0.7523,0.0014,0.001,0.001,0.001,0.1737,0.0686,0.001,0.7523
ownshelf/s40_off,232,seg4,d(item_6),move_to,step,,unknown,0.7537,0.0013,0.001,0.001,0.001,0.1722,0.0687,0.001,0.7537
ownshelf/s40_off,233,seg4,d(item_6),move_to,step,,unknown,0.7552,0.0012,0.001,0.001,0.001,0.1708,0.0689,0.001,0.7552
ownshelf/s40_off,234,seg4,d(item_6),move_to,step,,unknown,0.7567,0.0011,0.001,0.001,0.001,0.1692,0.069,0.001,0.7567
ownshelf/s40_off,235,seg4,d(item_6),move_to,step,,unknown,0.7583,0.001,0.001,0.001,0.001,0.1675,0.0692,0.001,0.7583
ownshelf/s40_off,236,seg4,d(item_6),move_to,step,,unknown,0.7599,0.001,0.001,0.001,0.001,0.1658,0.0693,0.001,0.7599
ownshelf/s40_off,237,seg4,d(item_6),move_to,step,,unknown,0.7617,0.001,0.001,0.001,0.001,0.1639,0.0695,0.001,0.7617
ownshelf/s40_off,238,seg4,d(item_6),move_to,step,,unknown,0.7635,0.001,0.001,0.001,0.001,0.1619,0.0696,0.001,0.7635
ownshelf/s40_off,239,seg4,d(item_6),move_to,step,,unknown,0.7654,0.001,0.001,0.001,0.001,0.1598,0.0698,0.001,0.7654
ownshelf/s40_off,240,seg4,d(item_6),move_to,step,,unknown,0.7674,0.001,0.001,0.001,0.001,0.1576,0.07,0.001,0.7674
ownshelf/s40_off,241,seg4,d(item_6),move_to,step,,unknown,0.7696,0.001,0.001,0.001,0.001,0.1553,0.0702,0.001,0.7696
ownshelf/s40_off,242,seg4,d(item_6),move_to,step,,unknown,0.7718,0.001,0.001,0.001,0.001,0.1528,0.0704,0.001,0.7718
ownshelf/s40_off,243,seg4,d(item_6),move_to,step,,unknown,0.7743,0.001,0.001,0.001,0.001,0.1501,0.0706,0.001,0.7743
ownshelf/s40_off,244,seg4,d(item_6),move_to,step,,unknown,0.7769,0.001,0.001,0.001,0.001,0.1473,0.0708,0.001,0.7769
ownshelf/s40_off,245,seg4,d(item_6),move_to,step,,unknown,0.7796,0.001,0.001,0.001,0.001,0.1443,0.0711,0.001,0.7796
ownshelf/s40_off,246,seg4,d(item_6),move_to,step,,unknown,0.7826,0.001,0.001,0.001,0.001,0.1411,0.0714,0.001,0.7826
ownshelf/s40_off,247,seg4,d(item_6),move_to,step,,unknown,0.7857,0.001,0.001,0.001,0.001,0.1376,0.0717,0.001,0.7857
ownshelf/s40_off,248,seg4,d(item_6),move_to,step,,unknown,0.7891,0.001,0.001,0.001,0.001,0.1339,0.072,0.001,0.7891
ownshelf/s40_off,249,seg4,d(item_6),move_to,step,,unknown,0.7927,0.001,0.001,0.001,0.001,0.13,0.0723,0.001,0.7927
ownshelf/s40_off,250,seg4,d(item_6),move_to,step,,unknown,0.7966,0.001,0.001,0.001,0.001,0.1258,0.0726,0.001,0.7966
ownshelf/s40_off,251,seg4,d(item_6),move_to,step,,unknown,0.8007,0.001,0.001,0.001,0.001,0.1213,0.073,0.001,0.8007
ownshelf/s40_off,252,seg4,d(item_6),move_to,step,,unknown,0.8051,0.001,0.001,0.001,0.001,0.1164,0.0734,0.001,0.8051
ownshelf/s40_off,253,seg4,d(item_6),move_to,step,,unknown,0.8099,0.001,0.001,0.001,0.001,0.1113,0.0739,0.001,0.8099
ownshelf/s40_off,254,seg4,d(item_6),move_to,step,,unknown,0.815,0.001,0.001,0.001,0.001,0.1057,0.0743,0.001,0.815
ownshelf/s40_off,255,seg4,d(item_6),move_to,step,,unknown,0.8204,0.001,0.001,0.001,0.001,0.0998,0.0748,0.001,0.8204
ownshelf/s40_off,256,seg4,d(item_6),move_to,step,,unknown,0.8261,0.001,0.001,0.001,0.001,0.0936,0.0753,0.001,0.8261
ownshelf/s40_off,257,seg4,d(item_6),move_to,step,,unknown,0.8321,0.001,0.001,0.001,0.001,0.087,0.0759,0.001,0.8321
ownshelf/s40_off,258,seg4,d(item_6),move_to,step,,unknown,0.8385,0.001,0.001,0.001,0.001,0.0801,0.0765,0.001,0.8385
ownshelf/s40_off,259,seg4,d(item_6),move_to,step,,unknown,0.8451,0.001,0.001,0.001,0.001,0.0729,0.0771,0.001,0.8451
ownshelf/s40_off,260,seg4,d(item_6),move_to,step,,unknown,0.8518,0.001,0.001,0.001,0.001,0.0655,0.0777,0.001,0.8518
ownshelf/s40_off,261,seg4,d(item_6),move_to,step,,unknown,0.8586,0.001,0.001,0.001,0.001,0.0581,0.0783,0.001,0.8586
ownshelf/s40_off,262,seg4,d(item_6),move_to,step,,unknown,0.8654,0.001,0.001,0.001,0.001,0.0507,0.0789,0.001,0.8654
ownshelf/s40_off,263,seg4,d(item_6),move_to,step,,unknown,0.872,0.001,0.001,0.001,0.001,0.0435,0.0795,0.001,0.872
ownshelf/s40_off,264,seg4,d(item_6),move_to,step,,unknown,0.8783,0.001,0.001,0.001,0.001,0.0366,0.0801,0.001,0.8783
ownshelf/s40_off,265,seg4,d(item_6),move_to,step,,unknown,0.8841,0.001,0.001,0.001,0.001,0.0303,0.0806,0.001,0.8841
ownshelf/s40_off,266,seg4,d(item_6),move_to,step,,unknown,0.8893,0.001,0.001,0.001,0.001,0.0246,0.0811,0.001,0.8893
ownshelf/s40_off,267,seg4,d(item_6),move_to,step,,unknown,0.8939,0.001,0.001,0.001,0.001,0.0196,0.0815,0.001,0.8939
ownshelf/s40_off,268,seg4,d(item_6),move_to,step,,unknown,0.8978,0.001,0.001,0.001,0.001,0.0153,0.0819,0.001,0.8978
ownshelf/s40_off,269,seg4,d(item_6),move_to,step,,unknown,0.901,0.001,0.001,0.001,0.001,0.0118,0.0822,0.001,0.901
ownshelf/s40_off,270,seg4,d(item_6),move_to,step,,unknown,0.9037,0.001,0.001,0.001,0.001,0.0089,0.0824,0.001,0.9037
ownshelf/s40_off,271,seg4,d(item_6),move_to,,,unknown,0.9037,0.001,0.001,0.001,0.001,0.0089,0.0824,0.001,0.9037
ownshelf/s40_off,272,seg4,d(item_6),pick_up,grasp,item_6,unknown,0.9037,0.001,0.001,0.001,0.001,0.0089,0.0824,0.001,0.9037
ownshelf/s40_off,273,seg4,d(item_6),pick_up,,item_6,unknown,0.9037,0.001,0.001,0.001,0.001,0.0089,0.0824,0.001,0.9037
ownshelf/s40_off,274,seg4,d(item_6),move_to,step,item_6,unknown,0.9059,0.001,0.001,0.001,0.001,0.0065,0.0826,0.001,0.9059
ownshelf/s40_off,275,seg4,d(item_6),move_to,step,item_6,unknown,0.9076,0.001,0.001,0.001,0.001,0.0046,0.0828,0.001,0.9076
ownshelf/s40_off,276,seg4,d(item_6),move_to,step,item_6,unknown,0.9088,0.001,0.001,0.001,0.001,0.0033,0.0829,0.001,0.9088
ownshelf/s40_off,277,seg4,d(item_6),move_to,step,item_6,unknown,0.9097,0.001,0.001,0.001,0.001,0.0023,0.083,0.001,0.9097
ownshelf/s40_off,278,seg4,d(item_6),move_to,step,item_6,unknown,0.9103,0.001,0.001,0.001,0.001,0.0016,0.083,0.001,0.9103
ownshelf/s40_off,279,seg4,d(item_6),move_to,step,item_6,unknown,0.9108,0.001,0.001,0.001,0.001,0.0011,0.0831,0.001,0.9108
ownshelf/s40_off,280,seg4,d(item_6),move_to,step,item_6,unknown,0.9109,0.001,0.001,0.001,0.001,0.001,0.0831,0.001,0.9109
ownshelf/s40_off,281,seg4,d(item_6),move_to,step,item_6,unknown,0.9109,0.001,0.001,0.001,0.001,0.001,0.0831,0.001,0.9109
ownshelf/s40_off,282,seg4,d(item_6),move_to,step,item_6,unknown,0.9109,0.001,0.001,0.001,0.001,0.001,0.0831,0.001,0.9109
ownshelf/s40_off,283,seg4,d(item_6),move_to,step,item_6,unknown,0.9109,0.001,0.001,0.001,0.001,0.001,0.0831,0.001,0.9109
ownshelf/s40_off,284,seg4,d(item_6),move_to,step,item_6,unknown,0.9109,0.001,0.001,0.001,0.001,0.001,0.0831,0.001,0.9109
ownshelf/s40_off,285,seg4,d(item_6),move_to,step,item_6,unknown,0.9109,0.001,0.001,0.001,0.001,0.001,0.0831,0.001,0.9109
ownshelf/s40_off,286,seg4,d(item_6),move_to,step,item_6,unknown,0.9109,0.001,0.001,0.001,0.001,0.001,0.0831,0.001,0.9109
ownshelf/s40_off,287,seg4,d(item_6),move_to,step,item_6,unknown,0.9109,0.001,0.001,0.001,0.001,0.001,0.0831,0.001,0.9109
ownshelf/s40_off,288,seg4,d(item_6),move_to,step,item_6,unknown,0.9109,0.001,0.001,0.001,0.001,0.001,0.0831,0.001,0.9109
ownshelf/s40_off,289,seg4,d(item_6),move_to,step,item_6,unknown,0.9109,0.001,0.001,0.001,0.001,0.001,0.0831,0.001,0.9109
ownshelf/s40_off,290,seg4,d(item_6),move_to,step,item_6,unknown,0.9109,0.001,0.001,0.001,0.001,0.001,0.0831,0.001,0.9109
ownshelf/s40_off,291,seg4,d(item_6),move_to,step,item_6,unknown,0.9109,0.001,0.001,0.001,0.001,0.001,0.0831,0.001,0.9109
ownshelf/s40_off,292,seg4,d(item_6),move_to,step,item_6,unknown,0.9109,0.001,0.001,0.001,0.001,0.001,0.0831,0.001,0.9109
ownshelf/s40_off,293,seg4,d(item_6),move_to,step,item_6,unknown,0.9109,0.001,0.001,0.001,0.001,0.001,0.0831,0.001,0.9109
ownshelf/s40_off,294,seg4,d(item_6),move_to,step,item_6,unknown,0.9109,0.001,0.001,0.001,0.001,0.001,0.0831,0.001,0.9109
ownshelf/s40_off,295,seg4,d(item_6),move_to,step,item_6,unknown,0.9109,0.001,0.001,0.001,0.001,0.001,0.0831,0.001,0.9109
ownshelf/s40_off,296,seg4,d(item_6),move_to,step,item_6,unknown,0.9109,0.001,0.001,0.001,0.001,0.001,0.0831,0.001,0.9109
ownshelf/s40_off,297,seg4,d(item_6),move_to,step,item_6,unknown,0.9109,0.001,0.001,0.001,0.001,0.001,0.0831,0.001,0.9109
ownshelf/s40_off,298,seg4,d(item_6),move_to,step,item_6,unknown,0.9109,0.001,0.001,0.001,0.001,0.001,0.0831,0.001,0.9109
ownshelf/s40_off,299,seg4,d(item_6),move_to,step,item_6,unknown,0.9109,0.001,0.001,0.001,0.001,0.001,0.0831,0.001,0.9109
ownshelf/s40_off,300,seg4,d(item_6),move_to,step,item_6,unknown,0.9109,0.001,0.001,0.001,0.001,0.001,0.0831,0.001,0.9109
ownshelf/s40_off,301,seg4,d(item_6),move_to,step,item_6,unknown,0.9109,0.001,0.001,0.001,0.001,0.001,0.0831,0.001,0.9109
ownshelf/s40_off,302,seg4,d(item_6),move_to,step,item_6,unknown,0.9109,0.001,0.001,0.001,0.001,0.001,0.0831,0.001,0.9109
ownshelf/s40_off,303,seg4,d(item_6),move_to,step,item_6,unknown,0.9109,0.001,0.001,0.001,0.001,0.001,0.0831,0.001,0.9109
ownshelf/s40_off,304,seg4,d(item_6),move_to,step,item_6,unknown,0.9109,0.001,0.001,0.001,0.001,0.001,0.0831,0.001,0.9109
ownshelf/s40_off,305,seg4,d(item_6),move_to,step,item_6,unknown,0.9109,0.001,0.001,0.001,0.001,0.001,0.0831,0.001,0.9109
ownshelf/s40_off,306,seg4,d(item_6),move_to,step,item_6,unknown,0.9109,0.001,0.001,0.001,0.001,0.001,0.0831,0.001,0.9109
ownshelf/s40_off,307,seg4,d(item_6),move_to,step,item_6,unknown,0.9109,0.001,0.001,0.001,0.001,0.001,0.0831,0.001,0.9109
ownshelf/s40_off,308,seg4,d(item_6),move_to,step,item_6,unknown,0.9109,0.001,0.001,0.001,0.001,0.001,0.0831,0.001,0.9109
ownshelf/s40_off,309,seg4,d(item_6),move_to,step,item_6,unknown,0.9109,0.001,0.001,0.001,0.001,0.001,0.0831,0.001,0.9109
ownshelf/s40_off,310,seg4,d(item_6),move_to,step,item_6,unknown,0.9109,0.001,0.001,0.001,0.001,0.001,0.0831,0.001,0.9109
ownshelf/s40_off,311,seg4,d(item_6),move_to,step,item_6,unknown,0.9109,0.001,0.001,0.001,0.001,0.001,0.0831,0.001,0.9109
ownshelf/s40_off,312,seg4,d(item_6),move_to,step,item_6,unknown,0.9109,0.001,0.001,0.001,0.001,0.001,0.0831,0.001,0.9109
ownshelf/s40_off,313,seg4,d(item_6),move_to,step,item_6,unknown,0.9109,0.001,0.001,0.001,0.001,0.001,0.0831,0.001,0.9109
ownshelf/s40_off,314,seg4,d(item_6),move_to,step,item_6,unknown,0.9109,0.001,0.001,0.001,0.001,0.001,0.0831,0.001,0.9109
ownshelf/s40_off,315,seg4,d(item_6),move_to,step,item_6,unknown,0.9109,0.001,0.001,0.001,0.001,0.001,0.0831,0.001,0.9109
ownshelf/s40_off,316,seg4,d(item_6),move_to,step,item_6,unknown,0.9109,0.001,0.001,0.001,0.001,0.001,0.0831,0.001,0.9109
ownshelf/s40_off,317,seg4,d(item_6),move_to,step,item_6,unknown,0.9109,0.001,0.001,0.001,0.001,0.001,0.0831,0.001,0.9109
ownshelf/s40_off,318,seg4,d(item_6),move_to,step,item_6,unknown,0.9109,0.001,0.001,0.001,0.001,0.001,0.0831,0.001,0.9109
ownshelf/s40_off,319,seg4,d(item_6),move_to,step,item_6,unknown,0.9109,0.001,0.001,0.001,0.001,0.001,0.0831,0.001,0.9109
ownshelf/s40_off,320,seg4,d(item_6),move_to,step,item_6,unknown,0.9109,0.001,0.001,0.001,0.001,0.001,0.0831,0.001,0.9109
ownshelf/s40_off,321,seg4,d(item_6),move_to,step,item_6,unknown,0.9109,0.001,0.001,0.001,0.001,0.001,0.0831,0.001,0.9109
ownshelf/s40_off,322,seg4,d(item_6),move_to,step,item_6,unknown,0.9109,0.001,0.001,0.001,0.001,0.001,0.0831,0.001,0.9109
ownshelf/s40_off,323,seg4,d(item_6),move_to,step,item_6,unknown,0.9109,0.001,0.001,0.001,0.001,0.001,0.0831,0.001,0.9109
ownshelf/s40_off,324,seg4,d(item_6),move_to,step,item_6,unknown,0.9109,0.001,0.001,0.001,0.001,0.001,0.0831,0.001,0.9109
ownshelf/s40_off,325,seg4,d(item_6),move_to,step,item_6,unknown,0.9109,0.001,0.001,0.001,0.001,0.001,0.0831,0.001,0.9109
ownshelf/s40_off,326,seg4,d(item_6),move_to,step,item_6,unknown,0.9109,0.001,0.001,0.001,0.001,0.001,0.0831,0.001,0.9109
ownshelf/s40_off,327,seg4,d(item_6),move_to,step,item_6,unknown,0.9109,0.001,0.001,0.001,0.001,0.001,0.0831,0.001,0.9109
ownshelf/s40_off,328,seg4,d(item_6),move_to,step,item_6,unknown,0.9109,0.001,0.001,0.001,0.001,0.001,0.0831,0.001,0.9109
ownshelf/s40_off,329,seg4,d(item_6),move_to,step,item_6,unknown,0.9109,0.001,0.001,0.001,0.001,0.001,0.0831,0.001,0.9109
ownshelf/s40_off,330,seg4,d(item_6),move_to,,item_6,unknown,0.9109,0.001,0.001,0.001,0.001,0.001,0.0831,0.001,0.9109
ownshelf/s40_off,331,seg4,d(item_6),place,release,,unknown,0.993,0.001,0.001,0.001,0.001,0.001,0.001,0.001,0.993
ownshelf/s40_off,332,seg4,d(item_6),place,,,ac,0.4738,0.4738,0.001,0.001,0.001,0.4738,0.001,0.001,0.0474
ownshelf/s40_off,333,done,unknown,,,,ac,0.4738,0.4738,0.001,0.001,0.001,0.4738,0.001,0.001,0.0474
ownshelf/s40_off,334,done,unknown,,,,ac,0.4738,0.4738,0.001,0.001,0.001,0.4738,0.001,0.001,0.0474
ownshelf/s40_off,335,done,unknown,,,,ac,0.4738,0.4738,0.001,0.001,0.001,0.4738,0.001,0.001,0.0474
ownshelf/s40_off,336,done,unknown,,,,ac,0.4738,0.4738,0.001,0.001,0.001,0.4738,0.001,0.001,0.0474
ownshelf/s40_off,337,done,unknown,,,,ac,0.4738,0.4738,0.001,0.001,0.001,0.4738,0.001,0.001,0.0474
ownshelf/s40_off,338,done,unknown,,,,ac,0.4738,0.4738,0.001,0.001,0.001,0.4738,0.001,0.001,0.0474
ownshelf/s40_off,339,done,unknown,,,,ac,0.4738,0.4738,0.001,0.001,0.001,0.4738,0.001,0.001,0.0474
ownshelf/s40_off,340,done,unknown,,,,ac,0.4738,0.4738,0.001,0.001,0.001,0.4738,0.001,0.001,0.0474
ownshelf/s40_off,341,done,unknown,,,,ac,0.4738,0.4738,0.001,0.001,0.001,0.4738,0.001,0.001,0.0474
ownshelf/s40_off,342,done,unknown,,,,ac,0.4738,0.4738,0.001,0.001,0.001,0.4738,0.001,0.001,0.0474
ownshelf/s40_off,343,done,unknown,,,,ac,0.4738,0.4738,0.001,0.001,0.001,0.4738,0.001,0.001,0.0474
ownshelf/s40_off,344,done,unknown,,,,ac,0.4738,0.4738,0.001,0.001,0.001,0.4738,0.001,0.001,0.0474
ownshelf/s40_off,345,done,unknown,,,,ac,0.4738,0.4738,0.001,0.001,0.001,0.4738,0.001,0.001,0.0474
ownshelf/s40_off,346,done,unknown,,,,ac,0.4738,0.4738,0.001,0.001,0.001,0.4738,0.001,0.001,0.0474
ownshelf/s40_off,347,done,unknown,,,,ac,0.4738,0.4738,0.001,0.001,0.001,0.4738,0.001,0.001,0.0474
ownshelf/s40_off,348,done,unknown,,,,ac,0.4738,0.4738,0.001,0.001,0.001,0.4738,0.001,0.001,0.0474
ownshelf/s40_off,349,done,unknown,,,,ac,0.4738,0.4738,0.001,0.001,0.001,0.4738,0.001,0.001,0.0474
ownshelf/s40_off,350,done,unknown,,,,ac,0.4738,0.4738,0.001,0.001,0.001,0.4738,0.001,0.001,0.0474
ownshelf/s40_off,351,done,unknown,,,,ac,0.4738,0.4738,0.001,0.001,0.001,0.4738,0.001,0.001,0.0474
ownshelf/s40_off,352,done,unknown,,,,ac,0.4738,0.4738,0.001,0.001,0.001,0.4738,0.001,0.001,0.0474
ownshelf/s40_off,353,done,unknown,,,,ac,0.4738,0.4738,0.001,0.001,0.001,0.4738,0.001,0.001,0.0474
ownshelf/s40_off,354,done,unknown,,,,ac,0.4738,0.4738,0.001,0.001,0.001,0.4738,0.001,0.001,0.0474
ownshelf/s40_off,355,done,unknown,,,,ac,0.4738,0.4738,0.001,0.001,0.001,0.4738,0.001,0.001,0.0474
ownshelf/s40_off,356,done,unknown,,,,ac,0.4738,0.4738,0.001,0.001,0.001,0.4738,0.001,0.001,0.0474
ownshelf/s40_off,357,done,unknown,,,,ac,0.4738,0.4738,0.001,0.001,0.001,0.4738,0.001,0.001,0.0474
ownshelf/s40_off,358,done,unknown,,,,ac,0.4738,0.4738,0.001,0.001,0.001,0.4738,0.001,0.001,0.0474
ownshelf/s40_off,359,done,unknown,,,,ac,0.4738,0.4738,0.001,0.001,0.001,0.4738,0.001,0.001,0.0474
ownshelf/s40_off,360,done,unknown,,,,ac,0.4738,0.4738,0.001,0.001,0.001,0.4738,0.001,0.001,0.0474
ownshelf/s40_off,361,done,unknown,,,,ac,0.4738,0.4738,0.001,0.001,0.001,0.4738,0.001,0.001,0.0474
ownshelf/s40_off,362,done,unknown,,,,ac,0.4738,0.4738,0.001,0.001,0.001,0.4738,0.001,0.001,0.0474
ownshelf/s40_off,363,done,unknown,,,,ac,0.4738,0.4738,0.001,0.001,0.001,0.4738,0.001,0.001,0.0474
ownshelf/s40_off,364,done,unknown,,,,ac,0.4738,0.4738,0.001,0.001,0.001,0.4738,0.001,0.001,0.0474
ownshelf/s40_off,365,done,unknown,,,,ac,0.4738,0.4738,0.001,0.001,0.001,0.4738,0.001,0.001,0.0474
ownshelf/s40_off,366,done,unknown,,,,ac,0.4738,0.4738,0.001,0.001,0.001,0.4738,0.001,0.001,0.0474
ownshelf/s40_off,367,done,unknown,,,,ac,0.4738,0.4738,0.001,0.001,0.001,0.4738,0.001,0.001,0.0474
ownshelf/s40_off,368,done,unknown,,,,ac,0.4738,0.4738,0.001,0.001,0.001,0.4738,0.001,0.001,0.0474
ownshelf/s40_off,369,done,unknown,,,,ac,0.4738,0.4738,0.001,0.001,0.001,0.4738,0.001,0.001,0.0474
ownshelf/s40_off,370,done,unknown,,,,ac,0.4738,0.4738,0.001,0.001,0.001,0.4738,0.001,0.001,0.0474
ownshelf/s40_off,371,done,unknown,,,,ac,0.4738,0.4738,0.001,0.001,0.001,0.4738,0.001,0.001,0.0474
ownshelf/s40_off,372,done,unknown,,,,ac,0.4738,0.4738,0.001,0.001,0.001,0.4738,0.001,0.001,0.0474
ownshelf/s40_off,373,done,unknown,,,,ac,0.4738,0.4738,0.001,0.001,0.001,0.4738,0.001,0.001,0.0474
ownshelf/s40_off,374,done,unknown,,,,ac,0.4738,0.4738,0.001,0.001,0.001,0.4738,0.001,0.001,0.0474
ownshelf/s40_off,375,done,unknown,,,,ac,0.4738,0.4738,0.001,0.001,0.001,0.4738,0.001,0.001,0.0474
ownshelf/s40_off,376,done,unknown,,,,ac,0.9036,0.9036,0.001,0.001,0.001,0.001,0.001,0.001,0.0904
ownshelf/s40_off,377,done,unknown,,,,ac,0.9036,0.9036,0.001,0.001,0.001,0.001,0.001,0.001,0.0904
ownshelf/s40_off,378,done,unknown,,,,ac,0.9036,0.9036,0.001,0.001,0.001,0.001,0.001,0.001,0.0904
ownshelf/s40_off,379,done,unknown,,,,ac,0.9036,0.9036,0.001,0.001,0.001,0.001,0.001,0.001,0.0904
ownshelf/s40_off,380,done,unknown,,,,ac,0.9036,0.9036,0.001,0.001,0.001,0.001,0.001,0.001,0.0904
ownshelf/s40_off,381,done,unknown,,,,ac,0.9036,0.9036,0.001,0.001,0.001,0.001,0.001,0.001,0.0904
ownshelf/s40_off,382,done,unknown,,,,ac,0.9036,0.9036,0.001,0.001,0.001,0.001,0.001,0.001,0.0904
ownshelf/s40_on,0,seg1,d(item_3),move_to,step,,d(item_3),0.2664,0.217,0.2566,0.2664,0.001,0.001,0.2303,0.001,0.0266
ownshelf/s40_on,1,seg1,d(item_3),move_to,step,,d(item_3),0.2934,0.1879,0.2714,0.2934,0.001,0.001,0.215,0.001,0.0293
ownshelf/s40_on,2,seg1,d(item_3),move_to,step,,d(item_3),0.3236,0.1576,0.2864,0.3236,0.001,0.001,0.197,0.001,0.0324
ownshelf/s40_on,3,seg1,d(item_3),move_to,step,,d(item_3),0.356,0.1282,0.3005,0.356,0.001,0.001,0.1767,0.001,0.0356
ownshelf/s40_on,4,seg1,d(item_3),move_to,step,,d(item_3),0.3894,0.1013,0.3124,0.3894,0.001,0.001,0.1549,0.001,0.0389
ownshelf/s40_on,5,seg1,d(item_3),move_to,step,,d(item_3),0.4229,0.0781,0.321,0.4229,0.001,0.001,0.1328,0.001,0.0423
ownshelf/s40_on,6,seg1,d(item_3),move_to,step,,d(item_3),0.4555,0.0589,0.3257,0.4555,0.001,0.001,0.1114,0.001,0.0455
ownshelf/s40_on,7,seg1,d(item_3),move_to,step,,d(item_3),0.4867,0.0436,0.3263,0.4867,0.001,0.001,0.0917,0.001,0.0487
ownshelf/s40_on,8,seg1,d(item_3),move_to,step,,d(item_3),0.5164,0.0318,0.323,0.5164,0.001,0.001,0.0741,0.001,0.0516
ownshelf/s40_on,9,seg1,d(item_3),move_to,step,,d(item_3),0.5445,0.0229,0.3161,0.5445,0.001,0.001,0.0591,0.001,0.0544
ownshelf/s40_on,10,seg1,d(item_3),move_to,step,,d(item_3),0.5711,0.0164,0.3059,0.5711,0.001,0.001,0.0465,0.001,0.0571
ownshelf/s40_on,11,seg1,d(item_3),move_to,step,,d(item_3),0.5964,0.0116,0.293,0.5964,0.001,0.001,0.0363,0.001,0.0596
ownshelf/s40_on,12,seg1,d(item_3),move_to,step,,d(item_3),0.6207,0.0082,0.278,0.6207,0.001,0.001,0.028,0.001,0.0621
ownshelf/s40_on,13,seg1,d(item_3),move_to,step,,d(item_3),0.6441,0.0058,0.2612,0.6441,0.001,0.001,0.0215,0.001,0.0644
ownshelf/s40_on,14,seg1,d(item_3),move_to,step,,d(item_3),0.6667,0.004,0.2432,0.6667,0.001,0.001,0.0164,0.001,0.0667
ownshelf/s40_on,15,seg1,d(item_3),move_to,step,,d(item_3),0.6886,0.0028,0.2243,0.6886,0.001,0.001,0.0124,0.001,0.0689
ownshelf/s40_on,16,seg1,d(item_3),move_to,step,,d(item_3),0.7098,0.002,0.2049,0.7098,0.001,0.001,0.0094,0.001,0.071
ownshelf/s40_on,17,seg1,d(item_3),move_to,step,,d(item_3),0.7301,0.0014,0.1855,0.7301,0.001,0.001,0.007,0.001,0.073
ownshelf/s40_on,18,seg1,d(item_3),move_to,step,,d(item_3),0.7495,0.001,0.1663,0.7495,0.001,0.001,0.0053,0.001,0.075
ownshelf/s40_on,19,seg1,d(item_3),move_to,step,,d(item_3),0.7677,0.001,0.1476,0.7677,0.001,0.001,0.0039,0.001,0.0768
ownshelf/s40_on,20,seg1,d(item_3),move_to,step,,d(item_3),0.7849,0.001,0.1297,0.7849,0.001,0.001,0.0029,0.001,0.0785
ownshelf/s40_on,21,seg1,d(item_3),move_to,step,,d(item_3),0.8008,0.001,0.1129,0.8008,0.001,0.001,0.0021,0.001,0.0801
ownshelf/s40_on,22,seg1,d(item_3),move_to,step,,d(item_3),0.8155,0.001,0.0974,0.8155,0.001,0.001,0.0016,0.001,0.0816
ownshelf/s40_on,23,seg1,d(item_3),move_to,step,,d(item_3),0.8289,0.001,0.0831,0.8289,0.001,0.001,0.0012,0.001,0.0829
ownshelf/s40_on,24,seg1,d(item_3),move_to,step,,d(item_3),0.8407,0.001,0.0703,0.8407,0.001,0.001,0.001,0.001,0.0841
ownshelf/s40_on,25,seg1,d(item_3),move_to,step,,d(item_3),0.8511,0.001,0.0588,0.8511,0.001,0.001,0.001,0.001,0.0851
ownshelf/s40_on,26,seg1,d(item_3),move_to,step,,d(item_3),0.8602,0.001,0.0488,0.8602,0.001,0.001,0.001,0.001,0.086
ownshelf/s40_on,27,seg1,d(item_3),move_to,step,,d(item_3),0.8681,0.001,0.0401,0.8681,0.001,0.001,0.001,0.001,0.0868
ownshelf/s40_on,28,seg1,d(item_3),move_to,step,,d(item_3),0.8748,0.001,0.0327,0.8748,0.001,0.001,0.001,0.001,0.0875
ownshelf/s40_on,29,seg1,d(item_3),move_to,step,,d(item_3),0.8805,0.001,0.0265,0.8805,0.001,0.001,0.001,0.001,0.088
ownshelf/s40_on,30,seg1,d(item_3),move_to,step,,d(item_3),0.8853,0.001,0.0212,0.8853,0.001,0.001,0.001,0.001,0.0885
ownshelf/s40_on,31,seg1,d(item_3),move_to,step,,d(item_3),0.8892,0.001,0.0169,0.8892,0.001,0.001,0.001,0.001,0.0889
ownshelf/s40_on,32,seg1,d(item_3),move_to,step,,d(item_3),0.8924,0.001,0.0134,0.8924,0.001,0.001,0.001,0.001,0.0892
ownshelf/s40_on,33,seg1,d(item_3),move_to,step,,d(item_3),0.895,0.001,0.0105,0.895,0.001,0.001,0.001,0.001,0.0895
ownshelf/s40_on,34,seg1,d(item_3),move_to,step,,d(item_3),0.8971,0.001,0.0082,0.8971,0.001,0.001,0.001,0.001,0.0897
ownshelf/s40_on,35,seg1,d(item_3),move_to,step,,d(item_3),0.8988,0.001,0.0063,0.8988,0.001,0.001,0.001,0.001,0.0899
ownshelf/s40_on,36,seg1,d(item_3),move_to,step,,d(item_3),0.9001,0.001,0.0049,0.9001,0.001,0.001,0.001,0.001,0.09
ownshelf/s40_on,37,seg1,d(item_3),move_to,step,,d(item_3),0.9012,0.001,0.0037,0.9012,0.001,0.001,0.001,0.001,0.0901
ownshelf/s40_on,38,seg1,d(item_3),move_to,step,,d(item_3),0.902,0.001,0.0028,0.902,0.001,0.001,0.001,0.001,0.0902
ownshelf/s40_on,39,seg1,d(item_3),move_to,step,,d(item_3),0.9026,0.001,0.0021,0.9026,0.001,0.001,0.001,0.001,0.0903
ownshelf/s40_on,40,seg1,d(item_3),move_to,step,,d(item_3),0.9031,0.001,0.0016,0.9031,0.001,0.001,0.001,0.001,0.0903
ownshelf/s40_on,41,seg1,d(item_3),move_to,step,,d(item_3),0.9035,0.001,0.0012,0.9035,0.001,0.001,0.001,0.001,0.0903
ownshelf/s40_on,42,seg1,d(item_3),move_to,step,,d(item_3),0.9037,0.001,0.001,0.9037,0.001,0.001,0.001,0.001,0.0904
ownshelf/s40_on,43,seg1,d(item_3),move_to,step,,d(item_3),0.9037,0.001,0.001,0.9037,0.001,0.001,0.001,0.001,0.0904
ownshelf/s40_on,44,seg1,d(item_3),move_to,step,,d(item_3),0.9037,0.001,0.001,0.9037,0.001,0.001,0.001,0.001,0.0904
ownshelf/s40_on,45,seg1,d(item_3),move_to,step,,d(item_3),0.9037,0.001,0.001,0.9037,0.001,0.001,0.001,0.001,0.0904
ownshelf/s40_on,46,seg1,d(item_3),move_to,step,,d(item_3),0.9037,0.001,0.001,0.9037,0.001,0.001,0.001,0.001,0.0904
ownshelf/s40_on,47,seg1,d(item_3),move_to,step,,d(item_3),0.9037,0.001,0.001,0.9037,0.001,0.001,0.001,0.001,0.0904
ownshelf/s40_on,48,seg1,d(item_3),move_to,step,,d(item_3),0.9037,0.001,0.001,0.9037,0.001,0.001,0.001,0.001,0.0904
ownshelf/s40_on,49,seg1,d(item_3),move_to,step,,d(item_3),0.9037,0.001,0.001,0.9037,0.001,0.001,0.001,0.001,0.0904
ownshelf/s40_on,50,seg1,d(item_3),move_to,step,,d(item_3),0.9037,0.001,0.001,0.9037,0.001,0.001,0.001,0.001,0.0904
ownshelf/s40_on,51,seg1,d(item_3),move_to,step,,d(item_3),0.9037,0.001,0.001,0.9037,0.001,0.001,0.001,0.001,0.0904
ownshelf/s40_on,52,seg1,d(item_3),move_to,step,,d(item_3),0.9037,0.001,0.001,0.9037,0.001,0.001,0.001,0.001,0.0904
ownshelf/s40_on,53,seg1,d(item_3),move_to,step,,d(item_3),0.9037,0.001,0.001,0.9037,0.001,0.001,0.001,0.001,0.0904
ownshelf/s40_on,54,seg1,d(item_3),move_to,step,,d(item_3),0.9037,0.001,0.001,0.9037,0.001,0.001,0.001,0.001,0.0904
ownshelf/s40_on,55,seg1,d(item_3),move_to,step,,d(item_3),0.9037,0.001,0.001,0.9037,0.001,0.001,0.001,0.001,0.0904
ownshelf/s40_on,56,seg1,d(item_3),move_to,step,,d(item_3),0.9037,0.001,0.001,0.9037,0.001,0.001,0.001,0.001,0.0904
ownshelf/s40_on,57,seg1,d(item_3),move_to,step,,d(item_3),0.9037,0.001,0.001,0.9037,0.001,0.001,0.001,0.001,0.0904
ownshelf/s40_on,58,seg1,d(item_3),move_to,step,,d(item_3),0.9037,0.001,0.001,0.9037,0.001,0.001,0.001,0.001,0.0904
ownshelf/s40_on,59,seg1,d(item_3),move_to,,,d(item_3),0.9037,0.001,0.001,0.9037,0.001,0.001,0.001,0.001,0.0904
ownshelf/s40_on,60,seg1,d(item_3),pick_up,grasp,item_3,d(item_3),0.9037,0.001,0.001,0.9037,0.001,0.001,0.001,0.001,0.0904
ownshelf/s40_on,61,seg1,d(item_3),pick_up,,item_3,d(item_3),0.9037,0.001,0.001,0.9037,0.001,0.001,0.001,0.001,0.0904
ownshelf/s40_on,62,seg1,d(item_3),move_to,step,item_3,d(item_3),0.9037,0.001,0.001,0.9037,0.001,0.001,0.001,0.001,0.0904
ownshelf/s40_on,63,seg1,d(item_3),move_to,step,item_3,d(item_3),0.9037,0.001,0.001,0.9037,0.001,0.001,0.001,0.001,0.0904
ownshelf/s40_on,64,seg1,d(item_3),move_to,step,item_3,d(item_3),0.9037,0.001,0.001,0.9037,0.001,0.001,0.001,0.001,0.0904
ownshelf/s40_on,65,seg1,d(item_3),move_to,step,item_3,d(item_3),0.9037,0.001,0.001,0.9037,0.001,0.001,0.001,0.001,0.0904
ownshelf/s40_on,66,seg1,d(item_3),move_to,step,item_3,d(item_3),0.9037,0.001,0.001,0.9037,0.001,0.001,0.001,0.001,0.0904
ownshelf/s40_on,67,seg1,d(item_3),move_to,step,item_3,d(item_3),0.9037,0.001,0.001,0.9037,0.001,0.001,0.001,0.001,0.0904
ownshelf/s40_on,68,seg1,d(item_3),move_to,step,item_3,d(item_3),0.9037,0.001,0.001,0.9037,0.001,0.001,0.001,0.001,0.0904
ownshelf/s40_on,69,seg1,d(item_3),move_to,step,item_3,d(item_3),0.9037,0.001,0.001,0.9037,0.001,0.001,0.001,0.001,0.0904
ownshelf/s40_on,70,seg1,d(item_3),move_to,step,item_3,d(item_3),0.9037,0.001,0.001,0.9037,0.001,0.001,0.001,0.001,0.0904
ownshelf/s40_on,71,seg1,d(item_3),move_to,step,item_3,d(item_3),0.9037,0.001,0.001,0.9037,0.001,0.001,0.001,0.001,0.0904
ownshelf/s40_on,72,seg1,d(item_3),move_to,step,item_3,d(item_3),0.9037,0.001,0.001,0.9037,0.001,0.001,0.001,0.001,0.0904
ownshelf/s40_on,73,seg1,d(item_3),move_to,step,item_3,d(item_3),0.9037,0.001,0.001,0.9037,0.001,0.001,0.001,0.001,0.0904
ownshelf/s40_on,74,seg1,d(item_3),move_to,step,item_3,d(item_3),0.9037,0.001,0.001,0.9037,0.001,0.001,0.001,0.001,0.0904
ownshelf/s40_on,75,seg1,d(item_3),move_to,step,item_3,d(item_3),0.9037,0.001,0.001,0.9037,0.001,0.001,0.001,0.001,0.0904
ownshelf/s40_on,76,seg1,d(item_3),move_to,step,item_3,d(item_3),0.9037,0.001,0.001,0.9037,0.001,0.001,0.001,0.001,0.0904
ownshelf/s40_on,77,seg1,d(item_3),move_to,step,item_3,d(item_3),0.9037,0.001,0.001,0.9037,0.001,0.001,0.001,0.001,0.0904
ownshelf/s40_on,78,seg1,d(item_3),move_to,step,item_3,d(item_3),0.9037,0.001,0.001,0.9037,0.001,0.001,0.001,0.001,0.0904
ownshelf/s40_on,79,seg1,d(item_3),move_to,step,item_3,d(item_3),0.9037,0.001,0.001,0.9037,0.001,0.001,0.001,0.001,0.0904
ownshelf/s40_on,80,seg1,d(item_3),move_to,step,item_3,d(item_3),0.9037,0.001,0.001,0.9037,0.001,0.001,0.001,0.001,0.0904
ownshelf/s40_on,81,seg1,d(item_3),move_to,step,item_3,d(item_3),0.9037,0.001,0.001,0.9037,0.001,0.001,0.001,0.001,0.0904
ownshelf/s40_on,82,seg1,d(item_3),move_to,step,item_3,d(item_3),0.9037,0.001,0.001,0.9037,0.001,0.001,0.001,0.001,0.0904
ownshelf/s40_on,83,seg1,d(item_3),move_to,step,item_3,d(item_3),0.9037,0.001,0.001,0.9037,0.001,0.001,0.001,0.001,0.0904
ownshelf/s40_on,84,seg1,d(item_3),move_to,step,item_3,d(item_3),0.9037,0.001,0.001,0.9037,0.001,0.001,0.001,0.001,0.0904
ownshelf/s40_on,85,seg1,d(item_3),move_to,step,item_3,d(item_3),0.9037,0.001,0.001,0.9037,0.001,0.001,0.001,0.001,0.0904
ownshelf/s40_on,86,seg1,d(item_3),move_to,step,item_3,d(item_3),0.9037,0.001,0.001,0.9037,0.001,0.001,0.001,0.001,0.0904
ownshelf/s40_on,87,seg1,d(item_3),move_to,step,item_3,d(item_3),0.9037,0.001,0.001,0.9037,0.001,0.001,0.001,0.001,0.0904
ownshelf/s40_on,88,seg1,d(item_3),move_to,step,item_3,d(item_3),0.9037,0.001,0.001,0.9037,0.001,0.001,0.001,0.001,0.0904
ownshelf/s40_on,89,seg1,d(item_3),move_to,step,item_3,d(item_3),0.9037,0.001,0.001,0.9037,0.001,0.001,0.001,0.001,0.0904
ownshelf/s40_on,90,seg1,d(item_3),move_to,step,item_3,d(item_3),0.9037,0.001,0.001,0.9037,0.001,0.001,0.001,0.001,0.0904
ownshelf/s40_on,91,seg1,d(item_3),move_to,step,item_3,d(item_3),0.9037,0.001,0.001,0.9037,0.001,0.001,0.001,0.001,0.0904
ownshelf/s40_on,92,seg1,d(item_3),move_to,step,item_3,d(item_3),0.9037,0.001,0.001,0.9037,0.001,0.001,0.001,0.001,0.0904
ownshelf/s40_on,93,seg1,d(item_3),move_to,step,item_3,d(item_3),0.9037,0.001,0.001,0.9037,0.001,0.001,0.001,0.001,0.0904
ownshelf/s40_on,94,seg1,d(item_3),move_to,step,item_3,d(item_3),0.9037,0.001,0.001,0.9037,0.001,0.001,0.001,0.001,0.0904
ownshelf/s40_on,95,seg1,d(item_3),move_to,step,item_3,d(item_3),0.9037,0.001,0.001,0.9037,0.001,0.001,0.001,0.001,0.0904
ownshelf/s40_on,96,seg1,d(item_3),move_to,step,item_3,d(item_3),0.9037,0.001,0.001,0.9037,0.001,0.001,0.001,0.001,0.0904
ownshelf/s40_on,97,seg1,d(item_3),move_to,step,item_3,d(item_3),0.9037,0.001,0.001,0.9037,0.001,0.001,0.001,0.001,0.0904
ownshelf/s40_on,98,seg1,d(item_3),move_to,step,item_3,d(item_3),0.9037,0.001,0.001,0.9037,0.001,0.001,0.001,0.001,0.0904
ownshelf/s40_on,99,seg1,d(item_3),move_to,step,item_3,d(item_3),0.9037,0.001,0.001,0.9037,0.001,0.001,0.001,0.001,0.0904
ownshelf/s40_on,100,seg1,d(item_3),move_to,step,item_3,d(item_3),0.9037,0.001,0.001,0.9037,0.001,0.001,0.001,0.001,0.0904
ownshelf/s40_on,101,seg1,d(item_3),move_to,step,item_3,d(item_3),0.9037,0.001,0.001,0.9037,0.001,0.001,0.001,0.001,0.0904
ownshelf/s40_on,102,seg1,d(item_3),move_to,step,item_3,d(item_3),0.9037,0.001,0.001,0.9037,0.001,0.001,0.001,0.001,0.0904
ownshelf/s40_on,103,seg1,d(item_3),move_to,step,item_3,d(item_3),0.9037,0.001,0.001,0.9037,0.001,0.001,0.001,0.001,0.0904
ownshelf/s40_on,104,seg1,d(item_3),move_to,step,item_3,d(item_3),0.9037,0.001,0.001,0.9037,0.001,0.001,0.001,0.001,0.0904
ownshelf/s40_on,105,seg1,d(item_3),move_to,step,item_3,d(item_3),0.9037,0.001,0.001,0.9037,0.001,0.001,0.001,0.001,0.0904
ownshelf/s40_on,106,seg1,d(item_3),move_to,step,item_3,d(item_3),0.9037,0.001,0.001,0.9037,0.001,0.001,0.001,0.001,0.0904
ownshelf/s40_on,107,seg1,d(item_3),move_to,step,item_3,d(item_3),0.9037,0.001,0.001,0.9037,0.001,0.001,0.001,0.001,0.0904
ownshelf/s40_on,108,seg1,d(item_3),move_to,step,item_3,d(item_3),0.9037,0.001,0.001,0.9037,0.001,0.001,0.001,0.001,0.0904
ownshelf/s40_on,109,seg1,d(item_3),move_to,step,item_3,d(item_3),0.9037,0.001,0.001,0.9037,0.001,0.001,0.001,0.001,0.0904
ownshelf/s40_on,110,seg1,d(item_3),move_to,step,item_3,d(item_3),0.9037,0.001,0.001,0.9037,0.001,0.001,0.001,0.001,0.0904
ownshelf/s40_on,111,seg1,d(item_3),move_to,step,item_3,d(item_3),0.9037,0.001,0.001,0.9037,0.001,0.001,0.001,0.001,0.0904
ownshelf/s40_on,112,seg1,d(item_3),move_to,step,item_3,d(item_3),0.9037,0.001,0.001,0.9037,0.001,0.001,0.001,0.001,0.0904
ownshelf/s40_on,113,seg1,d(item_3),move_to,step,item_3,d(item_3),0.9037,0.001,0.001,0.9037,0.001,0.001,0.001,0.001,0.0904
ownshelf/s40_on,114,seg1,d(item_3),move_to,,item_3,d(item_3),0.9037,0.001,0.001,0.9037,0.001,0.001,0.001,0.001,0.0904
ownshelf/s40_on,115,seg1,d(item_3),place,release,,unknown,0.993,0.001,0.001,0.001,0.001,0.001,0.001,0.001,0.993
ownshelf/s40_on,116,seg1,d(item_3),place,,,ac,0.3213,0.3213,0.3213,0.001,0.001,0.001,0.3213,0.001,0.0321
ownshelf/s40_on,117,seg2,coffee,,,,ac,0.3213,0.3213,0.3213,0.001,0.001,0.001,0.3213,0.001,0.0321
ownshelf/s40_on,118,seg2,coffee,move_to,step,,coffee,0.3395,0.2992,0.3395,0.001,0.001,0.001,0.3233,0.001,0.034
ownshelf/s40_on,119,seg2,coffee,move_to,step,,coffee,0.3602,0.2744,0.3602,0.001,0.001,0.001,0.3254,0.001,0.036
ownshelf/s40_on,120,seg2,coffee,move_to,step,,coffee,0.3832,0.2473,0.3832,0.001,0.001,0.001,0.3272,0.001,0.0383
ownshelf/s40_on,121,seg2,coffee,move_to,step,,coffee,0.4083,0.2187,0.4083,0.001,0.001,0.001,0.3282,0.001,0.0408
ownshelf/s40_on,122,seg2,coffee,move_to,step,,coffee,0.4351,0.1896,0.4351,0.001,0.001,0.001,0.3278,0.001,0.0435
ownshelf/s40_on,123,seg2,coffee,move_to,step,,coffee,0.463,0.1612,0.463,0.001,0.001,0.001,0.3255,0.001,0.0463
ownshelf/s40_on,124,seg2,coffee,move_to,step,,coffee,0.4916,0.1343,0.4916,0.001,0.001,0.001,0.3209,0.001,0.0492
ownshelf/s40_on,125,seg2,coffee,move_to,step,,coffee,0.5202,0.1098,0.5202,0.001,0.001,0.001,0.3139,0.001,0.052
ownshelf/s40_on,126,seg2,coffee,move_to,step,,coffee,0.5485,0.0882,0.5485,0.001,0.001,0.001,0.3044,0.001,0.0549
ownshelf/s40_on,127,seg2,coffee,move_to,step,,coffee,0.5761,0.0697,0.5761,0.001,0.001,0.001,0.2925,0.001,0.0576
ownshelf/s40_on,128,seg2,coffee,move_to,step,,coffee,0.6028,0.0543,0.6028,0.001,0.001,0.001,0.2786,0.001,0.0603
ownshelf/s40_on,129,seg2,coffee,move_to,step,,coffee,0.6284,0.0418,0.6284,0.001,0.001,0.001,0.263,0.001,0.0628
ownshelf/s40_on,130,seg2,coffee,move_to,step,,coffee,0.6529,0.0318,0.6529,0.001,0.001,0.001,0.2461,0.001,0.0653
ownshelf/s40_on,131,seg2,coffee,move_to,step,,coffee,0.6762,0.0239,0.6762,0.001,0.001,0.001,0.2283,0.001,0.0676
ownshelf/s40_on,132,seg2,coffee,move_to,step,,coffee,0.6983,0.0178,0.6983,0.001,0.001,0.001,0.21,0.001,0.0698
ownshelf/s40_on,133,seg2,coffee,move_to,step,,coffee,0.7192,0.0132,0.7192,0.001,0.001,0.001,0.1917,0.001,0.0719
ownshelf/s40_on,134,seg2,coffee,move_to,step,,coffee,0.7389,0.0097,0.7389,0.001,0.001,0.001,0.1735,0.001,0.0739
ownshelf/s40_on,135,seg2,coffee,move_to,step,,coffee,0.7573,0.0071,0.7573,0.001,0.001,0.001,0.1559,0.001,0.0757
ownshelf/s40_on,136,seg2,coffee,move_to,step,,coffee,0.7744,0.0051,0.7744,0.001,0.001,0.001,0.139,0.001,0.0774
ownshelf/s40_on,137,seg2,coffee,move_to,step,,coffee,0.7903,0.0037,0.7903,0.001,0.001,0.001,0.123,0.001,0.079
ownshelf/s40_on,138,seg2,coffee,move_to,step,,coffee,0.8048,0.0027,0.8048,0.001,0.001,0.001,0.108,0.001,0.0805
ownshelf/s40_on,139,seg2,coffee,move_to,step,,coffee,0.8181,0.0019,0.8181,0.001,0.001,0.001,0.0942,0.001,0.0818
ownshelf/s40_on,140,seg2,coffee,move_to,step,,coffee,0.83,0.0014,0.83,0.001,0.001,0.001,0.0816,0.001,0.083
ownshelf/s40_on,141,seg2,coffee,move_to,step,,coffee,0.8407,0.001,0.8407,0.001,0.001,0.001,0.0702,0.001,0.0841
ownshelf/s40_on,142,seg2,coffee,move_to,step,,coffee,0.85,0.001,0.85,0.001,0.001,0.001,0.06,0.001,0.085
ownshelf/s40_on,143,seg2,coffee,move_to,step,,coffee,0.8582,0.001,0.8582,0.001,0.001,0.001,0.051,0.001,0.0858
ownshelf/s40_on,144,seg2,coffee,move_to,step,,coffee,0.8654,0.001,0.8654,0.001,0.001,0.001,0.043,0.001,0.0865
ownshelf/s40_on,145,seg2,coffee,move_to,step,,coffee,0.8717,0.001,0.8717,0.001,0.001,0.001,0.0361,0.001,0.0872
ownshelf/s40_on,146,seg2,coffee,move_to,step,,coffee,0.8772,0.001,0.8772,0.001,0.001,0.001,0.0301,0.001,0.0877
ownshelf/s40_on,147,seg2,coffee,move_to,step,,coffee,0.8818,0.001,0.8818,0.001,0.001,0.001,0.025,0.001,0.0882
ownshelf/s40_on,148,seg2,coffee,move_to,step,,coffee,0.8858,0.001,0.8858,0.001,0.001,0.001,0.0206,0.001,0.0886
ownshelf/s40_on,149,seg2,coffee,move_to,step,,coffee,0.8891,0.001,0.8891,0.001,0.001,0.001,0.0169,0.001,0.0889
ownshelf/s40_on,150,seg2,coffee,move_to,step,,coffee,0.892,0.001,0.892,0.001,0.001,0.001,0.0138,0.001,0.0892
ownshelf/s40_on,151,seg2,coffee,move_to,step,,coffee,0.8943,0.001,0.8943,0.001,0.001,0.001,0.0113,0.001,0.0894
ownshelf/s40_on,152,seg2,coffee,move_to,step,,coffee,0.8963,0.001,0.8963,0.001,0.001,0.001,0.0091,0.001,0.0896
ownshelf/s40_on,153,seg2,coffee,move_to,step,,coffee,0.8979,0.001,0.8979,0.001,0.001,0.001,0.0073,0.001,0.0898
ownshelf/s40_on,154,seg2,coffee,move_to,,,coffee,0.8979,0.001,0.8979,0.001,0.001,0.001,0.0073,0.001,0.0898
ownshelf/s40_on,155,seg2,coffee,wait_at,stand,,coffee,0.8979,0.001,0.8979,0.001,0.001,0.001,0.0073,0.001,0.0898
ownshelf/s40_on,156,seg2,coffee,wait_at,stand,,coffee,0.8979,0.001,0.8979,0.001,0.001,0.001,0.0073,0.001,0.0898
ownshelf/s40_on,157,seg2,coffee,wait_at,stand,,coffee,0.8979,0.001,0.8979,0.001,0.001,0.001,0.0073,0.001,0.0898
ownshelf/s40_on,158,seg2,coffee,wait_at,stand,,coffee,0.8979,0.001,0.8979,0.001,0.001,0.001,0.0073,0.001,0.0898
ownshelf/s40_on,159,seg2,coffee,wait_at,stand,,coffee,0.8979,0.001,0.8979,0.001,0.001,0.001,0.0073,0.001,0.0898
ownshelf/s40_on,160,seg2,coffee,wait_at,stand,,coffee,0.8979,0.001,0.8979,0.001,0.001,0.001,0.0073,0.001,0.0898
ownshelf/s40_on,161,seg2,coffee,wait_at,stand,,coffee,0.8979,0.001,0.8979,0.001,0.001,0.001,0.0073,0.001,0.0898
ownshelf/s40_on,162,seg2,coffee,wait_at,stand,,coffee,0.8979,0.001,0.8979,0.001,0.001,0.001,0.0073,0.001,0.0898
ownshelf/s40_on,163,seg2,coffee,wait_at,stand,,coffee,0.8979,0.001,0.8979,0.001,0.001,0.001,0.0073,0.001,0.0898
ownshelf/s40_on,164,seg2,coffee,wait_at,stand,,coffee,0.8979,0.001,0.8979,0.001,0.001,0.001,0.0073,0.001,0.0898
ownshelf/s40_on,165,seg2,coffee,wait_at,stand,,coffee,0.8979,0.001,0.8979,0.001,0.001,0.001,0.0073,0.001,0.0898
ownshelf/s40_on,166,seg2,coffee,wait_at,stand,,coffee,0.8979,0.001,0.8979,0.001,0.001,0.001,0.0073,0.001,0.0898
ownshelf/s40_on,167,seg2,coffee,wait_at,stand,,coffee,0.8979,0.001,0.8979,0.001,0.001,0.001,0.0073,0.001,0.0898
ownshelf/s40_on,168,seg2,coffee,wait_at,stand,,coffee,0.8979,0.001,0.8979,0.001,0.001,0.001,0.0073,0.001,0.0898
ownshelf/s40_on,169,seg2,coffee,wait_at,stand,,coffee,0.8979,0.001,0.8979,0.001,0.001,0.001,0.0073,0.001,0.0898
ownshelf/s40_on,170,seg2,coffee,wait_at,stand,,coffee,0.8979,0.001,0.8979,0.001,0.001,0.001,0.0073,0.001,0.0898
ownshelf/s40_on,171,seg2,coffee,wait_at,stand,,coffee,0.8979,0.001,0.8979,0.001,0.001,0.001,0.0073,0.001,0.0898
ownshelf/s40_on,172,seg2,coffee,wait_at,stand,,coffee,0.8979,0.001,0.8979,0.001,0.001,0.001,0.0073,0.001,0.0898
ownshelf/s40_on,173,seg2,coffee,wait_at,stand,,coffee,0.8979,0.001,0.8979,0.001,0.001,0.001,0.0073,0.001,0.0898
ownshelf/s40_on,174,seg2,coffee,wait_at,stand,,coffee,0.8979,0.001,0.8979,0.001,0.001,0.001,0.0073,0.001,0.0898
ownshelf/s40_on,175,seg2,coffee,wait_at,stand,,coffee,0.8979,0.001,0.8979,0.001,0.001,0.001,0.0073,0.001,0.0898
ownshelf/s40_on,176,seg2,coffee,wait_at,stand,,coffee,0.8979,0.001,0.8979,0.001,0.001,0.001,0.0073,0.001,0.0898
ownshelf/s40_on,177,seg2,coffee,wait_at,stand,,coffee,0.8979,0.001,0.8979,0.001,0.001,0.001,0.0073,0.001,0.0898
ownshelf/s40_on,178,seg2,coffee,wait_at,stand,,coffee,0.8979,0.001,0.8979,0.001,0.001,0.001,0.0073,0.001,0.0898
ownshelf/s40_on,179,seg2,coffee,wait_at,stand,,coffee,0.8979,0.001,0.8979,0.001,0.001,0.001,0.0073,0.001,0.0898
ownshelf/s40_on,180,seg2,coffee,wait_at,stand,,coffee,0.8979,0.001,0.8979,0.001,0.001,0.001,0.0073,0.001,0.0898
ownshelf/s40_on,181,seg2,coffee,wait_at,stand,,coffee,0.8979,0.001,0.8979,0.001,0.001,0.001,0.0073,0.001,0.0898
ownshelf/s40_on,182,seg2,coffee,wait_at,stand,,coffee,0.8979,0.001,0.8979,0.001,0.001,0.001,0.0073,0.001,0.0898
ownshelf/s40_on,183,seg2,coffee,wait_at,stand,,coffee,0.8979,0.001,0.8979,0.001,0.001,0.001,0.0073,0.001,0.0898
ownshelf/s40_on,184,seg2,coffee,wait_at,stand,,unknown,0.9189,0.001,0.001,0.001,0.001,0.001,0.0751,0.001,0.9189
ownshelf/s40_on,185,seg2,coffee,wait_at,,,ac,0.4738,0.4738,0.001,0.001,0.001,0.001,0.4738,0.001,0.0474
ownshelf/s40_on,186,seg3a,unknown,,,,ac,0.4738,0.4738,0.001,0.001,0.001,0.001,0.4738,0.001,0.0474
ownshelf/s40_on,187,seg3a,unknown,move_to,step,,d(item_6),0.4846,0.462,0.001,0.001,0.001,0.001,0.4846,0.001,0.0485
ownshelf/s40_on,188,seg3a,unknown,move_to,step,,d(item_6),0.4962,0.4492,0.001,0.001,0.001,0.001,0.4962,0.001,0.0496
ownshelf/s40_on,189,seg3a,unknown,move_to,step,,d(item_6),0.5087,0.4355,0.001,0.001,0.001,0.001,0.5087,0.001,0.0509
ownshelf/s40_on,190,seg3a,unknown,move_to,step,,d(item_6),0.5221,0.4207,0.001,0.001,0.001,0.001,0.5221,0.001,0.0522
ownshelf/s40_on,191,seg3a,unknown,move_to,step,,d(item_6),0.5364,0.4049,0.001,0.001,0.001,0.001,0.5364,0.001,0.0536
ownshelf/s40_on,192,seg3a,unknown,move_to,step,,d(item_6),0.5517,0.3882,0.001,0.001,0.001,0.001,0.5517,0.001,0.0552
ownshelf/s40_on,193,seg3a,unknown,move_to,step,,d(item_6),0.5678,0.3704,0.001,0.001,0.001,0.001,0.5678,0.001,0.0568
ownshelf/s40_on,194,seg3a,unknown,move_to,step,,d(item_6),0.5849,0.3516,0.001,0.001,0.001,0.001,0.5849,0.001,0.0585
ownshelf/s40_on,195,seg3a,unknown,move_to,step,,d(item_6),0.6027,0.332,0.001,0.001,0.001,0.001,0.6027,0.001,0.0603
ownshelf/s40_on,196,seg3a,unknown,move_to,step,,d(item_6),0.6212,0.3117,0.001,0.001,0.001,0.001,0.6212,0.001,0.0621
ownshelf/s40_on,197,seg3a,unknown,move_to,step,,d(item_6),0.6403,0.2907,0.001,0.001,0.001,0.001,0.6403,0.001,0.0641
ownshelf/s40_on,198,seg3a,unknown,move_to,step,,d(item_6),0.6597,0.2693,0.001,0.001,0.001,0.001,0.6597,0.001,0.066
ownshelf/s40_on,199,seg3a,unknown,move_to,step,,d(item_6),0.6794,0.2476,0.001,0.001,0.001,0.001,0.6794,0.001,0.068
ownshelf/s40_on,200,seg3a,unknown,move_to,step,,d(item_6),0.6991,0.226,0.001,0.001,0.001,0.001,0.6991,0.001,0.0699
ownshelf/s40_on,201,seg3a,unknown,move_to,step,,d(item_6),0.7185,0.2046,0.001,0.001,0.001,0.001,0.7185,0.001,0.0719
ownshelf/s40_on,202,seg3a,unknown,move_to,step,,d(item_6),0.7375,0.1837,0.001,0.001,0.001,0.001,0.7375,0.001,0.0738
ownshelf/s40_on,203,seg3a,unknown,move_to,step,,d(item_6),0.7559,0.1635,0.001,0.001,0.001,0.001,0.7559,0.001,0.0756
ownshelf/s40_on,204,seg3a,unknown,move_to,step,,d(item_6),0.7733,0.1443,0.001,0.001,0.001,0.001,0.7733,0.001,0.0774
ownshelf/s40_on,205,seg3a,unknown,move_to,step,,d(item_6),0.7897,0.1262,0.001,0.001,0.001,0.001,0.7897,0.001,0.079
ownshelf/s40_on,206,seg3a,unknown,move_to,,,d(item_6),0.7897,0.1262,0.001,0.001,0.001,0.001,0.7897,0.001,0.079
ownshelf/s40_on,207,seg3a,unknown,wait_at,stand,,d(item_6),0.7897,0.1262,0.001,0.001,0.001,0.001,0.7897,0.001,0.079
ownshelf/s40_on,208,seg3a,unknown,wait_at,,,d(item_6),0.7897,0.1262,0.001,0.001,0.001,0.001,0.7897,0.001,0.079
ownshelf/s40_on,209,seg3b,unknown,,,,d(item_6),0.7897,0.1262,0.001,0.001,0.001,0.001,0.7897,0.001,0.079
ownshelf/s40_on,210,seg3b,unknown,move_to,step,,d(item_6),0.7991,0.1028,0.001,0.001,0.001,0.001,0.7991,0.001,0.0931
ownshelf/s40_on,211,seg3b,unknown,move_to,step,,d(item_6),0.8,0.0841,0.001,0.001,0.001,0.001,0.8,0.001,0.1109
ownshelf/s40_on,212,seg3b,unknown,move_to,step,,d(item_6),0.7921,0.0691,0.001,0.001,0.001,0.001,0.7921,0.001,0.1338
ownshelf/s40_on,213,seg3b,unknown,move_to,step,,d(item_6),0.775,0.0572,0.001,0.001,0.001,0.001,0.775,0.001,0.1628
ownshelf/s40_on,214,seg3b,unknown,move_to,step,,d(item_6),0.7481,0.0474,0.001,0.001,0.001,0.001,0.7481,0.001,0.1995
ownshelf/s40_on,215,seg3b,unknown,move_to,step,,d(item_6),0.7108,0.0393,0.001,0.001,0.001,0.001,0.7108,0.001,0.2449
ownshelf/s40_on,216,seg3b,unknown,move_to,step,,d(item_6),0.6629,0.0325,0.001,0.001,0.001,0.001,0.6629,0.001,0.2997
ownshelf/s40_on,217,seg3b,unknown,move_to,step,,d(item_6),0.6049,0.0266,0.001,0.001,0.001,0.001,0.6049,0.001,0.3636
ownshelf/s40_on,218,seg3b,unknown,move_to,step,,d(item_6),0.5385,0.0214,0.001,0.001,0.001,0.001,0.5385,0.001,0.4351
ownshelf/s40_on,219,seg3b,unknown,move_to,step,,unknown,0.5116,0.0169,0.001,0.001,0.001,0.001,0.4665,0.001,0.5116
ownshelf/s40_on,220,seg3b,unknown,move_to,step,,unknown,0.5891,0.0131,0.001,0.001,0.001,0.001,0.3927,0.001,0.5891
ownshelf/s40_on,221,seg3b,unknown,move_to,step,,unknown,0.6637,0.01,0.001,0.001,0.001,0.001,0.3213,0.001,0.6637
ownshelf/s40_on,222,seg3b,unknown,move_to,step,,unknown,0.7317,0.0074,0.001,0.001,0.001,0.001,0.2559,0.001,0.7317
ownshelf/s40_on,223,seg3b,unknown,move_to,step,,unknown,0.7909,0.0054,0.001,0.001,0.001,0.001,0.1988,0.001,0.7909
ownshelf/s40_on,224,seg3b,unknown,move_to,step,,unknown,0.8401,0.0038,0.001,0.001,0.001,0.001,0.1511,0.001,0.8401
ownshelf/s40_on,225,seg3b,unknown,move_to,step,,unknown,0.8795,0.0027,0.001,0.001,0.001,0.001,0.1128,0.001,0.8795
ownshelf/s40_on,226,seg3b,unknown,move_to,step,,unknown,0.9101,0.0019,0.001,0.001,0.001,0.001,0.083,0.001,0.9101
ownshelf/s40_on,227,seg3b,unknown,move_to,,,unknown,0.9101,0.0019,0.001,0.001,0.001,0.001,0.083,0.001,0.9101
ownshelf/s40_on,228,seg3b,unknown,wait_at,stand,,unknown,0.9101,0.0019,0.001,0.001,0.001,0.001,0.083,0.001,0.9101
ownshelf/s40_on,229,seg3b,unknown,wait_at,,,unknown,0.9101,0.0019,0.001,0.001,0.001,0.001,0.083,0.001,0.9101
ownshelf/s40_on,230,seg4,d(item_6),,,,unknown,0.9101,0.0019,0.001,0.001,0.001,0.001,0.083,0.001,0.9101
ownshelf/s40_on,231,seg4,d(item_6),move_to,step,,unknown,0.9103,0.0017,0.001,0.001,0.001,0.001,0.083,0.001,0.9103
ownshelf/s40_on,232,seg4,d(item_6),move_to,step,,unknown,0.9104,0.0016,0.001,0.001,0.001,0.001,0.083,0.001,0.9104
ownshelf/s40_on,233,seg4,d(item_6),move_to,step,,unknown,0.9105,0.0015,0.001,0.001,0.001,0.001,0.083,0.001,0.9105
ownshelf/s40_on,234,seg4,d(item_6),move_to,step,,unknown,0.9106,0.0013,0.001,0.001,0.001,0.001,0.083,0.001,0.9106
ownshelf/s40_on,235,seg4,d(item_6),move_to,step,,unknown,0.9107,0.0012,0.001,0.001,0.001,0.001,0.0831,0.001,0.9107
ownshelf/s40_on,236,seg4,d(item_6),move_to,step,,unknown,0.9108,0.0011,0.001,0.001,0.001,0.001,0.0831,0.001,0.9108
ownshelf/s40_on,237,seg4,d(item_6),move_to,step,,unknown,0.9109,0.001,0.001,0.001,0.001,0.001,0.0831,0.001,0.9109
ownshelf/s40_on,238,seg4,d(item_6),move_to,step,,unknown,0.9109,0.001,0.001,0.001,0.001,0.001,0.0831,0.001,0.9109
ownshelf/s40_on,239,seg4,d(item_6),move_to,step,,unknown,0.9109,0.001,0.001,0.001,0.001,0.001,0.0831,0.001,0.9109
ownshelf/s40_on,240,seg4,d(item_6),move_to,step,,unknown,0.9109,0.001,0.001,0.001,0.001,0.001,0.0831,0.001,0.9109
ownshelf/s40_on,241,seg4,d(item_6),move_to,step,,unknown,0.9109,0.001,0.001,0.001,0.001,0.001,0.0831,0.001,0.9109
ownshelf/s40_on,242,seg4,d(item_6),move_to,step,,unknown,0.9109,0.001,0.001,0.001,0.001,0.001,0.0831,0.001,0.9109
ownshelf/s40_on,243,seg4,d(item_6),move_to,step,,unknown,0.9109,0.001,0.001,0.001,0.001,0.001,0.0831,0.001,0.9109
ownshelf/s40_on,244,seg4,d(item_6),move_to,step,,unknown,0.9109,0.001,0.001,0.001,0.001,0.001,0.0831,0.001,0.9109
ownshelf/s40_on,245,seg4,d(item_6),move_to,step,,unknown,0.9109,0.001,0.001,0.001,0.001,0.001,0.0831,0.001,0.9109
ownshelf/s40_on,246,seg4,d(item_6),move_to,step,,unknown,0.9109,0.001,0.001,0.001,0.001,0.001,0.0831,0.001,0.9109
ownshelf/s40_on,247,seg4,d(item_6),move_to,step,,unknown,0.9109,0.001,0.001,0.001,0.001,0.001,0.0831,0.001,0.9109
ownshelf/s40_on,248,seg4,d(item_6),move_to,step,,unknown,0.9109,0.001,0.001,0.001,0.001,0.001,0.0831,0.001,0.9109
ownshelf/s40_on,249,seg4,d(item_6),move_to,step,,unknown,0.9109,0.001,0.001,0.001,0.001,0.001,0.0831,0.001,0.9109
ownshelf/s40_on,250,seg4,d(item_6),move_to,step,,unknown,0.9109,0.001,0.001,0.001,0.001,0.001,0.0831,0.001,0.9109
ownshelf/s40_on,251,seg4,d(item_6),move_to,step,,unknown,0.9109,0.001,0.001,0.001,0.001,0.001,0.0831,0.001,0.9109
ownshelf/s40_on,252,seg4,d(item_6),move_to,step,,unknown,0.9109,0.001,0.001,0.001,0.001,0.001,0.0831,0.001,0.9109
ownshelf/s40_on,253,seg4,d(item_6),move_to,step,,unknown,0.9109,0.001,0.001,0.001,0.001,0.001,0.0831,0.001,0.9109
ownshelf/s40_on,254,seg4,d(item_6),move_to,step,,unknown,0.9109,0.001,0.001,0.001,0.001,0.001,0.0831,0.001,0.9109
ownshelf/s40_on,255,seg4,d(item_6),move_to,step,,unknown,0.9109,0.001,0.001,0.001,0.001,0.001,0.0831,0.001,0.9109
ownshelf/s40_on,256,seg4,d(item_6),move_to,step,,unknown,0.9109,0.001,0.001,0.001,0.001,0.001,0.0831,0.001,0.9109
ownshelf/s40_on,257,seg4,d(item_6),move_to,step,,unknown,0.9109,0.001,0.001,0.001,0.001,0.001,0.0831,0.001,0.9109
ownshelf/s40_on,258,seg4,d(item_6),move_to,step,,unknown,0.9109,0.001,0.001,0.001,0.001,0.001,0.0831,0.001,0.9109
ownshelf/s40_on,259,seg4,d(item_6),move_to,step,,unknown,0.9109,0.001,0.001,0.001,0.001,0.001,0.0831,0.001,0.9109
ownshelf/s40_on,260,seg4,d(item_6),move_to,step,,unknown,0.9109,0.001,0.001,0.001,0.001,0.001,0.0831,0.001,0.9109
ownshelf/s40_on,261,seg4,d(item_6),move_to,step,,unknown,0.9109,0.001,0.001,0.001,0.001,0.001,0.0831,0.001,0.9109
ownshelf/s40_on,262,seg4,d(item_6),move_to,step,,unknown,0.9109,0.001,0.001,0.001,0.001,0.001,0.0831,0.001,0.9109
ownshelf/s40_on,263,seg4,d(item_6),move_to,step,,unknown,0.9109,0.001,0.001,0.001,0.001,0.001,0.0831,0.001,0.9109
ownshelf/s40_on,264,seg4,d(item_6),move_to,step,,unknown,0.9109,0.001,0.001,0.001,0.001,0.001,0.0831,0.001,0.9109
ownshelf/s40_on,265,seg4,d(item_6),move_to,step,,unknown,0.9109,0.001,0.001,0.001,0.001,0.001,0.0831,0.001,0.9109
ownshelf/s40_on,266,seg4,d(item_6),move_to,step,,unknown,0.9109,0.001,0.001,0.001,0.001,0.001,0.0831,0.001,0.9109
ownshelf/s40_on,267,seg4,d(item_6),move_to,step,,unknown,0.9109,0.001,0.001,0.001,0.001,0.001,0.0831,0.001,0.9109
ownshelf/s40_on,268,seg4,d(item_6),move_to,step,,unknown,0.9109,0.001,0.001,0.001,0.001,0.001,0.0831,0.001,0.9109
ownshelf/s40_on,269,seg4,d(item_6),move_to,step,,unknown,0.9109,0.001,0.001,0.001,0.001,0.001,0.0831,0.001,0.9109
ownshelf/s40_on,270,seg4,d(item_6),move_to,step,,unknown,0.9109,0.001,0.001,0.001,0.001,0.001,0.0831,0.001,0.9109
ownshelf/s40_on,271,seg4,d(item_6),move_to,,,unknown,0.9109,0.001,0.001,0.001,0.001,0.001,0.0831,0.001,0.9109
ownshelf/s40_on,272,seg4,d(item_6),pick_up,grasp,item_6,unknown,0.9109,0.001,0.001,0.001,0.001,0.001,0.0831,0.001,0.9109
ownshelf/s40_on,273,seg4,d(item_6),pick_up,,item_6,unknown,0.9109,0.001,0.001,0.001,0.001,0.001,0.0831,0.001,0.9109
ownshelf/s40_on,274,seg4,d(item_6),move_to,step,item_6,unknown,0.9109,0.001,0.001,0.001,0.001,0.001,0.0831,0.001,0.9109
ownshelf/s40_on,275,seg4,d(item_6),move_to,step,item_6,unknown,0.9109,0.001,0.001,0.001,0.001,0.001,0.0831,0.001,0.9109
ownshelf/s40_on,276,seg4,d(item_6),move_to,step,item_6,unknown,0.9109,0.001,0.001,0.001,0.001,0.001,0.0831,0.001,0.9109
ownshelf/s40_on,277,seg4,d(item_6),move_to,step,item_6,unknown,0.9109,0.001,0.001,0.001,0.001,0.001,0.0831,0.001,0.9109
ownshelf/s40_on,278,seg4,d(item_6),move_to,step,item_6,unknown,0.9109,0.001,0.001,0.001,0.001,0.001,0.0831,0.001,0.9109
ownshelf/s40_on,279,seg4,d(item_6),move_to,step,item_6,unknown,0.9109,0.001,0.001,0.001,0.001,0.001,0.0831,0.001,0.9109
ownshelf/s40_on,280,seg4,d(item_6),move_to,step,item_6,unknown,0.9109,0.001,0.001,0.001,0.001,0.001,0.0831,0.001,0.9109
ownshelf/s40_on,281,seg4,d(item_6),move_to,step,item_6,unknown,0.9109,0.001,0.001,0.001,0.001,0.001,0.0831,0.001,0.9109
ownshelf/s40_on,282,seg4,d(item_6),move_to,step,item_6,unknown,0.9109,0.001,0.001,0.001,0.001,0.001,0.0831,0.001,0.9109
ownshelf/s40_on,283,seg4,d(item_6),move_to,step,item_6,unknown,0.9109,0.001,0.001,0.001,0.001,0.001,0.0831,0.001,0.9109
ownshelf/s40_on,284,seg4,d(item_6),move_to,step,item_6,unknown,0.9109,0.001,0.001,0.001,0.001,0.001,0.0831,0.001,0.9109
ownshelf/s40_on,285,seg4,d(item_6),move_to,step,item_6,unknown,0.9109,0.001,0.001,0.001,0.001,0.001,0.0831,0.001,0.9109
ownshelf/s40_on,286,seg4,d(item_6),move_to,step,item_6,unknown,0.9109,0.001,0.001,0.001,0.001,0.001,0.0831,0.001,0.9109
ownshelf/s40_on,287,seg4,d(item_6),move_to,step,item_6,unknown,0.9109,0.001,0.001,0.001,0.001,0.001,0.0831,0.001,0.9109
ownshelf/s40_on,288,seg4,d(item_6),move_to,step,item_6,unknown,0.9109,0.001,0.001,0.001,0.001,0.001,0.0831,0.001,0.9109
ownshelf/s40_on,289,seg4,d(item_6),move_to,step,item_6,unknown,0.9109,0.001,0.001,0.001,0.001,0.001,0.0831,0.001,0.9109
ownshelf/s40_on,290,seg4,d(item_6),move_to,step,item_6,unknown,0.9109,0.001,0.001,0.001,0.001,0.001,0.0831,0.001,0.9109
ownshelf/s40_on,291,seg4,d(item_6),move_to,step,item_6,unknown,0.9109,0.001,0.001,0.001,0.001,0.001,0.0831,0.001,0.9109
ownshelf/s40_on,292,seg4,d(item_6),move_to,step,item_6,unknown,0.9109,0.001,0.001,0.001,0.001,0.001,0.0831,0.001,0.9109
ownshelf/s40_on,293,seg4,d(item_6),move_to,step,item_6,unknown,0.9109,0.001,0.001,0.001,0.001,0.001,0.0831,0.001,0.9109
ownshelf/s40_on,294,seg4,d(item_6),move_to,step,item_6,unknown,0.9109,0.001,0.001,0.001,0.001,0.001,0.0831,0.001,0.9109
ownshelf/s40_on,295,seg4,d(item_6),move_to,step,item_6,unknown,0.9109,0.001,0.001,0.001,0.001,0.001,0.0831,0.001,0.9109
ownshelf/s40_on,296,seg4,d(item_6),move_to,step,item_6,unknown,0.9109,0.001,0.001,0.001,0.001,0.001,0.0831,0.001,0.9109
ownshelf/s40_on,297,seg4,d(item_6),move_to,step,item_6,unknown,0.9109,0.001,0.001,0.001,0.001,0.001,0.0831,0.001,0.9109
ownshelf/s40_on,298,seg4,d(item_6),move_to,step,item_6,unknown,0.9109,0.001,0.001,0.001,0.001,0.001,0.0831,0.001,0.9109
ownshelf/s40_on,299,seg4,d(item_6),move_to,step,item_6,unknown,0.9109,0.001,0.001,0.001,0.001,0.001,0.0831,0.001,0.9109
ownshelf/s40_on,300,seg4,d(item_6),move_to,step,item_6,unknown,0.9109,0.001,0.001,0.001,0.001,0.001,0.0831,0.001,0.9109
ownshelf/s40_on,301,seg4,d(item_6),move_to,step,item_6,unknown,0.9109,0.001,0.001,0.001,0.001,0.001,0.0831,0.001,0.9109
ownshelf/s40_on,302,seg4,d(item_6),move_to,step,item_6,unknown,0.9109,0.001,0.001,0.001,0.001,0.001,0.0831,0.001,0.9109
ownshelf/s40_on,303,seg4,d(item_6),move_to,step,item_6,unknown,0.9109,0.001,0.001,0.001,0.001,0.001,0.0831,0.001,0.9109
ownshelf/s40_on,304,seg4,d(item_6),move_to,step,item_6,unknown,0.9109,0.001,0.001,0.001,0.001,0.001,0.0831,0.001,0.9109
ownshelf/s40_on,305,seg4,d(item_6),move_to,step,item_6,unknown,0.9109,0.001,0.001,0.001,0.001,0.001,0.0831,0.001,0.9109
ownshelf/s40_on,306,seg4,d(item_6),move_to,step,item_6,unknown,0.9109,0.001,0.001,0.001,0.001,0.001,0.0831,0.001,0.9109
ownshelf/s40_on,307,seg4,d(item_6),move_to,step,item_6,unknown,0.9109,0.001,0.001,0.001,0.001,0.001,0.0831,0.001,0.9109
ownshelf/s40_on,308,seg4,d(item_6),move_to,step,item_6,unknown,0.9109,0.001,0.001,0.001,0.001,0.001,0.0831,0.001,0.9109
ownshelf/s40_on,309,seg4,d(item_6),move_to,step,item_6,unknown,0.9109,0.001,0.001,0.001,0.001,0.001,0.0831,0.001,0.9109
ownshelf/s40_on,310,seg4,d(item_6),move_to,step,item_6,unknown,0.9109,0.001,0.001,0.001,0.001,0.001,0.0831,0.001,0.9109
ownshelf/s40_on,311,seg4,d(item_6),move_to,step,item_6,unknown,0.9109,0.001,0.001,0.001,0.001,0.001,0.0831,0.001,0.9109
ownshelf/s40_on,312,seg4,d(item_6),move_to,step,item_6,unknown,0.9109,0.001,0.001,0.001,0.001,0.001,0.0831,0.001,0.9109
ownshelf/s40_on,313,seg4,d(item_6),move_to,step,item_6,unknown,0.9109,0.001,0.001,0.001,0.001,0.001,0.0831,0.001,0.9109
ownshelf/s40_on,314,seg4,d(item_6),move_to,step,item_6,unknown,0.9109,0.001,0.001,0.001,0.001,0.001,0.0831,0.001,0.9109
ownshelf/s40_on,315,seg4,d(item_6),move_to,step,item_6,unknown,0.9109,0.001,0.001,0.001,0.001,0.001,0.0831,0.001,0.9109
ownshelf/s40_on,316,seg4,d(item_6),move_to,step,item_6,unknown,0.9109,0.001,0.001,0.001,0.001,0.001,0.0831,0.001,0.9109
ownshelf/s40_on,317,seg4,d(item_6),move_to,step,item_6,unknown,0.9109,0.001,0.001,0.001,0.001,0.001,0.0831,0.001,0.9109
ownshelf/s40_on,318,seg4,d(item_6),move_to,step,item_6,unknown,0.9109,0.001,0.001,0.001,0.001,0.001,0.0831,0.001,0.9109
ownshelf/s40_on,319,seg4,d(item_6),move_to,step,item_6,unknown,0.9109,0.001,0.001,0.001,0.001,0.001,0.0831,0.001,0.9109
ownshelf/s40_on,320,seg4,d(item_6),move_to,step,item_6,unknown,0.9109,0.001,0.001,0.001,0.001,0.001,0.0831,0.001,0.9109
ownshelf/s40_on,321,seg4,d(item_6),move_to,step,item_6,unknown,0.9109,0.001,0.001,0.001,0.001,0.001,0.0831,0.001,0.9109
ownshelf/s40_on,322,seg4,d(item_6),move_to,step,item_6,unknown,0.9109,0.001,0.001,0.001,0.001,0.001,0.0831,0.001,0.9109
ownshelf/s40_on,323,seg4,d(item_6),move_to,step,item_6,unknown,0.9109,0.001,0.001,0.001,0.001,0.001,0.0831,0.001,0.9109
ownshelf/s40_on,324,seg4,d(item_6),move_to,step,item_6,unknown,0.9109,0.001,0.001,0.001,0.001,0.001,0.0831,0.001,0.9109
ownshelf/s40_on,325,seg4,d(item_6),move_to,step,item_6,unknown,0.9109,0.001,0.001,0.001,0.001,0.001,0.0831,0.001,0.9109
ownshelf/s40_on,326,seg4,d(item_6),move_to,step,item_6,unknown,0.9109,0.001,0.001,0.001,0.001,0.001,0.0831,0.001,0.9109
ownshelf/s40_on,327,seg4,d(item_6),move_to,step,item_6,unknown,0.9109,0.001,0.001,0.001,0.001,0.001,0.0831,0.001,0.9109
ownshelf/s40_on,328,seg4,d(item_6),move_to,step,item_6,unknown,0.9109,0.001,0.001,0.001,0.001,0.001,0.0831,0.001,0.9109
ownshelf/s40_on,329,seg4,d(item_6),move_to,step,item_6,unknown,0.9109,0.001,0.001,0.001,0.001,0.001,0.0831,0.001,0.9109
ownshelf/s40_on,330,seg4,d(item_6),move_to,,item_6,unknown,0.9109,0.001,0.001,0.001,0.001,0.001,0.0831,0.001,0.9109
ownshelf/s40_on,331,seg4,d(item_6),place,release,,unknown,0.993,0.001,0.001,0.001,0.001,0.001,0.001,0.001,0.993
ownshelf/s40_on,332,seg4,d(item_6),place,,,ac,0.9036,0.9036,0.001,0.001,0.001,0.001,0.001,0.001,0.0904
ownshelf/s40_on,333,done,unknown,,,,ac,0.9036,0.9036,0.001,0.001,0.001,0.001,0.001,0.001,0.0904
ownshelf/s40_on,334,done,unknown,,,,ac,0.9036,0.9036,0.001,0.001,0.001,0.001,0.001,0.001,0.0904
ownshelf/s40_on,335,done,unknown,,,,ac,0.9036,0.9036,0.001,0.001,0.001,0.001,0.001,0.001,0.0904
ownshelf/s40_on,336,done,unknown,,,,ac,0.9036,0.9036,0.001,0.001,0.001,0.001,0.001,0.001,0.0904
ownshelf/s40_on,337,done,unknown,,,,ac,0.9036,0.9036,0.001,0.001,0.001,0.001,0.001,0.001,0.0904
ownshelf/s40_on,338,done,unknown,,,,ac,0.9036,0.9036,0.001,0.001,0.001,0.001,0.001,0.001,0.0904
ownshelf/s40_on,339,done,unknown,,,,ac,0.9036,0.9036,0.001,0.001,0.001,0.001,0.001,0.001,0.0904
ownshelf/s40_on,340,done,unknown,,,,ac,0.9036,0.9036,0.001,0.001,0.001,0.001,0.001,0.001,0.0904
ownshelf/s40_on,341,done,unknown,,,,ac,0.9036,0.9036,0.001,0.001,0.001,0.001,0.001,0.001,0.0904
ownshelf/s40_on,342,done,unknown,,,,ac,0.9036,0.9036,0.001,0.001,0.001,0.001,0.001,0.001,0.0904
ownshelf/s40_on,343,done,unknown,,,,ac,0.9036,0.9036,0.001,0.001,0.001,0.001,0.001,0.001,0.0904
ownshelf/s40_on,344,done,unknown,,,,ac,0.9036,0.9036,0.001,0.001,0.001,0.001,0.001,0.001,0.0904
ownshelf/s40_on,345,done,unknown,,,,ac,0.9036,0.9036,0.001,0.001,0.001,0.001,0.001,0.001,0.0904
ownshelf/s40_on,346,done,unknown,,,,ac,0.9036,0.9036,0.001,0.001,0.001,0.001,0.001,0.001,0.0904
ownshelf/s40_on,347,done,unknown,,,,ac,0.9036,0.9036,0.001,0.001,0.001,0.001,0.001,0.001,0.0904
ownshelf/s40_on,348,done,unknown,,,,ac,0.9036,0.9036,0.001,0.001,0.001,0.001,0.001,0.001,0.0904
ownshelf/s40_on,349,done,unknown,,,,ac,0.9036,0.9036,0.001,0.001,0.001,0.001,0.001,0.001,0.0904
ownshelf/s40_on,350,done,unknown,,,,ac,0.9036,0.9036,0.001,0.001,0.001,0.001,0.001,0.001,0.0904
ownshelf/s40_on,351,done,unknown,,,,ac,0.9036,0.9036,0.001,0.001,0.001,0.001,0.001,0.001,0.0904
ownshelf/s40_on,352,done,unknown,,,,ac,0.9036,0.9036,0.001,0.001,0.001,0.001,0.001,0.001,0.0904
ownshelf/s40_on,353,done,unknown,,,,ac,0.9036,0.9036,0.001,0.001,0.001,0.001,0.001,0.001,0.0904
ownshelf/s40_on,354,done,unknown,,,,ac,0.9036,0.9036,0.001,0.001,0.001,0.001,0.001,0.001,0.0904
ownshelf/s40_on,355,done,unknown,,,,ac,0.9036,0.9036,0.001,0.001,0.001,0.001,0.001,0.001,0.0904
ownshelf/s40_on,356,done,unknown,,,,ac,0.9036,0.9036,0.001,0.001,0.001,0.001,0.001,0.001,0.0904
ownshelf/s40_on,357,done,unknown,,,,ac,0.9036,0.9036,0.001,0.001,0.001,0.001,0.001,0.001,0.0904
ownshelf/s40_on,358,done,unknown,,,,ac,0.9036,0.9036,0.001,0.001,0.001,0.001,0.001,0.001,0.0904
ownshelf/s40_on,359,done,unknown,,,,ac,0.9036,0.9036,0.001,0.001,0.001,0.001,0.001,0.001,0.0904
ownshelf/s40_on,360,done,unknown,,,,ac,0.9036,0.9036,0.001,0.001,0.001,0.001,0.001,0.001,0.0904
ownshelf/s40_on,361,done,unknown,,,,ac,0.9036,0.9036,0.001,0.001,0.001,0.001,0.001,0.001,0.0904
ownshelf/s40_on,362,done,unknown,,,,ac,0.9036,0.9036,0.001,0.001,0.001,0.001,0.001,0.001,0.0904
ownshelf/s40_on,363,done,unknown,,,,ac,0.9036,0.9036,0.001,0.001,0.001,0.001,0.001,0.001,0.0904
ownshelf/s40_on,364,done,unknown,,,,ac,0.9036,0.9036,0.001,0.001,0.001,0.001,0.001,0.001,0.0904
ownshelf/s40_on,365,done,unknown,,,,ac,0.9036,0.9036,0.001,0.001,0.001,0.001,0.001,0.001,0.0904
ownshelf/s40_on,366,done,unknown,,,,ac,0.9036,0.9036,0.001,0.001,0.001,0.001,0.001,0.001,0.0904
ownshelf/s40_on,367,done,unknown,,,,ac,0.9036,0.9036,0.001,0.001,0.001,0.001,0.001,0.001,0.0904
ownshelf/s40_on,368,done,unknown,,,,ac,0.9036,0.9036,0.001,0.001,0.001,0.001,0.001,0.001,0.0904
ownshelf/s40_on,369,done,unknown,,,,ac,0.9036,0.9036,0.001,0.001,0.001,0.001,0.001,0.001,0.0904
ownshelf/s40_on,370,done,unknown,,,,ac,0.9036,0.9036,0.001,0.001,0.001,0.001,0.001,0.001,0.0904
ownshelf/s40_on,371,done,unknown,,,,ac,0.9036,0.9036,0.001,0.001,0.001,0.001,0.001,0.001,0.0904
ownshelf/s40_on,372,done,unknown,,,,ac,0.9036,0.9036,0.001,0.001,0.001,0.001,0.001,0.001,0.0904
ownshelf/s40_on,373,done,unknown,,,,ac,0.9036,0.9036,0.001,0.001,0.001,0.001,0.001,0.001,0.0904
ownshelf/s40_on,374,done,unknown,,,,ac,0.9036,0.9036,0.001,0.001,0.001,0.001,0.001,0.001,0.0904
ownshelf/s40_on,375,done,unknown,,,,ac,0.9036,0.9036,0.001,0.001,0.001,0.001,0.001,0.001,0.0904
ownshelf/s40_on,376,done,unknown,,,,ac,0.9036,0.9036,0.001,0.001,0.001,0.001,0.001,0.001,0.0904
ownshelf/s40_on,377,done,unknown,,,,ac,0.9036,0.9036,0.001,0.001,0.001,0.001,0.001,0.001,0.0904
ownshelf/s40_on,378,done,unknown,,,,ac,0.9036,0.9036,0.001,0.001,0.001,0.001,0.001,0.001,0.0904
