condition,step,hypothesis,expected_action,excess_cm,base,belief,walked_cm
s00_off,0,d(item_2),move_to(?target=item_2),11.1,0.020022,0.1891,20.0
s00_off,0,d(item_3),move_to(?target=item_3),0.0,0.020022,0.2002,20.0
s00_off,0,d(item_4),move_to(?target=item_4),6.5,0.020022,0.1937,20.0
s00_off,0,d(item_6),move_to(?target=item_6),0.8,0.020022,0.1995,20.0
s00_off,0,d(item_7),move_to(?target=item_7),2.7,0.020022,0.1975,20.0
s00_off,1,d(item_2),move_to(?target=item_2),23.3,0.020489,0.1811,40.0
s00_off,1,d(item_3),move_to(?target=item_3),-0.0,0.020489,0.2049,40.0
s00_off,1,d(item_4),move_to(?target=item_4),13.5,0.020489,0.1911,40.0
s00_off,1,d(item_6),move_to(?target=item_6),1.6,0.020489,0.2033,40.0
s00_off,1,d(item_7),move_to(?target=item_7),5.6,0.020489,0.1991,40.0
s00_off,2,d(item_2),move_to(?target=item_2),36.8,0.021015,0.1719,60.0
s00_off,2,d(item_3),move_to(?target=item_3),0.0,0.021015,0.2102,60.0
s00_off,2,d(item_4),move_to(?target=item_4),20.9,0.021015,0.1882,60.0
s00_off,2,d(item_6),move_to(?target=item_6),2.4,0.021015,0.2076,60.0
s00_off,2,d(item_7),move_to(?target=item_7),8.7,0.021015,0.2011,60.0
s00_off,3,d(item_2),move_to(?target=item_2),51.5,0.021605,0.1616,80.0
s00_off,3,d(item_3),move_to(?target=item_3),-0.0,0.021605,0.2161,80.0
s00_off,3,d(item_4),move_to(?target=item_4),28.9,0.021605,0.185,80.0
s00_off,3,d(item_6),move_to(?target=item_6),3.3,0.021605,0.2125,80.0
s00_off,3,d(item_7),move_to(?target=item_7),11.9,0.021605,0.2033,80.0
s00_off,4,d(item_2),move_to(?target=item_2),67.6,0.022264,0.1501,100.0
s00_off,4,d(item_3),move_to(?target=item_3),0.0,0.022264,0.2226,100.0
s00_off,4,d(item_4),move_to(?target=item_4),37.5,0.022264,0.1814,100.0
s00_off,4,d(item_6),move_to(?target=item_6),4.3,0.022264,0.2179,100.0
s00_off,4,d(item_7),move_to(?target=item_7),15.2,0.022264,0.2057,100.0
s00_off,5,d(item_2),move_to(?target=item_2),85.1,0.022995,0.1376,120.0
s00_off,5,d(item_3),move_to(?target=item_3),0.0,0.022995,0.23,120.0
s00_off,5,d(item_4),move_to(?target=item_4),46.7,0.022995,0.1772,120.0
s00_off,5,d(item_6),move_to(?target=item_6),5.3,0.022995,0.2239,120.0
s00_off,5,d(item_7),move_to(?target=item_7),18.8,0.022995,0.2084,120.0
s00_off,6,d(item_2),move_to(?target=item_2),104.2,0.023798,0.1242,140.0
s00_off,6,d(item_3),move_to(?target=item_3),0.0,0.023798,0.238,140.0
s00_off,6,d(item_4),move_to(?target=item_4),56.6,0.023798,0.1724,140.0
s00_off,6,d(item_6),move_to(?target=item_6),6.3,0.023798,0.2304,140.0
s00_off,6,d(item_7),move_to(?target=item_7),22.6,0.023798,0.2112,140.0
s00_off,7,d(item_2),move_to(?target=item_2),124.7,0.024711,0.1104,160.0
s00_off,7,d(item_3),move_to(?target=item_3),0.0,0.024711,0.2471,160.0
s00_off,7,d(item_4),move_to(?target=item_4),67.2,0.024711,0.167,160.0
s00_off,7,d(item_6),move_to(?target=item_6),7.5,0.024711,0.2379,160.0
s00_off,7,d(item_7),move_to(?target=item_7),27.9,0.024711,0.2129,160.0
s00_off,8,d(item_2),move_to(?target=item_2),146.6,0.025706,0.0964,180.0
s00_off,8,d(item_3),move_to(?target=item_3),-0.0,0.025706,0.2571,180.0
s00_off,8,d(item_4),move_to(?target=item_4),78.6,0.025706,0.1609,180.0
s00_off,8,d(item_6),move_to(?target=item_6),8.7,0.025706,0.2459,180.0
s00_off,8,d(item_7),move_to(?target=item_7),33.8,0.025706,0.214,180.0
s00_off,9,d(item_2),move_to(?target=item_2),170.1,0.026788,0.0827,200.0
s00_off,9,d(item_3),move_to(?target=item_3),0.0,0.026788,0.2679,200.0
s00_off,9,d(item_4),move_to(?target=item_4),90.8,0.026788,0.1539,200.0
s00_off,9,d(item_6),move_to(?target=item_6),9.9,0.026788,0.2546,200.0
s00_off,9,d(item_7),move_to(?target=item_7),40.7,0.026788,0.2141,200.0
s00_off,10,d(item_2),move_to(?target=item_2),194.9,0.027957,0.0697,220.0
s00_off,10,d(item_3),move_to(?target=item_3),0.0,0.027957,0.2796,220.0
s00_off,10,d(item_4),move_to(?target=item_4),103.9,0.027957,0.1461,220.0
s00_off,10,d(item_6),move_to(?target=item_6),11.3,0.027957,0.2638,220.0
s00_off,10,d(item_7),move_to(?target=item_7),48.7,0.027957,0.2128,220.0
s00_off,11,d(item_2),move_to(?target=item_2),221.0,0.029217,0.0577,240.0
s00_off,11,d(item_3),move_to(?target=item_3),0.0,0.029217,0.2922,240.0
s00_off,11,d(item_4),move_to(?target=item_4),118.0,0.029217,0.1374,240.0
s00_off,11,d(item_6),move_to(?target=item_6),12.7,0.029217,0.2736,240.0
s00_off,11,d(item_7),move_to(?target=item_7),57.9,0.029217,0.2098,240.0
s00_off,12,d(item_2),move_to(?target=item_2),248.4,0.030575,0.0471,260.0
s00_off,12,d(item_3),move_to(?target=item_3),0.0,0.030575,0.3057,260.0
s00_off,12,d(item_4),move_to(?target=item_4),133.0,0.030575,0.1279,260.0
s00_off,12,d(item_6),move_to(?target=item_6),14.2,0.030575,0.284,260.0
s00_off,12,d(item_7),move_to(?target=item_7),68.7,0.030575,0.2047,260.0
s00_off,13,d(item_2),move_to(?target=item_2),277.0,0.032041,0.0378,280.0
s00_off,13,d(item_3),move_to(?target=item_3),0.0,0.032041,0.3204,280.0
s00_off,13,d(item_4),move_to(?target=item_4),149.0,0.032041,0.1179,280.0
s00_off,13,d(item_6),move_to(?target=item_6),15.9,0.032041,0.295,280.0
s00_off,13,d(item_7),move_to(?target=item_7),81.3,0.032041,0.1969,280.0
s00_off,14,d(item_2),move_to(?target=item_2),306.6,0.033626,0.03,300.0
s00_off,14,d(item_3),move_to(?target=item_3),0.0,0.033626,0.3363,300.0
s00_off,14,d(item_4),move_to(?target=item_4),166.0,0.033626,0.1074,300.0
s00_off,14,d(item_6),move_to(?target=item_6),17.7,0.033626,0.3067,300.0
s00_off,14,d(item_7),move_to(?target=item_7),96.1,0.033626,0.1861,300.0
s00_off,15,d(item_2),move_to(?target=item_2),337.1,0.035342,0.0235,320.0
s00_off,15,d(item_3),move_to(?target=item_3),-0.0,0.035342,0.3534,320.0
s00_off,15,d(item_4),move_to(?target=item_4),184.2,0.035342,0.0967,320.0
s00_off,15,d(item_6),move_to(?target=item_6),19.5,0.035342,0.319,320.0
s00_off,15,d(item_7),move_to(?target=item_7),113.4,0.035342,0.172,320.0
s00_off,16,d(item_2),move_to(?target=item_2),368.5,0.03719,0.0182,340.0
s00_off,16,d(item_3),move_to(?target=item_3),0.0,0.03719,0.3719,340.0
s00_off,16,d(item_4),move_to(?target=item_4),203.4,0.03719,0.0861,340.0
s00_off,16,d(item_6),move_to(?target=item_6),21.6,0.03719,0.3319,340.0
s00_off,16,d(item_7),move_to(?target=item_7),133.7,0.03719,0.1547,340.0
s00_off,17,d(item_2),move_to(?target=item_2),400.7,0.039158,0.014,360.0
s00_off,17,d(item_3),move_to(?target=item_3),-0.0,0.039158,0.3916,360.0
s00_off,17,d(item_4),move_to(?target=item_4),223.7,0.039158,0.0756,360.0
s00_off,17,d(item_6),move_to(?target=item_6),23.8,0.039158,0.3452,360.0
s00_off,17,d(item_7),move_to(?target=item_7),157.3,0.039158,0.1345,360.0
s00_off,18,d(item_2),move_to(?target=item_2),433.6,0.041206,0.0106,380.0
s00_off,18,d(item_3),move_to(?target=item_3),-0.0,0.041206,0.4121,380.0
s00_off,18,d(item_4),move_to(?target=item_4),245.1,0.041206,0.0654,380.0
s00_off,18,d(item_6),move_to(?target=item_6),26.2,0.041206,0.3584,380.0
s00_off,18,d(item_7),move_to(?target=item_7),184.7,0.041206,0.1123,380.0
s00_off,19,d(item_2),move_to(?target=item_2),467.2,0.043271,0.008,400.0
s00_off,19,d(item_3),move_to(?target=item_3),-0.0,0.043271,0.4327,400.0
s00_off,19,d(item_4),move_to(?target=item_4),267.5,0.043271,0.0558,400.0
s00_off,19,d(item_6),move_to(?target=item_6),28.8,0.043271,0.3708,400.0
s00_off,19,d(item_7),move_to(?target=item_7),216.1,0.043271,0.0894,400.0
s00_off,20,d(item_2),move_to(?target=item_2),501.3,0.04527,0.006,420.0
s00_off,20,d(item_3),move_to(?target=item_3),-0.0,0.04527,0.4527,420.0
s00_off,20,d(item_4),move_to(?target=item_4),291.0,0.04527,0.0468,420.0
s00_off,20,d(item_6),move_to(?target=item_6),31.6,0.04527,0.3817,420.0
s00_off,20,d(item_7),move_to(?target=item_7),251.7,0.04527,0.0676,420.0
s00_off,21,d(item_2),move_to(?target=item_2),535.9,0.047125,0.0044,440.0
s00_off,21,d(item_3),move_to(?target=item_3),-0.0,0.047125,0.4712,440.0
s00_off,21,d(item_4),move_to(?target=item_4),315.6,0.047125,0.0385,440.0
s00_off,21,d(item_6),move_to(?target=item_6),34.7,0.047125,0.3902,440.0
s00_off,21,d(item_7),move_to(?target=item_7),291.5,0.047125,0.0485,440.0
s00_off,22,d(item_2),move_to(?target=item_2),570.9,0.048786,0.0032,460.0
s00_off,22,d(item_3),move_to(?target=item_3),-0.0,0.048786,0.4879,460.0
s00_off,22,d(item_4),move_to(?target=item_4),341.1,0.048786,0.0312,460.0
s00_off,22,d(item_6),move_to(?target=item_6),38.1,0.048786,0.396,460.0
s00_off,22,d(item_7),move_to(?target=item_7),335.3,0.048786,0.033,460.0
s00_off,23,d(item_2),move_to(?target=item_2),606.4,0.050241,0.0023,480.0
s00_off,23,d(item_3),move_to(?target=item_3),-0.0,0.050241,0.5024,480.0
s00_off,23,d(item_4),move_to(?target=item_4),367.6,0.050241,0.0248,480.0
s00_off,23,d(item_6),move_to(?target=item_6),41.8,0.050241,0.3988,480.0
s00_off,23,d(item_7),move_to(?target=item_7),382.9,0.050241,0.0214,480.0
s00_off,24,d(item_2),move_to(?target=item_2),642.2,0.051518,0.0017,500.0
s00_off,24,d(item_3),move_to(?target=item_3),-0.0,0.051518,0.5152,500.0
s00_off,24,d(item_4),move_to(?target=item_4),395.0,0.051518,0.0195,500.0
s00_off,24,d(item_6),move_to(?target=item_6),45.9,0.051518,0.3989,500.0
s00_off,24,d(item_7),move_to(?target=item_7),433.7,0.051518,0.0133,500.0
s00_off,25,d(item_2),move_to(?target=item_2),678.3,0.052664,0.0012,520.0
s00_off,25,d(item_3),move_to(?target=item_3),-0.0,0.052664,0.5266,520.0
s00_off,25,d(item_4),move_to(?target=item_4),423.3,0.052664,0.0151,520.0
s00_off,25,d(item_6),move_to(?target=item_6),50.5,0.052664,0.3964,520.0
s00_off,25,d(item_7),move_to(?target=item_7),487.4,0.052664,0.008,520.0
s00_off,26,d(item_2),move_to(?target=item_2),714.8,0.053735,0.001,540.0
s00_off,26,d(item_3),move_to(?target=item_3),0.0,0.053735,0.5373,540.0
s00_off,26,d(item_4),move_to(?target=item_4),452.3,0.053735,0.0115,540.0
s00_off,26,d(item_6),move_to(?target=item_6),55.5,0.053735,0.3918,540.0
s00_off,26,d(item_7),move_to(?target=item_7),543.6,0.053735,0.0047,540.0
s00_off,27,d(item_2),move_to(?target=item_2),751.5,0.054783,0.001,560.0
s00_off,27,d(item_3),move_to(?target=item_3),-0.0,0.054783,0.5476,560.0
s00_off,27,d(item_4),move_to(?target=item_4),482.1,0.054783,0.0088,560.0
s00_off,27,d(item_6),move_to(?target=item_6),61.1,0.054783,0.3852,560.0
s00_off,27,d(item_7),move_to(?target=item_7),601.6,0.054783,0.0027,560.0
s00_off,28,d(item_2),move_to(?target=item_2),788.4,0.055854,0.001,580.0
s00_off,28,d(item_3),move_to(?target=item_3),0.0,0.055854,0.5582,580.0
s00_off,28,d(item_4),move_to(?target=item_4),512.6,0.055854,0.0066,580.0
s00_off,28,d(item_6),move_to(?target=item_6),67.4,0.055854,0.3769,580.0
s00_off,28,d(item_7),move_to(?target=item_7),661.2,0.055854,0.0015,580.0
s00_off,29,d(item_2),move_to(?target=item_2),825.5,0.056988,0.001,600.0
s00_off,29,d(item_3),move_to(?target=item_3),0.0,0.056988,0.5694,600.0
s00_off,29,d(item_4),move_to(?target=item_4),543.7,0.056988,0.0049,600.0
s00_off,29,d(item_6),move_to(?target=item_6),74.4,0.056988,0.3667,600.0
s00_off,29,d(item_7),move_to(?target=item_7),722.0,0.056988,0.001,600.0
s00_off,30,d(item_2),move_to(?target=item_2),862.9,0.058211,0.001,620.0
s00_off,30,d(item_3),move_to(?target=item_3),0.0,0.058211,0.5814,620.0
s00_off,30,d(item_4),move_to(?target=item_4),575.5,0.058211,0.0037,620.0
s00_off,30,d(item_6),move_to(?target=item_6),82.3,0.058211,0.3548,620.0
s00_off,30,d(item_7),move_to(?target=item_7),757.4,0.058211,0.001,620.0
s00_off,31,d(item_2),move_to(?target=item_2),900.4,0.05959,0.001,640.0
s00_off,31,d(item_3),move_to(?target=item_3),0.0,0.05959,0.5948,640.0
s00_off,31,d(item_4),move_to(?target=item_4),607.8,0.05959,0.0027,640.0
s00_off,31,d(item_6),move_to(?target=item_6),91.2,0.05959,0.341,640.0
s00_off,32,d(item_2),move_to(?target=item_2),938.1,0.061091,0.001,660.0
s00_off,32,d(item_3),move_to(?target=item_3),0.0,0.061091,0.6098,660.0
s00_off,32,d(item_4),move_to(?target=item_4),640.6,0.061091,0.002,660.0
s00_off,32,d(item_6),move_to(?target=item_6),101.1,0.061091,0.3253,660.0
s00_off,33,d(item_2),move_to(?target=item_2),975.9,0.062767,0.001,680.0
s00_off,33,d(item_3),move_to(?target=item_3),0.0,0.062767,0.6265,680.0
s00_off,33,d(item_4),move_to(?target=item_4),673.9,0.062767,0.0015,680.0
s00_off,33,d(item_6),move_to(?target=item_6),112.4,0.062767,0.3074,680.0
s00_off,34,d(item_2),move_to(?target=item_2),1013.8,0.064629,0.001,700.0
s00_off,34,d(item_3),move_to(?target=item_3),0.0,0.064629,0.645,700.0
s00_off,34,d(item_4),move_to(?target=item_4),707.6,0.064629,0.0011,700.0
s00_off,34,d(item_6),move_to(?target=item_6),125.0,0.064629,0.2874,700.0
s00_off,35,d(item_2),move_to(?target=item_2),1051.9,0.066677,0.001,720.0
s00_off,35,d(item_3),move_to(?target=item_3),0.0,0.066677,0.6653,720.0
s00_off,35,d(item_4),move_to(?target=item_4),741.8,0.066677,0.001,720.0
s00_off,35,d(item_6),move_to(?target=item_6),139.1,0.066677,0.2651,720.0
s00_off,36,d(item_2),move_to(?target=item_2),1090.1,0.068899,0.001,740.0
s00_off,36,d(item_3),move_to(?target=item_3),0.0,0.068899,0.6873,740.0
s00_off,36,d(item_4),move_to(?target=item_4),776.3,0.068899,0.001,740.0
s00_off,36,d(item_6),move_to(?target=item_6),154.9,0.068899,0.2409,740.0
s00_off,37,d(item_2),move_to(?target=item_2),1128.4,0.07126,0.001,760.0
s00_off,37,d(item_3),move_to(?target=item_3),0.0,0.07126,0.7108,760.0
s00_off,37,d(item_4),move_to(?target=item_4),811.1,0.07126,0.001,760.0
s00_off,37,d(item_6),move_to(?target=item_6),172.4,0.07126,0.2151,760.0
s00_off,38,d(item_2),move_to(?target=item_2),1166.8,0.073706,0.001,780.0
s00_off,38,d(item_3),move_to(?target=item_3),0.0,0.073706,0.7351,780.0
s00_off,38,d(item_4),move_to(?target=item_4),846.3,0.073706,0.001,780.0
s00_off,38,d(item_6),move_to(?target=item_6),191.7,0.073706,0.1884,780.0
s00_off,39,d(item_2),move_to(?target=item_2),1205.3,0.009697,0.001,800.0
s00_off,39,d(item_3),pick_up(?item=item_3),,0.096965,0.9668,0.0
s00_off,39,d(item_4),move_to(?target=item_4),881.7,0.009697,0.001,800.0
s00_off,39,d(item_6),move_to(?target=item_6),212.9,0.009697,0.0206,800.0
s00_off,40,d(item_2),move_to(?target=item_2),1205.3,0.009697,0.001,800.0
s00_off,40,d(item_3),pick_up(?item=item_3),,0.096965,0.9668,0.0
s00_off,40,d(item_4),move_to(?target=item_4),881.7,0.009697,0.001,800.0
s00_off,40,d(item_6),move_to(?target=item_6),212.9,0.009697,0.0206,800.0
s00_off,41,d(item_2),"place(?item=item_3,?target=shelf_3)",,1e-06,0.001,0.0
s00_off,41,d(item_3),move_to(?target=kitting_table_0),0.0,0.817689,0.8154,0.0
s00_off,41,d(item_4),"place(?item=item_3,?target=shelf_3)",,2.4e-05,0.001,0.0
s00_off,41,d(item_6),"place(?item=item_3,?target=shelf_3)",,0.017388,0.1734,0.0
s00_off,42,d(item_2),"place(?item=item_3,?target=shelf_3)",,1e-06,0.001,0.0
s00_off,42,d(item_3),move_to(?target=kitting_table_0),0.0,0.817689,0.8154,0.0
s00_off,42,d(item_4),"place(?item=item_3,?target=shelf_3)",,2.4e-05,0.001,0.0
s00_off,42,d(item_6),"place(?item=item_3,?target=shelf_3)",,0.017388,0.1734,0.0
s00_off,43,d(item_2),move_to(?target=shelf_3),0.0,1e-06,0.001,0.0
s00_off,43,d(item_3),move_to(?target=kitting_table_0),0.0,0.097819,0.9753,20.0
s00_off,43,d(item_4),move_to(?target=shelf_3),0.0,2.9e-05,0.001,0.0
s00_off,43,d(item_6),move_to(?target=shelf_3),0.0,0.020801,0.0207,0.0
s00_off,44,d(item_2),move_to(?target=shelf_3),39.6,1e-06,0.001,20.0
s00_off,44,d(item_3),move_to(?target=kitting_table_0),0.0,0.085299,0.8505,40.0
s00_off,44,d(item_4),move_to(?target=shelf_3),39.6,2.5e-05,0.001,20.0
s00_off,44,d(item_6),move_to(?target=shelf_3),39.6,0.018139,0.1455,20.0
s00_off,45,d(item_2),move_to(?target=shelf_3),79.4,1e-06,0.001,40.0
s00_off,45,d(item_3),move_to(?target=kitting_table_0),0.0,0.088215,0.8795,60.0
s00_off,45,d(item_4),move_to(?target=shelf_3),79.4,2.6e-05,0.001,40.0
s00_off,45,d(item_6),move_to(?target=shelf_3),79.4,0.018759,0.1165,40.0
s00_off,46,d(item_2),move_to(?target=shelf_3),119.3,1e-06,0.001,60.0
s00_off,46,d(item_3),move_to(?target=kitting_table_0),0.0,0.090897,0.9063,80.0
s00_off,46,d(item_4),move_to(?target=shelf_3),119.3,2.7e-05,0.001,60.0
s00_off,46,d(item_6),move_to(?target=shelf_3),119.3,0.019329,0.0897,60.0
s00_off,47,d(item_2),move_to(?target=shelf_3),159.2,1e-06,0.001,80.0
s00_off,47,d(item_3),move_to(?target=kitting_table_0),0.0,0.093194,0.9292,100.0
s00_off,47,d(item_4),move_to(?target=shelf_3),159.2,2.8e-05,0.001,80.0
s00_off,47,d(item_6),move_to(?target=shelf_3),159.2,0.019818,0.0668,80.0
s00_off,48,d(item_2),move_to(?target=shelf_3),199.1,1e-06,0.001,100.0
s00_off,48,d(item_3),move_to(?target=kitting_table_0),-0.0,0.095043,0.9476,120.0
s00_off,48,d(item_4),move_to(?target=shelf_3),199.1,2.8e-05,0.001,100.0
s00_off,48,d(item_6),move_to(?target=shelf_3),199.1,0.020211,0.0484,100.0
s00_off,49,d(item_2),move_to(?target=shelf_3),239.1,1e-06,0.001,120.0
s00_off,49,d(item_3),move_to(?target=kitting_table_0),0.0,0.096458,0.9617,140.0
s00_off,49,d(item_4),move_to(?target=shelf_3),239.1,2.9e-05,0.001,120.0
s00_off,49,d(item_6),move_to(?target=shelf_3),239.1,0.020512,0.0343,120.0
s00_off,50,d(item_2),move_to(?target=shelf_3),279.1,1e-06,0.001,140.0
s00_off,50,d(item_3),move_to(?target=kitting_table_0),0.0,0.097501,0.9721,160.0
s00_off,50,d(item_4),move_to(?target=shelf_3),279.1,2.9e-05,0.001,140.0
s00_off,50,d(item_6),move_to(?target=shelf_3),279.1,0.020734,0.0239,140.0
s00_off,51,d(item_2),move_to(?target=shelf_3),319.0,1e-06,0.001,160.0
s00_off,51,d(item_3),move_to(?target=kitting_table_0),0.0,0.098248,0.9795,180.0
s00_off,51,d(item_4),move_to(?target=shelf_3),319.0,2.9e-05,0.001,160.0
s00_off,51,d(item_6),move_to(?target=shelf_3),319.0,0.020892,0.0165,160.0
s00_off,52,d(item_2),move_to(?target=shelf_3),359.0,1e-06,0.001,180.0
s00_off,52,d(item_3),move_to(?target=kitting_table_0),0.0,0.098772,0.9848,200.0
s00_off,52,d(item_4),move_to(?target=shelf_3),359.0,2.9e-05,0.001,180.0
s00_off,52,d(item_6),move_to(?target=shelf_3),359.0,0.021004,0.0112,180.0
s00_off,53,d(item_2),move_to(?target=shelf_3),399.0,1e-06,0.001,200.0
s00_off,53,d(item_3),move_to(?target=kitting_table_0),0.0,0.099134,0.9884,220.0
s00_off,53,d(item_4),move_to(?target=shelf_3),399.0,2.9e-05,0.001,200.0
s00_off,53,d(item_6),move_to(?target=shelf_3),399.0,0.021081,0.0076,200.0
s00_off,54,d(item_2),move_to(?target=shelf_3),439.0,1e-06,0.001,220.0
s00_off,54,d(item_3),move_to(?target=kitting_table_0),0.0,0.099382,0.9908,240.0
s00_off,54,d(item_4),move_to(?target=shelf_3),439.0,2.9e-05,0.001,220.0
s00_off,54,d(item_6),move_to(?target=shelf_3),439.0,0.021134,0.0052,220.0
s00_off,55,d(item_2),move_to(?target=shelf_3),479.0,1e-06,0.001,240.0
s00_off,55,d(item_3),move_to(?target=kitting_table_0),0.0,0.099551,0.9925,260.0
s00_off,55,d(item_4),move_to(?target=shelf_3),479.0,2.9e-05,0.001,240.0
s00_off,55,d(item_6),move_to(?target=shelf_3),479.0,0.02117,0.0035,240.0
s00_off,56,d(item_2),move_to(?target=shelf_3),519.0,1e-06,0.001,260.0
s00_off,56,d(item_3),move_to(?target=kitting_table_0),0.0,0.099665,0.9937,280.0
s00_off,56,d(item_4),move_to(?target=shelf_3),519.0,3e-05,0.001,260.0
s00_off,56,d(item_6),move_to(?target=shelf_3),519.0,0.021194,0.0023,260.0
s00_off,57,d(item_2),move_to(?target=shelf_3),559.0,1e-06,0.001,280.0
s00_off,57,d(item_3),move_to(?target=kitting_table_0),0.0,0.099742,0.9944,300.0
s00_off,57,d(item_4),move_to(?target=shelf_3),559.0,3e-05,0.001,280.0
s00_off,57,d(item_6),move_to(?target=shelf_3),559.0,0.02121,0.0016,280.0
s00_off,58,d(item_2),move_to(?target=shelf_3),598.9,1e-06,0.001,300.0
s00_off,58,d(item_3),move_to(?target=kitting_table_0),0.0,0.099794,0.995,320.0
s00_off,58,d(item_4),move_to(?target=shelf_3),598.9,3e-05,0.001,300.0
s00_off,58,d(item_6),move_to(?target=shelf_3),598.9,0.021221,0.0011,300.0
s00_off,59,d(item_2),move_to(?target=shelf_3),638.9,1e-06,0.001,320.0
s00_off,59,d(item_3),move_to(?target=kitting_table_0),0.0,0.099829,0.995,340.0
s00_off,59,d(item_4),move_to(?target=shelf_3),638.9,3e-05,0.001,320.0
s00_off,59,d(item_6),move_to(?target=shelf_3),638.9,0.021229,0.001,320.0
s00_off,60,d(item_2),move_to(?target=shelf_3),678.9,1e-06,0.001,340.0
s00_off,60,d(item_3),move_to(?target=kitting_table_0),0.0,0.099852,0.995,360.0
s00_off,60,d(item_4),move_to(?target=shelf_3),678.9,3e-05,0.001,340.0
s00_off,60,d(item_6),move_to(?target=shelf_3),678.9,0.021234,0.001,340.0
s00_off,61,d(item_2),move_to(?target=shelf_3),718.9,1e-06,0.001,360.0
s00_off,61,d(item_3),move_to(?target=kitting_table_0),0.0,0.099868,0.995,380.0
s00_off,61,d(item_4),move_to(?target=shelf_3),718.9,3e-05,0.001,360.0
s00_off,61,d(item_6),move_to(?target=shelf_3),718.9,0.021237,0.001,360.0
s00_off,62,d(item_2),move_to(?target=shelf_3),758.9,1e-06,0.001,380.0
s00_off,62,d(item_3),move_to(?target=kitting_table_0),0.0,0.099879,0.995,400.0
s00_off,62,d(item_4),move_to(?target=shelf_3),758.9,3e-05,0.001,380.0
s00_off,62,d(item_6),move_to(?target=shelf_3),758.9,0.021239,0.001,380.0
s00_off,63,d(item_2),move_to(?target=shelf_3),798.9,1e-06,0.001,400.0
s00_off,63,d(item_3),move_to(?target=kitting_table_0),0.0,0.099886,0.995,420.0
s00_off,63,d(item_4),move_to(?target=shelf_3),798.9,3e-05,0.001,400.0
s00_off,63,d(item_6),move_to(?target=shelf_3),798.9,0.021241,0.001,400.0
s00_off,64,d(item_2),move_to(?target=shelf_3),838.9,1e-06,0.001,420.0
s00_off,64,d(item_3),move_to(?target=kitting_table_0),0.0,0.09989,0.995,440.0
s00_off,64,d(item_4),move_to(?target=shelf_3),838.9,3e-05,0.001,420.0
s00_off,64,d(item_6),move_to(?target=shelf_3),838.9,0.021242,0.001,420.0
s00_off,65,d(item_2),move_to(?target=shelf_3),878.9,1e-06,0.001,440.0
s00_off,65,d(item_3),move_to(?target=kitting_table_0),0.0,0.099894,0.995,460.0
s00_off,65,d(item_4),move_to(?target=shelf_3),878.9,3e-05,0.001,440.0
s00_off,65,d(item_6),move_to(?target=shelf_3),878.9,0.021243,0.001,440.0
s00_off,66,d(item_2),move_to(?target=shelf_3),918.9,1e-06,0.001,460.0
s00_off,66,d(item_3),move_to(?target=kitting_table_0),0.0,0.099896,0.995,480.0
s00_off,66,d(item_4),move_to(?target=shelf_3),918.9,3e-05,0.001,460.0
s00_off,66,d(item_6),move_to(?target=shelf_3),918.9,0.021243,0.001,460.0
s00_off,67,d(item_2),move_to(?target=shelf_3),958.9,1e-06,0.001,480.0
s00_off,67,d(item_3),move_to(?target=kitting_table_0),0.0,0.099897,0.995,500.0
s00_off,67,d(item_4),move_to(?target=shelf_3),958.9,3e-05,0.001,480.0
s00_off,67,d(item_6),move_to(?target=shelf_3),958.9,0.021243,0.001,480.0
s00_off,68,d(item_2),move_to(?target=shelf_3),998.9,1e-06,0.001,500.0
s00_off,68,d(item_3),move_to(?target=kitting_table_0),0.0,0.099898,0.995,520.0
s00_off,68,d(item_4),move_to(?target=shelf_3),998.9,3e-05,0.001,500.0
s00_off,68,d(item_6),move_to(?target=shelf_3),998.9,0.021243,0.001,500.0
s00_off,69,d(item_2),move_to(?target=shelf_3),1038.9,1e-06,0.001,520.0
s00_off,69,d(item_3),move_to(?target=kitting_table_0),0.0,0.099899,0.995,540.0
s00_off,69,d(item_4),move_to(?target=shelf_3),1038.9,3e-05,0.001,520.0
s00_off,69,d(item_6),move_to(?target=shelf_3),1038.9,0.021244,0.001,520.0
s00_off,70,d(item_2),move_to(?target=shelf_3),1078.9,1e-06,0.001,540.0
s00_off,70,d(item_3),move_to(?target=kitting_table_0),0.0,0.099899,0.995,560.0
s00_off,70,d(item_4),move_to(?target=shelf_3),1078.9,3e-05,0.001,540.0
s00_off,70,d(item_6),move_to(?target=shelf_3),1078.9,0.021244,0.001,540.0
s00_off,71,d(item_2),move_to(?target=shelf_3),1118.9,1e-06,0.001,560.0
s00_off,71,d(item_3),move_to(?target=kitting_table_0),0.0,0.0999,0.995,580.0
s00_off,71,d(item_4),move_to(?target=shelf_3),1118.9,3e-05,0.001,560.0
s00_off,71,d(item_6),move_to(?target=shelf_3),1118.9,0.021244,0.001,560.0
s00_off,72,d(item_2),move_to(?target=shelf_3),1158.9,1e-06,0.001,580.0
s00_off,72,d(item_3),move_to(?target=kitting_table_0),0.0,0.0999,0.995,600.0
s00_off,72,d(item_4),move_to(?target=shelf_3),1158.9,3e-05,0.001,580.0
s00_off,72,d(item_6),move_to(?target=shelf_3),1158.9,0.021244,0.001,580.0
s00_off,73,d(item_2),move_to(?target=shelf_3),1198.9,1e-06,0.001,600.0
s00_off,73,d(item_3),move_to(?target=kitting_table_0),0.0,0.0999,0.995,620.0
s00_off,73,d(item_4),move_to(?target=shelf_3),1198.9,3e-05,0.001,600.0
s00_off,73,d(item_6),move_to(?target=shelf_3),1198.9,0.021244,0.001,600.0
s00_off,74,d(item_2),move_to(?target=shelf_3),1238.9,1e-06,0.001,620.0
s00_off,74,d(item_3),move_to(?target=kitting_table_0),0.0,0.0999,0.995,640.0
s00_off,74,d(item_4),move_to(?target=shelf_3),1238.9,3e-05,0.001,620.0
s00_off,74,d(item_6),move_to(?target=shelf_3),1238.9,0.021244,0.001,620.0
s00_off,75,d(item_2),move_to(?target=shelf_3),1278.9,1e-06,0.001,640.0
s00_off,75,d(item_3),move_to(?target=kitting_table_0),0.0,0.0999,0.995,660.0
s00_off,75,d(item_4),move_to(?target=shelf_3),1278.9,3e-05,0.001,640.0
s00_off,75,d(item_6),move_to(?target=shelf_3),1278.9,0.021244,0.001,640.0
s00_off,76,d(item_2),move_to(?target=shelf_3),1318.9,0.0,0.001,660.0
s00_off,76,d(item_3),"place(?item=item_3,?target=kitting_table_0)",,0.09999,0.995,0.0
s00_off,76,d(item_4),move_to(?target=shelf_3),1318.9,3e-06,0.001,660.0
s00_off,76,d(item_6),move_to(?target=shelf_3),1318.9,0.002126,0.001,660.0
s00_off,77,d(item_2),move_to(?target=shelf_3),1318.9,0.0,0.001,660.0
s00_off,77,d(item_3),"place(?item=item_3,?target=kitting_table_0)",,0.09999,0.995,0.0
s00_off,77,d(item_4),move_to(?target=shelf_3),1318.9,3e-06,0.001,660.0
s00_off,77,d(item_6),move_to(?target=shelf_3),1318.9,0.002126,0.001,660.0
s00_off,78,d(item_2),move_to(?target=item_2),0.0,0.25,0.2495,0.0
s00_off,78,d(item_4),move_to(?target=item_4),0.0,0.25,0.2495,0.0
s00_off,78,d(item_6),move_to(?target=item_6),0.0,0.25,0.2495,0.0
s00_off,79,d(item_2),move_to(?target=item_2),0.0,0.25,0.2495,0.0
s00_off,79,d(item_4),move_to(?target=item_4),0.0,0.25,0.2495,0.0
s00_off,79,d(item_6),move_to(?target=item_6),0.0,0.25,0.2495,0.0
s00_off,80,d(item_2),move_to(?target=item_2),0.0,0.25,0.2495,0.0
s00_off,80,d(item_4),move_to(?target=item_4),0.0,0.25,0.2495,0.0
s00_off,80,d(item_6),move_to(?target=item_6),0.0,0.25,0.2495,0.0
s00_off,81,d(item_2),move_to(?target=item_2),0.0,0.033367,0.333,20.0
s00_off,81,d(item_4),move_to(?target=item_4),0.9,0.033367,0.3314,20.0
s00_off,81,d(item_6),move_to(?target=item_6),19.7,0.033367,0.3002,20.0
s00_off,82,d(item_2),move_to(?target=item_2),0.0,0.03468,0.3461,40.0
s00_off,82,d(item_4),move_to(?target=item_4),1.9,0.03468,0.3428,40.0
s00_off,82,d(item_6),move_to(?target=item_6),42.0,0.03468,0.2745,40.0
s00_off,83,d(item_2),move_to(?target=item_2),0.0,0.036234,0.3616,60.0
s00_off,83,d(item_4),move_to(?target=item_4),3.0,0.036234,0.3562,60.0
s00_off,83,d(item_6),move_to(?target=item_6),67.5,0.036234,0.244,60.0
s00_off,84,d(item_2),move_to(?target=item_2),0.0,0.038045,0.3797,80.0
s00_off,84,d(item_4),move_to(?target=item_4),4.1,0.038045,0.3719,80.0
s00_off,84,d(item_6),move_to(?target=item_6),97.2,0.038045,0.2084,80.0
s00_off,85,d(item_2),move_to(?target=item_2),0.0,0.040071,0.3999,100.0
s00_off,85,d(item_4),move_to(?target=item_4),5.3,0.040071,0.3894,100.0
s00_off,85,d(item_6),move_to(?target=item_6),131.9,0.040071,0.1687,100.0
s00_off,86,d(item_2),move_to(?target=item_2),0.0,0.042181,0.421,120.0
s00_off,86,d(item_4),move_to(?target=item_4),6.5,0.042181,0.4072,120.0
s00_off,86,d(item_6),move_to(?target=item_6),172.1,0.042181,0.1277,120.0
s00_off,87,d(item_2),move_to(?target=item_2),0.0,0.044169,0.4408,140.0
s00_off,87,d(item_4),move_to(?target=item_4),7.9,0.044169,0.4234,140.0
s00_off,87,d(item_6),move_to(?target=item_6),217.8,0.044169,0.0897,140.0
s00_off,88,d(item_2),move_to(?target=item_2),0.0,0.045847,0.4576,160.0
s00_off,88,d(item_4),move_to(?target=item_4),9.3,0.045847,0.4362,160.0
s00_off,88,d(item_6),move_to(?target=item_6),268.4,0.045847,0.0585,160.0
s00_off,89,d(item_2),move_to(?target=item_2),-0.0,0.047132,0.4704,180.0
s00_off,89,d(item_4),move_to(?target=item_4),10.9,0.047132,0.4448,180.0
s00_off,89,d(item_6),move_to(?target=item_6),323.1,0.047132,0.0358,180.0
s00_off,90,d(item_2),move_to(?target=item_2),0.0,0.048059,0.4796,200.0
s00_off,90,d(item_4),move_to(?target=item_4),12.5,0.048059,0.4496,200.0
s00_off,90,d(item_6),move_to(?target=item_6),380.8,0.048059,0.0208,200.0
s00_off,91,d(item_2),move_to(?target=item_2),-0.0,0.048709,0.4861,220.0
s00_off,91,d(item_4),move_to(?target=item_4),14.3,0.048709,0.4513,220.0
s00_off,91,d(item_6),move_to(?target=item_6),438.8,0.048709,0.0119,220.0
s00_off,92,d(item_2),move_to(?target=item_2),0.0,0.049131,0.4903,240.0
s00_off,92,d(item_4),move_to(?target=item_4),16.3,0.049131,0.4505,240.0
s00_off,92,d(item_6),move_to(?target=item_6),478.8,0.049131,0.0081,240.0
s00_off,93,d(item_2),move_to(?target=item_2),0.0,0.049789,0.4964,260.0
s00_off,93,d(item_4),move_to(?target=item_4),18.4,0.049789,0.451,260.0
s00_off,94,d(item_2),move_to(?target=item_2),0.0,0.05007,0.4992,280.0
s00_off,94,d(item_4),move_to(?target=item_4),20.6,0.05007,0.4479,280.0
s00_off,95,d(item_2),move_to(?target=item_2),0.0,0.050378,0.5023,300.0
s00_off,95,d(item_4),move_to(?target=item_4),23.1,0.050378,0.4445,300.0
s00_off,96,d(item_2),move_to(?target=item_2),0.0,0.050717,0.5056,320.0
s00_off,96,d(item_4),move_to(?target=item_4),25.8,0.050717,0.4408,320.0
s00_off,97,d(item_2),move_to(?target=item_2),0.0,0.051093,0.5094,340.0
s00_off,97,d(item_4),move_to(?target=item_4),28.8,0.051093,0.4367,340.0
s00_off,98,d(item_2),move_to(?target=item_2),0.0,0.05151,0.5136,360.0
s00_off,98,d(item_4),move_to(?target=item_4),32.0,0.05151,0.4321,360.0
s00_off,99,d(item_2),move_to(?target=item_2),0.0,0.051975,0.5182,380.0
s00_off,99,d(item_4),move_to(?target=item_4),35.6,0.051975,0.427,380.0
s00_off,100,d(item_2),move_to(?target=item_2),0.0,0.052497,0.5234,400.0
s00_off,100,d(item_4),move_to(?target=item_4),39.5,0.052497,0.4213,400.0
s00_off,101,d(item_2),move_to(?target=item_2),0.0,0.053083,0.5292,420.0
s00_off,101,d(item_4),move_to(?target=item_4),43.9,0.053083,0.4148,420.0
s00_off,102,d(item_2),move_to(?target=item_2),-0.0,0.053744,0.5358,440.0
s00_off,102,d(item_4),move_to(?target=item_4),48.8,0.053744,0.4076,440.0
s00_off,103,d(item_2),move_to(?target=item_2),0.0,0.054494,0.5433,460.0
s00_off,103,d(item_4),move_to(?target=item_4),54.3,0.054494,0.3994,460.0
s00_off,104,d(item_2),move_to(?target=item_2),0.0,0.055347,0.5518,480.0
s00_off,104,d(item_4),move_to(?target=item_4),60.4,0.055347,0.39,480.0
s00_off,105,d(item_2),move_to(?target=item_2),0.0,0.056319,0.5615,500.0
s00_off,105,d(item_4),move_to(?target=item_4),67.3,0.056319,0.3793,500.0
s00_off,106,d(item_2),move_to(?target=item_2),0.0,0.057431,0.5726,520.0
s00_off,106,d(item_4),move_to(?target=item_4),75.1,0.057431,0.3672,520.0
s00_off,107,d(item_2),move_to(?target=item_2),-0.0,0.058701,0.5853,540.0
s00_off,107,d(item_4),move_to(?target=item_4),83.9,0.058701,0.3532,540.0
s00_off,108,d(item_2),move_to(?target=item_2),0.0,0.060152,0.5997,560.0
s00_off,108,d(item_4),move_to(?target=item_4),93.8,0.060152,0.3373,560.0
s00_off,109,d(item_2),pick_up(?item=item_2),,0.094179,0.939,0.0
s00_off,109,d(item_4),move_to(?target=item_4),105.1,0.009418,0.0486,580.0
s00_off,110,d(item_2),pick_up(?item=item_2),,0.094179,0.939,0.0
s00_off,110,d(item_4),move_to(?target=item_4),105.1,0.009418,0.0486,580.0
s00_off,111,d(item_2),move_to(?target=kitting_table_0),0.0,0.654424,0.6525,0.0
s00_off,111,d(item_4),"place(?item=item_2,?target=shelf_2)",,0.033903,0.338,0.0
s00_off,112,d(item_2),move_to(?target=kitting_table_0),0.0,0.654424,0.6525,0.0
s00_off,112,d(item_4),"place(?item=item_2,?target=shelf_2)",,0.033903,0.338,0.0
s00_off,113,d(item_2),move_to(?target=kitting_table_0),0.0,0.094984,0.9469,20.0
s00_off,113,d(item_4),move_to(?target=shelf_2),0.0,0.049208,0.0491,0.0
s00_off,114,d(item_2),move_to(?target=kitting_table_0),0.0,0.070581,0.7035,40.0
s00_off,114,d(item_4),move_to(?target=shelf_2),40.0,0.036565,0.2925,20.0
s00_off,115,d(item_2),move_to(?target=kitting_table_0),0.0,0.07563,0.7538,60.0
s00_off,115,d(item_4),move_to(?target=shelf_2),80.0,0.039181,0.2422,40.0
s00_off,116,d(item_2),move_to(?target=kitting_table_0),0.0,0.080591,0.8033,80.0
s00_off,116,d(item_4),move_to(?target=shelf_2),120.0,0.041751,0.1927,60.0
s00_off,117,d(item_2),move_to(?target=kitting_table_0),0.0,0.085103,0.8483,100.0
s00_off,117,d(item_4),move_to(?target=shelf_2),160.0,0.044088,0.1477,80.0
s00_off,118,d(item_2),move_to(?target=kitting_table_0),0.0,0.088928,0.8865,120.0
s00_off,118,d(item_4),move_to(?target=shelf_2),200.0,0.04607,0.1095,100.0
s00_off,119,d(item_2),move_to(?target=kitting_table_0),0.0,0.091981,0.917,140.0
s00_off,119,d(item_4),move_to(?target=shelf_2),240.0,0.047652,0.079,120.0
s00_off,120,d(item_2),move_to(?target=kitting_table_0),0.0,0.094304,0.9402,160.0
s00_off,120,d(item_4),move_to(?target=shelf_2),280.0,0.048855,0.0558,140.0
s00_off,121,d(item_2),move_to(?target=kitting_table_0),0.0,0.096008,0.9572,180.0
s00_off,121,d(item_4),move_to(?target=shelf_2),320.0,0.049738,0.0388,160.0
s00_off,122,d(item_2),move_to(?target=kitting_table_0),0.0,0.097223,0.9693,200.0
s00_off,122,d(item_4),move_to(?target=shelf_2),360.0,0.050368,0.0267,180.0
s00_off,123,d(item_2),move_to(?target=kitting_table_0),0.0,0.098074,0.9778,220.0
s00_off,123,d(item_4),move_to(?target=shelf_2),400.0,0.050808,0.0182,200.0
s00_off,124,d(item_2),move_to(?target=kitting_table_0),0.0,0.098661,0.9836,240.0
s00_off,124,d(item_4),move_to(?target=shelf_2),440.0,0.051113,0.0124,220.0
s00_off,125,d(item_2),move_to(?target=kitting_table_0),0.0,0.099063,0.9876,260.0
s00_off,125,d(item_4),move_to(?target=shelf_2),480.0,0.051321,0.0084,240.0
s00_off,126,d(item_2),move_to(?target=kitting_table_0),0.0,0.099336,0.9904,280.0
s00_off,126,d(item_4),move_to(?target=shelf_2),520.0,0.051462,0.0056,260.0
s00_off,127,d(item_2),move_to(?target=kitting_table_0),0.0,0.099521,0.9922,300.0
s00_off,127,d(item_4),move_to(?target=shelf_2),560.0,0.051558,0.0038,280.0
s00_off,128,d(item_2),move_to(?target=kitting_table_0),0.0,0.099645,0.9935,320.0
s00_off,128,d(item_4),move_to(?target=shelf_2),600.0,0.051622,0.0025,300.0
s00_off,129,d(item_2),move_to(?target=kitting_table_0),0.0,0.099729,0.9943,340.0
s00_off,129,d(item_4),move_to(?target=shelf_2),640.0,0.051666,0.0017,320.0
s00_off,130,d(item_2),move_to(?target=kitting_table_0),0.0,0.099785,0.9949,360.0
s00_off,130,d(item_4),move_to(?target=shelf_2),680.0,0.051695,0.0011,340.0
s00_off,131,d(item_2),move_to(?target=kitting_table_0),0.0,0.099823,0.995,380.0
s00_off,131,d(item_4),move_to(?target=shelf_2),720.0,0.051714,0.001,360.0
s00_off,132,d(item_2),move_to(?target=kitting_table_0),0.0,0.099848,0.995,400.0
s00_off,132,d(item_4),move_to(?target=shelf_2),760.0,0.051728,0.001,380.0
s00_off,133,d(item_2),move_to(?target=kitting_table_0),0.0,0.099865,0.995,420.0
s00_off,133,d(item_4),move_to(?target=shelf_2),800.0,0.051736,0.001,400.0
s00_off,134,d(item_2),move_to(?target=kitting_table_0),0.0,0.099877,0.995,440.0
s00_off,134,d(item_4),move_to(?target=shelf_2),840.0,0.051742,0.001,420.0
s00_off,135,d(item_2),move_to(?target=kitting_table_0),0.0,0.099885,0.995,460.0
s00_off,135,d(item_4),move_to(?target=shelf_2),880.0,0.051746,0.001,440.0
s00_off,136,d(item_2),move_to(?target=kitting_table_0),0.0,0.09989,0.995,480.0
s00_off,136,d(item_4),move_to(?target=shelf_2),920.0,0.051749,0.001,460.0
s00_off,137,d(item_2),move_to(?target=kitting_table_0),0.0,0.099893,0.995,500.0
s00_off,137,d(item_4),move_to(?target=shelf_2),960.0,0.051751,0.001,480.0
s00_off,138,d(item_2),move_to(?target=kitting_table_0),0.0,0.099895,0.995,520.0
s00_off,138,d(item_4),move_to(?target=shelf_2),1000.0,0.051752,0.001,500.0
s00_off,139,d(item_2),move_to(?target=kitting_table_0),0.0,0.099897,0.995,540.0
s00_off,139,d(item_4),move_to(?target=shelf_2),1040.0,0.051753,0.001,520.0
s00_off,140,d(item_2),"place(?item=item_2,?target=kitting_table_0)",,0.09999,0.995,0.0
s00_off,140,d(item_4),move_to(?target=shelf_2),1080.0,0.00518,0.001,540.0
s00_off,141,d(item_2),"place(?item=item_2,?target=kitting_table_0)",,0.09999,0.995,0.0
s00_off,141,d(item_4),move_to(?target=shelf_2),1080.0,0.00518,0.001,540.0
s00_off,142,d(item_4),move_to(?target=item_4),0.0,0.5,0.498,0.0
s00_off,143,d(item_4),move_to(?target=item_4),0.0,0.5,0.498,0.0
s00_off,144,d(item_4),move_to(?target=item_4),0.0,0.5,0.498,0.0
s00_off,145,d(item_4),move_to(?target=item_4),0.0,0.5,0.498,0.0
s00_off,146,d(item_4),move_to(?target=item_4),0.0,0.5,0.498,0.0
s00_off,147,d(item_4),move_to(?target=item_4),0.0,0.5,0.498,0.0
s00_off,148,d(item_4),move_to(?target=item_4),0.0,0.5,0.498,0.0
s00_off,149,d(item_4),move_to(?target=item_4),0.0,0.5,0.498,0.0
s00_off,150,d(item_4),move_to(?target=item_4),0.0,0.5,0.498,0.0
s00_off,151,d(item_4),move_to(?target=item_4),0.0,0.5,0.498,0.0
s00_off,152,d(item_4),move_to(?target=item_4),0.0,0.5,0.498,0.0
s00_off,153,d(item_4),move_to(?target=item_4),0.0,0.5,0.498,0.0
s00_off,154,d(item_4),move_to(?target=item_4),0.0,0.5,0.498,0.0
s00_off,155,d(item_4),move_to(?target=item_4),0.0,0.5,0.498,0.0
s00_off,156,d(item_4),move_to(?target=item_4),0.0,0.5,0.498,0.0
s00_off,157,d(item_4),move_to(?target=item_4),0.0,0.5,0.498,0.0
s00_off,158,d(item_4),move_to(?target=item_4),0.0,0.5,0.498,0.0
s00_off,159,d(item_4),move_to(?target=item_4),0.0,0.5,0.498,0.0
s00_off,160,d(item_4),move_to(?target=item_4),0.0,0.5,0.498,0.0
s00_off,161,d(item_4),move_to(?target=item_4),0.0,0.5,0.498,0.0
s00_off,162,d(item_4),move_to(?target=item_4),0.0,0.5,0.498,0.0
s00_off,163,d(item_4),move_to(?target=item_4),0.0,0.5,0.498,0.0
s00_off,164,d(item_4),move_to(?target=item_4),0.0,0.5,0.498,0.0
s00_off,165,d(item_4),move_to(?target=item_4),0.0,0.5,0.498,0.0
s00_on,0,d(item_2),move_to(?target=item_2),11.1,0.048911,0.4606,20.0
s00_on,0,d(item_3),move_to(?target=item_3),0.0,0.048911,0.4876,20.0
s00_on,1,d(item_2),move_to(?target=item_2),23.3,0.050406,0.4442,40.0
s00_on,1,d(item_3),move_to(?target=item_3),-0.0,0.050406,0.5026,40.0
s00_on,2,d(item_2),move_to(?target=item_2),36.8,0.052132,0.4253,60.0
s00_on,2,d(item_3),move_to(?target=item_3),0.0,0.052132,0.5198,60.0
s00_on,3,d(item_2),move_to(?target=item_2),51.5,0.054111,0.4036,80.0
s00_on,3,d(item_3),move_to(?target=item_3),-0.0,0.054111,0.5395,80.0
s00_on,4,d(item_2),move_to(?target=item_2),67.6,0.05636,0.3789,100.0
s00_on,4,d(item_3),move_to(?target=item_3),0.0,0.05636,0.5619,100.0
s00_on,5,d(item_2),move_to(?target=item_2),85.1,0.058884,0.3512,120.0
s00_on,5,d(item_3),move_to(?target=item_3),0.0,0.058884,0.5871,120.0
s00_on,6,d(item_2),move_to(?target=item_2),104.2,0.061664,0.3207,140.0
s00_on,6,d(item_3),move_to(?target=item_3),0.0,0.061664,0.6148,140.0
s00_on,7,d(item_2),move_to(?target=item_2),124.7,0.064658,0.2879,160.0
s00_on,7,d(item_3),move_to(?target=item_3),0.0,0.064658,0.6446,160.0
s00_on,8,d(item_2),move_to(?target=item_2),146.6,0.067797,0.2535,180.0
s00_on,8,d(item_3),move_to(?target=item_3),-0.0,0.067797,0.6759,180.0
s00_on,9,d(item_2),move_to(?target=item_2),170.1,0.070984,0.2185,200.0
s00_on,9,d(item_3),move_to(?target=item_3),0.0,0.070984,0.7077,200.0
s00_on,10,d(item_2),move_to(?target=item_2),194.9,0.07411,0.1842,220.0
s00_on,10,d(item_3),move_to(?target=item_3),0.0,0.07411,0.7389,220.0
s00_on,11,d(item_2),move_to(?target=item_2),221.0,0.077063,0.1519,240.0
s00_on,11,d(item_3),move_to(?target=item_3),0.0,0.077063,0.7683,240.0
s00_on,12,d(item_2),move_to(?target=item_2),248.4,0.079749,0.1224,260.0
s00_on,12,d(item_3),move_to(?target=item_3),0.0,0.079749,0.7951,260.0
s00_on,13,d(item_2),move_to(?target=item_2),277.0,0.082104,0.0966,280.0
s00_on,13,d(item_3),move_to(?target=item_3),0.0,0.082104,0.8186,280.0
s00_on,14,d(item_2),move_to(?target=item_2),306.6,0.084097,0.0747,300.0
s00_on,14,d(item_3),move_to(?target=item_3),0.0,0.084097,0.8384,300.0
s00_on,15,d(item_2),move_to(?target=item_2),337.1,0.085732,0.0568,320.0
s00_on,15,d(item_3),move_to(?target=item_3),-0.0,0.085732,0.8548,320.0
s00_on,16,d(item_2),move_to(?target=item_2),368.5,0.087036,0.0425,340.0
s00_on,16,d(item_3),move_to(?target=item_3),0.0,0.087036,0.8677,340.0
s00_on,17,d(item_2),move_to(?target=item_2),400.7,0.08805,0.0314,360.0
s00_on,17,d(item_3),move_to(?target=item_3),-0.0,0.08805,0.8779,360.0
s00_on,18,d(item_2),move_to(?target=item_2),433.6,0.088823,0.0229,380.0
s00_on,18,d(item_3),move_to(?target=item_3),-0.0,0.088823,0.8856,380.0
s00_on,19,d(item_2),move_to(?target=item_2),467.2,0.089402,0.0165,400.0
s00_on,19,d(item_3),move_to(?target=item_3),-0.0,0.089402,0.8913,400.0
s00_on,20,d(item_2),move_to(?target=item_2),501.3,0.08983,0.0118,420.0
s00_on,20,d(item_3),move_to(?target=item_3),-0.0,0.08983,0.8956,420.0
s00_on,21,d(item_2),move_to(?target=item_2),535.9,0.090141,0.0084,440.0
s00_on,21,d(item_3),move_to(?target=item_3),-0.0,0.090141,0.8987,440.0
s00_on,22,d(item_2),move_to(?target=item_2),570.9,0.090366,0.006,460.0
s00_on,22,d(item_3),move_to(?target=item_3),-0.0,0.090366,0.901,460.0
s00_on,23,d(item_2),move_to(?target=item_2),606.4,0.090527,0.0042,480.0
s00_on,23,d(item_3),move_to(?target=item_3),-0.0,0.090527,0.9026,480.0
s00_on,24,d(item_2),move_to(?target=item_2),642.2,0.090642,0.0029,500.0
s00_on,24,d(item_3),move_to(?target=item_3),-0.0,0.090642,0.9037,500.0
s00_on,25,d(item_2),move_to(?target=item_2),678.3,0.090723,0.002,520.0
s00_on,25,d(item_3),move_to(?target=item_3),-0.0,0.090723,0.9045,520.0
s00_on,26,d(item_2),move_to(?target=item_2),714.8,0.090779,0.0014,540.0
s00_on,26,d(item_3),move_to(?target=item_3),0.0,0.090779,0.9051,540.0
s00_on,27,d(item_2),move_to(?target=item_2),751.5,0.090819,0.001,560.0
s00_on,27,d(item_3),move_to(?target=item_3),-0.0,0.090819,0.9055,560.0
s00_on,28,d(item_2),move_to(?target=item_2),788.4,0.090847,0.001,580.0
s00_on,28,d(item_3),move_to(?target=item_3),0.0,0.090847,0.9055,580.0
s00_on,29,d(item_2),move_to(?target=item_2),825.5,0.090866,0.001,600.0
s00_on,29,d(item_3),move_to(?target=item_3),0.0,0.090866,0.9055,600.0
s00_on,30,d(item_2),move_to(?target=item_2),862.9,0.09088,0.001,620.0
s00_on,30,d(item_3),move_to(?target=item_3),0.0,0.09088,0.9055,620.0
s00_on,31,d(item_2),move_to(?target=item_2),900.4,0.090889,0.001,640.0
s00_on,31,d(item_3),move_to(?target=item_3),0.0,0.090889,0.9055,640.0
s00_on,32,d(item_2),move_to(?target=item_2),938.1,0.090895,0.001,660.0
s00_on,32,d(item_3),move_to(?target=item_3),0.0,0.090895,0.9055,660.0
s00_on,33,d(item_2),move_to(?target=item_2),975.9,0.0909,0.001,680.0
s00_on,33,d(item_3),move_to(?target=item_3),0.0,0.0909,0.9055,680.0
s00_on,34,d(item_2),move_to(?target=item_2),1013.8,0.090903,0.001,700.0
s00_on,34,d(item_3),move_to(?target=item_3),0.0,0.090903,0.9055,700.0
s00_on,35,d(item_2),move_to(?target=item_2),1051.9,0.090905,0.001,720.0
s00_on,35,d(item_3),move_to(?target=item_3),0.0,0.090905,0.9055,720.0
s00_on,36,d(item_2),move_to(?target=item_2),1090.1,0.090906,0.001,740.0
s00_on,36,d(item_3),move_to(?target=item_3),0.0,0.090906,0.9055,740.0
s00_on,37,d(item_2),move_to(?target=item_2),1128.4,0.090907,0.001,760.0
s00_on,37,d(item_3),move_to(?target=item_3),0.0,0.090907,0.9055,760.0
s00_on,38,d(item_2),move_to(?target=item_2),1166.8,0.090908,0.001,780.0
s00_on,38,d(item_3),move_to(?target=item_3),0.0,0.090908,0.9055,780.0
s00_on,39,d(item_2),move_to(?target=item_2),1205.3,0.009901,0.001,800.0
s00_on,39,d(item_3),pick_up(?item=item_3),,0.09901,0.9861,0.0
s00_on,40,d(item_2),move_to(?target=item_2),1205.3,0.009901,0.001,800.0
s00_on,40,d(item_3),pick_up(?item=item_3),,0.09901,0.9861,0.0
s00_on,41,d(item_2),"place(?item=item_3,?target=shelf_3)",,1e-06,0.001,0.0
s00_on,41,d(item_3),move_to(?target=kitting_table_0),0.0,0.990088,0.9861,0.0
s00_on,42,d(item_2),"place(?item=item_3,?target=shelf_3)",,1e-06,0.001,0.0
s00_on,42,d(item_3),move_to(?target=kitting_table_0),0.0,0.990088,0.9861,0.0
s00_on,43,d(item_2),move_to(?target=shelf_3),0.0,1e-06,0.001,0.0
s00_on,43,d(item_3),move_to(?target=kitting_table_0),0.0,0.0999,0.995,20.0
s00_on,44,d(item_2),move_to(?target=shelf_3),39.6,1e-06,0.001,20.0
s00_on,44,d(item_3),move_to(?target=kitting_table_0),0.0,0.099899,0.995,40.0
s00_on,45,d(item_2),move_to(?target=shelf_3),79.4,1e-06,0.001,40.0
s00_on,45,d(item_3),move_to(?target=kitting_table_0),0.0,0.099899,0.995,60.0
s00_on,46,d(item_2),move_to(?target=shelf_3),119.3,1e-06,0.001,60.0
s00_on,46,d(item_3),move_to(?target=kitting_table_0),0.0,0.0999,0.995,80.0
s00_on,47,d(item_2),move_to(?target=shelf_3),159.2,1e-06,0.001,80.0
s00_on,47,d(item_3),move_to(?target=kitting_table_0),0.0,0.0999,0.995,100.0
s00_on,48,d(item_2),move_to(?target=shelf_3),199.1,1e-06,0.001,100.0
s00_on,48,d(item_3),move_to(?target=kitting_table_0),-0.0,0.0999,0.995,120.0
s00_on,49,d(item_2),move_to(?target=shelf_3),239.1,1e-06,0.001,120.0
s00_on,49,d(item_3),move_to(?target=kitting_table_0),0.0,0.0999,0.995,140.0
s00_on,50,d(item_2),move_to(?target=shelf_3),279.1,1e-06,0.001,140.0
s00_on,50,d(item_3),move_to(?target=kitting_table_0),0.0,0.0999,0.995,160.0
s00_on,51,d(item_2),move_to(?target=shelf_3),319.0,1e-06,0.001,160.0
s00_on,51,d(item_3),move_to(?target=kitting_table_0),0.0,0.0999,0.995,180.0
s00_on,52,d(item_2),move_to(?target=shelf_3),359.0,1e-06,0.001,180.0
s00_on,52,d(item_3),move_to(?target=kitting_table_0),0.0,0.0999,0.995,200.0
s00_on,53,d(item_2),move_to(?target=shelf_3),399.0,1e-06,0.001,200.0
s00_on,53,d(item_3),move_to(?target=kitting_table_0),0.0,0.0999,0.995,220.0
s00_on,54,d(item_2),move_to(?target=shelf_3),439.0,1e-06,0.001,220.0
s00_on,54,d(item_3),move_to(?target=kitting_table_0),0.0,0.0999,0.995,240.0
s00_on,55,d(item_2),move_to(?target=shelf_3),479.0,1e-06,0.001,240.0
s00_on,55,d(item_3),move_to(?target=kitting_table_0),0.0,0.0999,0.995,260.0
s00_on,56,d(item_2),move_to(?target=shelf_3),519.0,1e-06,0.001,260.0
s00_on,56,d(item_3),move_to(?target=kitting_table_0),0.0,0.0999,0.995,280.0
s00_on,57,d(item_2),move_to(?target=shelf_3),559.0,1e-06,0.001,280.0
s00_on,57,d(item_3),move_to(?target=kitting_table_0),0.0,0.0999,0.995,300.0
s00_on,58,d(item_2),move_to(?target=shelf_3),598.9,1e-06,0.001,300.0
s00_on,58,d(item_3),move_to(?target=kitting_table_0),0.0,0.0999,0.995,320.0
s00_on,59,d(item_2),move_to(?target=shelf_3),638.9,1e-06,0.001,320.0
s00_on,59,d(item_3),move_to(?target=kitting_table_0),0.0,0.0999,0.995,340.0
s00_on,60,d(item_2),move_to(?target=shelf_3),678.9,1e-06,0.001,340.0
s00_on,60,d(item_3),move_to(?target=kitting_table_0),0.0,0.0999,0.995,360.0
s00_on,61,d(item_2),move_to(?target=shelf_3),718.9,1e-06,0.001,360.0
s00_on,61,d(item_3),move_to(?target=kitting_table_0),0.0,0.0999,0.995,380.0
s00_on,62,d(item_2),move_to(?target=shelf_3),758.9,1e-06,0.001,380.0
s00_on,62,d(item_3),move_to(?target=kitting_table_0),0.0,0.0999,0.995,400.0
s00_on,63,d(item_2),move_to(?target=shelf_3),798.9,1e-06,0.001,400.0
s00_on,63,d(item_3),move_to(?target=kitting_table_0),0.0,0.0999,0.995,420.0
s00_on,64,d(item_2),move_to(?target=shelf_3),838.9,1e-06,0.001,420.0
s00_on,64,d(item_3),move_to(?target=kitting_table_0),0.0,0.0999,0.995,440.0
s00_on,65,d(item_2),move_to(?target=shelf_3),878.9,1e-06,0.001,440.0
s00_on,65,d(item_3),move_to(?target=kitting_table_0),0.0,0.0999,0.995,460.0
s00_on,66,d(item_2),move_to(?target=shelf_3),918.9,1e-06,0.001,460.0
s00_on,66,d(item_3),move_to(?target=kitting_table_0),0.0,0.0999,0.995,480.0
s00_on,67,d(item_2),move_to(?target=shelf_3),958.9,1e-06,0.001,480.0
s00_on,67,d(item_3),move_to(?target=kitting_table_0),0.0,0.0999,0.995,500.0
s00_on,68,d(item_2),move_to(?target=shelf_3),998.9,1e-06,0.001,500.0
s00_on,68,d(item_3),move_to(?target=kitting_table_0),0.0,0.0999,0.995,520.0
s00_on,69,d(item_2),move_to(?target=shelf_3),1038.9,1e-06,0.001,520.0
s00_on,69,d(item_3),move_to(?target=kitting_table_0),0.0,0.0999,0.995,540.0
s00_on,70,d(item_2),move_to(?target=shelf_3),1078.9,1e-06,0.001,540.0
s00_on,70,d(item_3),move_to(?target=kitting_table_0),0.0,0.0999,0.995,560.0
s00_on,71,d(item_2),move_to(?target=shelf_3),1118.9,1e-06,0.001,560.0
s00_on,71,d(item_3),move_to(?target=kitting_table_0),0.0,0.0999,0.995,580.0
s00_on,72,d(item_2),move_to(?target=shelf_3),1158.9,1e-06,0.001,580.0
s00_on,72,d(item_3),move_to(?target=kitting_table_0),0.0,0.0999,0.995,600.0
s00_on,73,d(item_2),move_to(?target=shelf_3),1198.9,1e-06,0.001,600.0
s00_on,73,d(item_3),move_to(?target=kitting_table_0),0.0,0.0999,0.995,620.0
s00_on,74,d(item_2),move_to(?target=shelf_3),1238.9,1e-06,0.001,620.0
s00_on,74,d(item_3),move_to(?target=kitting_table_0),0.0,0.0999,0.995,640.0
s00_on,75,d(item_2),move_to(?target=shelf_3),1278.9,1e-06,0.001,640.0
s00_on,75,d(item_3),move_to(?target=kitting_table_0),0.0,0.0999,0.995,660.0
s00_on,76,d(item_2),move_to(?target=shelf_3),1318.9,0.0,0.001,660.0
s00_on,76,d(item_3),"place(?item=item_3,?target=kitting_table_0)",,0.09999,0.995,0.0
s00_on,77,d(item_2),move_to(?target=shelf_3),1318.9,0.0,0.001,660.0
s00_on,77,d(item_3),"place(?item=item_3,?target=kitting_table_0)",,0.09999,0.995,0.0
s00_on,78,d(item_2),move_to(?target=item_2),0.0,0.5,0.498,0.0
s00_on,79,d(item_2),move_to(?target=item_2),0.0,0.5,0.498,0.0
s00_on,80,d(item_2),move_to(?target=item_2),0.0,0.5,0.498,0.0
s00_on,81,d(item_2),move_to(?target=item_2),0.0,0.090909,0.9055,20.0
s00_on,82,d(item_2),move_to(?target=item_2),0.0,0.090909,0.9055,40.0
s00_on,83,d(item_2),move_to(?target=item_2),0.0,0.090909,0.9055,60.0
s00_on,84,d(item_2),move_to(?target=item_2),0.0,0.090909,0.9055,80.0
s00_on,85,d(item_2),move_to(?target=item_2),0.0,0.090909,0.9055,100.0
s00_on,86,d(item_2),move_to(?target=item_2),0.0,0.090909,0.9055,120.0
s00_on,87,d(item_2),move_to(?target=item_2),0.0,0.090909,0.9055,140.0
s00_on,88,d(item_2),move_to(?target=item_2),0.0,0.090909,0.9055,160.0
s00_on,89,d(item_2),move_to(?target=item_2),-0.0,0.090909,0.9055,180.0
s00_on,90,d(item_2),move_to(?target=item_2),0.0,0.090909,0.9055,200.0
s00_on,91,d(item_2),move_to(?target=item_2),-0.0,0.090909,0.9055,220.0
s00_on,92,d(item_2),move_to(?target=item_2),0.0,0.090909,0.9055,240.0
s00_on,93,d(item_2),move_to(?target=item_2),0.0,0.090909,0.9055,260.0
s00_on,94,d(item_2),move_to(?target=item_2),0.0,0.090909,0.9055,280.0
s00_on,95,d(item_2),move_to(?target=item_2),0.0,0.090909,0.9055,300.0
s00_on,96,d(item_2),move_to(?target=item_2),0.0,0.090909,0.9055,320.0
s00_on,97,d(item_2),move_to(?target=item_2),0.0,0.090909,0.9055,340.0
s00_on,98,d(item_2),move_to(?target=item_2),0.0,0.090909,0.9055,360.0
s00_on,99,d(item_2),move_to(?target=item_2),0.0,0.090909,0.9055,380.0
s00_on,100,d(item_2),move_to(?target=item_2),0.0,0.090909,0.9055,400.0
s00_on,101,d(item_2),move_to(?target=item_2),0.0,0.090909,0.9055,420.0
s00_on,102,d(item_2),move_to(?target=item_2),-0.0,0.090909,0.9055,440.0
s00_on,103,d(item_2),move_to(?target=item_2),0.0,0.090909,0.9055,460.0
s00_on,104,d(item_2),move_to(?target=item_2),0.0,0.090909,0.9055,480.0
s00_on,105,d(item_2),move_to(?target=item_2),0.0,0.090909,0.9055,500.0
s00_on,106,d(item_2),move_to(?target=item_2),0.0,0.090909,0.9055,520.0
s00_on,107,d(item_2),move_to(?target=item_2),-0.0,0.090909,0.9055,540.0
s00_on,108,d(item_2),move_to(?target=item_2),0.0,0.090909,0.9055,560.0
s00_on,109,d(item_2),pick_up(?item=item_2),,0.09901,0.9861,0.0
s00_on,110,d(item_2),pick_up(?item=item_2),,0.09901,0.9861,0.0
s00_on,111,d(item_2),move_to(?target=kitting_table_0),0.0,0.990099,0.9861,0.0
s00_on,112,d(item_2),move_to(?target=kitting_table_0),0.0,0.990099,0.9861,0.0
s00_on,113,d(item_2),move_to(?target=kitting_table_0),0.0,0.0999,0.995,20.0
s00_on,114,d(item_2),move_to(?target=kitting_table_0),0.0,0.0999,0.995,40.0
s00_on,115,d(item_2),move_to(?target=kitting_table_0),0.0,0.0999,0.995,60.0
s00_on,116,d(item_2),move_to(?target=kitting_table_0),0.0,0.0999,0.995,80.0
s00_on,117,d(item_2),move_to(?target=kitting_table_0),0.0,0.0999,0.995,100.0
s00_on,118,d(item_2),move_to(?target=kitting_table_0),0.0,0.0999,0.995,120.0
s00_on,119,d(item_2),move_to(?target=kitting_table_0),0.0,0.0999,0.995,140.0
s00_on,120,d(item_2),move_to(?target=kitting_table_0),0.0,0.0999,0.995,160.0
s00_on,121,d(item_2),move_to(?target=kitting_table_0),0.0,0.0999,0.995,180.0
s00_on,122,d(item_2),move_to(?target=kitting_table_0),0.0,0.0999,0.995,200.0
s00_on,123,d(item_2),move_to(?target=kitting_table_0),0.0,0.0999,0.995,220.0
s00_on,124,d(item_2),move_to(?target=kitting_table_0),0.0,0.0999,0.995,240.0
s00_on,125,d(item_2),move_to(?target=kitting_table_0),0.0,0.0999,0.995,260.0
s00_on,126,d(item_2),move_to(?target=kitting_table_0),0.0,0.0999,0.995,280.0
s00_on,127,d(item_2),move_to(?target=kitting_table_0),0.0,0.0999,0.995,300.0
s00_on,128,d(item_2),move_to(?target=kitting_table_0),0.0,0.0999,0.995,320.0
s00_on,129,d(item_2),move_to(?target=kitting_table_0),0.0,0.0999,0.995,340.0
s00_on,130,d(item_2),move_to(?target=kitting_table_0),0.0,0.0999,0.995,360.0
s00_on,131,d(item_2),move_to(?target=kitting_table_0),0.0,0.0999,0.995,380.0
s00_on,132,d(item_2),move_to(?target=kitting_table_0),0.0,0.0999,0.995,400.0
s00_on,133,d(item_2),move_to(?target=kitting_table_0),0.0,0.0999,0.995,420.0
s00_on,134,d(item_2),move_to(?target=kitting_table_0),0.0,0.0999,0.995,440.0
s00_on,135,d(item_2),move_to(?target=kitting_table_0),0.0,0.0999,0.995,460.0
s00_on,136,d(item_2),move_to(?target=kitting_table_0),0.0,0.0999,0.995,480.0
s00_on,137,d(item_2),move_to(?target=kitting_table_0),0.0,0.0999,0.995,500.0
s00_on,138,d(item_2),move_to(?target=kitting_table_0),0.0,0.0999,0.995,520.0
s00_on,139,d(item_2),move_to(?target=kitting_table_0),0.0,0.0999,0.995,540.0
s00_on,140,d(item_2),"place(?item=item_2,?target=kitting_table_0)",,0.09999,0.995,0.0
s00_on,141,d(item_2),"place(?item=item_2,?target=kitting_table_0)",,0.09999,0.995,0.0
s20_off,0,d(item_2),move_to(?target=item_2),27.8,0.020595,0.1775,20.0
s20_off,0,d(item_3),move_to(?target=item_3),-0.0,0.020595,0.206,20.0
s20_off,0,d(item_4),move_to(?target=item_4),0.8,0.020595,0.2052,20.0
s20_off,0,d(item_6),move_to(?target=item_6),0.3,0.020595,0.2057,20.0
s20_off,0,d(item_7),move_to(?target=item_7),20.3,0.020595,0.1851,20.0
s20_off,1,d(item_2),move_to(?target=item_2),56.9,0.021702,0.1569,40.0
s20_off,1,d(item_3),move_to(?target=item_3),-0.0,0.021702,0.217,40.0
s20_off,1,d(item_4),move_to(?target=item_4),1.6,0.021702,0.2153,40.0
s20_off,1,d(item_6),move_to(?target=item_6),0.5,0.021702,0.2164,40.0
s20_off,1,d(item_7),move_to(?target=item_7),41.5,0.021702,0.1726,40.0
s20_off,2,d(item_2),move_to(?target=item_2),87.1,0.022903,0.1352,60.0
s20_off,2,d(item_3),move_to(?target=item_3),0.0,0.022903,0.229,60.0
s20_off,2,d(item_4),move_to(?target=item_4),2.5,0.022903,0.2262,60.0
s20_off,2,d(item_6),move_to(?target=item_6),0.8,0.022903,0.2281,60.0
s20_off,2,d(item_7),move_to(?target=item_7),63.5,0.022903,0.1586,60.0
s20_off,3,d(item_2),move_to(?target=item_2),118.3,0.024159,0.1133,80.0
s20_off,3,d(item_3),move_to(?target=item_3),0.0,0.024159,0.2416,80.0
s20_off,3,d(item_4),move_to(?target=item_4),3.5,0.024159,0.2374,80.0
s20_off,3,d(item_6),move_to(?target=item_6),1.1,0.024159,0.2402,80.0
s20_off,3,d(item_7),move_to(?target=item_7),86.4,0.024159,0.1433,80.0
s20_off,4,d(item_2),move_to(?target=item_2),150.5,0.025426,0.0924,100.0
s20_off,4,d(item_3),move_to(?target=item_3),0.0,0.025426,0.2543,100.0
s20_off,4,d(item_4),move_to(?target=item_4),4.5,0.025426,0.2485,100.0
s20_off,4,d(item_6),move_to(?target=item_6),1.4,0.025426,0.2524,100.0
s20_off,4,d(item_7),move_to(?target=item_7),110.0,0.025426,0.127,100.0
s20_off,5,d(item_2),move_to(?target=item_2),183.5,0.026656,0.0734,120.0
s20_off,5,d(item_3),move_to(?target=item_3),-0.0,0.026656,0.2666,120.0
s20_off,5,d(item_4),move_to(?target=item_4),5.7,0.026656,0.259,120.0
s20_off,5,d(item_6),move_to(?target=item_6),1.8,0.026656,0.2642,120.0
s20_off,5,d(item_7),move_to(?target=item_7),134.5,0.026656,0.1102,120.0
s20_off,6,d(item_2),move_to(?target=item_2),217.1,0.027809,0.0569,140.0
s20_off,6,d(item_3),move_to(?target=item_3),-0.0,0.027809,0.2781,140.0
s20_off,6,d(item_4),move_to(?target=item_4),7.0,0.027809,0.2684,140.0
s20_off,6,d(item_6),move_to(?target=item_6),2.1,0.027809,0.2751,140.0
s20_off,6,d(item_7),move_to(?target=item_7),159.7,0.027809,0.0937,140.0
s20_off,7,d(item_2),move_to(?target=item_2),251.4,0.028857,0.0432,160.0
s20_off,7,d(item_3),move_to(?target=item_3),0.0,0.028857,0.2886,160.0
s20_off,7,d(item_4),move_to(?target=item_4),8.4,0.028857,0.2765,160.0
s20_off,7,d(item_6),move_to(?target=item_6),2.5,0.028857,0.2849,160.0
s20_off,7,d(item_7),move_to(?target=item_7),185.7,0.028857,0.078,160.0
s20_off,8,d(item_2),move_to(?target=item_2),286.3,0.029786,0.0322,180.0
s20_off,8,d(item_3),move_to(?target=item_3),0.0,0.029786,0.2979,180.0
s20_off,8,d(item_4),move_to(?target=item_4),9.9,0.029786,0.2831,180.0
s20_off,8,d(item_6),move_to(?target=item_6),2.9,0.029786,0.2935,180.0
s20_off,8,d(item_7),move_to(?target=item_7),212.4,0.029786,0.0636,180.0
s20_off,9,d(item_2),move_to(?target=item_2),321.6,0.030595,0.0236,200.0
s20_off,9,d(item_3),move_to(?target=item_3),0.0,0.030595,0.306,200.0
s20_off,9,d(item_4),move_to(?target=item_4),11.7,0.030595,0.2881,200.0
s20_off,9,d(item_6),move_to(?target=item_6),3.4,0.030595,0.3008,200.0
s20_off,9,d(item_7),move_to(?target=item_7),239.8,0.030595,0.051,200.0
s20_off,10,d(item_2),move_to(?target=item_2),357.4,0.031293,0.0171,220.0
s20_off,10,d(item_3),move_to(?target=item_3),0.0,0.031293,0.3129,220.0
s20_off,10,d(item_4),move_to(?target=item_4),13.7,0.031293,0.2916,220.0
s20_off,10,d(item_6),move_to(?target=item_6),3.9,0.031293,0.3069,220.0
s20_off,10,d(item_7),move_to(?target=item_7),267.8,0.031293,0.0402,220.0
s20_off,11,d(item_2),move_to(?target=item_2),393.5,0.031894,0.0122,240.0
s20_off,11,d(item_3),move_to(?target=item_3),0.0,0.031894,0.3189,240.0
s20_off,11,d(item_4),move_to(?target=item_4),15.9,0.031894,0.2937,240.0
s20_off,11,d(item_6),move_to(?target=item_6),4.4,0.031894,0.312,240.0
s20_off,11,d(item_7),move_to(?target=item_7),296.5,0.031894,0.0313,240.0
s20_off,12,d(item_2),move_to(?target=item_2),430.0,0.032419,0.0087,260.0
s20_off,12,d(item_3),move_to(?target=item_3),-0.0,0.032419,0.3242,260.0
s20_off,12,d(item_4),move_to(?target=item_4),18.4,0.032419,0.2945,260.0
s20_off,12,d(item_6),move_to(?target=item_6),4.9,0.032419,0.3162,260.0
s20_off,12,d(item_7),move_to(?target=item_7),325.8,0.032419,0.024,260.0
s20_off,13,d(item_2),move_to(?target=item_2),466.7,0.032887,0.0061,280.0
s20_off,13,d(item_3),move_to(?target=item_3),0.0,0.032887,0.3289,280.0
s20_off,13,d(item_4),move_to(?target=item_4),21.2,0.032887,0.2941,280.0
s20_off,13,d(item_6),move_to(?target=item_6),5.5,0.032887,0.3198,280.0
s20_off,13,d(item_7),move_to(?target=item_7),355.7,0.032887,0.0182,280.0
s20_off,14,d(item_2),move_to(?target=item_2),503.8,0.03332,0.0043,300.0
s20_off,14,d(item_3),move_to(?target=item_3),0.0,0.03332,0.3332,300.0
s20_off,14,d(item_4),move_to(?target=item_4),24.5,0.03332,0.2925,300.0
s20_off,14,d(item_6),move_to(?target=item_6),6.2,0.03332,0.3229,300.0
s20_off,14,d(item_7),move_to(?target=item_7),386.1,0.03332,0.0137,300.0
s20_off,15,d(item_2),move_to(?target=item_2),541.0,0.033737,0.003,320.0
s20_off,15,d(item_3),move_to(?target=item_3),-0.0,0.033737,0.3374,320.0
s20_off,15,d(item_4),move_to(?target=item_4),28.4,0.033737,0.2898,320.0
s20_off,15,d(item_6),move_to(?target=item_6),6.9,0.033737,0.3258,320.0
s20_off,15,d(item_7),move_to(?target=item_7),417.1,0.033737,0.0103,320.0
s20_off,16,d(item_2),move_to(?target=item_2),578.5,0.034158,0.0021,340.0
s20_off,16,d(item_3),move_to(?target=item_3),-0.0,0.034158,0.3416,340.0
s20_off,16,d(item_4),move_to(?target=item_4),32.8,0.034158,0.286,340.0
s20_off,16,d(item_6),move_to(?target=item_6),7.6,0.034158,0.3286,340.0
s20_off,16,d(item_7),move_to(?target=item_7),448.5,0.034158,0.0076,340.0
s20_off,17,d(item_2),move_to(?target=item_2),616.1,0.034603,0.0015,360.0
s20_off,17,d(item_3),move_to(?target=item_3),-0.0,0.034603,0.346,360.0
s20_off,17,d(item_4),move_to(?target=item_4),38.1,0.034603,0.2809,360.0
s20_off,17,d(item_6),move_to(?target=item_6),8.5,0.034603,0.3314,360.0
s20_off,17,d(item_7),move_to(?target=item_7),480.3,0.034603,0.0056,360.0
s20_off,18,d(item_2),move_to(?target=item_2),654.0,0.035093,0.001,380.0
s20_off,18,d(item_3),move_to(?target=item_3),-0.0,0.035093,0.3509,380.0
s20_off,18,d(item_4),move_to(?target=item_4),44.4,0.035093,0.2743,380.0
s20_off,18,d(item_6),move_to(?target=item_6),9.4,0.035093,0.3345,380.0
s20_off,18,d(item_7),move_to(?target=item_7),512.6,0.035093,0.0041,380.0
s20_off,19,d(item_2),move_to(?target=item_2),691.9,0.035651,0.001,400.0
s20_off,19,d(item_3),move_to(?target=item_3),-0.0,0.035651,0.3564,400.0
s20_off,19,d(item_4),move_to(?target=item_4),51.8,0.035651,0.266,400.0
s20_off,19,d(item_6),move_to(?target=item_6),10.4,0.035651,0.3379,400.0
s20_off,19,d(item_7),move_to(?target=item_7),545.3,0.035651,0.003,400.0
s20_off,20,d(item_2),move_to(?target=item_2),730.1,0.008507,0.001,420.0
s20_off,20,d(item_3),pick_up(?item=item_3),,0.085071,0.8496,0.0
s20_off,20,d(item_4),move_to(?target=item_4),60.8,0.008507,0.0599,420.0
s20_off,20,d(item_6),move_to(?target=item_6),11.5,0.008507,0.0801,420.0
s20_off,20,d(item_7),move_to(?target=item_7),578.4,0.008507,0.001,420.0
s20_off,21,d(item_2),move_to(?target=item_2),730.1,0.008507,0.001,420.0
s20_off,21,d(item_3),pick_up(?item=item_3),,0.085071,0.8496,0.0
s20_off,21,d(item_4),move_to(?target=item_4),60.8,0.008507,0.0599,420.0
s20_off,21,d(item_6),move_to(?target=item_6),11.5,0.008507,0.0801,420.0
s20_off,21,d(item_7),move_to(?target=item_7),578.4,0.008507,0.001,420.0
s20_off,22,d(item_2),"place(?item=item_3,?target=shelf_3)",,5.1e-05,0.001,0.0
s20_off,22,d(item_3),move_to(?target=kitting_table_0),0.0,0.375252,0.3751,0.0
s20_off,22,d(item_4),"place(?item=item_3,?target=shelf_3)",,0.026455,0.2644,0.0
s20_off,22,d(item_6),"place(?item=item_3,?target=shelf_3)",,0.035364,0.3535,0.0
s20_off,22,d(item_7),"place(?item=item_3,?target=shelf_3)",,0.00023,0.0023,0.0
s20_off,23,d(item_2),"place(?item=item_3,?target=shelf_3)",,5.1e-05,0.001,0.0
s20_off,23,d(item_3),move_to(?target=kitting_table_0),0.0,0.375252,0.3751,0.0
s20_off,23,d(item_4),"place(?item=item_3,?target=shelf_3)",,0.026455,0.2644,0.0
s20_off,23,d(item_6),"place(?item=item_3,?target=shelf_3)",,0.035364,0.3535,0.0
s20_off,23,d(item_7),"place(?item=item_3,?target=shelf_3)",,0.00023,0.0023,0.0
s20_off,24,d(item_2),move_to(?target=shelf_3),0.0,0.000116,0.001,0.0
s20_off,24,d(item_3),move_to(?target=kitting_table_0),-0.0,0.085727,0.856,20.0
s20_off,24,d(item_4),move_to(?target=shelf_3),0.0,0.060437,0.0603,0.0
s20_off,24,d(item_6),move_to(?target=shelf_3),0.0,0.08079,0.0807,0.0
s20_off,24,d(item_7),move_to(?target=shelf_3),0.0,0.000526,0.001,0.0
s20_off,25,d(item_2),move_to(?target=shelf_3),38.6,5.8e-05,0.001,20.0
s20_off,25,d(item_3),move_to(?target=kitting_table_0),0.0,0.042731,0.4268,40.0
s20_off,25,d(item_4),move_to(?target=shelf_3),38.6,0.030125,0.2435,20.0
s20_off,25,d(item_6),move_to(?target=shelf_3),38.6,0.040269,0.3255,20.0
s20_off,25,d(item_7),move_to(?target=shelf_3),38.6,0.000262,0.0021,20.0
s20_off,26,d(item_2),move_to(?target=shelf_3),77.9,6.6e-05,0.001,40.0
s20_off,26,d(item_3),move_to(?target=kitting_table_0),0.0,0.048966,0.4891,60.0
s20_off,26,d(item_4),move_to(?target=shelf_3),77.9,0.034521,0.217,40.0
s20_off,26,d(item_6),move_to(?target=shelf_3),77.9,0.046146,0.29,40.0
s20_off,26,d(item_7),move_to(?target=shelf_3),77.9,0.0003,0.0019,40.0
s20_off,27,d(item_2),move_to(?target=shelf_3),117.4,7.6e-05,0.001,60.0
s20_off,27,d(item_3),move_to(?target=kitting_table_0),0.0,0.056102,0.5604,80.0
s20_off,27,d(item_4),move_to(?target=shelf_3),117.4,0.039552,0.1866,60.0
s20_off,27,d(item_6),move_to(?target=shelf_3),117.4,0.052871,0.2494,60.0
s20_off,27,d(item_7),move_to(?target=shelf_3),117.4,0.000344,0.0016,60.0
s20_off,28,d(item_2),move_to(?target=shelf_3),157.1,8.6e-05,0.001,80.0
s20_off,28,d(item_3),move_to(?target=kitting_table_0),-0.0,0.063673,0.6361,100.0
s20_off,28,d(item_4),move_to(?target=shelf_3),157.1,0.044889,0.1543,80.0
s20_off,28,d(item_6),move_to(?target=shelf_3),157.1,0.060006,0.2063,80.0
s20_off,28,d(item_7),move_to(?target=shelf_3),157.1,0.000391,0.0013,80.0
s20_off,29,d(item_2),move_to(?target=shelf_3),196.9,9.6e-05,0.001,100.0
s20_off,29,d(item_3),move_to(?target=kitting_table_0),0.0,0.071097,0.7102,120.0
s20_off,29,d(item_4),move_to(?target=shelf_3),196.9,0.050123,0.1227,100.0
s20_off,29,d(item_6),move_to(?target=shelf_3),196.9,0.067002,0.164,100.0
s20_off,29,d(item_7),move_to(?target=shelf_3),196.9,0.000436,0.0011,100.0
s20_off,30,d(item_2),move_to(?target=shelf_3),236.7,0.000105,0.001,120.0
s20_off,30,d(item_3),move_to(?target=kitting_table_0),-0.0,0.077838,0.7774,140.0
s20_off,30,d(item_4),move_to(?target=shelf_3),236.7,0.054875,0.094,120.0
s20_off,30,d(item_6),move_to(?target=shelf_3),236.7,0.073355,0.1256,120.0
s20_off,30,d(item_7),move_to(?target=shelf_3),236.7,0.000477,0.001,120.0
s20_off,31,d(item_2),move_to(?target=shelf_3),276.6,0.000113,0.001,140.0
s20_off,31,d(item_3),move_to(?target=kitting_table_0),0.0,0.083545,0.8343,160.0
s20_off,31,d(item_4),move_to(?target=shelf_3),276.6,0.058899,0.0696,140.0
s20_off,31,d(item_6),move_to(?target=shelf_3),276.6,0.078733,0.0931,140.0
s20_off,31,d(item_7),move_to(?target=shelf_3),276.6,0.000512,0.001,140.0
s20_off,32,d(item_2),move_to(?target=shelf_3),316.5,0.000119,0.001,160.0
s20_off,32,d(item_3),move_to(?target=kitting_table_0),-0.0,0.088097,0.8796,180.0
s20_off,32,d(item_4),move_to(?target=shelf_3),316.5,0.062108,0.0503,160.0
s20_off,32,d(item_6),move_to(?target=shelf_3),316.5,0.083023,0.0672,160.0
s20_off,32,d(item_7),move_to(?target=shelf_3),316.5,0.00054,0.001,160.0
s20_off,33,d(item_2),move_to(?target=shelf_3),356.4,0.000124,0.001,180.0
s20_off,33,d(item_3),move_to(?target=kitting_table_0),-0.0,0.091559,0.914,200.0
s20_off,33,d(item_4),move_to(?target=shelf_3),356.4,0.064548,0.0355,180.0
s20_off,33,d(item_6),move_to(?target=shelf_3),356.4,0.086285,0.0475,180.0
s20_off,33,d(item_7),move_to(?target=shelf_3),356.4,0.000562,0.001,180.0
s20_off,34,d(item_2),move_to(?target=shelf_3),396.3,0.000127,0.001,200.0
s20_off,34,d(item_3),move_to(?target=kitting_table_0),-0.0,0.094097,0.9393,220.0
s20_off,34,d(item_4),move_to(?target=shelf_3),396.3,0.066338,0.0247,200.0
s20_off,34,d(item_6),move_to(?target=shelf_3),396.3,0.088677,0.033,200.0
s20_off,34,d(item_7),move_to(?target=shelf_3),396.3,0.000577,0.001,200.0
s20_off,35,d(item_2),move_to(?target=shelf_3),436.2,0.000129,0.001,220.0
s20_off,35,d(item_3),move_to(?target=kitting_table_0),0.0,0.095908,0.9573,240.0
s20_off,35,d(item_4),move_to(?target=shelf_3),436.2,0.067615,0.017,220.0
s20_off,35,d(item_6),move_to(?target=shelf_3),436.2,0.090384,0.0227,220.0
s20_off,35,d(item_7),move_to(?target=shelf_3),436.2,0.000588,0.001,220.0
s20_off,36,d(item_2),move_to(?target=shelf_3),476.2,0.000131,0.001,240.0
s20_off,36,d(item_3),move_to(?target=kitting_table_0),0.0,0.097176,0.9699,260.0
s20_off,36,d(item_4),move_to(?target=shelf_3),476.2,0.068509,0.0116,240.0
s20_off,36,d(item_6),move_to(?target=shelf_3),476.2,0.091579,0.0155,240.0
s20_off,36,d(item_7),move_to(?target=shelf_3),476.2,0.000596,0.001,240.0
s20_off,37,d(item_2),move_to(?target=shelf_3),516.1,0.000132,0.001,260.0
s20_off,37,d(item_3),move_to(?target=kitting_table_0),0.0,0.098052,0.9786,280.0
s20_off,37,d(item_4),move_to(?target=shelf_3),516.1,0.069126,0.0079,260.0
s20_off,37,d(item_6),move_to(?target=shelf_3),516.1,0.092404,0.0105,260.0
s20_off,37,d(item_7),move_to(?target=shelf_3),516.1,0.000601,0.001,260.0
s20_off,38,d(item_2),move_to(?target=shelf_3),556.1,0.000133,0.001,280.0
s20_off,38,d(item_3),move_to(?target=kitting_table_0),0.0,0.098651,0.9846,300.0
s20_off,38,d(item_4),move_to(?target=shelf_3),556.1,0.069548,0.0053,280.0
s20_off,38,d(item_6),move_to(?target=shelf_3),556.1,0.092969,0.0071,280.0
s20_off,38,d(item_7),move_to(?target=shelf_3),556.1,0.000605,0.001,280.0
s20_off,39,d(item_2),move_to(?target=shelf_3),596.1,0.000134,0.001,300.0
s20_off,39,d(item_3),move_to(?target=kitting_table_0),0.0,0.099058,0.9886,320.0
s20_off,39,d(item_4),move_to(?target=shelf_3),596.1,0.069835,0.0036,300.0
s20_off,39,d(item_6),move_to(?target=shelf_3),596.1,0.093352,0.0048,300.0
s20_off,39,d(item_7),move_to(?target=shelf_3),596.1,0.000608,0.001,300.0
s20_off,40,d(item_2),move_to(?target=shelf_3),636.0,0.000134,0.001,320.0
s20_off,40,d(item_3),move_to(?target=kitting_table_0),0.0,0.099333,0.9914,340.0
s20_off,40,d(item_4),move_to(?target=shelf_3),636.0,0.070029,0.0024,320.0
s20_off,40,d(item_6),move_to(?target=shelf_3),636.0,0.093612,0.0032,320.0
s20_off,40,d(item_7),move_to(?target=shelf_3),636.0,0.000609,0.001,320.0
s20_off,41,d(item_2),move_to(?target=shelf_3),676.0,0.000134,0.001,340.0
s20_off,41,d(item_3),move_to(?target=kitting_table_0),0.0,0.099519,0.9932,360.0
s20_off,41,d(item_4),move_to(?target=shelf_3),676.0,0.07016,0.0016,340.0
s20_off,41,d(item_6),move_to(?target=shelf_3),676.0,0.093787,0.0022,340.0
s20_off,41,d(item_7),move_to(?target=shelf_3),676.0,0.00061,0.001,340.0
s20_off,42,d(item_2),move_to(?target=shelf_3),716.0,0.000134,0.001,360.0
s20_off,42,d(item_3),move_to(?target=kitting_table_0),0.0,0.099644,0.9945,380.0
s20_off,42,d(item_4),move_to(?target=shelf_3),716.0,0.070248,0.0011,360.0
s20_off,42,d(item_6),move_to(?target=shelf_3),716.0,0.093905,0.0015,360.0
s20_off,42,d(item_7),move_to(?target=shelf_3),716.0,0.000611,0.001,360.0
s20_off,43,d(item_2),move_to(?target=shelf_3),755.9,0.000135,0.001,380.0
s20_off,43,d(item_3),move_to(?target=kitting_table_0),-0.0,0.099728,0.995,400.0
s20_off,43,d(item_4),move_to(?target=shelf_3),755.9,0.070308,0.001,380.0
s20_off,43,d(item_6),move_to(?target=shelf_3),755.9,0.093984,0.001,380.0
s20_off,43,d(item_7),move_to(?target=shelf_3),755.9,0.000612,0.001,380.0
s20_off,44,d(item_2),move_to(?target=shelf_3),795.9,0.000135,0.001,400.0
s20_off,44,d(item_3),move_to(?target=kitting_table_0),-0.0,0.099785,0.995,420.0
s20_off,44,d(item_4),move_to(?target=shelf_3),795.9,0.070348,0.001,400.0
s20_off,44,d(item_6),move_to(?target=shelf_3),795.9,0.094038,0.001,400.0
s20_off,44,d(item_7),move_to(?target=shelf_3),795.9,0.000612,0.001,400.0
s20_off,45,d(item_2),move_to(?target=shelf_3),835.9,0.000135,0.001,420.0
s20_off,45,d(item_3),move_to(?target=kitting_table_0),0.0,0.099823,0.995,440.0
s20_off,45,d(item_4),move_to(?target=shelf_3),835.9,0.070374,0.001,420.0
s20_off,45,d(item_6),move_to(?target=shelf_3),835.9,0.094073,0.001,420.0
s20_off,45,d(item_7),move_to(?target=shelf_3),835.9,0.000612,0.001,420.0
s20_off,46,d(item_2),move_to(?target=shelf_3),875.9,0.000135,0.001,440.0
s20_off,46,d(item_3),move_to(?target=kitting_table_0),0.0,0.099848,0.995,460.0
s20_off,46,d(item_4),move_to(?target=shelf_3),875.9,0.070392,0.001,440.0
s20_off,46,d(item_6),move_to(?target=shelf_3),875.9,0.094097,0.001,440.0
s20_off,46,d(item_7),move_to(?target=shelf_3),875.9,0.000612,0.001,440.0
s20_off,47,d(item_2),move_to(?target=shelf_3),915.9,0.000135,0.001,460.0
s20_off,47,d(item_3),move_to(?target=kitting_table_0),-0.0,0.099865,0.995,480.0
s20_off,47,d(item_4),move_to(?target=shelf_3),915.9,0.070404,0.001,460.0
s20_off,47,d(item_6),move_to(?target=shelf_3),915.9,0.094113,0.001,460.0
s20_off,47,d(item_7),move_to(?target=shelf_3),915.9,0.000613,0.001,460.0
s20_off,48,d(item_2),move_to(?target=shelf_3),955.9,0.000135,0.001,480.0
s20_off,48,d(item_3),move_to(?target=kitting_table_0),-0.0,0.099877,0.995,500.0
s20_off,48,d(item_4),move_to(?target=shelf_3),955.9,0.070412,0.001,480.0
s20_off,48,d(item_6),move_to(?target=shelf_3),955.9,0.094124,0.001,480.0
s20_off,48,d(item_7),move_to(?target=shelf_3),955.9,0.000613,0.001,480.0
s20_off,49,d(item_2),move_to(?target=shelf_3),995.8,0.000135,0.001,500.0
s20_off,49,d(item_3),move_to(?target=kitting_table_0),-0.0,0.099884,0.995,520.0
s20_off,49,d(item_4),move_to(?target=shelf_3),995.8,0.070418,0.001,500.0
s20_off,49,d(item_6),move_to(?target=shelf_3),995.8,0.094131,0.001,500.0
s20_off,49,d(item_7),move_to(?target=shelf_3),995.8,0.000613,0.001,500.0
s20_off,50,d(item_2),move_to(?target=shelf_3),1035.8,0.000135,0.001,520.0
s20_off,50,d(item_3),move_to(?target=kitting_table_0),-0.0,0.09989,0.995,540.0
s20_off,50,d(item_4),move_to(?target=shelf_3),1035.8,0.070421,0.001,520.0
s20_off,50,d(item_6),move_to(?target=shelf_3),1035.8,0.094136,0.001,520.0
s20_off,50,d(item_7),move_to(?target=shelf_3),1035.8,0.000613,0.001,520.0
s20_off,51,d(item_2),move_to(?target=shelf_3),1075.8,0.000135,0.001,540.0
s20_off,51,d(item_3),move_to(?target=kitting_table_0),-0.0,0.099893,0.995,560.0
s20_off,51,d(item_4),move_to(?target=shelf_3),1075.8,0.070424,0.001,540.0
s20_off,51,d(item_6),move_to(?target=shelf_3),1075.8,0.09414,0.001,540.0
s20_off,51,d(item_7),move_to(?target=shelf_3),1075.8,0.000613,0.001,540.0
s20_off,52,d(item_2),move_to(?target=shelf_3),1115.8,1.3e-05,0.001,560.0
s20_off,52,d(item_3),"place(?item=item_3,?target=kitting_table_0)",,0.09999,0.995,0.0
s20_off,52,d(item_4),move_to(?target=shelf_3),1115.8,0.007049,0.001,560.0
s20_off,52,d(item_6),move_to(?target=shelf_3),1115.8,0.009423,0.001,560.0
s20_off,52,d(item_7),move_to(?target=shelf_3),1115.8,6.1e-05,0.001,560.0
s20_off,53,d(item_2),move_to(?target=shelf_3),1115.8,1.3e-05,0.001,560.0
s20_off,53,d(item_3),"place(?item=item_3,?target=kitting_table_0)",,0.09999,0.995,0.0
s20_off,53,d(item_4),move_to(?target=shelf_3),1115.8,0.007049,0.001,560.0
s20_off,53,d(item_6),move_to(?target=shelf_3),1115.8,0.009423,0.001,560.0
s20_off,53,d(item_7),move_to(?target=shelf_3),1115.8,6.1e-05,0.001,560.0
s20_off,54,d(item_2),move_to(?target=item_2),0.0,0.2,0.1998,0.0
s20_off,54,d(item_4),move_to(?target=item_4),0.0,0.2,0.1998,0.0
s20_off,54,d(item_6),move_to(?target=item_6),0.0,0.2,0.1998,0.0
s20_off,54,d(item_7),move_to(?target=item_7),0.0,0.2,0.1998,0.0
s20_off,55,d(item_2),move_to(?target=item_2),0.0,0.2,0.1998,0.0
s20_off,55,d(item_4),move_to(?target=item_4),0.0,0.2,0.1998,0.0
s20_off,55,d(item_6),move_to(?target=item_6),0.0,0.2,0.1998,0.0
s20_off,55,d(item_7),move_to(?target=item_7),0.0,0.2,0.1998,0.0
s20_off,56,d(item_2),move_to(?target=item_2),0.0,0.2,0.1998,0.0
s20_off,56,d(item_4),move_to(?target=item_4),0.0,0.2,0.1998,0.0
s20_off,56,d(item_6),move_to(?target=item_6),0.0,0.2,0.1998,0.0
s20_off,56,d(item_7),move_to(?target=item_7),0.0,0.2,0.1998,0.0
s20_off,57,d(item_2),move_to(?target=item_2),0.0,0.025716,0.2569,20.0
s20_off,57,d(item_4),move_to(?target=item_4),26.3,0.025716,0.2234,20.0
s20_off,57,d(item_6),move_to(?target=item_6),16.0,0.025716,0.2364,20.0
s20_off,57,d(item_7),move_to(?target=item_7),0.2,0.025716,0.2566,20.0
s20_off,58,d(item_2),move_to(?target=item_2),0.0,0.028094,0.2807,40.0
s20_off,58,d(item_4),move_to(?target=item_4),79.5,0.028094,0.1747,40.0
s20_off,58,d(item_6),move_to(?target=item_6),32.4,0.028094,0.2355,40.0
s20_off,58,d(item_7),move_to(?target=item_7),0.4,0.028094,0.2801,40.0
s20_off,59,d(item_2),move_to(?target=item_2),0.0,0.030124,0.3009,60.0
s20_off,59,d(item_4),move_to(?target=item_4),119.5,0.030124,0.1399,60.0
s20_off,59,d(item_6),move_to(?target=item_6),49.4,0.030124,0.2281,60.0
s20_off,59,d(item_7),move_to(?target=item_7),0.6,0.030124,0.3,60.0
s20_off,60,d(item_2),move_to(?target=item_2),0.0,0.036058,0.3599,80.0
s20_off,60,d(item_6),move_to(?target=item_6),66.8,0.036058,0.2439,80.0
s20_off,60,d(item_7),move_to(?target=item_7),0.9,0.036058,0.3583,80.0
s20_off,61,d(item_2),move_to(?target=item_2),0.0,0.037117,0.3704,100.0
s20_off,61,d(item_6),move_to(?target=item_6),84.8,0.037117,0.2222,100.0
s20_off,61,d(item_7),move_to(?target=item_7),1.1,0.037117,0.3684,100.0
s20_off,62,d(item_2),move_to(?target=item_2),0.0,0.038192,0.3812,120.0
s20_off,62,d(item_6),move_to(?target=item_6),103.2,0.038192,0.2002,120.0
s20_off,62,d(item_7),move_to(?target=item_7),1.4,0.038192,0.3785,120.0
s20_off,63,d(item_2),move_to(?target=item_2),0.0,0.039262,0.3918,140.0
s20_off,63,d(item_6),move_to(?target=item_6),122.2,0.039262,0.1784,140.0
s20_off,63,d(item_7),move_to(?target=item_7),1.7,0.039262,0.3886,140.0
s20_off,64,d(item_2),move_to(?target=item_2),0.0,0.04031,0.4023,160.0
s20_off,64,d(item_6),move_to(?target=item_6),141.6,0.04031,0.1571,160.0
s20_off,64,d(item_7),move_to(?target=item_7),1.9,0.04031,0.3984,160.0
s20_off,65,d(item_2),move_to(?target=item_2),0.0,0.041317,0.4123,180.0
s20_off,65,d(item_6),move_to(?target=item_6),161.6,0.041317,0.1367,180.0
s20_off,65,d(item_7),move_to(?target=item_7),2.2,0.041317,0.4077,180.0
s20_off,66,d(item_2),move_to(?target=item_2),0.0,0.042268,0.4218,200.0
s20_off,66,d(item_6),move_to(?target=item_6),182.1,0.042268,0.1176,200.0
s20_off,66,d(item_7),move_to(?target=item_7),2.6,0.042268,0.4164,200.0
s20_off,67,d(item_2),move_to(?target=item_2),0.0,0.04315,0.4306,220.0
s20_off,67,d(item_6),move_to(?target=item_6),203.0,0.04315,0.1,220.0
s20_off,67,d(item_7),move_to(?target=item_7),2.9,0.04315,0.4244,220.0
s20_off,68,d(item_2),move_to(?target=item_2),0.0,0.043954,0.4387,240.0
s20_off,68,d(item_6),move_to(?target=item_6),224.5,0.043954,0.084,240.0
s20_off,68,d(item_7),move_to(?target=item_7),3.3,0.043954,0.4315,240.0
s20_off,69,d(item_2),move_to(?target=item_2),0.0,0.044676,0.4459,260.0
s20_off,69,d(item_6),move_to(?target=item_6),246.5,0.044676,0.0699,260.0
s20_off,69,d(item_7),move_to(?target=item_7),3.7,0.044676,0.4377,260.0
s20_off,70,d(item_2),move_to(?target=item_2),0.0,0.045316,0.4523,280.0
s20_off,70,d(item_6),move_to(?target=item_6),269.0,0.045316,0.0575,280.0
s20_off,70,d(item_7),move_to(?target=item_7),4.1,0.045316,0.443,280.0
s20_off,71,d(item_2),move_to(?target=item_2),0.0,0.045878,0.4579,300.0
s20_off,71,d(item_6),move_to(?target=item_6),292.0,0.045878,0.0469,300.0
s20_off,71,d(item_7),move_to(?target=item_7),4.5,0.045878,0.4475,300.0
s20_off,72,d(item_2),move_to(?target=item_2),0.0,0.046365,0.4627,320.0
s20_off,72,d(item_6),move_to(?target=item_6),315.4,0.046365,0.0379,320.0
s20_off,72,d(item_7),move_to(?target=item_7),5.0,0.046365,0.4511,320.0
s20_off,73,d(item_2),move_to(?target=item_2),0.0,0.046786,0.4669,340.0
s20_off,73,d(item_6),move_to(?target=item_6),339.4,0.046786,0.0303,340.0
s20_off,73,d(item_7),move_to(?target=item_7),5.5,0.046786,0.454,340.0
s20_off,74,d(item_2),move_to(?target=item_2),0.0,0.04715,0.4706,360.0
s20_off,74,d(item_6),move_to(?target=item_6),363.8,0.04715,0.0241,360.0
s20_off,74,d(item_7),move_to(?target=item_7),6.1,0.04715,0.4563,360.0
s20_off,75,d(item_2),move_to(?target=item_2),0.0,0.047464,0.4737,380.0
s20_off,75,d(item_6),move_to(?target=item_6),388.7,0.047464,0.019,380.0
s20_off,75,d(item_7),move_to(?target=item_7),6.7,0.047464,0.4579,380.0
s20_off,76,d(item_2),move_to(?target=item_2),0.0,0.047738,0.4764,400.0
s20_off,76,d(item_6),move_to(?target=item_6),414.0,0.047738,0.0149,400.0
s20_off,76,d(item_7),move_to(?target=item_7),7.3,0.047738,0.459,400.0
s20_off,77,d(item_2),move_to(?target=item_2),0.0,0.04798,0.4788,420.0
s20_off,77,d(item_6),move_to(?target=item_6),439.8,0.04798,0.0116,420.0
s20_off,77,d(item_7),move_to(?target=item_7),8.0,0.04798,0.4596,420.0
s20_off,78,d(item_2),move_to(?target=item_2),0.0,0.048197,0.481,440.0
s20_off,78,d(item_6),move_to(?target=item_6),466.0,0.048197,0.009,440.0
s20_off,78,d(item_7),move_to(?target=item_7),8.8,0.048197,0.4599,440.0
s20_off,79,d(item_2),move_to(?target=item_2),0.0,0.048396,0.483,460.0
s20_off,79,d(item_6),move_to(?target=item_6),492.7,0.048396,0.007,460.0
s20_off,79,d(item_7),move_to(?target=item_7),9.6,0.048396,0.4598,460.0
s20_off,80,d(item_2),move_to(?target=item_2),0.0,0.048584,0.4849,480.0
s20_off,80,d(item_6),move_to(?target=item_6),519.8,0.048584,0.0053,480.0
s20_off,80,d(item_7),move_to(?target=item_7),10.6,0.048584,0.4593,480.0
s20_off,81,d(item_2),move_to(?target=item_2),0.0,0.048767,0.4867,500.0
s20_off,81,d(item_6),move_to(?target=item_6),547.3,0.048767,0.0041,500.0
s20_off,81,d(item_7),move_to(?target=item_7),11.6,0.048767,0.4586,500.0
s20_off,82,d(item_2),move_to(?target=item_2),0.0,0.04895,0.4885,520.0
s20_off,82,d(item_6),move_to(?target=item_6),575.2,0.04895,0.0031,520.0
s20_off,82,d(item_7),move_to(?target=item_7),12.7,0.04895,0.4575,520.0
s20_off,83,d(item_2),move_to(?target=item_2),0.0,0.049138,0.4904,540.0
s20_off,83,d(item_6),move_to(?target=item_6),603.5,0.049138,0.0023,540.0
s20_off,83,d(item_7),move_to(?target=item_7),14.0,0.049138,0.4562,540.0
s20_off,84,d(item_2),move_to(?target=item_2),0.0,0.049337,0.4924,560.0
s20_off,84,d(item_6),move_to(?target=item_6),632.1,0.049337,0.0018,560.0
s20_off,84,d(item_7),move_to(?target=item_7),15.4,0.049337,0.4546,560.0
s20_off,85,d(item_2),move_to(?target=item_2),0.0,0.049553,0.4945,580.0
s20_off,85,d(item_6),move_to(?target=item_6),661.1,0.049553,0.0013,580.0
s20_off,85,d(item_7),move_to(?target=item_7),17.0,0.049553,0.4527,580.0
s20_off,86,d(item_2),move_to(?target=item_2),0.0,0.049791,0.4969,600.0
s20_off,86,d(item_6),move_to(?target=item_6),690.5,0.049791,0.001,600.0
s20_off,86,d(item_7),move_to(?target=item_7),18.8,0.049791,0.4504,600.0
s20_off,87,d(item_2),pick_up(?item=item_2),,0.090929,0.9067,0.0
s20_off,87,d(item_6),move_to(?target=item_6),720.2,0.009093,0.001,620.0
s20_off,87,d(item_7),move_to(?target=item_7),20.8,0.009093,0.0813,620.0
s20_off,88,d(item_2),pick_up(?item=item_2),,0.090929,0.9067,0.0
s20_off,88,d(item_6),move_to(?target=item_6),720.2,0.009093,0.001,620.0
s20_off,88,d(item_7),move_to(?target=item_7),20.8,0.009093,0.0813,620.0
s20_off,89,d(item_2),move_to(?target=kitting_table_0),0.0,0.52421,0.523,0.0
s20_off,89,d(item_6),"place(?item=item_2,?target=shelf_2)",,7.8e-05,0.001,0.0
s20_off,89,d(item_7),"place(?item=item_2,?target=shelf_2)",,0.046977,0.4687,0.0
s20_off,90,d(item_2),move_to(?target=kitting_table_0),0.0,0.52421,0.523,0.0
s20_off,90,d(item_6),"place(?item=item_2,?target=shelf_2)",,7.8e-05,0.001,0.0
s20_off,90,d(item_7),"place(?item=item_2,?target=shelf_2)",,0.046977,0.4687,0.0
s20_off,91,d(item_2),move_to(?target=kitting_table_0),0.0,0.091679,0.9141,20.0
s20_off,91,d(item_6),move_to(?target=shelf_2),0.0,0.000136,0.001,0.0
s20_off,91,d(item_7),move_to(?target=shelf_2),0.0,0.082158,0.0819,0.0
s20_off,92,d(item_2),move_to(?target=kitting_table_0),0.0,0.05809,0.5793,40.0
s20_off,92,d(item_6),move_to(?target=shelf_2),40.0,8.6e-05,0.001,20.0
s20_off,92,d(item_7),move_to(?target=shelf_2),40.0,0.052057,0.4167,20.0
s20_off,93,d(item_2),move_to(?target=kitting_table_0),0.0,0.064202,0.6402,60.0
s20_off,93,d(item_6),move_to(?target=shelf_2),80.0,9.6e-05,0.001,40.0
s20_off,93,d(item_7),move_to(?target=shelf_2),80.0,0.057534,0.3558,40.0
s20_off,94,d(item_2),move_to(?target=kitting_table_0),0.0,0.070593,0.704,80.0
s20_off,94,d(item_6),move_to(?target=shelf_2),120.0,0.000105,0.001,60.0
s20_off,94,d(item_7),move_to(?target=shelf_2),120.0,0.063262,0.2921,60.0
s20_off,95,d(item_2),move_to(?target=kitting_table_0),0.0,0.076771,0.7655,100.0
s20_off,95,d(item_6),move_to(?target=shelf_2),160.0,0.000114,0.001,80.0
s20_off,95,d(item_7),move_to(?target=shelf_2),160.0,0.068798,0.2305,80.0
s20_off,96,d(item_2),move_to(?target=kitting_table_0),0.0,0.082304,0.8207,120.0
s20_off,96,d(item_6),move_to(?target=shelf_2),200.0,0.000123,0.001,100.0
s20_off,96,d(item_7),move_to(?target=shelf_2),200.0,0.073757,0.1753,100.0
s20_off,97,d(item_2),move_to(?target=kitting_table_0),0.0,0.086932,0.8668,140.0
s20_off,97,d(item_6),move_to(?target=shelf_2),240.0,0.000129,0.001,120.0
s20_off,97,d(item_7),move_to(?target=shelf_2),240.0,0.077904,0.1292,120.0
s20_off,98,d(item_2),move_to(?target=kitting_table_0),0.0,0.090587,0.9032,160.0
s20_off,98,d(item_6),move_to(?target=shelf_2),280.0,0.000135,0.001,140.0
s20_off,98,d(item_7),move_to(?target=shelf_2),280.0,0.081179,0.0928,140.0
s20_off,99,d(item_2),move_to(?target=kitting_table_0),0.0,0.093343,0.9307,180.0
s20_off,99,d(item_6),move_to(?target=shelf_2),320.0,0.000139,0.001,160.0
s20_off,99,d(item_7),move_to(?target=shelf_2),320.0,0.083649,0.0653,160.0
s20_off,100,d(item_2),move_to(?target=kitting_table_0),0.0,0.095352,0.9507,200.0
s20_off,100,d(item_6),move_to(?target=shelf_2),360.0,0.000142,0.001,180.0
s20_off,100,d(item_7),move_to(?target=shelf_2),360.0,0.085449,0.0453,180.0
s20_off,101,d(item_2),move_to(?target=kitting_table_0),0.0,0.096778,0.9649,220.0
s20_off,101,d(item_6),move_to(?target=shelf_2),400.0,0.000144,0.001,200.0
s20_off,101,d(item_7),move_to(?target=shelf_2),400.0,0.086727,0.0311,200.0
s20_off,102,d(item_2),move_to(?target=kitting_table_0),0.0,0.097773,0.9748,240.0
s20_off,102,d(item_6),move_to(?target=shelf_2),440.0,0.000146,0.001,220.0
s20_off,102,d(item_7),move_to(?target=shelf_2),440.0,0.087619,0.0212,220.0
s20_off,103,d(item_2),move_to(?target=kitting_table_0),0.0,0.098459,0.9816,260.0
s20_off,103,d(item_6),move_to(?target=shelf_2),480.0,0.000147,0.001,240.0
s20_off,103,d(item_7),move_to(?target=shelf_2),480.0,0.088233,0.0144,240.0
s20_off,104,d(item_2),move_to(?target=kitting_table_0),0.0,0.098927,0.9863,280.0
s20_off,104,d(item_6),move_to(?target=shelf_2),520.0,0.000147,0.001,260.0
s20_off,104,d(item_7),move_to(?target=shelf_2),520.0,0.088653,0.0097,260.0
s20_off,105,d(item_2),move_to(?target=kitting_table_0),0.0,0.099244,0.9895,300.0
s20_off,105,d(item_6),move_to(?target=shelf_2),560.0,0.000148,0.001,280.0
s20_off,105,d(item_7),move_to(?target=shelf_2),560.0,0.088937,0.0065,280.0
s20_off,106,d(item_2),move_to(?target=kitting_table_0),0.0,0.099459,0.9916,320.0
s20_off,106,d(item_6),move_to(?target=shelf_2),600.0,0.000148,0.001,300.0
s20_off,106,d(item_7),move_to(?target=shelf_2),600.0,0.08913,0.0044,300.0
s20_off,107,d(item_2),move_to(?target=kitting_table_0),0.0,0.099604,0.9931,340.0
s20_off,107,d(item_6),move_to(?target=shelf_2),640.0,0.000148,0.001,320.0
s20_off,107,d(item_7),move_to(?target=shelf_2),640.0,0.089259,0.003,320.0
s20_off,108,d(item_2),move_to(?target=kitting_table_0),0.0,0.099701,0.994,360.0
s20_off,108,d(item_6),move_to(?target=shelf_2),680.0,0.000148,0.001,340.0
s20_off,108,d(item_7),move_to(?target=shelf_2),680.0,0.089347,0.002,340.0
s20_off,109,d(item_2),move_to(?target=kitting_table_0),0.0,0.099767,0.9947,380.0
s20_off,109,d(item_6),move_to(?target=shelf_2),720.0,0.000148,0.001,360.0
s20_off,109,d(item_7),move_to(?target=shelf_2),720.0,0.089405,0.0013,360.0
s20_off,110,d(item_2),move_to(?target=kitting_table_0),0.0,0.099811,0.995,400.0
s20_off,110,d(item_6),move_to(?target=shelf_2),760.0,0.000149,0.001,380.0
s20_off,110,d(item_7),move_to(?target=shelf_2),760.0,0.089445,0.001,380.0
s20_off,111,d(item_2),move_to(?target=kitting_table_0),0.0,0.09984,0.995,420.0
s20_off,111,d(item_6),move_to(?target=shelf_2),800.0,0.000149,0.001,400.0
s20_off,111,d(item_7),move_to(?target=shelf_2),800.0,0.089471,0.001,400.0
s20_off,112,d(item_2),move_to(?target=kitting_table_0),0.0,0.09986,0.995,440.0
s20_off,112,d(item_6),move_to(?target=shelf_2),840.0,0.000149,0.001,420.0
s20_off,112,d(item_7),move_to(?target=shelf_2),840.0,0.089489,0.001,420.0
s20_off,113,d(item_2),move_to(?target=kitting_table_0),0.0,0.099873,0.995,460.0
s20_off,113,d(item_6),move_to(?target=shelf_2),880.0,0.000149,0.001,440.0
s20_off,113,d(item_7),move_to(?target=shelf_2),880.0,0.089501,0.001,440.0
s20_off,114,d(item_2),move_to(?target=kitting_table_0),0.0,0.099882,0.995,480.0
s20_off,114,d(item_6),move_to(?target=shelf_2),920.0,0.000149,0.001,460.0
s20_off,114,d(item_7),move_to(?target=shelf_2),920.0,0.089509,0.001,460.0
s20_off,115,d(item_2),move_to(?target=kitting_table_0),0.0,0.099888,0.995,500.0
s20_off,115,d(item_6),move_to(?target=shelf_2),960.0,0.000149,0.001,480.0
s20_off,115,d(item_7),move_to(?target=shelf_2),960.0,0.089514,0.001,480.0
s20_off,116,d(item_2),move_to(?target=kitting_table_0),0.0,0.099892,0.995,520.0
s20_off,116,d(item_6),move_to(?target=shelf_2),1000.0,0.000149,0.001,500.0
s20_off,116,d(item_7),move_to(?target=shelf_2),1000.0,0.089518,0.001,500.0
s20_off,117,d(item_2),move_to(?target=kitting_table_0),0.0,0.099895,0.995,540.0
s20_off,117,d(item_6),move_to(?target=shelf_2),1040.0,0.000149,0.001,520.0
s20_off,117,d(item_7),move_to(?target=shelf_2),1040.0,0.08952,0.001,520.0
s20_off,118,d(item_2),move_to(?target=kitting_table_0),0.0,0.099896,0.995,560.0
s20_off,118,d(item_6),move_to(?target=shelf_2),1080.0,0.000149,0.001,540.0
s20_off,118,d(item_7),move_to(?target=shelf_2),1080.0,0.089522,0.001,540.0
s20_off,119,d(item_2),move_to(?target=kitting_table_0),0.0,0.099898,0.995,580.0
s20_off,119,d(item_6),move_to(?target=shelf_2),1120.0,0.000149,0.001,560.0
s20_off,119,d(item_7),move_to(?target=shelf_2),1120.0,0.089523,0.001,560.0
s20_off,120,d(item_2),"place(?item=item_2,?target=kitting_table_0)",,0.09999,0.995,0.0
s20_off,120,d(item_6),move_to(?target=shelf_2),1160.0,1.5e-05,0.001,580.0
s20_off,120,d(item_7),move_to(?target=shelf_2),1160.0,0.008961,0.001,580.0
s20_off,121,d(item_2),"place(?item=item_2,?target=kitting_table_0)",,0.09999,0.995,0.0
s20_off,121,d(item_6),move_to(?target=shelf_2),1160.0,1.5e-05,0.001,580.0
s20_off,121,d(item_7),move_to(?target=shelf_2),1160.0,0.008961,0.001,580.0
s20_off,122,d(item_6),move_to(?target=item_6),0.0,0.333333,0.3323,0.0
s20_off,122,d(item_7),move_to(?target=item_7),0.0,0.333333,0.3323,0.0
s20_off,123,d(item_6),move_to(?target=item_6),0.0,0.333333,0.3323,0.0
s20_off,123,d(item_7),move_to(?target=item_7),0.0,0.333333,0.3323,0.0
s20_off,124,d(item_6),move_to(?target=item_6),0.0,0.333333,0.3323,0.0
s20_off,124,d(item_7),move_to(?target=item_7),0.0,0.333333,0.3323,0.0
s20_off,125,d(item_6),move_to(?target=item_6),0.0,0.333333,0.3323,0.0
s20_off,125,d(item_7),move_to(?target=item_7),0.0,0.333333,0.3323,0.0
s20_off,126,d(item_6),move_to(?target=item_6),0.0,0.333333,0.3323,0.0
s20_off,126,d(item_7),move_to(?target=item_7),0.0,0.333333,0.3323,0.0
s20_off,127,d(item_6),move_to(?target=item_6),0.0,0.333333,0.3323,0.0
s20_off,127,d(item_7),move_to(?target=item_7),0.0,0.333333,0.3323,0.0
s20_off,128,d(item_6),move_to(?target=item_6),0.0,0.333333,0.3323,0.0
s20_off,128,d(item_7),move_to(?target=item_7),0.0,0.333333,0.3323,0.0
s20_off,129,d(item_6),move_to(?target=item_6),0.0,0.333333,0.3323,0.0
s20_off,129,d(item_7),move_to(?target=item_7),0.0,0.333333,0.3323,0.0
s20_off,130,d(item_6),move_to(?target=item_6),0.0,0.333333,0.3323,0.0
s20_off,130,d(item_7),move_to(?target=item_7),0.0,0.333333,0.3323,0.0
s20_off,131,d(item_6),move_to(?target=item_6),0.0,0.333333,0.3323,0.0
s20_off,131,d(item_7),move_to(?target=item_7),0.0,0.333333,0.3323,0.0
s20_off,132,d(item_6),move_to(?target=item_6),0.0,0.333333,0.3323,0.0
s20_off,132,d(item_7),move_to(?target=item_7),0.0,0.333333,0.3323,0.0
s20_off,133,d(item_6),move_to(?target=item_6),0.0,0.333333,0.3323,0.0
s20_off,133,d(item_7),move_to(?target=item_7),0.0,0.333333,0.3323,0.0
s20_off,134,d(item_6),move_to(?target=item_6),0.0,0.333333,0.3323,0.0
s20_off,134,d(item_7),move_to(?target=item_7),0.0,0.333333,0.3323,0.0
s20_off,135,d(item_6),move_to(?target=item_6),0.0,0.333333,0.3323,0.0
s20_off,135,d(item_7),move_to(?target=item_7),0.0,0.333333,0.3323,0.0
s20_off,136,d(item_6),move_to(?target=item_6),0.0,0.333333,0.3323,0.0
s20_off,136,d(item_7),move_to(?target=item_7),0.0,0.333333,0.3323,0.0
s20_off,137,d(item_6),move_to(?target=item_6),0.0,0.333333,0.3323,0.0
s20_off,137,d(item_7),move_to(?target=item_7),0.0,0.333333,0.3323,0.0
s20_off,138,d(item_6),move_to(?target=item_6),0.0,0.333333,0.3323,0.0
s20_off,138,d(item_7),move_to(?target=item_7),0.0,0.333333,0.3323,0.0
s20_off,139,d(item_6),move_to(?target=item_6),0.0,0.333333,0.3323,0.0
s20_off,139,d(item_7),move_to(?target=item_7),0.0,0.333333,0.3323,0.0
s20_off,140,d(item_6),move_to(?target=item_6),0.0,0.333333,0.3323,0.0
s20_off,140,d(item_7),move_to(?target=item_7),0.0,0.333333,0.3323,0.0
s20_off,141,d(item_6),move_to(?target=item_6),0.0,0.333333,0.3323,0.0
s20_off,141,d(item_7),move_to(?target=item_7),0.0,0.333333,0.3323,0.0
s20_off,142,d(item_6),move_to(?target=item_6),0.0,0.333333,0.3323,0.0
s20_off,142,d(item_7),move_to(?target=item_7),0.0,0.333333,0.3323,0.0
s20_off,143,d(item_6),move_to(?target=item_6),0.0,0.333333,0.3323,0.0
s20_off,143,d(item_7),move_to(?target=item_7),0.0,0.333333,0.3323,0.0
s20_off,144,d(item_7),move_to(?target=item_7),0.0,0.5,0.498,0.0
s20_off,145,d(item_7),move_to(?target=item_7),0.0,0.5,0.498,0.0
s20_off,146,d(item_7),move_to(?target=item_7),0.0,0.5,0.498,0.0
s20_off,147,d(item_7),move_to(?target=item_7),0.0,0.5,0.498,0.0
s20_off,148,d(item_7),move_to(?target=item_7),0.0,0.5,0.498,0.0
s20_off,149,d(item_7),move_to(?target=item_7),0.0,0.5,0.498,0.0
s20_off,150,d(item_7),move_to(?target=item_7),0.0,0.5,0.498,0.0
s20_off,151,d(item_7),move_to(?target=item_7),0.0,0.5,0.498,0.0
s20_off,152,d(item_7),move_to(?target=item_7),0.0,0.5,0.498,0.0
s20_off,153,d(item_7),move_to(?target=item_7),0.0,0.5,0.498,0.0
s20_off,154,d(item_7),move_to(?target=item_7),0.0,0.5,0.498,0.0
s20_off,155,d(item_7),move_to(?target=item_7),0.0,0.5,0.498,0.0
s20_off,156,d(item_7),move_to(?target=item_7),0.0,0.5,0.498,0.0
s20_off,157,d(item_7),move_to(?target=item_7),0.0,0.5,0.498,0.0
s20_off,158,d(item_7),move_to(?target=item_7),0.0,0.5,0.498,0.0
s20_off,159,d(item_7),move_to(?target=item_7),0.0,0.5,0.498,0.0
s20_off,160,d(item_7),move_to(?target=item_7),0.0,0.5,0.498,0.0
s20_off,161,d(item_7),move_to(?target=item_7),0.0,0.5,0.498,0.0
s20_off,162,d(item_7),move_to(?target=item_7),0.0,0.5,0.498,0.0
s20_off,163,d(item_7),move_to(?target=item_7),0.0,0.5,0.498,0.0
s20_off,164,d(item_7),move_to(?target=item_7),0.0,0.5,0.498,0.0
s20_off,165,d(item_7),move_to(?target=item_7),0.0,0.5,0.498,0.0
s20_off,166,d(item_7),move_to(?target=item_7),0.0,0.5,0.498,0.0
s20_off,167,d(item_7),move_to(?target=item_7),0.0,0.5,0.498,0.0
s20_off,168,d(item_7),move_to(?target=item_7),0.0,0.5,0.498,0.0
s20_off,169,d(item_7),move_to(?target=item_7),0.0,0.5,0.498,0.0
s20_off,170,d(item_7),move_to(?target=item_7),0.0,0.5,0.498,0.0
s20_off,171,d(item_7),move_to(?target=item_7),0.0,0.5,0.498,0.0
s20_off,172,d(item_7),move_to(?target=item_7),0.0,0.5,0.498,0.0
s20_off,173,d(item_7),move_to(?target=item_7),0.0,0.5,0.498,0.0
s20_off,174,d(item_7),move_to(?target=item_7),0.0,0.5,0.498,0.0
s20_off,175,d(item_7),move_to(?target=item_7),0.0,0.5,0.498,0.0
s20_off,176,d(item_7),move_to(?target=item_7),0.0,0.5,0.498,0.0
s20_off,177,d(item_7),move_to(?target=item_7),0.0,0.5,0.498,0.0
s20_off,178,d(item_7),move_to(?target=item_7),0.0,0.5,0.498,0.0
s20_off,179,d(item_7),move_to(?target=item_7),0.0,0.5,0.498,0.0
s20_off,180,d(item_7),move_to(?target=item_7),0.0,0.5,0.498,0.0
s20_off,181,d(item_7),move_to(?target=item_7),0.0,0.5,0.498,0.0
s20_off,182,d(item_7),move_to(?target=item_7),0.0,0.5,0.498,0.0
s20_off,183,d(item_7),move_to(?target=item_7),0.0,0.5,0.498,0.0
s20_off,184,d(item_7),move_to(?target=item_7),0.0,0.5,0.498,0.0
s20_off,185,d(item_7),move_to(?target=item_7),0.0,0.5,0.498,0.0
s20_off,186,d(item_7),move_to(?target=item_7),0.0,0.5,0.498,0.0
s20_off,187,d(item_7),move_to(?target=item_7),0.0,0.5,0.498,0.0
s20_off,188,d(item_7),move_to(?target=item_7),0.0,0.5,0.498,0.0
s20_off,189,d(item_7),move_to(?target=item_7),0.0,0.5,0.498,0.0
s20_off,190,d(item_7),move_to(?target=item_7),0.0,0.5,0.498,0.0
s20_off,191,d(item_7),move_to(?target=item_7),0.0,0.5,0.498,0.0
s20_off,192,d(item_7),move_to(?target=item_7),0.0,0.5,0.498,0.0
s20_off,193,d(item_7),move_to(?target=item_7),0.0,0.5,0.498,0.0
s20_off,194,d(item_7),move_to(?target=item_7),0.0,0.5,0.498,0.0
s20_off,195,d(item_7),move_to(?target=item_7),0.0,0.5,0.498,0.0
s20_off,196,d(item_7),move_to(?target=item_7),0.0,0.5,0.498,0.0
s20_off,197,d(item_7),move_to(?target=item_7),0.0,0.5,0.498,0.0
s20_off,198,d(item_7),move_to(?target=item_7),0.0,0.5,0.498,0.0
s20_off,199,d(item_7),move_to(?target=item_7),0.0,0.5,0.498,0.0
s20_on,0,d(item_2),move_to(?target=item_2),27.8,0.050971,0.438,20.0
s20_on,0,d(item_3),move_to(?target=item_3),-0.0,0.050971,0.5082,20.0
s20_on,1,d(item_2),move_to(?target=item_2),56.9,0.054852,0.3954,40.0
s20_on,1,d(item_3),move_to(?target=item_3),-0.0,0.054852,0.5469,40.0
s20_on,2,d(item_2),move_to(?target=item_2),87.1,0.059167,0.3481,60.0
s20_on,2,d(item_3),move_to(?target=item_3),0.0,0.059167,0.5899,60.0
s20_on,3,d(item_2),move_to(?target=item_2),118.3,0.06374,0.298,80.0
s20_on,3,d(item_3),move_to(?target=item_3),0.0,0.06374,0.6355,80.0
s20_on,4,d(item_2),move_to(?target=item_2),150.5,0.068336,0.2476,100.0
s20_on,4,d(item_3),move_to(?target=item_3),0.0,0.068336,0.6813,100.0
s20_on,5,d(item_2),move_to(?target=item_2),183.5,0.072708,0.1996,120.0
s20_on,5,d(item_3),move_to(?target=item_3),-0.0,0.072708,0.7249,120.0
s20_on,6,d(item_2),move_to(?target=item_2),217.1,0.076646,0.1564,140.0
s20_on,6,d(item_3),move_to(?target=item_3),-0.0,0.076646,0.7642,140.0
s20_on,7,d(item_2),move_to(?target=item_2),251.4,0.080018,0.1194,160.0
s20_on,7,d(item_3),move_to(?target=item_3),0.0,0.080018,0.7978,160.0
s20_on,8,d(item_2),move_to(?target=item_2),286.3,0.082779,0.0892,180.0
s20_on,8,d(item_3),move_to(?target=item_3),0.0,0.082779,0.8253,180.0
s20_on,9,d(item_2),move_to(?target=item_2),321.6,0.084953,0.0653,200.0
s20_on,9,d(item_3),move_to(?target=item_3),0.0,0.084953,0.847,200.0
s20_on,10,d(item_2),move_to(?target=item_2),357.4,0.086612,0.0471,220.0
s20_on,10,d(item_3),move_to(?target=item_3),0.0,0.086612,0.8635,220.0
s20_on,11,d(item_2),move_to(?target=item_2),393.5,0.087847,0.0336,240.0
s20_on,11,d(item_3),move_to(?target=item_3),0.0,0.087847,0.8758,240.0
s20_on,12,d(item_2),move_to(?target=item_2),430.0,0.088748,0.0237,260.0
s20_on,12,d(item_3),move_to(?target=item_3),-0.0,0.088748,0.8848,260.0
s20_on,13,d(item_2),move_to(?target=item_2),466.7,0.089396,0.0166,280.0
s20_on,13,d(item_3),move_to(?target=item_3),0.0,0.089396,0.8913,280.0
s20_on,14,d(item_2),move_to(?target=item_2),503.8,0.089856,0.0116,300.0
s20_on,14,d(item_3),move_to(?target=item_3),0.0,0.089856,0.8959,300.0
s20_on,15,d(item_2),move_to(?target=item_2),541.0,0.090179,0.008,320.0
s20_on,15,d(item_3),move_to(?target=item_3),-0.0,0.090179,0.8991,320.0
s20_on,16,d(item_2),move_to(?target=item_2),578.5,0.090405,0.0055,340.0
s20_on,16,d(item_3),move_to(?target=item_3),-0.0,0.090405,0.9013,340.0
s20_on,17,d(item_2),move_to(?target=item_2),616.1,0.090563,0.0038,360.0
s20_on,17,d(item_3),move_to(?target=item_3),-0.0,0.090563,0.9029,360.0
s20_on,18,d(item_2),move_to(?target=item_2),654.0,0.090671,0.0026,380.0
s20_on,18,d(item_3),move_to(?target=item_3),-0.0,0.090671,0.904,380.0
s20_on,19,d(item_2),move_to(?target=item_2),691.9,0.090746,0.0018,400.0
s20_on,19,d(item_3),move_to(?target=item_3),-0.0,0.090746,0.9047,400.0
s20_on,20,d(item_2),move_to(?target=item_2),730.1,0.0099,0.001,420.0
s20_on,20,d(item_3),pick_up(?item=item_3),,0.098997,0.9861,0.0
s20_on,21,d(item_2),move_to(?target=item_2),730.1,0.0099,0.001,420.0
s20_on,21,d(item_3),pick_up(?item=item_3),,0.098997,0.9861,0.0
s20_on,22,d(item_2),"place(?item=item_3,?target=shelf_3)",,0.000133,0.0013,0.0
s20_on,22,d(item_3),move_to(?target=kitting_table_0),0.0,0.988778,0.9858,0.0
s20_on,23,d(item_2),"place(?item=item_3,?target=shelf_3)",,0.000133,0.0013,0.0
s20_on,23,d(item_3),move_to(?target=kitting_table_0),0.0,0.988778,0.9858,0.0
s20_on,24,d(item_2),move_to(?target=shelf_3),0.0,0.000135,0.001,0.0
s20_on,24,d(item_3),move_to(?target=kitting_table_0),-0.0,0.099887,0.995,20.0
s20_on,25,d(item_2),move_to(?target=shelf_3),38.6,0.000135,0.0011,20.0
s20_on,25,d(item_3),move_to(?target=kitting_table_0),0.0,0.099791,0.9949,40.0
s20_on,26,d(item_2),move_to(?target=shelf_3),77.9,0.000135,0.001,40.0
s20_on,26,d(item_3),move_to(?target=kitting_table_0),0.0,0.099815,0.995,60.0
s20_on,27,d(item_2),move_to(?target=shelf_3),117.4,0.000135,0.001,60.0
s20_on,27,d(item_3),move_to(?target=kitting_table_0),0.0,0.099837,0.995,80.0
s20_on,28,d(item_2),move_to(?target=shelf_3),157.1,0.000135,0.001,80.0
s20_on,28,d(item_3),move_to(?target=kitting_table_0),-0.0,0.099854,0.995,100.0
s20_on,29,d(item_2),move_to(?target=shelf_3),196.9,0.000135,0.001,100.0
s20_on,29,d(item_3),move_to(?target=kitting_table_0),0.0,0.099867,0.995,120.0
s20_on,30,d(item_2),move_to(?target=shelf_3),236.7,0.000135,0.001,120.0
s20_on,30,d(item_3),move_to(?target=kitting_table_0),-0.0,0.099877,0.995,140.0
s20_on,31,d(item_2),move_to(?target=shelf_3),276.6,0.000135,0.001,140.0
s20_on,31,d(item_3),move_to(?target=kitting_table_0),0.0,0.099884,0.995,160.0
s20_on,32,d(item_2),move_to(?target=shelf_3),316.5,0.000135,0.001,160.0
s20_on,32,d(item_3),move_to(?target=kitting_table_0),-0.0,0.099889,0.995,180.0
s20_on,33,d(item_2),move_to(?target=shelf_3),356.4,0.000135,0.001,180.0
s20_on,33,d(item_3),move_to(?target=kitting_table_0),-0.0,0.099893,0.995,200.0
s20_on,34,d(item_2),move_to(?target=shelf_3),396.3,0.000135,0.001,200.0
s20_on,34,d(item_3),move_to(?target=kitting_table_0),-0.0,0.099895,0.995,220.0
s20_on,35,d(item_2),move_to(?target=shelf_3),436.2,0.000135,0.001,220.0
s20_on,35,d(item_3),move_to(?target=kitting_table_0),0.0,0.099897,0.995,240.0
s20_on,36,d(item_2),move_to(?target=shelf_3),476.2,0.000135,0.001,240.0
s20_on,36,d(item_3),move_to(?target=kitting_table_0),0.0,0.099898,0.995,260.0
s20_on,37,d(item_2),move_to(?target=shelf_3),516.1,0.000135,0.001,260.0
s20_on,37,d(item_3),move_to(?target=kitting_table_0),0.0,0.099899,0.995,280.0
s20_on,38,d(item_2),move_to(?target=shelf_3),556.1,0.000135,0.001,280.0
s20_on,38,d(item_3),move_to(?target=kitting_table_0),0.0,0.099899,0.995,300.0
s20_on,39,d(item_2),move_to(?target=shelf_3),596.1,0.000135,0.001,300.0
s20_on,39,d(item_3),move_to(?target=kitting_table_0),0.0,0.099899,0.995,320.0
s20_on,40,d(item_2),move_to(?target=shelf_3),636.0,0.000135,0.001,320.0
s20_on,40,d(item_3),move_to(?target=kitting_table_0),0.0,0.0999,0.995,340.0
s20_on,41,d(item_2),move_to(?target=shelf_3),676.0,0.000135,0.001,340.0
s20_on,41,d(item_3),move_to(?target=kitting_table_0),0.0,0.0999,0.995,360.0
s20_on,42,d(item_2),move_to(?target=shelf_3),716.0,0.000135,0.001,360.0
s20_on,42,d(item_3),move_to(?target=kitting_table_0),0.0,0.0999,0.995,380.0
s20_on,43,d(item_2),move_to(?target=shelf_3),755.9,0.000135,0.001,380.0
s20_on,43,d(item_3),move_to(?target=kitting_table_0),-0.0,0.0999,0.995,400.0
s20_on,44,d(item_2),move_to(?target=shelf_3),795.9,0.000135,0.001,400.0
s20_on,44,d(item_3),move_to(?target=kitting_table_0),-0.0,0.0999,0.995,420.0
s20_on,45,d(item_2),move_to(?target=shelf_3),835.9,0.000135,0.001,420.0
s20_on,45,d(item_3),move_to(?target=kitting_table_0),0.0,0.0999,0.995,440.0
s20_on,46,d(item_2),move_to(?target=shelf_3),875.9,0.000135,0.001,440.0
s20_on,46,d(item_3),move_to(?target=kitting_table_0),0.0,0.0999,0.995,460.0
s20_on,47,d(item_2),move_to(?target=shelf_3),915.9,0.000135,0.001,460.0
s20_on,47,d(item_3),move_to(?target=kitting_table_0),-0.0,0.0999,0.995,480.0
s20_on,48,d(item_2),move_to(?target=shelf_3),955.9,0.000135,0.001,480.0
s20_on,48,d(item_3),move_to(?target=kitting_table_0),-0.0,0.0999,0.995,500.0
s20_on,49,d(item_2),move_to(?target=shelf_3),995.8,0.000135,0.001,500.0
s20_on,49,d(item_3),move_to(?target=kitting_table_0),-0.0,0.0999,0.995,520.0
s20_on,50,d(item_2),move_to(?target=shelf_3),1035.8,0.000135,0.001,520.0
s20_on,50,d(item_3),move_to(?target=kitting_table_0),-0.0,0.0999,0.995,540.0
s20_on,51,d(item_2),move_to(?target=shelf_3),1075.8,0.000135,0.001,540.0
s20_on,51,d(item_3),move_to(?target=kitting_table_0),-0.0,0.0999,0.995,560.0
s20_on,52,d(item_2),move_to(?target=shelf_3),1115.8,1.3e-05,0.001,560.0
s20_on,52,d(item_3),"place(?item=item_3,?target=kitting_table_0)",,0.09999,0.995,0.0
s20_on,53,d(item_2),move_to(?target=shelf_3),1115.8,1.3e-05,0.001,560.0
s20_on,53,d(item_3),"place(?item=item_3,?target=kitting_table_0)",,0.09999,0.995,0.0
s20_on,54,d(item_2),move_to(?target=item_2),0.0,0.5,0.498,0.0
s20_on,55,d(item_2),move_to(?target=item_2),0.0,0.5,0.498,0.0
s20_on,56,d(item_2),move_to(?target=item_2),0.0,0.5,0.498,0.0
s20_on,57,d(item_2),move_to(?target=item_2),0.0,0.090909,0.9055,20.0
s20_on,58,d(item_2),move_to(?target=item_2),0.0,0.090909,0.9055,40.0
s20_on,59,d(item_2),move_to(?target=item_2),0.0,0.090909,0.9055,60.0
s20_on,60,d(item_2),move_to(?target=item_2),0.0,0.090909,0.9055,80.0
s20_on,61,d(item_2),move_to(?target=item_2),0.0,0.090909,0.9055,100.0
s20_on,62,d(item_2),move_to(?target=item_2),0.0,0.090909,0.9055,120.0
s20_on,63,d(item_2),move_to(?target=item_2),0.0,0.090909,0.9055,140.0
s20_on,64,d(item_2),move_to(?target=item_2),0.0,0.090909,0.9055,160.0
s20_on,65,d(item_2),move_to(?target=item_2),0.0,0.090909,0.9055,180.0
s20_on,66,d(item_2),move_to(?target=item_2),0.0,0.090909,0.9055,200.0
s20_on,67,d(item_2),move_to(?target=item_2),0.0,0.090909,0.9055,220.0
s20_on,68,d(item_2),move_to(?target=item_2),0.0,0.090909,0.9055,240.0
s20_on,69,d(item_2),move_to(?target=item_2),0.0,0.090909,0.9055,260.0
s20_on,70,d(item_2),move_to(?target=item_2),0.0,0.090909,0.9055,280.0
s20_on,71,d(item_2),move_to(?target=item_2),0.0,0.090909,0.9055,300.0
s20_on,72,d(item_2),move_to(?target=item_2),0.0,0.090909,0.9055,320.0
s20_on,73,d(item_2),move_to(?target=item_2),0.0,0.090909,0.9055,340.0
s20_on,74,d(item_2),move_to(?target=item_2),0.0,0.090909,0.9055,360.0
s20_on,75,d(item_2),move_to(?target=item_2),0.0,0.090909,0.9055,380.0
s20_on,76,d(item_2),move_to(?target=item_2),0.0,0.090909,0.9055,400.0
s20_on,77,d(item_2),move_to(?target=item_2),0.0,0.090909,0.9055,420.0
s20_on,78,d(item_2),move_to(?target=item_2),0.0,0.090909,0.9055,440.0
s20_on,79,d(item_2),move_to(?target=item_2),0.0,0.090909,0.9055,460.0
s20_on,80,d(item_2),move_to(?target=item_2),0.0,0.090909,0.9055,480.0
s20_on,81,d(item_2),move_to(?target=item_2),0.0,0.090909,0.9055,500.0
s20_on,82,d(item_2),move_to(?target=item_2),0.0,0.090909,0.9055,520.0
s20_on,83,d(item_2),move_to(?target=item_2),0.0,0.090909,0.9055,540.0
s20_on,84,d(item_2),move_to(?target=item_2),0.0,0.090909,0.9055,560.0
s20_on,85,d(item_2),move_to(?target=item_2),0.0,0.090909,0.9055,580.0
s20_on,86,d(item_2),move_to(?target=item_2),0.0,0.090909,0.9055,600.0
s20_on,87,d(item_2),pick_up(?item=item_2),,0.09901,0.9861,0.0
s20_on,88,d(item_2),pick_up(?item=item_2),,0.09901,0.9861,0.0
s20_on,89,d(item_2),move_to(?target=kitting_table_0),0.0,0.990099,0.9861,0.0
s20_on,90,d(item_2),move_to(?target=kitting_table_0),0.0,0.990099,0.9861,0.0
s20_on,91,d(item_2),move_to(?target=kitting_table_0),0.0,0.0999,0.995,20.0
s20_on,92,d(item_2),move_to(?target=kitting_table_0),0.0,0.0999,0.995,40.0
s20_on,93,d(item_2),move_to(?target=kitting_table_0),0.0,0.0999,0.995,60.0
s20_on,94,d(item_2),move_to(?target=kitting_table_0),0.0,0.0999,0.995,80.0
s20_on,95,d(item_2),move_to(?target=kitting_table_0),0.0,0.0999,0.995,100.0
s20_on,96,d(item_2),move_to(?target=kitting_table_0),0.0,0.0999,0.995,120.0
s20_on,97,d(item_2),move_to(?target=kitting_table_0),0.0,0.0999,0.995,140.0
s20_on,98,d(item_2),move_to(?target=kitting_table_0),0.0,0.0999,0.995,160.0
s20_on,99,d(item_2),move_to(?target=kitting_table_0),0.0,0.0999,0.995,180.0
s20_on,100,d(item_2),move_to(?target=kitting_table_0),0.0,0.0999,0.995,200.0
s20_on,101,d(item_2),move_to(?target=kitting_table_0),0.0,0.0999,0.995,220.0
s20_on,102,d(item_2),move_to(?target=kitting_table_0),0.0,0.0999,0.995,240.0
s20_on,103,d(item_2),move_to(?target=kitting_table_0),0.0,0.0999,0.995,260.0
s20_on,104,d(item_2),move_to(?target=kitting_table_0),0.0,0.0999,0.995,280.0
s20_on,105,d(item_2),move_to(?target=kitting_table_0),0.0,0.0999,0.995,300.0
s20_on,106,d(item_2),move_to(?target=kitting_table_0),0.0,0.0999,0.995,320.0
s20_on,107,d(item_2),move_to(?target=kitting_table_0),0.0,0.0999,0.995,340.0
s20_on,108,d(item_2),move_to(?target=kitting_table_0),0.0,0.0999,0.995,360.0
s20_on,109,d(item_2),move_to(?target=kitting_table_0),0.0,0.0999,0.995,380.0
s20_on,110,d(item_2),move_to(?target=kitting_table_0),0.0,0.0999,0.995,400.0
s20_on,111,d(item_2),move_to(?target=kitting_table_0),0.0,0.0999,0.995,420.0
s20_on,112,d(item_2),move_to(?target=kitting_table_0),0.0,0.0999,0.995,440.0
s20_on,113,d(item_2),move_to(?target=kitting_table_0),0.0,0.0999,0.995,460.0
s20_on,114,d(item_2),move_to(?target=kitting_table_0),0.0,0.0999,0.995,480.0
s20_on,115,d(item_2),move_to(?target=kitting_table_0),0.0,0.0999,0.995,500.0
s20_on,116,d(item_2),move_to(?target=kitting_table_0),0.0,0.0999,0.995,520.0
s20_on,117,d(item_2),move_to(?target=kitting_table_0),0.0,0.0999,0.995,540.0
s20_on,118,d(item_2),move_to(?target=kitting_table_0),0.0,0.0999,0.995,560.0
s20_on,119,d(item_2),move_to(?target=kitting_table_0),0.0,0.0999,0.995,580.0
s20_on,120,d(item_2),"place(?item=item_2,?target=kitting_table_0)",,0.09999,0.995,0.0
s20_on,121,d(item_2),"place(?item=item_2,?target=kitting_table_0)",,0.09999,0.995,0.0
s30_off,0,d(item_2),move_to(?target=item_2),7.1,0.020076,0.1936,20.0
s30_off,0,d(item_3),move_to(?target=item_3),-0.0,0.020076,0.2008,20.0
s30_off,0,d(item_4),move_to(?target=item_4),2.8,0.020076,0.1979,20.0
s30_off,0,d(item_6),move_to(?target=item_6),8.5,0.020076,0.1922,20.0
s30_off,0,d(item_7),move_to(?target=item_7),5.3,0.020076,0.1955,20.0
s30_off,1,d(item_2),move_to(?target=item_2),14.7,0.020598,0.1909,40.0
s30_off,1,d(item_3),move_to(?target=item_3),0.0,0.020598,0.206,40.0
s30_off,1,d(item_4),move_to(?target=item_4),5.8,0.020598,0.2,40.0
s30_off,1,d(item_6),move_to(?target=item_6),17.7,0.020598,0.1878,40.0
s30_off,1,d(item_7),move_to(?target=item_7),10.8,0.020598,0.1948,40.0
s30_off,2,d(item_2),move_to(?target=item_2),22.7,0.021181,0.1879,60.0
s30_off,2,d(item_3),move_to(?target=item_3),-0.0,0.021181,0.2118,60.0
s30_off,2,d(item_4),move_to(?target=item_4),9.0,0.021181,0.2022,60.0
s30_off,2,d(item_6),move_to(?target=item_6),27.7,0.021181,0.1827,60.0
s30_off,2,d(item_7),move_to(?target=item_7),16.7,0.021181,0.1942,60.0
s30_off,3,d(item_2),move_to(?target=item_2),31.1,0.021835,0.1847,80.0
s30_off,3,d(item_3),move_to(?target=item_3),0.0,0.021835,0.2183,80.0
s30_off,3,d(item_4),move_to(?target=item_4),12.5,0.021835,0.2047,80.0
s30_off,3,d(item_6),move_to(?target=item_6),38.5,0.021835,0.1769,80.0
s30_off,3,d(item_7),move_to(?target=item_7),22.8,0.021835,0.1935,80.0
s30_off,4,d(item_2),move_to(?target=item_2),40.0,0.022567,0.1811,100.0
s30_off,4,d(item_3),move_to(?target=item_3),-0.0,0.022567,0.2257,100.0
s30_off,4,d(item_4),move_to(?target=item_4),16.1,0.022567,0.2075,100.0
s30_off,4,d(item_6),move_to(?target=item_6),50.1,0.022567,0.1703,100.0
s30_off,4,d(item_7),move_to(?target=item_7),29.3,0.022567,0.1928,100.0
s30_off,5,d(item_2),move_to(?target=item_2),49.4,0.023389,0.1772,120.0
s30_off,5,d(item_3),move_to(?target=item_3),-0.0,0.023389,0.2339,120.0
s30_off,5,d(item_4),move_to(?target=item_4),20.1,0.023389,0.2105,120.0
s30_off,5,d(item_6),move_to(?target=item_6),62.7,0.023389,0.1629,120.0
s30_off,5,d(item_7),move_to(?target=item_7),36.1,0.023389,0.1921,120.0
s30_off,6,d(item_2),move_to(?target=item_2),59.4,0.02431,0.1729,140.0
s30_off,6,d(item_3),move_to(?target=item_3),0.0,0.02431,0.2431,140.0
s30_off,6,d(item_4),move_to(?target=item_4),24.3,0.02431,0.2137,140.0
s30_off,6,d(item_6),move_to(?target=item_6),76.2,0.02431,0.1547,140.0
s30_off,6,d(item_7),move_to(?target=item_7),43.3,0.02431,0.1913,140.0
s30_off,7,d(item_2),move_to(?target=item_2),70.0,0.025341,0.1682,160.0
s30_off,7,d(item_3),move_to(?target=item_3),0.0,0.025341,0.2534,160.0
s30_off,7,d(item_4),move_to(?target=item_4),28.8,0.025341,0.2172,160.0
s30_off,7,d(item_6),move_to(?target=item_6),90.8,0.025341,0.1456,160.0
s30_off,7,d(item_7),move_to(?target=item_7),50.9,0.025341,0.1903,160.0
s30_off,8,d(item_2),move_to(?target=item_2),81.1,0.026494,0.163,180.0
s30_off,8,d(item_3),move_to(?target=item_3),0.0,0.026494,0.2649,180.0
s30_off,8,d(item_4),move_to(?target=item_4),33.7,0.026494,0.2207,180.0
s30_off,8,d(item_6),move_to(?target=item_6),106.5,0.026494,0.1358,180.0
s30_off,8,d(item_7),move_to(?target=item_7),58.9,0.026494,0.1891,180.0
s30_off,9,d(item_2),move_to(?target=item_2),93.0,0.027778,0.1572,200.0
s30_off,9,d(item_3),move_to(?target=item_3),-0.0,0.027778,0.2778,200.0
s30_off,9,d(item_4),move_to(?target=item_4),39.0,0.027778,0.2243,200.0
s30_off,9,d(item_6),move_to(?target=item_6),123.4,0.027778,0.1253,200.0
s30_off,9,d(item_7),move_to(?target=item_7),67.4,0.027778,0.1876,200.0
s30_off,10,d(item_2),move_to(?target=item_2),105.4,0.029202,0.1509,220.0
s30_off,10,d(item_3),move_to(?target=item_3),0.0,0.029202,0.292,220.0
s30_off,10,d(item_4),move_to(?target=item_4),44.6,0.029202,0.2279,220.0
s30_off,10,d(item_6),move_to(?target=item_6),141.4,0.029202,0.1142,220.0
s30_off,10,d(item_7),move_to(?target=item_7),76.3,0.029202,0.1857,220.0
s30_off,11,d(item_2),move_to(?target=item_2),118.6,0.030776,0.144,240.0
s30_off,11,d(item_3),move_to(?target=item_3),0.0,0.030776,0.3078,240.0
s30_off,11,d(item_4),move_to(?target=item_4),50.8,0.030776,0.2312,240.0
s30_off,11,d(item_6),move_to(?target=item_6),160.6,0.030776,0.1029,240.0
s30_off,11,d(item_7),move_to(?target=item_7),85.7,0.030776,0.1834,240.0
s30_off,12,d(item_2),move_to(?target=item_2),132.6,0.032506,0.1365,260.0
s30_off,12,d(item_3),move_to(?target=item_3),0.0,0.032506,0.3251,260.0
s30_off,12,d(item_4),move_to(?target=item_4),57.5,0.032506,0.2341,260.0
s30_off,12,d(item_6),move_to(?target=item_6),181.0,0.032506,0.0914,260.0
s30_off,12,d(item_7),move_to(?target=item_7),95.7,0.032506,0.1804,260.0
s30_off,13,d(item_2),move_to(?target=item_2),147.3,0.034397,0.1283,280.0
s30_off,13,d(item_3),move_to(?target=item_3),0.0,0.034397,0.344,280.0
s30_off,13,d(item_4),move_to(?target=item_4),64.7,0.034397,0.2364,280.0
s30_off,13,d(item_6),move_to(?target=item_6),202.6,0.034397,0.0801,280.0
s30_off,13,d(item_7),move_to(?target=item_7),106.2,0.034397,0.1767,280.0
s30_off,14,d(item_2),move_to(?target=item_2),162.7,0.036452,0.1197,300.0
s30_off,14,d(item_3),move_to(?target=item_3),0.0,0.036452,0.3645,300.0
s30_off,14,d(item_4),move_to(?target=item_4),72.6,0.036452,0.2378,300.0
s30_off,14,d(item_6),move_to(?target=item_6),225.4,0.036452,0.0693,300.0
s30_off,14,d(item_7),move_to(?target=item_7),117.3,0.036452,0.1722,300.0
s30_off,15,d(item_2),move_to(?target=item_2),179.0,0.038675,0.1106,320.0
s30_off,15,d(item_3),move_to(?target=item_3),0.0,0.038675,0.3868,320.0
s30_off,15,d(item_4),move_to(?target=item_4),81.1,0.038675,0.238,320.0
s30_off,15,d(item_6),move_to(?target=item_6),249.3,0.038675,0.059,320.0
s30_off,15,d(item_7),move_to(?target=item_7),129.1,0.038675,0.1669,320.0
s30_off,16,d(item_2),move_to(?target=item_2),196.2,0.041066,0.1013,340.0
s30_off,16,d(item_3),move_to(?target=item_3),0.0,0.041066,0.4107,340.0
s30_off,16,d(item_4),move_to(?target=item_4),90.4,0.041066,0.2368,340.0
s30_off,16,d(item_6),move_to(?target=item_6),274.4,0.041066,0.0497,340.0
s30_off,16,d(item_7),move_to(?target=item_7),141.5,0.041066,0.1606,340.0
s30_off,17,d(item_2),move_to(?target=item_2),214.1,0.043625,0.0917,360.0
s30_off,17,d(item_3),move_to(?target=item_3),0.0,0.043625,0.4363,360.0
s30_off,17,d(item_4),move_to(?target=item_4),100.5,0.043625,0.2338,360.0
s30_off,17,d(item_6),move_to(?target=item_6),300.5,0.043625,0.0412,360.0
s30_off,17,d(item_7),move_to(?target=item_7),154.5,0.043625,0.1534,360.0
s30_off,18,d(item_2),move_to(?target=item_2),233.0,0.046349,0.0822,380.0
s30_off,18,d(item_3),move_to(?target=item_3),0.0,0.046349,0.4635,380.0
s30_off,18,d(item_4),move_to(?target=item_4),111.5,0.046349,0.2289,380.0
s30_off,18,d(item_6),move_to(?target=item_6),327.6,0.046349,0.0338,380.0
s30_off,18,d(item_7),move_to(?target=item_7),168.3,0.046349,0.1452,380.0
s30_off,19,d(item_2),move_to(?target=item_2),252.7,0.049232,0.0729,400.0
s30_off,19,d(item_3),move_to(?target=item_3),0.0,0.049232,0.4923,400.0
s30_off,19,d(item_4),move_to(?target=item_4),123.4,0.049232,0.2219,400.0
s30_off,19,d(item_6),move_to(?target=item_6),355.6,0.049232,0.0273,400.0
s30_off,19,d(item_7),move_to(?target=item_7),182.8,0.049232,0.1363,400.0
s30_off,20,d(item_2),move_to(?target=item_2),273.2,0.052261,0.0639,420.0
s30_off,20,d(item_3),move_to(?target=item_3),0.0,0.052261,0.5226,420.0
s30_off,20,d(item_4),move_to(?target=item_4),136.4,0.052261,0.2127,420.0
s30_off,20,d(item_6),move_to(?target=item_6),384.6,0.052261,0.0219,420.0
s30_off,20,d(item_7),move_to(?target=item_7),198.1,0.052261,0.1267,420.0
s30_off,21,d(item_2),move_to(?target=item_2),294.7,0.055418,0.0553,440.0
s30_off,21,d(item_3),move_to(?target=item_3),0.0,0.055418,0.5542,440.0
s30_off,21,d(item_4),move_to(?target=item_4),150.5,0.055418,0.2013,440.0
s30_off,21,d(item_6),move_to(?target=item_6),414.4,0.055418,0.0173,440.0
s30_off,21,d(item_7),move_to(?target=item_7),214.2,0.055418,0.1165,440.0
s30_off,22,d(item_2),move_to(?target=item_2),317.0,0.058675,0.0473,460.0
s30_off,22,d(item_3),move_to(?target=item_3),0.0,0.058675,0.5867,460.0
s30_off,22,d(item_4),move_to(?target=item_4),165.8,0.058675,0.1878,460.0
s30_off,22,d(item_6),move_to(?target=item_6),444.9,0.058675,0.0136,460.0
s30_off,22,d(item_7),move_to(?target=item_7),231.1,0.058675,0.1059,460.0
s30_off,23,d(item_2),move_to(?target=item_2),340.1,0.06199,0.04,480.0
s30_off,23,d(item_3),move_to(?target=item_3),0.0,0.06199,0.6199,480.0
s30_off,23,d(item_4),move_to(?target=item_4),182.3,0.06199,0.1725,480.0
s30_off,23,d(item_6),move_to(?target=item_6),476.2,0.06199,0.0105,480.0
s30_off,23,d(item_7),move_to(?target=item_7),248.8,0.06199,0.0951,480.0
s30_off,24,d(item_2),move_to(?target=item_2),364.0,0.065315,0.0334,500.0
s30_off,24,d(item_3),move_to(?target=item_3),0.0,0.065315,0.6532,500.0
s30_off,24,d(item_4),move_to(?target=item_4),200.0,0.065315,0.1557,500.0
s30_off,24,d(item_6),move_to(?target=item_6),508.1,0.065315,0.0081,500.0
s30_off,24,d(item_7),move_to(?target=item_7),267.3,0.065315,0.0844,500.0
s30_off,25,d(item_2),move_to(?target=item_2),388.8,0.068589,0.0275,520.0
s30_off,25,d(item_3),move_to(?target=item_3),0.0,0.068589,0.6859,520.0
s30_off,25,d(item_4),move_to(?target=item_4),219.1,0.068589,0.138,520.0
s30_off,25,d(item_6),move_to(?target=item_6),540.6,0.068589,0.0061,520.0
s30_off,25,d(item_7),move_to(?target=item_7),286.7,0.068589,0.0738,520.0
s30_off,26,d(item_2),move_to(?target=item_2),414.4,0.071746,0.0224,540.0
s30_off,26,d(item_3),move_to(?target=item_3),0.0,0.071746,0.7175,540.0
s30_off,26,d(item_4),move_to(?target=item_4),239.4,0.071746,0.12,540.0
s30_off,26,d(item_6),move_to(?target=item_6),573.6,0.071746,0.0046,540.0
s30_off,26,d(item_7),move_to(?target=item_7),306.9,0.071746,0.0637,540.0
s30_off,27,d(item_2),move_to(?target=item_2),440.7,0.074723,0.018,560.0
s30_off,27,d(item_3),move_to(?target=item_3),0.0,0.074723,0.7472,560.0
s30_off,27,d(item_4),move_to(?target=item_4),261.0,0.074723,0.1024,560.0
s30_off,27,d(item_6),move_to(?target=item_6),607.2,0.074723,0.0034,560.0
s30_off,27,d(item_7),move_to(?target=item_7),327.9,0.074723,0.0542,560.0
s30_off,28,d(item_2),move_to(?target=item_2),467.7,0.077462,0.0143,580.0
s30_off,28,d(item_3),move_to(?target=item_3),0.0,0.077462,0.7746,580.0
s30_off,28,d(item_4),move_to(?target=item_4),283.9,0.077462,0.0856,580.0
s30_off,28,d(item_6),move_to(?target=item_6),641.2,0.077462,0.0025,580.0
s30_off,28,d(item_7),move_to(?target=item_7),349.8,0.077462,0.0455,580.0
s30_off,29,d(item_2),move_to(?target=item_2),495.4,0.07992,0.0112,600.0
s30_off,29,d(item_3),move_to(?target=item_3),0.0,0.07992,0.7992,600.0
s30_off,29,d(item_4),move_to(?target=item_4),308.0,0.07992,0.0702,600.0
s30_off,29,d(item_6),move_to(?target=item_6),675.6,0.07992,0.0019,600.0
s30_off,29,d(item_7),move_to(?target=item_7),372.5,0.07992,0.0376,600.0
s30_off,30,d(item_2),move_to(?target=item_2),523.8,0.082071,0.0087,620.0
s30_off,30,d(item_3),move_to(?target=item_3),0.0,0.082071,0.8207,620.0
s30_off,30,d(item_4),move_to(?target=item_4),333.4,0.082071,0.0565,620.0
s30_off,30,d(item_6),move_to(?target=item_6),710.4,0.082071,0.0013,620.0
s30_off,30,d(item_7),move_to(?target=item_7),396.1,0.082071,0.0307,620.0
s30_off,31,d(item_2),move_to(?target=item_2),552.8,0.083908,0.0066,640.0
s30_off,31,d(item_3),move_to(?target=item_3),0.0,0.083908,0.8391,640.0
s30_off,31,d(item_4),move_to(?target=item_4),359.8,0.083908,0.0447,640.0
s30_off,31,d(item_6),move_to(?target=item_6),745.6,0.083908,0.001,640.0
s30_off,31,d(item_7),move_to(?target=item_7),420.4,0.083908,0.0247,640.0
s30_off,32,d(item_2),move_to(?target=item_2),582.5,0.085442,0.005,660.0
s30_off,32,d(item_3),move_to(?target=item_3),0.0,0.085442,0.8542,660.0
s30_off,32,d(item_4),move_to(?target=item_4),387.4,0.085442,0.0348,660.0
s30_off,32,d(item_6),move_to(?target=item_6),781.1,0.085442,0.001,660.0
s30_off,32,d(item_7),move_to(?target=item_7),445.5,0.085442,0.0196,660.0
s30_off,33,d(item_2),move_to(?target=item_2),612.6,0.086695,0.0038,680.0
s30_off,33,d(item_3),move_to(?target=item_3),0.0,0.086695,0.8665,680.0
s30_off,33,d(item_4),move_to(?target=item_4),415.9,0.086695,0.0267,680.0
s30_off,33,d(item_6),move_to(?target=item_6),816.8,0.086695,0.001,680.0
s30_off,33,d(item_7),move_to(?target=item_7),471.4,0.086695,0.0154,680.0
s30_off,34,d(item_2),move_to(?target=item_2),643.4,0.087699,0.0028,700.0
s30_off,34,d(item_3),move_to(?target=item_3),0.0,0.087699,0.8764,700.0
s30_off,34,d(item_4),move_to(?target=item_4),445.4,0.087699,0.0202,700.0
s30_off,34,d(item_6),move_to(?target=item_6),852.9,0.087699,0.001,700.0
s30_off,34,d(item_7),move_to(?target=item_7),497.9,0.087699,0.012,700.0
s30_off,35,d(item_2),move_to(?target=item_2),674.6,0.088489,0.0021,720.0
s30_off,35,d(item_3),move_to(?target=item_3),0.0,0.088489,0.8842,720.0
s30_off,35,d(item_4),move_to(?target=item_4),475.7,0.088489,0.0151,720.0
s30_off,35,d(item_6),move_to(?target=item_6),889.1,0.088489,0.001,720.0
s30_off,35,d(item_7),move_to(?target=item_7),525.2,0.088489,0.0092,720.0
s30_off,36,d(item_2),move_to(?target=item_2),706.3,0.089103,0.0015,740.0
s30_off,36,d(item_3),move_to(?target=item_3),0.0,0.089103,0.8903,740.0
s30_off,36,d(item_4),move_to(?target=item_4),506.8,0.089103,0.0111,740.0
s30_off,36,d(item_6),move_to(?target=item_6),925.7,0.089103,0.001,740.0
s30_off,36,d(item_7),move_to(?target=item_7),553.2,0.089103,0.007,740.0
s30_off,37,d(item_2),move_to(?target=item_2),738.5,0.009885,0.001,760.0
s30_off,37,d(item_3),pick_up(?item=item_3),,0.098849,0.9861,0.0
s30_off,37,d(item_4),move_to(?target=item_4),538.6,0.009885,0.001,760.0
s30_off,37,d(item_6),move_to(?target=item_6),962.4,0.009885,0.001,760.0
s30_off,37,d(item_7),move_to(?target=item_7),581.7,0.009885,0.001,760.0
s30_off,38,d(item_2),move_to(?target=item_2),738.5,0.009885,0.001,760.0
s30_off,38,d(item_3),pick_up(?item=item_3),,0.098849,0.9861,0.0
s30_off,38,d(item_4),move_to(?target=item_4),538.6,0.009885,0.001,760.0
s30_off,38,d(item_6),move_to(?target=item_6),962.4,0.009885,0.001,760.0
s30_off,38,d(item_7),move_to(?target=item_7),581.7,0.009885,0.001,760.0
s30_off,39,d(item_2),"place(?item=item_3,?target=shelf_3)",,0.000121,0.0012,0.0
s30_off,39,d(item_3),move_to(?target=kitting_table_0),0.0,0.974256,0.9734,0.0
s30_off,39,d(item_4),"place(?item=item_3,?target=shelf_3)",,0.000888,0.0089,0.0
s30_off,39,d(item_6),"place(?item=item_3,?target=shelf_3)",,1.3e-05,0.001,0.0
s30_off,39,d(item_7),"place(?item=item_3,?target=shelf_3)",,0.000578,0.0058,0.0
s30_off,40,d(item_2),"place(?item=item_3,?target=shelf_3)",,0.000121,0.0012,0.0
s30_off,40,d(item_3),move_to(?target=kitting_table_0),0.0,0.974256,0.9734,0.0
s30_off,40,d(item_4),"place(?item=item_3,?target=shelf_3)",,0.000888,0.0089,0.0
s30_off,40,d(item_6),"place(?item=item_3,?target=shelf_3)",,1.3e-05,0.001,0.0
s30_off,40,d(item_7),"place(?item=item_3,?target=shelf_3)",,0.000578,0.0058,0.0
s30_off,41,d(item_2),move_to(?target=shelf_3),0.0,0.000124,0.001,0.0
s30_off,41,d(item_3),move_to(?target=kitting_table_0),-0.0,0.099736,0.995,20.0
s30_off,41,d(item_4),move_to(?target=shelf_3),0.0,0.000909,0.001,0.0
s30_off,41,d(item_6),move_to(?target=shelf_3),0.0,1.3e-05,0.001,0.0
s30_off,41,d(item_7),move_to(?target=shelf_3),0.0,0.000592,0.001,0.0
s30_off,42,d(item_2),move_to(?target=shelf_3),39.7,0.000122,0.001,20.0
s30_off,42,d(item_3),move_to(?target=kitting_table_0),-0.0,0.098599,0.9851,40.0
s30_off,42,d(item_4),move_to(?target=shelf_3),39.7,0.000899,0.0072,20.0
s30_off,42,d(item_6),move_to(?target=shelf_3),39.7,1.3e-05,0.001,20.0
s30_off,42,d(item_7),move_to(?target=shelf_3),39.7,0.000585,0.0047,20.0
s30_off,43,d(item_2),move_to(?target=shelf_3),79.6,0.000123,0.001,40.0
s30_off,43,d(item_3),move_to(?target=kitting_table_0),-0.0,0.098891,0.9878,60.0
s30_off,43,d(item_4),move_to(?target=shelf_3),79.6,0.000902,0.0056,40.0
s30_off,43,d(item_6),move_to(?target=shelf_3),79.6,1.3e-05,0.001,40.0
s30_off,43,d(item_7),move_to(?target=shelf_3),79.6,0.000587,0.0036,40.0
s30_off,44,d(item_2),move_to(?target=shelf_3),119.5,0.000123,0.001,60.0
s30_off,44,d(item_3),move_to(?target=kitting_table_0),-0.0,0.099144,0.9901,80.0
s30_off,44,d(item_4),move_to(?target=shelf_3),119.5,0.000904,0.0042,60.0
s30_off,44,d(item_6),move_to(?target=shelf_3),119.5,1.3e-05,0.001,60.0
s30_off,44,d(item_7),move_to(?target=shelf_3),119.5,0.000588,0.0027,60.0
s30_off,45,d(item_2),move_to(?target=shelf_3),159.4,0.000123,0.001,80.0
s30_off,45,d(item_3),move_to(?target=kitting_table_0),-0.0,0.09935,0.992,100.0
s30_off,45,d(item_4),move_to(?target=shelf_3),159.4,0.000906,0.0031,80.0
s30_off,45,d(item_6),move_to(?target=shelf_3),159.4,1.3e-05,0.001,80.0
s30_off,45,d(item_7),move_to(?target=shelf_3),159.4,0.000589,0.002,80.0
s30_off,46,d(item_2),move_to(?target=shelf_3),199.4,0.000123,0.001,100.0
s30_off,46,d(item_3),move_to(?target=kitting_table_0),-0.0,0.099509,0.9934,120.0
s30_off,46,d(item_4),move_to(?target=shelf_3),199.4,0.000907,0.0022,100.0
s30_off,46,d(item_6),move_to(?target=shelf_3),199.4,1.3e-05,0.001,100.0
s30_off,46,d(item_7),move_to(?target=shelf_3),199.4,0.00059,0.0014,100.0
s30_off,47,d(item_2),move_to(?target=shelf_3),239.3,0.000124,0.001,120.0
s30_off,47,d(item_3),move_to(?target=kitting_table_0),-0.0,0.099627,0.9945,140.0
s30_off,47,d(item_4),move_to(?target=shelf_3),239.3,0.000908,0.0015,120.0
s30_off,47,d(item_6),move_to(?target=shelf_3),239.3,1.3e-05,0.001,120.0
s30_off,47,d(item_7),move_to(?target=shelf_3),239.3,0.000591,0.001,120.0
s30_off,48,d(item_2),move_to(?target=shelf_3),279.3,0.000124,0.001,140.0
s30_off,48,d(item_3),move_to(?target=kitting_table_0),-0.0,0.099711,0.995,160.0
s30_off,48,d(item_4),move_to(?target=shelf_3),279.3,0.000909,0.001,140.0
s30_off,48,d(item_6),move_to(?target=shelf_3),279.3,1.3e-05,0.001,140.0
s30_off,48,d(item_7),move_to(?target=shelf_3),279.3,0.000592,0.001,140.0
s30_off,49,d(item_2),move_to(?target=shelf_3),319.3,0.000124,0.001,160.0
s30_off,49,d(item_3),move_to(?target=kitting_table_0),-0.0,0.099771,0.995,180.0
s30_off,49,d(item_4),move_to(?target=shelf_3),319.3,0.00091,0.001,160.0
s30_off,49,d(item_6),move_to(?target=shelf_3),319.3,1.3e-05,0.001,160.0
s30_off,49,d(item_7),move_to(?target=shelf_3),319.3,0.000592,0.001,160.0
s30_off,50,d(item_2),move_to(?target=shelf_3),359.3,0.000124,0.001,180.0
s30_off,50,d(item_3),move_to(?target=kitting_table_0),0.0,0.099812,0.995,200.0
s30_off,50,d(item_4),move_to(?target=shelf_3),359.3,0.00091,0.001,180.0
s30_off,50,d(item_6),move_to(?target=shelf_3),359.3,1.3e-05,0.001,180.0
s30_off,50,d(item_7),move_to(?target=shelf_3),359.3,0.000592,0.001,180.0
s30_off,51,d(item_2),move_to(?target=shelf_3),399.3,0.000124,0.001,200.0
s30_off,51,d(item_3),move_to(?target=kitting_table_0),0.0,0.099841,0.995,220.0
s30_off,51,d(item_4),move_to(?target=shelf_3),399.3,0.00091,0.001,200.0
s30_off,51,d(item_6),move_to(?target=shelf_3),399.3,1.3e-05,0.001,200.0
s30_off,51,d(item_7),move_to(?target=shelf_3),399.3,0.000592,0.001,200.0
s30_off,52,d(item_2),move_to(?target=shelf_3),439.3,0.000124,0.001,220.0
s30_off,52,d(item_3),move_to(?target=kitting_table_0),0.0,0.09986,0.995,240.0
s30_off,52,d(item_4),move_to(?target=shelf_3),439.3,0.000911,0.001,220.0
s30_off,52,d(item_6),move_to(?target=shelf_3),439.3,1.3e-05,0.001,220.0
s30_off,52,d(item_7),move_to(?target=shelf_3),439.3,0.000592,0.001,220.0
s30_off,53,d(item_2),move_to(?target=shelf_3),479.2,0.000124,0.001,240.0
s30_off,53,d(item_3),move_to(?target=kitting_table_0),0.0,0.099873,0.995,260.0
s30_off,53,d(item_4),move_to(?target=shelf_3),479.2,0.000911,0.001,240.0
s30_off,53,d(item_6),move_to(?target=shelf_3),479.2,1.3e-05,0.001,240.0
s30_off,53,d(item_7),move_to(?target=shelf_3),479.2,0.000593,0.001,240.0
s30_off,54,d(item_2),move_to(?target=shelf_3),519.2,0.000124,0.001,260.0
s30_off,54,d(item_3),move_to(?target=kitting_table_0),-0.0,0.099882,0.995,280.0
s30_off,54,d(item_4),move_to(?target=shelf_3),519.2,0.000911,0.001,260.0
s30_off,54,d(item_6),move_to(?target=shelf_3),519.2,1.3e-05,0.001,260.0
s30_off,54,d(item_7),move_to(?target=shelf_3),519.2,0.000593,0.001,260.0
s30_off,55,d(item_2),move_to(?target=shelf_3),559.2,0.000124,0.001,280.0
s30_off,55,d(item_3),move_to(?target=kitting_table_0),-0.0,0.099888,0.995,300.0
s30_off,55,d(item_4),move_to(?target=shelf_3),559.2,0.000911,0.001,280.0
s30_off,55,d(item_6),move_to(?target=shelf_3),559.2,1.3e-05,0.001,280.0
s30_off,55,d(item_7),move_to(?target=shelf_3),559.2,0.000593,0.001,280.0
s30_off,56,d(item_2),move_to(?target=shelf_3),599.2,0.000124,0.001,300.0
s30_off,56,d(item_3),move_to(?target=kitting_table_0),-0.0,0.099892,0.995,320.0
s30_off,56,d(item_4),move_to(?target=shelf_3),599.2,0.000911,0.001,300.0
s30_off,56,d(item_6),move_to(?target=shelf_3),599.2,1.3e-05,0.001,300.0
s30_off,56,d(item_7),move_to(?target=shelf_3),599.2,0.000593,0.001,300.0
s30_off,57,d(item_2),move_to(?target=shelf_3),639.2,0.000124,0.001,320.0
s30_off,57,d(item_3),move_to(?target=kitting_table_0),0.0,0.099895,0.995,340.0
s30_off,57,d(item_4),move_to(?target=shelf_3),639.2,0.000911,0.001,320.0
s30_off,57,d(item_6),move_to(?target=shelf_3),639.2,1.3e-05,0.001,320.0
s30_off,57,d(item_7),move_to(?target=shelf_3),639.2,0.000593,0.001,320.0
s30_off,58,d(item_2),move_to(?target=shelf_3),679.2,0.000124,0.001,340.0
s30_off,58,d(item_3),move_to(?target=kitting_table_0),-0.0,0.099896,0.995,360.0
s30_off,58,d(item_4),move_to(?target=shelf_3),679.2,0.000911,0.001,340.0
s30_off,58,d(item_6),move_to(?target=shelf_3),679.2,1.3e-05,0.001,340.0
s30_off,58,d(item_7),move_to(?target=shelf_3),679.2,0.000593,0.001,340.0
s30_off,59,d(item_2),move_to(?target=shelf_3),719.2,0.000124,0.001,360.0
s30_off,59,d(item_3),move_to(?target=kitting_table_0),-0.0,0.099898,0.995,380.0
s30_off,59,d(item_4),move_to(?target=shelf_3),719.2,0.000911,0.001,360.0
s30_off,59,d(item_6),move_to(?target=shelf_3),719.2,1.3e-05,0.001,360.0
s30_off,59,d(item_7),move_to(?target=shelf_3),719.2,0.000593,0.001,360.0
s30_off,60,d(item_2),move_to(?target=shelf_3),759.2,0.000124,0.001,380.0
s30_off,60,d(item_3),move_to(?target=kitting_table_0),0.0,0.099898,0.995,400.0
s30_off,60,d(item_4),move_to(?target=shelf_3),759.2,0.000911,0.001,380.0
s30_off,60,d(item_6),move_to(?target=shelf_3),759.2,1.3e-05,0.001,380.0
s30_off,60,d(item_7),move_to(?target=shelf_3),759.2,0.000593,0.001,380.0
s30_off,61,d(item_2),move_to(?target=shelf_3),799.2,0.000124,0.001,400.0
s30_off,61,d(item_3),move_to(?target=kitting_table_0),-0.0,0.099899,0.995,420.0
s30_off,61,d(item_4),move_to(?target=shelf_3),799.2,0.000911,0.001,400.0
s30_off,61,d(item_6),move_to(?target=shelf_3),799.2,1.3e-05,0.001,400.0
s30_off,61,d(item_7),move_to(?target=shelf_3),799.2,0.000593,0.001,400.0
s30_off,62,d(item_2),move_to(?target=shelf_3),839.2,0.000124,0.001,420.0
s30_off,62,d(item_3),move_to(?target=kitting_table_0),-0.0,0.099899,0.995,440.0
s30_off,62,d(item_4),move_to(?target=shelf_3),839.2,0.000911,0.001,420.0
s30_off,62,d(item_6),move_to(?target=shelf_3),839.2,1.3e-05,0.001,420.0
s30_off,62,d(item_7),move_to(?target=shelf_3),839.2,0.000593,0.001,420.0
s30_off,63,d(item_2),move_to(?target=shelf_3),879.2,0.000124,0.001,440.0
s30_off,63,d(item_3),move_to(?target=kitting_table_0),0.0,0.0999,0.995,460.0
s30_off,63,d(item_4),move_to(?target=shelf_3),879.2,0.000911,0.001,440.0
s30_off,63,d(item_6),move_to(?target=shelf_3),879.2,1.3e-05,0.001,440.0
s30_off,63,d(item_7),move_to(?target=shelf_3),879.2,0.000593,0.001,440.0
s30_off,64,d(item_2),move_to(?target=shelf_3),919.2,0.000124,0.001,460.0
s30_off,64,d(item_3),move_to(?target=kitting_table_0),-0.0,0.0999,0.995,480.0
s30_off,64,d(item_4),move_to(?target=shelf_3),919.2,0.000911,0.001,460.0
s30_off,64,d(item_6),move_to(?target=shelf_3),919.2,1.3e-05,0.001,460.0
s30_off,64,d(item_7),move_to(?target=shelf_3),919.2,0.000593,0.001,460.0
s30_off,65,d(item_2),move_to(?target=shelf_3),959.2,0.000124,0.001,480.0
s30_off,65,d(item_3),move_to(?target=kitting_table_0),-0.0,0.0999,0.995,500.0
s30_off,65,d(item_4),move_to(?target=shelf_3),959.2,0.000911,0.001,480.0
s30_off,65,d(item_6),move_to(?target=shelf_3),959.2,1.3e-05,0.001,480.0
s30_off,65,d(item_7),move_to(?target=shelf_3),959.2,0.000593,0.001,480.0
s30_off,66,d(item_2),move_to(?target=shelf_3),999.2,0.000124,0.001,500.0
s30_off,66,d(item_3),move_to(?target=kitting_table_0),-0.0,0.0999,0.995,520.0
s30_off,66,d(item_4),move_to(?target=shelf_3),999.2,0.000911,0.001,500.0
s30_off,66,d(item_6),move_to(?target=shelf_3),999.2,1.3e-05,0.001,500.0
s30_off,66,d(item_7),move_to(?target=shelf_3),999.2,0.000593,0.001,500.0
s30_off,67,d(item_2),move_to(?target=shelf_3),1039.2,0.000124,0.001,520.0
s30_off,67,d(item_3),move_to(?target=kitting_table_0),-0.0,0.0999,0.995,540.0
s30_off,67,d(item_4),move_to(?target=shelf_3),1039.2,0.000911,0.001,520.0
s30_off,67,d(item_6),move_to(?target=shelf_3),1039.2,1.3e-05,0.001,520.0
s30_off,67,d(item_7),move_to(?target=shelf_3),1039.2,0.000593,0.001,520.0
s30_off,68,d(item_2),move_to(?target=shelf_3),1079.2,0.000124,0.001,540.0
s30_off,68,d(item_3),move_to(?target=kitting_table_0),-0.0,0.0999,0.995,560.0
s30_off,68,d(item_4),move_to(?target=shelf_3),1079.2,0.000911,0.001,540.0
s30_off,68,d(item_6),move_to(?target=shelf_3),1079.2,1.3e-05,0.001,540.0
s30_off,68,d(item_7),move_to(?target=shelf_3),1079.2,0.000593,0.001,540.0
s30_off,69,d(item_2),move_to(?target=shelf_3),1119.2,0.000124,0.001,560.0
s30_off,69,d(item_3),move_to(?target=kitting_table_0),-0.0,0.0999,0.995,580.0
s30_off,69,d(item_4),move_to(?target=shelf_3),1119.2,0.000911,0.001,560.0
s30_off,69,d(item_6),move_to(?target=shelf_3),1119.2,1.3e-05,0.001,560.0
s30_off,69,d(item_7),move_to(?target=shelf_3),1119.2,0.000593,0.001,560.0
s30_off,70,d(item_2),move_to(?target=shelf_3),1159.2,0.000124,0.001,580.0
s30_off,70,d(item_3),move_to(?target=kitting_table_0),-0.0,0.0999,0.995,600.0
s30_off,70,d(item_4),move_to(?target=shelf_3),1159.2,0.000911,0.001,580.0
s30_off,70,d(item_6),move_to(?target=shelf_3),1159.2,1.3e-05,0.001,580.0
s30_off,70,d(item_7),move_to(?target=shelf_3),1159.2,0.000593,0.001,580.0
s30_off,71,d(item_2),move_to(?target=shelf_3),1199.2,0.000124,0.001,600.0
s30_off,71,d(item_3),move_to(?target=kitting_table_0),-0.0,0.0999,0.995,620.0
s30_off,71,d(item_4),move_to(?target=shelf_3),1199.2,0.000911,0.001,600.0
s30_off,71,d(item_6),move_to(?target=shelf_3),1199.2,1.3e-05,0.001,600.0
s30_off,71,d(item_7),move_to(?target=shelf_3),1199.2,0.000593,0.001,600.0
s30_off,72,d(item_2),move_to(?target=shelf_3),1239.2,1.2e-05,0.001,620.0
s30_off,72,d(item_3),"place(?item=item_3,?target=kitting_table_0)",,0.09999,0.995,0.0
s30_off,72,d(item_4),move_to(?target=shelf_3),1239.2,9.1e-05,0.001,620.0
s30_off,72,d(item_6),move_to(?target=shelf_3),1239.2,1e-06,0.001,620.0
s30_off,72,d(item_7),move_to(?target=shelf_3),1239.2,5.9e-05,0.001,620.0
s30_off,73,d(item_2),move_to(?target=shelf_3),1239.2,1.2e-05,0.001,620.0
s30_off,73,d(item_3),"place(?item=item_3,?target=kitting_table_0)",,0.09999,0.995,0.0
s30_off,73,d(item_4),move_to(?target=shelf_3),1239.2,9.1e-05,0.001,620.0
s30_off,73,d(item_6),move_to(?target=shelf_3),1239.2,1e-06,0.001,620.0
s30_off,73,d(item_7),move_to(?target=shelf_3),1239.2,5.9e-05,0.001,620.0
s30_off,74,d(item_2),move_to(?target=item_2),0.0,0.2,0.1998,0.0
s30_off,74,d(item_4),move_to(?target=item_4),0.0,0.2,0.1998,0.0
s30_off,74,d(item_6),move_to(?target=item_6),0.0,0.2,0.1998,0.0
s30_off,74,d(item_7),move_to(?target=item_7),0.0,0.2,0.1998,0.0
s30_off,75,d(item_2),move_to(?target=item_2),0.0,0.2,0.1998,0.0
s30_off,75,d(item_4),move_to(?target=item_4),0.0,0.2,0.1998,0.0
s30_off,75,d(item_6),move_to(?target=item_6),0.0,0.2,0.1998,0.0
s30_off,75,d(item_7),move_to(?target=item_7),0.0,0.2,0.1998,0.0
s30_off,76,d(item_2),move_to(?target=item_2),0.0,0.2,0.1998,0.0
s30_off,76,d(item_4),move_to(?target=item_4),0.0,0.2,0.1998,0.0
s30_off,76,d(item_6),move_to(?target=item_6),0.0,0.2,0.1998,0.0
s30_off,76,d(item_7),move_to(?target=item_7),0.0,0.2,0.1998,0.0
s30_off,77,d(item_2),move_to(?target=item_2),27.4,0.02688,0.232,20.0
s30_off,77,d(item_4),move_to(?target=item_4),20.2,0.02688,0.2414,20.0
s30_off,77,d(item_6),move_to(?target=item_6),28.7,0.02688,0.2302,20.0
s30_off,77,d(item_7),move_to(?target=item_7),0.0,0.02688,0.2685,20.0
s30_off,78,d(item_2),move_to(?target=item_2),57.9,0.029999,0.2152,40.0
s30_off,78,d(item_4),move_to(?target=item_4),41.1,0.029999,0.239,40.0
s30_off,78,d(item_6),move_to(?target=item_6),58.0,0.029999,0.2151,40.0
s30_off,78,d(item_7),move_to(?target=item_7),0.0,0.029999,0.2997,40.0
s30_off,79,d(item_2),move_to(?target=item_2),92.2,0.033859,0.1925,60.0
s30_off,79,d(item_4),move_to(?target=item_4),62.5,0.033859,0.2358,60.0
s30_off,79,d(item_6),move_to(?target=item_6),87.8,0.033859,0.1986,60.0
s30_off,79,d(item_7),move_to(?target=item_7),0.0,0.033859,0.3383,60.0
s30_off,80,d(item_2),move_to(?target=item_2),130.7,0.038511,0.1639,80.0
s30_off,80,d(item_4),move_to(?target=item_4),84.6,0.038511,0.2311,80.0
s30_off,80,d(item_6),move_to(?target=item_6),118.1,0.038511,0.1808,80.0
s30_off,80,d(item_7),move_to(?target=item_7),0.0,0.038511,0.3847,80.0
s30_off,81,d(item_2),move_to(?target=item_2),173.3,0.043883,0.1317,100.0
s30_off,81,d(item_4),move_to(?target=item_4),107.2,0.043883,0.2236,100.0
s30_off,81,d(item_6),move_to(?target=item_6),148.8,0.043883,0.1615,100.0
s30_off,81,d(item_7),move_to(?target=item_7),0.0,0.043883,0.4384,100.0
s30_off,82,d(item_2),move_to(?target=item_2),219.8,0.049739,0.0993,120.0
s30_off,82,d(item_4),move_to(?target=item_4),130.4,0.049739,0.2122,120.0
s30_off,82,d(item_6),move_to(?target=item_6),180.0,0.049739,0.141,120.0
s30_off,82,d(item_7),move_to(?target=item_7),0.0,0.049739,0.4969,120.0
s30_off,83,d(item_2),move_to(?target=item_2),269.2,0.055724,0.0706,140.0
s30_off,83,d(item_4),move_to(?target=item_4),154.2,0.055724,0.1962,140.0
s30_off,83,d(item_6),move_to(?target=item_6),211.6,0.055724,0.1198,140.0
s30_off,83,d(item_7),move_to(?target=item_7),0.0,0.055724,0.5567,140.0
s30_off,84,d(item_2),move_to(?target=item_2),318.6,0.061437,0.0487,160.0
s30_off,84,d(item_4),move_to(?target=item_4),178.6,0.061437,0.1763,160.0
s30_off,84,d(item_6),move_to(?target=item_6),243.5,0.061437,0.0988,160.0
s30_off,84,d(item_7),move_to(?target=item_7),0.0,0.061437,0.6138,160.0
s30_off,85,d(item_2),move_to(?target=item_2),358.6,0.066474,0.0358,180.0
s30_off,85,d(item_4),move_to(?target=item_4),203.5,0.066474,0.1536,180.0
s30_off,85,d(item_6),move_to(?target=item_6),275.9,0.066474,0.0791,180.0
s30_off,85,d(item_7),move_to(?target=item_7),0.0,0.066474,0.6641,180.0
s30_off,86,d(item_4),move_to(?target=item_4),228.9,0.072917,0.1339,200.0
s30_off,86,d(item_6),move_to(?target=item_6),308.6,0.072917,0.0636,200.0
s30_off,86,d(item_7),move_to(?target=item_7),0.0,0.072917,0.7277,200.0
s30_off,87,d(item_4),move_to(?target=item_4),254.9,0.07642,0.1106,220.0
s30_off,87,d(item_6),move_to(?target=item_6),341.6,0.07642,0.0485,220.0
s30_off,87,d(item_7),move_to(?target=item_7),0.0,0.07642,0.7627,220.0
s30_off,88,d(item_4),move_to(?target=item_4),281.4,0.079422,0.0897,240.0
s30_off,88,d(item_6),move_to(?target=item_6),375.0,0.079422,0.0364,240.0
s30_off,88,d(item_7),move_to(?target=item_7),0.0,0.079422,0.7926,240.0
s30_off,89,d(item_4),move_to(?target=item_4),308.4,0.081929,0.0716,260.0
s30_off,89,d(item_6),move_to(?target=item_6),408.6,0.081929,0.027,260.0
s30_off,89,d(item_7),move_to(?target=item_7),0.0,0.081929,0.8176,260.0
s30_off,90,d(item_4),move_to(?target=item_4),335.9,0.083974,0.0563,280.0
s30_off,90,d(item_6),move_to(?target=item_6),442.6,0.083974,0.0198,280.0
s30_off,90,d(item_7),move_to(?target=item_7),0.0,0.083974,0.8381,280.0
s30_off,91,d(item_4),move_to(?target=item_4),363.9,0.085611,0.0438,300.0
s30_off,91,d(item_6),move_to(?target=item_6),476.8,0.085611,0.0144,300.0
s30_off,91,d(item_7),move_to(?target=item_7),0.0,0.085611,0.8544,300.0
s30_off,92,d(item_4),move_to(?target=item_4),392.3,0.086899,0.0336,320.0
s30_off,92,d(item_6),move_to(?target=item_6),511.2,0.086899,0.0104,320.0
s30_off,92,d(item_7),move_to(?target=item_7),0.0,0.086899,0.8672,320.0
s30_off,93,d(item_4),move_to(?target=item_4),421.2,0.087898,0.0256,340.0
s30_off,93,d(item_6),move_to(?target=item_6),545.9,0.087898,0.0074,340.0
s30_off,93,d(item_7),move_to(?target=item_7),0.0,0.087898,0.8772,340.0
s30_off,94,d(item_4),move_to(?target=item_4),450.5,0.088664,0.0194,360.0
s30_off,94,d(item_6),move_to(?target=item_6),580.9,0.088664,0.0053,360.0
s30_off,94,d(item_7),move_to(?target=item_7),0.0,0.088664,0.8849,360.0
s30_off,95,d(item_4),move_to(?target=item_4),480.2,0.089245,0.0145,380.0
s30_off,95,d(item_6),move_to(?target=item_6),616.0,0.089245,0.0038,380.0
s30_off,95,d(item_7),move_to(?target=item_7),0.0,0.089245,0.8907,380.0
s30_off,96,d(item_4),move_to(?target=item_4),510.3,0.009886,0.0012,400.0
s30_off,96,d(item_6),move_to(?target=item_6),651.3,0.009886,0.001,400.0
s30_off,96,d(item_7),pick_up(?item=item_7),,0.098863,0.986,0.0
s30_off,97,d(item_4),move_to(?target=item_4),510.3,0.009886,0.0012,400.0
s30_off,97,d(item_6),move_to(?target=item_6),651.3,0.009886,0.001,400.0
s30_off,97,d(item_7),pick_up(?item=item_7),,0.098863,0.986,0.0
s30_off,98,d(item_4),"place(?item=item_7,?target=shelf_7)",,0.001179,0.0118,0.0
s30_off,98,d(item_6),"place(?item=item_7,?target=shelf_7)",,0.000289,0.0029,0.0
s30_off,98,d(item_7),move_to(?target=kitting_table_0),0.0,0.975563,0.9736,0.0
s30_off,99,d(item_4),"place(?item=item_7,?target=shelf_7)",,0.001179,0.0118,0.0
s30_off,99,d(item_6),"place(?item=item_7,?target=shelf_7)",,0.000289,0.0029,0.0
s30_off,99,d(item_7),move_to(?target=kitting_table_0),0.0,0.975563,0.9736,0.0
s30_off,100,d(item_4),move_to(?target=shelf_7),0.0,0.001206,0.0012,0.0
s30_off,100,d(item_6),move_to(?target=shelf_7),0.0,0.000295,0.001,0.0
s30_off,100,d(item_7),move_to(?target=kitting_table_0),0.0,0.09975,0.9948,20.0
s30_off,101,d(item_4),move_to(?target=shelf_7),40.0,0.001193,0.0096,20.0
s30_off,101,d(item_6),move_to(?target=shelf_7),40.0,0.000292,0.0023,20.0
s30_off,101,d(item_7),move_to(?target=kitting_table_0),-0.0,0.098709,0.9851,40.0
s30_off,102,d(item_4),move_to(?target=shelf_7),80.0,0.001196,0.0074,40.0
s30_off,102,d(item_6),move_to(?target=shelf_7),80.0,0.000293,0.0018,40.0
s30_off,102,d(item_7),move_to(?target=kitting_table_0),0.0,0.098977,0.9878,60.0
s30_off,103,d(item_4),move_to(?target=shelf_7),120.0,0.001199,0.0055,60.0
s30_off,103,d(item_6),move_to(?target=shelf_7),120.0,0.000294,0.0014,60.0
s30_off,103,d(item_7),move_to(?target=kitting_table_0),0.0,0.09921,0.9901,80.0
s30_off,104,d(item_4),move_to(?target=shelf_7),160.0,0.001201,0.004,80.0
s30_off,104,d(item_6),move_to(?target=shelf_7),160.0,0.000294,0.001,80.0
s30_off,104,d(item_7),move_to(?target=kitting_table_0),-0.0,0.099398,0.992,100.0
s30_off,105,d(item_4),move_to(?target=shelf_7),200.0,0.001203,0.0029,100.0
s30_off,105,d(item_6),move_to(?target=shelf_7),200.0,0.000295,0.001,100.0
s30_off,105,d(item_7),move_to(?target=kitting_table_0),0.0,0.099543,0.9931,120.0
s30_off,106,d(item_4),move_to(?target=shelf_7),240.0,0.001204,0.002,120.0
s30_off,106,d(item_6),move_to(?target=shelf_7),240.0,0.000295,0.001,120.0
s30_off,106,d(item_7),move_to(?target=kitting_table_0),0.0,0.099651,0.994,140.0
s30_off,107,d(item_4),move_to(?target=shelf_7),280.0,0.001205,0.0014,140.0
s30_off,107,d(item_6),move_to(?target=shelf_7),280.0,0.000295,0.001,140.0
s30_off,107,d(item_7),move_to(?target=kitting_table_0),-0.0,0.099728,0.9946,160.0
s30_off,108,d(item_4),move_to(?target=shelf_7),320.0,0.001206,0.001,160.0
s30_off,108,d(item_6),move_to(?target=shelf_7),320.0,0.000296,0.001,160.0
s30_off,108,d(item_7),move_to(?target=kitting_table_0),0.0,0.099783,0.995,180.0
s30_off,109,d(item_4),move_to(?target=shelf_7),360.0,0.001206,0.001,180.0
s30_off,109,d(item_6),move_to(?target=shelf_7),360.0,0.000296,0.001,180.0
s30_off,109,d(item_7),move_to(?target=kitting_table_0),0.0,0.09982,0.995,200.0
s30_off,110,d(item_4),move_to(?target=shelf_7),400.0,0.001207,0.001,200.0
s30_off,110,d(item_6),move_to(?target=shelf_7),400.0,0.000296,0.001,200.0
s30_off,110,d(item_7),move_to(?target=kitting_table_0),0.0,0.099846,0.995,220.0
s30_off,111,d(item_4),move_to(?target=shelf_7),440.0,0.001207,0.001,220.0
s30_off,111,d(item_6),move_to(?target=shelf_7),440.0,0.000296,0.001,220.0
s30_off,111,d(item_7),move_to(?target=kitting_table_0),-0.0,0.099864,0.995,240.0
s30_off,112,d(item_4),move_to(?target=shelf_7),480.0,0.001207,0.001,240.0
s30_off,112,d(item_6),move_to(?target=shelf_7),480.0,0.000296,0.001,240.0
s30_off,112,d(item_7),move_to(?target=kitting_table_0),0.0,0.099876,0.995,260.0
s30_off,113,d(item_4),move_to(?target=shelf_7),520.0,0.001207,0.001,260.0
s30_off,113,d(item_6),move_to(?target=shelf_7),520.0,0.000296,0.001,260.0
s30_off,113,d(item_7),move_to(?target=kitting_table_0),0.0,0.099884,0.995,280.0
s30_off,114,d(item_4),move_to(?target=shelf_7),560.0,0.001207,0.001,280.0
s30_off,114,d(item_6),move_to(?target=shelf_7),560.0,0.000296,0.001,280.0
s30_off,114,d(item_7),move_to(?target=kitting_table_0),0.0,0.099889,0.995,300.0
s30_off,115,d(item_4),move_to(?target=shelf_7),600.0,0.001207,0.001,300.0
s30_off,115,d(item_6),move_to(?target=shelf_7),600.0,0.000296,0.001,300.0
s30_off,115,d(item_7),move_to(?target=kitting_table_0),0.0,0.099893,0.995,320.0
s30_off,116,d(item_4),move_to(?target=shelf_7),640.0,0.001207,0.001,320.0
s30_off,116,d(item_6),move_to(?target=shelf_7),640.0,0.000296,0.001,320.0
s30_off,116,d(item_7),move_to(?target=kitting_table_0),-0.0,0.099895,0.995,340.0
s30_off,117,d(item_4),move_to(?target=shelf_7),680.0,0.001207,0.001,340.0
s30_off,117,d(item_6),move_to(?target=shelf_7),680.0,0.000296,0.001,340.0
s30_off,117,d(item_7),move_to(?target=kitting_table_0),0.0,0.099897,0.995,360.0
s30_off,118,d(item_4),move_to(?target=shelf_7),720.0,0.001207,0.001,360.0
s30_off,118,d(item_6),move_to(?target=shelf_7),720.0,0.000296,0.001,360.0
s30_off,118,d(item_7),move_to(?target=kitting_table_0),0.0,0.099898,0.995,380.0
s30_off,119,d(item_4),move_to(?target=shelf_7),760.0,0.000121,0.001,380.0
s30_off,119,d(item_6),move_to(?target=shelf_7),760.0,3e-05,0.001,380.0
s30_off,119,d(item_7),"place(?item=item_7,?target=kitting_table_0)",,0.09999,0.995,0.0
s30_off,120,d(item_4),move_to(?target=shelf_7),760.0,0.000121,0.001,380.0
s30_off,120,d(item_6),move_to(?target=shelf_7),760.0,3e-05,0.001,380.0
s30_off,120,d(item_7),"place(?item=item_7,?target=kitting_table_0)",,0.09999,0.995,0.0
s30_off,121,d(item_4),move_to(?target=item_4),0.0,0.333333,0.3323,0.0
s30_off,121,d(item_6),move_to(?target=item_6),0.0,0.333333,0.3323,0.0
s30_off,122,d(item_4),move_to(?target=item_4),0.0,0.333333,0.3323,0.0
s30_off,122,d(item_6),move_to(?target=item_6),0.0,0.333333,0.3323,0.0
s30_off,123,d(item_4),move_to(?target=item_4),0.0,0.333333,0.3323,0.0
s30_off,123,d(item_6),move_to(?target=item_6),0.0,0.333333,0.3323,0.0
s30_off,124,d(item_4),move_to(?target=item_4),0.0,0.333333,0.3323,0.0
s30_off,124,d(item_6),move_to(?target=item_6),0.0,0.333333,0.3323,0.0
s30_off,125,d(item_4),move_to(?target=item_4),0.0,0.333333,0.3323,0.0
s30_off,125,d(item_6),move_to(?target=item_6),0.0,0.333333,0.3323,0.0
s30_off,126,d(item_4),move_to(?target=item_4),0.0,0.333333,0.3323,0.0
s30_off,126,d(item_6),move_to(?target=item_6),0.0,0.333333,0.3323,0.0
s30_off,127,d(item_4),move_to(?target=item_4),0.0,0.333333,0.3323,0.0
s30_off,127,d(item_6),move_to(?target=item_6),0.0,0.333333,0.3323,0.0
s30_off,128,d(item_4),move_to(?target=item_4),0.0,0.333333,0.3323,0.0
s30_off,128,d(item_6),move_to(?target=item_6),0.0,0.333333,0.3323,0.0
s30_off,129,d(item_4),move_to(?target=item_4),0.0,0.333333,0.3323,0.0
s30_off,129,d(item_6),move_to(?target=item_6),0.0,0.333333,0.3323,0.0
s30_off,130,d(item_4),move_to(?target=item_4),0.0,0.333333,0.3323,0.0
s30_off,130,d(item_6),move_to(?target=item_6),0.0,0.333333,0.3323,0.0
s30_off,131,d(item_4),move_to(?target=item_4),0.0,0.333333,0.3323,0.0
s30_off,131,d(item_6),move_to(?target=item_6),0.0,0.333333,0.3323,0.0
s30_off,132,d(item_4),move_to(?target=item_4),0.0,0.333333,0.3323,0.0
s30_off,132,d(item_6),move_to(?target=item_6),0.0,0.333333,0.3323,0.0
s30_off,133,d(item_4),move_to(?target=item_4),0.0,0.333333,0.3323,0.0
s30_off,133,d(item_6),move_to(?target=item_6),0.0,0.333333,0.3323,0.0
s30_off,134,d(item_4),move_to(?target=item_4),0.0,0.333333,0.3323,0.0
s30_off,134,d(item_6),move_to(?target=item_6),0.0,0.333333,0.3323,0.0
s30_off,135,d(item_4),move_to(?target=item_4),0.0,0.333333,0.3323,0.0
s30_off,135,d(item_6),move_to(?target=item_6),0.0,0.333333,0.3323,0.0
s30_off,136,d(item_4),move_to(?target=item_4),0.0,0.333333,0.3323,0.0
s30_off,136,d(item_6),move_to(?target=item_6),0.0,0.333333,0.3323,0.0
s30_off,137,d(item_4),move_to(?target=item_4),0.0,0.333333,0.3323,0.0
s30_off,137,d(item_6),move_to(?target=item_6),0.0,0.333333,0.3323,0.0
s30_off,138,d(item_4),move_to(?target=item_4),0.0,0.333333,0.3323,0.0
s30_off,138,d(item_6),move_to(?target=item_6),0.0,0.333333,0.3323,0.0
s30_off,139,d(item_4),move_to(?target=item_4),0.0,0.333333,0.3323,0.0
s30_off,139,d(item_6),move_to(?target=item_6),0.0,0.333333,0.3323,0.0
s30_off,140,d(item_4),move_to(?target=item_4),0.0,0.333333,0.3323,0.0
s30_off,140,d(item_6),move_to(?target=item_6),0.0,0.333333,0.3323,0.0
s30_off,141,d(item_4),move_to(?target=item_4),0.0,0.333333,0.3323,0.0
s30_off,141,d(item_6),move_to(?target=item_6),0.0,0.333333,0.3323,0.0
s30_off,142,d(item_4),move_to(?target=item_4),0.0,0.333333,0.3323,0.0
s30_off,142,d(item_6),move_to(?target=item_6),0.0,0.333333,0.3323,0.0
s30_off,143,d(item_4),move_to(?target=item_4),0.0,0.333333,0.3323,0.0
s30_off,143,d(item_6),move_to(?target=item_6),0.0,0.333333,0.3323,0.0
s30_off,144,d(item_4),move_to(?target=item_4),0.0,0.333333,0.3323,0.0
s30_off,144,d(item_6),move_to(?target=item_6),0.0,0.333333,0.3323,0.0
s30_off,145,d(item_4),move_to(?target=item_4),0.0,0.333333,0.3323,0.0
s30_off,145,d(item_6),move_to(?target=item_6),0.0,0.333333,0.3323,0.0
s30_off,146,d(item_4),move_to(?target=item_4),0.0,0.333333,0.3323,0.0
s30_off,146,d(item_6),move_to(?target=item_6),0.0,0.333333,0.3323,0.0
s30_off,147,d(item_4),move_to(?target=item_4),0.0,0.333333,0.3323,0.0
s30_off,147,d(item_6),move_to(?target=item_6),0.0,0.333333,0.3323,0.0
s30_off,148,d(item_4),move_to(?target=item_4),0.0,0.333333,0.3323,0.0
s30_off,148,d(item_6),move_to(?target=item_6),0.0,0.333333,0.3323,0.0
s30_off,149,d(item_4),move_to(?target=item_4),0.0,0.333333,0.3323,0.0
s30_off,149,d(item_6),move_to(?target=item_6),0.0,0.333333,0.3323,0.0
s30_off,150,d(item_4),move_to(?target=item_4),0.0,0.333333,0.3323,0.0
s30_off,150,d(item_6),move_to(?target=item_6),0.0,0.333333,0.3323,0.0
s30_off,151,d(item_4),move_to(?target=item_4),0.0,0.333333,0.3323,0.0
s30_off,151,d(item_6),move_to(?target=item_6),0.0,0.333333,0.3323,0.0
s30_off,152,d(item_4),move_to(?target=item_4),0.0,0.333333,0.3323,0.0
s30_off,152,d(item_6),move_to(?target=item_6),0.0,0.333333,0.3323,0.0
s30_off,153,d(item_4),move_to(?target=item_4),0.0,0.333333,0.3323,0.0
s30_off,153,d(item_6),move_to(?target=item_6),0.0,0.333333,0.3323,0.0
s30_off,154,d(item_4),move_to(?target=item_4),0.0,0.333333,0.3323,0.0
s30_off,154,d(item_6),move_to(?target=item_6),0.0,0.333333,0.3323,0.0
s30_off,155,d(item_4),move_to(?target=item_4),0.0,0.333333,0.3323,0.0
s30_off,155,d(item_6),move_to(?target=item_6),0.0,0.333333,0.3323,0.0
s30_off,156,d(item_4),move_to(?target=item_4),0.0,0.333333,0.3323,0.0
s30_off,156,d(item_6),move_to(?target=item_6),0.0,0.333333,0.3323,0.0
s30_off,157,d(item_4),move_to(?target=item_4),0.0,0.333333,0.3323,0.0
s30_off,157,d(item_6),move_to(?target=item_6),0.0,0.333333,0.3323,0.0
s30_off,158,d(item_4),move_to(?target=item_4),0.0,0.333333,0.3323,0.0
s30_off,158,d(item_6),move_to(?target=item_6),0.0,0.333333,0.3323,0.0
s30_off,159,d(item_4),move_to(?target=item_4),0.0,0.333333,0.3323,0.0
s30_off,159,d(item_6),move_to(?target=item_6),0.0,0.333333,0.3323,0.0
s30_off,160,d(item_4),move_to(?target=item_4),0.0,0.333333,0.3323,0.0
s30_off,160,d(item_6),move_to(?target=item_6),0.0,0.333333,0.3323,0.0
s30_off,161,d(item_6),move_to(?target=item_6),0.0,0.5,0.498,0.0
s30_off,162,d(item_6),move_to(?target=item_6),0.0,0.5,0.498,0.0
s30_off,163,d(item_6),move_to(?target=item_6),0.0,0.5,0.498,0.0
s30_on,0,d(item_3),move_to(?target=item_3),-0.0,0.048225,0.4808,20.0
s30_on,0,d(item_7),move_to(?target=item_7),5.3,0.048225,0.4681,20.0
s30_on,1,d(item_3),move_to(?target=item_3),0.0,0.048879,0.4873,40.0
s30_on,1,d(item_7),move_to(?target=item_7),10.8,0.048879,0.4609,40.0
s30_on,2,d(item_3),move_to(?target=item_3),-0.0,0.049583,0.4943,60.0
s30_on,2,d(item_7),move_to(?target=item_7),16.7,0.049583,0.4532,60.0
s30_on,3,d(item_3),move_to(?target=item_3),0.0,0.050343,0.5019,80.0
s30_on,3,d(item_7),move_to(?target=item_7),22.8,0.050343,0.4449,80.0
s30_on,4,d(item_3),move_to(?target=item_3),-0.0,0.051163,0.5101,100.0
s30_on,4,d(item_7),move_to(?target=item_7),29.3,0.051163,0.4359,100.0
s30_on,5,d(item_3),move_to(?target=item_3),-0.0,0.052047,0.5189,120.0
s30_on,5,d(item_7),move_to(?target=item_7),36.1,0.052047,0.4262,120.0
s30_on,6,d(item_3),move_to(?target=item_3),0.0,0.053001,0.5284,140.0
s30_on,6,d(item_7),move_to(?target=item_7),43.3,0.053001,0.4157,140.0
s30_on,7,d(item_3),move_to(?target=item_3),0.0,0.054029,0.5387,160.0
s30_on,7,d(item_7),move_to(?target=item_7),50.9,0.054029,0.4045,160.0
s30_on,8,d(item_3),move_to(?target=item_3),0.0,0.055137,0.5497,180.0
s30_on,8,d(item_7),move_to(?target=item_7),58.9,0.055137,0.3923,180.0
s30_on,9,d(item_3),move_to(?target=item_3),-0.0,0.056327,0.5616,200.0
s30_on,9,d(item_7),move_to(?target=item_7),67.4,0.056327,0.3793,200.0
s30_on,10,d(item_3),move_to(?target=item_3),0.0,0.057603,0.5743,220.0
s30_on,10,d(item_7),move_to(?target=item_7),76.3,0.057603,0.3653,220.0
s30_on,11,d(item_3),move_to(?target=item_3),0.0,0.058968,0.5879,240.0
s30_on,11,d(item_7),move_to(?target=item_7),85.7,0.058968,0.3503,240.0
s30_on,12,d(item_3),move_to(?target=item_3),0.0,0.060423,0.6024,260.0
s30_on,12,d(item_7),move_to(?target=item_7),95.7,0.060423,0.3343,260.0
s30_on,13,d(item_3),move_to(?target=item_3),0.0,0.061965,0.6178,280.0
s30_on,13,d(item_7),move_to(?target=item_7),106.2,0.061965,0.3174,280.0
s30_on,14,d(item_3),move_to(?target=item_3),0.0,0.063592,0.634,300.0
s30_on,14,d(item_7),move_to(?target=item_7),117.3,0.063592,0.2996,300.0
s30_on,15,d(item_3),move_to(?target=item_3),0.0,0.065296,0.651,320.0
s30_on,15,d(item_7),move_to(?target=item_7),129.1,0.065296,0.2809,320.0
s30_on,16,d(item_3),move_to(?target=item_3),0.0,0.067067,0.6687,340.0
s30_on,16,d(item_7),move_to(?target=item_7),141.5,0.067067,0.2615,340.0
s30_on,17,d(item_3),move_to(?target=item_3),0.0,0.068892,0.6869,360.0
s30_on,17,d(item_7),move_to(?target=item_7),154.5,0.068892,0.2415,360.0
s30_on,18,d(item_3),move_to(?target=item_3),0.0,0.070753,0.7054,380.0
s30_on,18,d(item_7),move_to(?target=item_7),168.3,0.070753,0.2211,380.0
s30_on,19,d(item_3),move_to(?target=item_3),0.0,0.072628,0.7241,400.0
s30_on,19,d(item_7),move_to(?target=item_7),182.8,0.072628,0.2005,400.0
s30_on,20,d(item_3),move_to(?target=item_3),0.0,0.074494,0.7427,420.0
s30_on,20,d(item_7),move_to(?target=item_7),198.1,0.074494,0.18,420.0
s30_on,21,d(item_3),move_to(?target=item_3),0.0,0.076325,0.761,440.0
s30_on,21,d(item_7),move_to(?target=item_7),214.2,0.076325,0.1599,440.0
s30_on,22,d(item_3),move_to(?target=item_3),0.0,0.078095,0.7786,460.0
s30_on,22,d(item_7),move_to(?target=item_7),231.1,0.078095,0.1405,460.0
s30_on,23,d(item_3),move_to(?target=item_3),0.0,0.079779,0.7954,480.0
s30_on,23,d(item_7),move_to(?target=item_7),248.8,0.079779,0.1221,480.0
s30_on,24,d(item_3),move_to(?target=item_3),0.0,0.081355,0.8111,500.0
s30_on,24,d(item_7),move_to(?target=item_7),267.3,0.081355,0.1048,500.0
s30_on,25,d(item_3),move_to(?target=item_3),0.0,0.082805,0.8256,520.0
s30_on,25,d(item_7),move_to(?target=item_7),286.7,0.082805,0.0889,520.0
s30_on,26,d(item_3),move_to(?target=item_3),0.0,0.084116,0.8386,540.0
s30_on,26,d(item_7),move_to(?target=item_7),306.9,0.084116,0.0745,540.0
s30_on,27,d(item_3),move_to(?target=item_3),0.0,0.085282,0.8503,560.0
s30_on,27,d(item_7),move_to(?target=item_7),327.9,0.085282,0.0617,560.0
s30_on,28,d(item_3),move_to(?target=item_3),0.0,0.086301,0.8604,580.0
s30_on,28,d(item_7),move_to(?target=item_7),349.8,0.086301,0.0505,580.0
s30_on,29,d(item_3),move_to(?target=item_3),0.0,0.087178,0.8692,600.0
s30_on,29,d(item_7),move_to(?target=item_7),372.5,0.087178,0.0409,600.0
s30_on,30,d(item_3),move_to(?target=item_3),0.0,0.087921,0.8766,620.0
s30_on,30,d(item_7),move_to(?target=item_7),396.1,0.087921,0.0328,620.0
s30_on,31,d(item_3),move_to(?target=item_3),0.0,0.08854,0.8827,640.0
s30_on,31,d(item_7),move_to(?target=item_7),420.4,0.08854,0.026,640.0
s30_on,32,d(item_3),move_to(?target=item_3),0.0,0.089049,0.8878,660.0
s30_on,32,d(item_7),move_to(?target=item_7),445.5,0.089049,0.0204,660.0
s30_on,33,d(item_3),move_to(?target=item_3),0.0,0.089463,0.8919,680.0
s30_on,33,d(item_7),move_to(?target=item_7),471.4,0.089463,0.0159,680.0
s30_on,34,d(item_3),move_to(?target=item_3),0.0,0.089794,0.8952,700.0
s30_on,34,d(item_7),move_to(?target=item_7),497.9,0.089794,0.0122,700.0
s30_on,35,d(item_3),move_to(?target=item_3),0.0,0.090056,0.8979,720.0
s30_on,35,d(item_7),move_to(?target=item_7),525.2,0.090056,0.0094,720.0
s30_on,36,d(item_3),move_to(?target=item_3),0.0,0.090262,0.8999,740.0
s30_on,36,d(item_7),move_to(?target=item_7),553.2,0.090262,0.0071,740.0
s30_on,37,d(item_3),pick_up(?item=item_3),,0.098952,0.9861,0.0
s30_on,37,d(item_7),move_to(?target=item_7),581.7,0.009895,0.001,760.0
s30_on,38,d(item_3),pick_up(?item=item_3),,0.098952,0.9861,0.0
s30_on,38,d(item_7),move_to(?target=item_7),581.7,0.009895,0.001,760.0
s30_on,39,d(item_3),move_to(?target=kitting_table_0),0.0,0.984317,0.9814,0.0
s30_on,39,d(item_7),"place(?item=item_3,?target=shelf_3)",,0.000584,0.0058,0.0
s30_on,40,d(item_3),move_to(?target=kitting_table_0),0.0,0.984317,0.9814,0.0
s30_on,40,d(item_7),"place(?item=item_3,?target=shelf_3)",,0.000584,0.0058,0.0
s30_on,41,d(item_3),move_to(?target=kitting_table_0),-0.0,0.099841,0.995,20.0
s30_on,41,d(item_7),move_to(?target=shelf_3),0.0,0.000592,0.001,0.0
s30_on,42,d(item_3),move_to(?target=kitting_table_0),-0.0,0.099426,0.9913,40.0
s30_on,42,d(item_7),move_to(?target=shelf_3),39.7,0.00059,0.0047,20.0
s30_on,43,d(item_3),move_to(?target=kitting_table_0),-0.0,0.099533,0.9923,60.0
s30_on,43,d(item_7),move_to(?target=shelf_3),79.6,0.000591,0.0037,40.0
s30_on,44,d(item_3),move_to(?target=kitting_table_0),-0.0,0.099626,0.9933,80.0
s30_on,44,d(item_7),move_to(?target=shelf_3),119.5,0.000591,0.0027,60.0
s30_on,45,d(item_3),move_to(?target=kitting_table_0),-0.0,0.099701,0.994,100.0
s30_on,45,d(item_7),move_to(?target=shelf_3),159.4,0.000592,0.002,80.0
s30_on,46,d(item_3),move_to(?target=kitting_table_0),-0.0,0.099758,0.9946,120.0
s30_on,46,d(item_7),move_to(?target=shelf_3),199.4,0.000592,0.0014,100.0
s30_on,47,d(item_3),move_to(?target=kitting_table_0),-0.0,0.099801,0.995,140.0
s30_on,47,d(item_7),move_to(?target=shelf_3),239.3,0.000592,0.001,120.0
s30_on,48,d(item_3),move_to(?target=kitting_table_0),-0.0,0.099832,0.995,160.0
s30_on,48,d(item_7),move_to(?target=shelf_3),279.3,0.000592,0.001,140.0
s30_on,49,d(item_3),move_to(?target=kitting_table_0),-0.0,0.099853,0.995,180.0
s30_on,49,d(item_7),move_to(?target=shelf_3),319.3,0.000592,0.001,160.0
s30_on,50,d(item_3),move_to(?target=kitting_table_0),0.0,0.099868,0.995,200.0
s30_on,50,d(item_7),move_to(?target=shelf_3),359.3,0.000593,0.001,180.0
s30_on,51,d(item_3),move_to(?target=kitting_table_0),0.0,0.099879,0.995,220.0
s30_on,51,d(item_7),move_to(?target=shelf_3),399.3,0.000593,0.001,200.0
s30_on,52,d(item_3),move_to(?target=kitting_table_0),0.0,0.099886,0.995,240.0
s30_on,52,d(item_7),move_to(?target=shelf_3),439.3,0.000593,0.001,220.0
s30_on,53,d(item_3),move_to(?target=kitting_table_0),0.0,0.09989,0.995,260.0
s30_on,53,d(item_7),move_to(?target=shelf_3),479.2,0.000593,0.001,240.0
s30_on,54,d(item_3),move_to(?target=kitting_table_0),-0.0,0.099894,0.995,280.0
s30_on,54,d(item_7),move_to(?target=shelf_3),519.2,0.000593,0.001,260.0
s30_on,55,d(item_3),move_to(?target=kitting_table_0),-0.0,0.099896,0.995,300.0
s30_on,55,d(item_7),move_to(?target=shelf_3),559.2,0.000593,0.001,280.0
s30_on,56,d(item_3),move_to(?target=kitting_table_0),-0.0,0.099897,0.995,320.0
s30_on,56,d(item_7),move_to(?target=shelf_3),599.2,0.000593,0.001,300.0
s30_on,57,d(item_3),move_to(?target=kitting_table_0),0.0,0.099898,0.995,340.0
s30_on,57,d(item_7),move_to(?target=shelf_3),639.2,0.000593,0.001,320.0
s30_on,58,d(item_3),move_to(?target=kitting_table_0),-0.0,0.099899,0.995,360.0
s30_on,58,d(item_7),move_to(?target=shelf_3),679.2,0.000593,0.001,340.0
s30_on,59,d(item_3),move_to(?target=kitting_table_0),-0.0,0.099899,0.995,380.0
s30_on,59,d(item_7),move_to(?target=shelf_3),719.2,0.000593,0.001,360.0
s30_on,60,d(item_3),move_to(?target=kitting_table_0),0.0,0.0999,0.995,400.0
s30_on,60,d(item_7),move_to(?target=shelf_3),759.2,0.000593,0.001,380.0
s30_on,61,d(item_3),move_to(?target=kitting_table_0),-0.0,0.0999,0.995,420.0
s30_on,61,d(item_7),move_to(?target=shelf_3),799.2,0.000593,0.001,400.0
s30_on,62,d(item_3),move_to(?target=kitting_table_0),-0.0,0.0999,0.995,440.0
s30_on,62,d(item_7),move_to(?target=shelf_3),839.2,0.000593,0.001,420.0
s30_on,63,d(item_3),move_to(?target=kitting_table_0),0.0,0.0999,0.995,460.0
s30_on,63,d(item_7),move_to(?target=shelf_3),879.2,0.000593,0.001,440.0
s30_on,64,d(item_3),move_to(?target=kitting_table_0),-0.0,0.0999,0.995,480.0
s30_on,64,d(item_7),move_to(?target=shelf_3),919.2,0.000593,0.001,460.0
s30_on,65,d(item_3),move_to(?target=kitting_table_0),-0.0,0.0999,0.995,500.0
s30_on,65,d(item_7),move_to(?target=shelf_3),959.2,0.000593,0.001,480.0
s30_on,66,d(item_3),move_to(?target=kitting_table_0),-0.0,0.0999,0.995,520.0
s30_on,66,d(item_7),move_to(?target=shelf_3),999.2,0.000593,0.001,500.0
s30_on,67,d(item_3),move_to(?target=kitting_table_0),-0.0,0.0999,0.995,540.0
s30_on,67,d(item_7),move_to(?target=shelf_3),1039.2,0.000593,0.001,520.0
s30_on,68,d(item_3),move_to(?target=kitting_table_0),-0.0,0.0999,0.995,560.0
s30_on,68,d(item_7),move_to(?target=shelf_3),1079.2,0.000593,0.001,540.0
s30_on,69,d(item_3),move_to(?target=kitting_table_0),-0.0,0.0999,0.995,580.0
s30_on,69,d(item_7),move_to(?target=shelf_3),1119.2,0.000593,0.001,560.0
s30_on,70,d(item_3),move_to(?target=kitting_table_0),-0.0,0.0999,0.995,600.0
s30_on,70,d(item_7),move_to(?target=shelf_3),1159.2,0.000593,0.001,580.0
s30_on,71,d(item_3),move_to(?target=kitting_table_0),-0.0,0.0999,0.995,620.0
s30_on,71,d(item_7),move_to(?target=shelf_3),1199.2,0.000593,0.001,600.0
s30_on,72,d(item_3),"place(?item=item_3,?target=kitting_table_0)",,0.09999,0.995,0.0
s30_on,72,d(item_7),move_to(?target=shelf_3),1239.2,5.9e-05,0.001,620.0
s30_on,73,d(item_3),"place(?item=item_3,?target=kitting_table_0)",,0.09999,0.995,0.0
s30_on,73,d(item_7),move_to(?target=shelf_3),1239.2,5.9e-05,0.001,620.0
s30_on,74,d(item_7),move_to(?target=item_7),0.0,0.5,0.498,0.0
s30_on,75,d(item_7),move_to(?target=item_7),0.0,0.5,0.498,0.0
s30_on,76,d(item_7),move_to(?target=item_7),0.0,0.5,0.498,0.0
s30_on,77,d(item_7),move_to(?target=item_7),0.0,0.090909,0.9055,20.0
s30_on,78,d(item_7),move_to(?target=item_7),0.0,0.090909,0.9055,40.0
s30_on,79,d(item_7),move_to(?target=item_7),0.0,0.090909,0.9055,60.0
s30_on,80,d(item_7),move_to(?target=item_7),0.0,0.090909,0.9055,80.0
s30_on,81,d(item_7),move_to(?target=item_7),0.0,0.090909,0.9055,100.0
s30_on,82,d(item_7),move_to(?target=item_7),0.0,0.090909,0.9055,120.0
s30_on,83,d(item_7),move_to(?target=item_7),0.0,0.090909,0.9055,140.0
s30_on,84,d(item_7),move_to(?target=item_7),0.0,0.090909,0.9055,160.0
s30_on,85,d(item_7),move_to(?target=item_7),0.0,0.090909,0.9055,180.0
s30_on,86,d(item_7),move_to(?target=item_7),0.0,0.090909,0.9055,200.0
s30_on,87,d(item_7),move_to(?target=item_7),0.0,0.090909,0.9055,220.0
s30_on,88,d(item_7),move_to(?target=item_7),0.0,0.090909,0.9055,240.0
s30_on,89,d(item_7),move_to(?target=item_7),0.0,0.090909,0.9055,260.0
s30_on,90,d(item_7),move_to(?target=item_7),0.0,0.090909,0.9055,280.0
s30_on,91,d(item_7),move_to(?target=item_7),0.0,0.090909,0.9055,300.0
s30_on,92,d(item_7),move_to(?target=item_7),0.0,0.090909,0.9055,320.0
s30_on,93,d(item_7),move_to(?target=item_7),0.0,0.090909,0.9055,340.0
s30_on,94,d(item_7),move_to(?target=item_7),0.0,0.090909,0.9055,360.0
s30_on,95,d(item_7),move_to(?target=item_7),0.0,0.090909,0.9055,380.0
s30_on,96,d(item_7),pick_up(?item=item_7),,0.09901,0.9861,0.0
s30_on,97,d(item_7),pick_up(?item=item_7),,0.09901,0.9861,0.0
s30_on,98,d(item_7),move_to(?target=kitting_table_0),0.0,0.990099,0.9861,0.0
s30_on,99,d(item_7),move_to(?target=kitting_table_0),0.0,0.990099,0.9861,0.0
s30_on,100,d(item_7),move_to(?target=kitting_table_0),0.0,0.0999,0.995,20.0
s30_on,101,d(item_7),move_to(?target=kitting_table_0),-0.0,0.0999,0.995,40.0
s30_on,102,d(item_7),move_to(?target=kitting_table_0),0.0,0.0999,0.995,60.0
s30_on,103,d(item_7),move_to(?target=kitting_table_0),0.0,0.0999,0.995,80.0
s30_on,104,d(item_7),move_to(?target=kitting_table_0),-0.0,0.0999,0.995,100.0
s30_on,105,d(item_7),move_to(?target=kitting_table_0),0.0,0.0999,0.995,120.0
s30_on,106,d(item_7),move_to(?target=kitting_table_0),0.0,0.0999,0.995,140.0
s30_on,107,d(item_7),move_to(?target=kitting_table_0),-0.0,0.0999,0.995,160.0
s30_on,108,d(item_7),move_to(?target=kitting_table_0),0.0,0.0999,0.995,180.0
s30_on,109,d(item_7),move_to(?target=kitting_table_0),0.0,0.0999,0.995,200.0
s30_on,110,d(item_7),move_to(?target=kitting_table_0),0.0,0.0999,0.995,220.0
s30_on,111,d(item_7),move_to(?target=kitting_table_0),-0.0,0.0999,0.995,240.0
s30_on,112,d(item_7),move_to(?target=kitting_table_0),0.0,0.0999,0.995,260.0
s30_on,113,d(item_7),move_to(?target=kitting_table_0),0.0,0.0999,0.995,280.0
s30_on,114,d(item_7),move_to(?target=kitting_table_0),0.0,0.0999,0.995,300.0
s30_on,115,d(item_7),move_to(?target=kitting_table_0),0.0,0.0999,0.995,320.0
s30_on,116,d(item_7),move_to(?target=kitting_table_0),-0.0,0.0999,0.995,340.0
s30_on,117,d(item_7),move_to(?target=kitting_table_0),0.0,0.0999,0.995,360.0
s30_on,118,d(item_7),move_to(?target=kitting_table_0),0.0,0.0999,0.995,380.0
s30_on,119,d(item_7),"place(?item=item_7,?target=kitting_table_0)",,0.09999,0.995,0.0
s30_on,120,d(item_7),"place(?item=item_7,?target=kitting_table_0)",,0.09999,0.995,0.0
s40_off,0,ac,move_to(?target=ac_switch_0),37.5,0.0159,0.1295,20.0
s40_off,0,coffee,move_to(?target=coffee_machine_0),7.4,0.0159,0.1531,20.0
s40_off,0,d(item_3),move_to(?target=item_3),0.0,0.0159,0.159,20.0
s40_off,0,d(item_4),move_to(?target=item_4),30.8,0.0159,0.1347,20.0
s40_off,0,d(item_5),move_to(?target=item_5),24.3,0.0159,0.1397,20.0
s40_off,0,d(item_6),move_to(?target=item_6),27.3,0.0159,0.1375,20.0
s40_off,0,d(item_7),move_to(?target=item_7),36.2,0.0159,0.1306,20.0
s40_off,1,ac,move_to(?target=ac_switch_0),75.3,0.018149,0.1162,40.0
s40_off,1,coffee,move_to(?target=coffee_machine_0),15.1,0.018149,0.1678,40.0
s40_off,1,d(item_3),move_to(?target=item_3),0.0,0.018149,0.1815,40.0
s40_off,1,d(item_4),move_to(?target=item_4),62.0,0.018149,0.127,40.0
s40_off,1,d(item_5),move_to(?target=item_5),49.0,0.018149,0.1379,40.0
s40_off,1,d(item_6),move_to(?target=item_6),54.8,0.018149,0.133,40.0
s40_off,1,d(item_7),move_to(?target=item_7),72.5,0.018149,0.1184,40.0
s40_off,2,ac,move_to(?target=ac_switch_0),113.4,0.020856,0.1016,60.0
s40_off,2,coffee,move_to(?target=coffee_machine_0),23.1,0.020856,0.1846,60.0
s40_off,2,d(item_3),move_to(?target=item_3),0.0,0.020856,0.2086,60.0
s40_off,2,d(item_4),move_to(?target=item_4),93.4,0.020856,0.1177,60.0
s40_off,2,d(item_5),move_to(?target=item_5),73.9,0.020856,0.1348,60.0
s40_off,2,d(item_6),move_to(?target=item_6),82.7,0.020856,0.1269,60.0
s40_off,2,d(item_7),move_to(?target=item_7),109.0,0.020856,0.105,60.0
s40_off,3,ac,move_to(?target=ac_switch_0),151.6,0.024009,0.0865,80.0
s40_off,3,coffee,move_to(?target=coffee_machine_0),31.4,0.024009,0.2027,80.0
s40_off,3,d(item_3),move_to(?target=item_3),0.0,0.024009,0.2401,80.0
s40_off,3,d(item_4),move_to(?target=item_4),125.2,0.024009,0.1068,80.0
s40_off,3,d(item_5),move_to(?target=item_5),99.1,0.024009,0.13,80.0
s40_off,3,d(item_6),move_to(?target=item_6),110.9,0.024009,0.1191,80.0
s40_off,3,d(item_7),move_to(?target=item_7),145.6,0.024009,0.0908,80.0
s40_off,4,ac,move_to(?target=ac_switch_0),190.0,0.027557,0.0717,100.0
s40_off,4,coffee,move_to(?target=coffee_machine_0),40.1,0.027557,0.221,100.0
s40_off,4,d(item_3),move_to(?target=item_3),0.0,0.027557,0.2756,100.0
s40_off,4,d(item_4),move_to(?target=item_4),157.2,0.027557,0.0947,100.0
s40_off,4,d(item_5),move_to(?target=item_5),124.6,0.027557,0.1231,100.0
s40_off,4,d(item_6),move_to(?target=item_6),139.3,0.027557,0.1096,100.0
s40_off,4,d(item_7),move_to(?target=item_7),182.3,0.027557,0.0766,100.0
s40_off,5,ac,move_to(?target=ac_switch_0),228.6,0.031411,0.058,120.0
s40_off,5,coffee,move_to(?target=coffee_machine_0),49.2,0.031411,0.2384,120.0
s40_off,5,d(item_3),move_to(?target=item_3),0.0,0.031411,0.3141,120.0
s40_off,5,d(item_4),move_to(?target=item_4),189.5,0.031411,0.0821,120.0
s40_off,5,d(item_5),move_to(?target=item_5),150.4,0.031411,0.1142,120.0
s40_off,5,d(item_6),move_to(?target=item_6),168.1,0.031411,0.0986,120.0
s40_off,5,d(item_7),move_to(?target=item_7),219.2,0.031411,0.0631,120.0
s40_off,6,ac,move_to(?target=ac_switch_0),267.2,0.035457,0.0458,140.0
s40_off,6,coffee,move_to(?target=coffee_machine_0),58.6,0.035457,0.2535,140.0
s40_off,6,d(item_3),move_to(?target=item_3),0.0,0.035457,0.3546,140.0
s40_off,6,d(item_4),move_to(?target=item_4),222.1,0.035457,0.0694,140.0
s40_off,6,d(item_5),move_to(?target=item_5),176.5,0.035457,0.1037,140.0
s40_off,6,d(item_6),move_to(?target=item_6),197.1,0.035457,0.0867,140.0
s40_off,6,d(item_7),move_to(?target=item_7),256.2,0.035457,0.0508,140.0
s40_off,7,ac,move_to(?target=ac_switch_0),306.0,0.039574,0.0354,160.0
s40_off,7,coffee,move_to(?target=coffee_machine_0),68.5,0.039574,0.2653,160.0
s40_off,7,d(item_3),move_to(?target=item_3),0.0,0.039574,0.3957,160.0
s40_off,7,d(item_4),move_to(?target=item_4),255.0,0.039574,0.0573,160.0
s40_off,7,d(item_5),move_to(?target=item_5),202.8,0.039574,0.092,160.0
s40_off,7,d(item_6),move_to(?target=item_6),226.4,0.039574,0.0745,160.0
s40_off,7,d(item_7),move_to(?target=item_7),293.3,0.039574,0.04,160.0
s40_off,8,ac,move_to(?target=ac_switch_0),344.9,0.04365,0.0269,180.0
s40_off,8,coffee,move_to(?target=coffee_machine_0),78.7,0.04365,0.273,180.0
s40_off,8,d(item_3),move_to(?target=item_3),0.0,0.04365,0.4365,180.0
s40_off,8,d(item_4),move_to(?target=item_4),288.1,0.04365,0.0464,180.0
s40_off,8,d(item_5),move_to(?target=item_5),229.4,0.04365,0.08,180.0
s40_off,8,d(item_6),move_to(?target=item_6),256.0,0.04365,0.0627,180.0
s40_off,8,d(item_7),move_to(?target=item_7),330.5,0.04365,0.0309,180.0
s40_off,9,ac,move_to(?target=ac_switch_0),383.9,0.047599,0.02,200.0
s40_off,9,coffee,move_to(?target=coffee_machine_0),89.4,0.047599,0.2763,200.0
s40_off,9,d(item_3),move_to(?target=item_3),0.0,0.047599,0.476,200.0
s40_off,9,d(item_4),move_to(?target=item_4),321.4,0.047599,0.0368,200.0
s40_off,9,d(item_5),move_to(?target=item_5),256.3,0.047599,0.0681,200.0
s40_off,9,d(item_6),move_to(?target=item_6),285.8,0.047599,0.0517,200.0
s40_off,9,d(item_7),move_to(?target=item_7),367.8,0.047599,0.0235,200.0
s40_off,10,ac,move_to(?target=ac_switch_0),423.0,0.051364,0.0147,220.0
s40_off,10,coffee,move_to(?target=coffee_machine_0),100.6,0.051364,0.2751,220.0
s40_off,10,d(item_3),move_to(?target=item_3),0.0,0.051364,0.5136,220.0
s40_off,10,d(item_4),move_to(?target=item_4),354.9,0.051364,0.0287,220.0
s40_off,10,d(item_5),move_to(?target=item_5),283.4,0.051364,0.057,220.0
s40_off,10,d(item_6),move_to(?target=item_6),315.9,0.051364,0.0419,220.0
s40_off,10,d(item_7),move_to(?target=item_7),405.2,0.051364,0.0176,220.0
s40_off,11,ac,move_to(?target=ac_switch_0),462.1,0.054916,0.0107,240.0
s40_off,11,coffee,move_to(?target=coffee_machine_0),112.2,0.054916,0.2698,240.0
s40_off,11,d(item_3),move_to(?target=item_3),0.0,0.054916,0.5492,240.0
s40_off,11,d(item_4),move_to(?target=item_4),388.7,0.054916,0.0221,240.0
s40_off,11,d(item_5),move_to(?target=item_5),310.8,0.054916,0.047,240.0
s40_off,11,d(item_6),move_to(?target=item_6),346.2,0.054916,0.0334,240.0
s40_off,11,d(item_7),move_to(?target=item_7),442.7,0.054916,0.013,240.0
s40_off,12,ac,move_to(?target=ac_switch_0),501.3,0.058248,0.0077,260.0
s40_off,12,coffee,move_to(?target=coffee_machine_0),124.3,0.058248,0.2608,260.0
s40_off,12,d(item_3),move_to(?target=item_3),0.0,0.058248,0.5825,260.0
s40_off,12,d(item_4),move_to(?target=item_4),422.7,0.058248,0.0168,260.0
s40_off,12,d(item_5),move_to(?target=item_5),338.5,0.058248,0.0382,260.0
s40_off,12,d(item_6),move_to(?target=item_6),376.8,0.058248,0.0263,260.0
s40_off,12,d(item_7),move_to(?target=item_7),480.3,0.058248,0.0095,260.0
s40_off,13,ac,move_to(?target=ac_switch_0),540.6,0.061366,0.0055,280.0
s40_off,13,coffee,move_to(?target=coffee_machine_0),136.9,0.061366,0.2488,280.0
s40_off,13,d(item_3),move_to(?target=item_3),0.0,0.061366,0.6137,280.0
s40_off,13,d(item_4),move_to(?target=item_4),456.9,0.061366,0.0126,280.0
s40_off,13,d(item_5),move_to(?target=item_5),366.4,0.061366,0.0307,280.0
s40_off,13,d(item_6),move_to(?target=item_6),407.6,0.061366,0.0205,280.0
s40_off,13,d(item_7),move_to(?target=item_7),517.9,0.061366,0.0069,280.0
s40_off,14,ac,move_to(?target=ac_switch_0),579.9,0.064285,0.0039,300.0
s40_off,14,coffee,move_to(?target=coffee_machine_0),150.1,0.064285,0.2344,300.0
s40_off,14,d(item_3),move_to(?target=item_3),0.0,0.064285,0.6428,300.0
s40_off,14,d(item_4),move_to(?target=item_4),491.2,0.064285,0.0094,300.0
s40_off,14,d(item_5),move_to(?target=item_5),394.6,0.064285,0.0244,300.0
s40_off,14,d(item_6),move_to(?target=item_6),438.6,0.064285,0.0158,300.0
s40_off,14,d(item_7),move_to(?target=item_7),555.7,0.064285,0.0049,300.0
s40_off,15,ac,move_to(?target=ac_switch_0),619.3,0.067017,0.0027,320.0
s40_off,15,coffee,move_to(?target=coffee_machine_0),163.7,0.067017,0.2183,320.0
s40_off,15,d(item_3),move_to(?target=item_3),0.0,0.067017,0.6702,320.0
s40_off,15,d(item_4),move_to(?target=item_4),525.8,0.067017,0.0069,320.0
s40_off,15,d(item_5),move_to(?target=item_5),423.0,0.067017,0.0192,320.0
s40_off,15,d(item_6),move_to(?target=item_6),469.8,0.067017,0.0121,320.0
s40_off,15,d(item_7),move_to(?target=item_7),593.5,0.067017,0.0035,320.0
s40_off,16,ac,move_to(?target=ac_switch_0),658.6,0.069576,0.0019,340.0
s40_off,16,coffee,move_to(?target=coffee_machine_0),178.0,0.069576,0.2009,340.0
s40_off,16,d(item_3),move_to(?target=item_3),0.0,0.069576,0.6958,340.0
s40_off,16,d(item_4),move_to(?target=item_4),560.5,0.069576,0.0051,340.0
s40_off,16,d(item_5),move_to(?target=item_5),451.6,0.069576,0.0151,340.0
s40_off,16,d(item_6),move_to(?target=item_6),501.3,0.069576,0.0092,340.0
s40_off,16,d(item_7),move_to(?target=item_7),631.4,0.069576,0.0025,340.0
s40_off,17,ac,move_to(?target=ac_switch_0),698.1,0.07197,0.0013,360.0
s40_off,17,coffee,move_to(?target=coffee_machine_0),192.7,0.07197,0.1828,360.0
s40_off,17,d(item_3),move_to(?target=item_3),0.0,0.07197,0.7197,360.0
s40_off,17,d(item_4),move_to(?target=item_4),595.4,0.07197,0.0037,360.0
s40_off,17,d(item_5),move_to(?target=item_5),480.5,0.07197,0.0117,360.0
s40_off,17,d(item_6),move_to(?target=item_6),533.0,0.07197,0.0069,360.0
s40_off,17,d(item_7),move_to(?target=item_7),669.4,0.07197,0.0018,360.0
s40_off,18,ac,move_to(?target=ac_switch_0),737.5,0.074204,0.001,380.0
s40_off,18,coffee,move_to(?target=coffee_machine_0),208.1,0.074204,0.1646,380.0
s40_off,18,d(item_3),move_to(?target=item_3),0.0,0.074204,0.742,380.0
s40_off,18,d(item_4),move_to(?target=item_4),630.4,0.074204,0.0027,380.0
s40_off,18,d(item_5),move_to(?target=item_5),509.6,0.074204,0.009,380.0
s40_off,18,d(item_6),move_to(?target=item_6),564.9,0.074204,0.0052,380.0
s40_off,18,d(item_7),move_to(?target=item_7),707.4,0.074204,0.0013,380.0
s40_off,19,ac,move_to(?target=ac_switch_0),777.0,0.076277,0.001,400.0
s40_off,19,coffee,move_to(?target=coffee_machine_0),224.1,0.076277,0.1466,400.0
s40_off,19,d(item_3),move_to(?target=item_3),0.0,0.076277,0.7624,400.0
s40_off,19,d(item_4),move_to(?target=item_4),665.7,0.076277,0.002,400.0
s40_off,19,d(item_5),move_to(?target=item_5),538.9,0.076277,0.0069,400.0
s40_off,19,d(item_6),move_to(?target=item_6),597.0,0.076277,0.0039,400.0
s40_off,19,d(item_7),move_to(?target=item_7),745.5,0.076277,0.001,400.0
s40_off,20,ac,move_to(?target=ac_switch_0),816.6,0.07819,0.001,420.0
s40_off,20,coffee,move_to(?target=coffee_machine_0),240.7,0.07819,0.1291,420.0
s40_off,20,d(item_3),move_to(?target=item_3),0.0,0.07819,0.7812,420.0
s40_off,20,d(item_4),move_to(?target=item_4),701.0,0.07819,0.0014,420.0
s40_off,20,d(item_5),move_to(?target=item_5),568.4,0.07819,0.0053,420.0
s40_off,20,d(item_6),move_to(?target=item_6),629.2,0.07819,0.0029,420.0
s40_off,20,d(item_7),move_to(?target=item_7),783.6,0.07819,0.001,420.0
s40_off,21,ac,move_to(?target=ac_switch_0),856.1,0.079941,0.001,440.0
s40_off,21,coffee,move_to(?target=coffee_machine_0),257.9,0.079941,0.1126,440.0
s40_off,21,d(item_3),move_to(?target=item_3),0.0,0.079941,0.7984,440.0
s40_off,21,d(item_4),move_to(?target=item_4),736.5,0.079941,0.001,440.0
s40_off,21,d(item_5),move_to(?target=item_5),598.2,0.079941,0.004,440.0
s40_off,21,d(item_6),move_to(?target=item_6),661.7,0.079941,0.0021,440.0
s40_off,21,d(item_7),move_to(?target=item_7),821.8,0.079941,0.001,440.0
s40_off,22,ac,move_to(?target=ac_switch_0),895.7,0.081529,0.001,460.0
s40_off,22,coffee,move_to(?target=coffee_machine_0),275.7,0.081529,0.0972,460.0
s40_off,22,d(item_3),move_to(?target=item_3),0.0,0.081529,0.8139,460.0
s40_off,22,d(item_4),move_to(?target=item_4),772.2,0.081529,0.001,460.0
s40_off,22,d(item_5),move_to(?target=item_5),628.1,0.081529,0.003,460.0
s40_off,22,d(item_6),move_to(?target=item_6),694.4,0.081529,0.0016,460.0
s40_off,22,d(item_7),move_to(?target=item_7),860.1,0.081529,0.001,460.0
s40_off,23,ac,move_to(?target=ac_switch_0),935.3,0.082955,0.001,480.0
s40_off,23,coffee,move_to(?target=coffee_machine_0),294.2,0.082955,0.083,480.0
s40_off,23,d(item_3),move_to(?target=item_3),0.0,0.082955,0.8278,480.0
s40_off,23,d(item_4),move_to(?target=item_4),807.9,0.082955,0.001,480.0
s40_off,23,d(item_5),move_to(?target=item_5),658.3,0.082955,0.0023,480.0
s40_off,23,d(item_6),move_to(?target=item_6),727.2,0.082955,0.0011,480.0
s40_off,23,d(item_7),move_to(?target=item_7),898.4,0.082955,0.001,480.0
s40_off,24,ac,move_to(?target=ac_switch_0),974.9,0.084222,0.001,500.0
s40_off,24,coffee,move_to(?target=coffee_machine_0),313.3,0.084222,0.0702,500.0
s40_off,24,d(item_3),move_to(?target=item_3),0.0,0.084222,0.8401,500.0
s40_off,24,d(item_4),move_to(?target=item_4),843.8,0.084222,0.001,500.0
s40_off,24,d(item_5),move_to(?target=item_5),688.7,0.084222,0.0017,500.0
s40_off,24,d(item_6),move_to(?target=item_6),760.2,0.084222,0.001,500.0
s40_off,24,d(item_7),move_to(?target=item_7),936.8,0.084222,0.001,500.0
s40_off,25,ac,move_to(?target=ac_switch_0),1014.5,0.085336,0.001,520.0
s40_off,25,coffee,move_to(?target=coffee_machine_0),333.0,0.085336,0.0588,520.0
s40_off,25,d(item_3),move_to(?target=item_3),0.0,0.085336,0.8508,520.0
s40_off,25,d(item_4),move_to(?target=item_4),879.8,0.085336,0.001,520.0
s40_off,25,d(item_5),move_to(?target=item_5),719.3,0.085336,0.0013,520.0
s40_off,25,d(item_6),move_to(?target=item_6),793.4,0.085336,0.001,520.0
s40_off,25,d(item_7),move_to(?target=item_7),975.2,0.085336,0.001,520.0
s40_off,26,ac,move_to(?target=ac_switch_0),1054.2,0.086303,0.001,540.0
s40_off,26,coffee,move_to(?target=coffee_machine_0),353.3,0.086303,0.0488,540.0
s40_off,26,d(item_3),move_to(?target=item_3),0.0,0.086303,0.8602,540.0
s40_off,26,d(item_4),move_to(?target=item_4),916.0,0.086303,0.001,540.0
s40_off,26,d(item_5),move_to(?target=item_5),750.0,0.086303,0.001,540.0
s40_off,26,d(item_6),move_to(?target=item_6),826.7,0.086303,0.001,540.0
s40_off,26,d(item_7),move_to(?target=item_7),1013.6,0.086303,0.001,540.0
s40_off,27,ac,move_to(?target=ac_switch_0),1093.9,0.087134,0.001,560.0
s40_off,27,coffee,move_to(?target=coffee_machine_0),374.4,0.087134,0.0401,560.0
s40_off,27,d(item_3),move_to(?target=item_3),0.0,0.087134,0.8681,560.0
s40_off,27,d(item_4),move_to(?target=item_4),952.2,0.087134,0.001,560.0
s40_off,27,d(item_5),move_to(?target=item_5),781.0,0.087134,0.001,560.0
s40_off,27,d(item_6),move_to(?target=item_6),860.2,0.087134,0.001,560.0
s40_off,27,d(item_7),move_to(?target=item_7),1052.1,0.087134,0.001,560.0
s40_off,28,ac,move_to(?target=ac_switch_0),1133.6,0.08784,0.001,580.0
s40_off,28,coffee,move_to(?target=coffee_machine_0),396.0,0.08784,0.0327,580.0
s40_off,28,d(item_3),move_to(?target=item_3),0.0,0.08784,0.8748,580.0
s40_off,28,d(item_4),move_to(?target=item_4),988.6,0.08784,0.001,580.0
s40_off,28,d(item_5),move_to(?target=item_5),812.1,0.08784,0.001,580.0
s40_off,28,d(item_6),move_to(?target=item_6),893.8,0.08784,0.001,580.0
s40_off,28,d(item_7),move_to(?target=item_7),1090.7,0.08784,0.001,580.0
s40_off,29,ac,move_to(?target=ac_switch_0),1173.3,0.088434,0.001,600.0
s40_off,29,coffee,move_to(?target=coffee_machine_0),418.3,0.088434,0.0265,600.0
s40_off,29,d(item_3),move_to(?target=item_3),0.0,0.088434,0.8805,600.0
s40_off,29,d(item_4),move_to(?target=item_4),1025.1,0.088434,0.001,600.0
s40_off,29,d(item_5),move_to(?target=item_5),843.5,0.088434,0.001,600.0
s40_off,29,d(item_6),move_to(?target=item_6),927.6,0.088434,0.001,600.0
s40_off,29,d(item_7),move_to(?target=item_7),1129.3,0.088434,0.001,600.0
s40_off,30,ac,move_to(?target=ac_switch_0),1213.0,0.088928,0.001,620.0
s40_off,30,coffee,move_to(?target=coffee_machine_0),441.2,0.088928,0.0212,620.0
s40_off,30,d(item_3),move_to(?target=item_3),0.0,0.088928,0.8853,620.0
s40_off,30,d(item_4),move_to(?target=item_4),1061.6,0.088928,0.001,620.0
s40_off,30,d(item_5),move_to(?target=item_5),875.0,0.088928,0.001,620.0
s40_off,30,d(item_6),move_to(?target=item_6),961.6,0.088928,0.001,620.0
s40_off,30,d(item_7),move_to(?target=item_7),1167.9,0.088928,0.001,620.0
s40_off,31,ac,move_to(?target=ac_switch_0),1252.7,0.089335,0.001,640.0
s40_off,31,coffee,move_to(?target=coffee_machine_0),464.7,0.089335,0.0169,640.0
s40_off,31,d(item_3),move_to(?target=item_3),0.0,0.089335,0.8892,640.0
s40_off,31,d(item_4),move_to(?target=item_4),1098.3,0.089335,0.001,640.0
s40_off,31,d(item_5),move_to(?target=item_5),906.7,0.089335,0.001,640.0
s40_off,31,d(item_6),move_to(?target=item_6),995.6,0.089335,0.001,640.0
s40_off,31,d(item_7),move_to(?target=item_7),1206.5,0.089335,0.001,640.0
s40_off,32,ac,move_to(?target=ac_switch_0),1292.4,0.089667,0.001,660.0
s40_off,32,coffee,move_to(?target=coffee_machine_0),488.8,0.089667,0.0134,660.0
s40_off,32,d(item_3),move_to(?target=item_3),0.0,0.089667,0.8924,660.0
s40_off,32,d(item_4),move_to(?target=item_4),1135.0,0.089667,0.001,660.0
s40_off,32,d(item_5),move_to(?target=item_5),938.5,0.089667,0.001,660.0
s40_off,32,d(item_6),move_to(?target=item_6),1029.9,0.089667,0.001,660.0
s40_off,32,d(item_7),move_to(?target=item_7),1245.2,0.089667,0.001,660.0
s40_off,33,ac,move_to(?target=ac_switch_0),1332.2,0.089936,0.001,680.0
s40_off,33,coffee,move_to(?target=coffee_machine_0),513.5,0.089936,0.0105,680.0
s40_off,33,d(item_3),move_to(?target=item_3),0.0,0.089936,0.895,680.0
s40_off,33,d(item_4),move_to(?target=item_4),1171.9,0.089936,0.001,680.0
s40_off,33,d(item_5),move_to(?target=item_5),970.5,0.089936,0.001,680.0
s40_off,33,d(item_6),move_to(?target=item_6),1064.2,0.089936,0.001,680.0
s40_off,33,d(item_7),move_to(?target=item_7),1284.0,0.089936,0.001,680.0
s40_off,34,ac,move_to(?target=ac_switch_0),1371.9,0.090152,0.001,700.0
s40_off,34,coffee,move_to(?target=coffee_machine_0),538.8,0.090152,0.0082,700.0
s40_off,34,d(item_3),move_to(?target=item_3),0.0,0.090152,0.8971,700.0
s40_off,34,d(item_4),move_to(?target=item_4),1208.8,0.090152,0.001,700.0
s40_off,34,d(item_5),move_to(?target=item_5),1002.7,0.090152,0.001,700.0
s40_off,34,d(item_6),move_to(?target=item_6),1098.7,0.090152,0.001,700.0
s40_off,34,d(item_7),move_to(?target=item_7),1322.7,0.090152,0.001,700.0
s40_off,35,ac,move_to(?target=ac_switch_0),1411.7,0.090323,0.001,720.0
s40_off,35,coffee,move_to(?target=coffee_machine_0),564.7,0.090323,0.0063,720.0
s40_off,35,d(item_3),move_to(?target=item_3),0.0,0.090323,0.8988,720.0
s40_off,35,d(item_4),move_to(?target=item_4),1245.8,0.090323,0.001,720.0
s40_off,35,d(item_5),move_to(?target=item_5),1035.0,0.090323,0.001,720.0
s40_off,35,d(item_6),move_to(?target=item_6),1133.3,0.090323,0.001,720.0
s40_off,35,d(item_7),move_to(?target=item_7),1361.5,0.090323,0.001,720.0
s40_off,36,ac,move_to(?target=ac_switch_0),1451.5,0.090459,0.001,740.0
s40_off,36,coffee,move_to(?target=coffee_machine_0),591.1,0.090459,0.0049,740.0
s40_off,36,d(item_3),move_to(?target=item_3),0.0,0.090459,0.9001,740.0
s40_off,36,d(item_4),move_to(?target=item_4),1282.9,0.090459,0.001,740.0
s40_off,36,d(item_5),move_to(?target=item_5),1067.5,0.090459,0.001,740.0
s40_off,36,d(item_6),move_to(?target=item_6),1168.0,0.090459,0.001,740.0
s40_off,36,d(item_7),move_to(?target=item_7),1400.4,0.090459,0.001,740.0
s40_off,37,ac,move_to(?target=ac_switch_0),1491.3,0.090565,0.001,760.0
s40_off,37,coffee,move_to(?target=coffee_machine_0),618.0,0.090565,0.0037,760.0
s40_off,37,d(item_3),move_to(?target=item_3),0.0,0.090565,0.9012,760.0
s40_off,37,d(item_4),move_to(?target=item_4),1320.1,0.090565,0.001,760.0
s40_off,37,d(item_5),move_to(?target=item_5),1100.2,0.090565,0.001,760.0
s40_off,37,d(item_6),move_to(?target=item_6),1202.9,0.090565,0.001,760.0
s40_off,37,d(item_7),move_to(?target=item_7),1439.2,0.090565,0.001,760.0
s40_off,38,ac,move_to(?target=ac_switch_0),1531.1,0.090647,0.001,780.0
s40_off,38,coffee,move_to(?target=coffee_machine_0),645.5,0.090647,0.0028,780.0
s40_off,38,d(item_3),move_to(?target=item_3),0.0,0.090647,0.902,780.0
s40_off,38,d(item_4),move_to(?target=item_4),1357.3,0.090647,0.001,780.0
s40_off,38,d(item_5),move_to(?target=item_5),1132.9,0.090647,0.001,780.0
s40_off,38,d(item_6),move_to(?target=item_6),1237.8,0.090647,0.001,780.0
s40_off,38,d(item_7),move_to(?target=item_7),1478.1,0.090647,0.001,780.0
s40_off,39,ac,move_to(?target=ac_switch_0),1570.9,0.090711,0.001,800.0
s40_off,39,coffee,move_to(?target=coffee_machine_0),673.4,0.090711,0.0021,800.0
s40_off,39,d(item_3),move_to(?target=item_3),0.0,0.090711,0.9026,800.0
s40_off,39,d(item_4),move_to(?target=item_4),1394.6,0.090711,0.001,800.0
s40_off,39,d(item_5),move_to(?target=item_5),1165.9,0.090711,0.001,800.0
s40_off,39,d(item_6),move_to(?target=item_6),1272.9,0.090711,0.001,800.0
s40_off,39,d(item_7),move_to(?target=item_7),1517.0,0.090711,0.001,800.0
s40_off,40,ac,move_to(?target=ac_switch_0),1610.7,0.09076,0.001,820.0
s40_off,40,coffee,move_to(?target=coffee_machine_0),701.9,0.09076,0.0016,820.0
s40_off,40,d(item_3),move_to(?target=item_3),0.0,0.09076,0.9031,820.0
s40_off,40,d(item_4),move_to(?target=item_4),1432.0,0.09076,0.001,820.0
s40_off,40,d(item_5),move_to(?target=item_5),1199.0,0.09076,0.001,820.0
s40_off,40,d(item_6),move_to(?target=item_6),1308.1,0.09076,0.001,820.0
s40_off,40,d(item_7),move_to(?target=item_7),1555.9,0.09076,0.001,820.0
s40_off,41,ac,move_to(?target=ac_switch_0),1650.5,0.090797,0.001,840.0
s40_off,41,coffee,move_to(?target=coffee_machine_0),730.8,0.090797,0.0012,840.0
s40_off,41,d(item_3),move_to(?target=item_3),0.0,0.090797,0.9035,840.0
s40_off,41,d(item_4),move_to(?target=item_4),1469.4,0.090797,0.001,840.0
s40_off,41,d(item_5),move_to(?target=item_5),1232.2,0.090797,0.001,840.0
s40_off,41,d(item_6),move_to(?target=item_6),1343.4,0.090797,0.001,840.0
s40_off,41,d(item_7),move_to(?target=item_7),1594.9,0.090797,0.001,840.0
s40_off,42,ac,move_to(?target=ac_switch_0),1690.3,0.090826,0.001,860.0
s40_off,42,coffee,move_to(?target=coffee_machine_0),760.2,0.090826,0.001,860.0
s40_off,42,d(item_3),move_to(?target=item_3),0.0,0.090826,0.9037,860.0
s40_off,42,d(item_4),move_to(?target=item_4),1506.9,0.090826,0.001,860.0
s40_off,42,d(item_5),move_to(?target=item_5),1265.5,0.090826,0.001,860.0
s40_off,42,d(item_6),move_to(?target=item_6),1378.8,0.090826,0.001,860.0
s40_off,42,d(item_7),move_to(?target=item_7),1633.9,0.090826,0.001,860.0
s40_off,43,ac,move_to(?target=ac_switch_0),1730.1,0.090847,0.001,880.0
s40_off,43,coffee,move_to(?target=coffee_machine_0),790.0,0.090847,0.001,880.0
s40_off,43,d(item_3),move_to(?target=item_3),0.0,0.090847,0.9037,880.0
s40_off,43,d(item_4),move_to(?target=item_4),1544.5,0.090847,0.001,880.0
s40_off,43,d(item_5),move_to(?target=item_5),1299.0,0.090847,0.001,880.0
s40_off,43,d(item_6),move_to(?target=item_6),1414.3,0.090847,0.001,880.0
s40_off,43,d(item_7),move_to(?target=item_7),1672.9,0.090847,0.001,880.0
s40_off,44,ac,move_to(?target=ac_switch_0),1770.0,0.090863,0.001,900.0
s40_off,44,coffee,move_to(?target=coffee_machine_0),820.2,0.090863,0.001,900.0
s40_off,44,d(item_3),move_to(?target=item_3),0.0,0.090863,0.9037,900.0
s40_off,44,d(item_4),move_to(?target=item_4),1582.1,0.090863,0.001,900.0
s40_off,44,d(item_5),move_to(?target=item_5),1332.6,0.090863,0.001,900.0
s40_off,44,d(item_6),move_to(?target=item_6),1449.9,0.090863,0.001,900.0
s40_off,44,d(item_7),move_to(?target=item_7),1712.0,0.090863,0.001,900.0
s40_off,45,ac,move_to(?target=ac_switch_0),1809.8,0.090875,0.001,920.0
s40_off,45,coffee,move_to(?target=coffee_machine_0),850.8,0.090875,0.001,920.0
s40_off,45,d(item_3),move_to(?target=item_3),0.0,0.090875,0.9037,920.0
s40_off,45,d(item_4),move_to(?target=item_4),1619.8,0.090875,0.001,920.0
s40_off,45,d(item_5),move_to(?target=item_5),1366.3,0.090875,0.001,920.0
s40_off,45,d(item_6),move_to(?target=item_6),1485.5,0.090875,0.001,920.0
s40_off,45,d(item_7),move_to(?target=item_7),1751.0,0.090875,0.001,920.0
s40_off,46,ac,move_to(?target=ac_switch_0),1849.7,0.090884,0.001,940.0
s40_off,46,coffee,move_to(?target=coffee_machine_0),881.8,0.090884,0.001,940.0
s40_off,46,d(item_3),move_to(?target=item_3),0.0,0.090884,0.9037,940.0
s40_off,46,d(item_4),move_to(?target=item_4),1657.6,0.090884,0.001,940.0
s40_off,46,d(item_5),move_to(?target=item_5),1400.2,0.090884,0.001,940.0
s40_off,46,d(item_6),move_to(?target=item_6),1521.3,0.090884,0.001,940.0
s40_off,46,d(item_7),move_to(?target=item_7),1790.1,0.090884,0.001,940.0
s40_off,47,ac,move_to(?target=ac_switch_0),1889.5,0.090891,0.001,960.0
s40_off,47,coffee,move_to(?target=coffee_machine_0),913.2,0.090891,0.001,960.0
s40_off,47,d(item_3),move_to(?target=item_3),0.0,0.090891,0.9037,960.0
s40_off,47,d(item_4),move_to(?target=item_4),1695.4,0.090891,0.001,960.0
s40_off,47,d(item_5),move_to(?target=item_5),1434.1,0.090891,0.001,960.0
s40_off,47,d(item_6),move_to(?target=item_6),1557.2,0.090891,0.001,960.0
s40_off,47,d(item_7),move_to(?target=item_7),1829.2,0.090891,0.001,960.0
s40_off,48,ac,move_to(?target=ac_switch_0),1929.4,0.090896,0.001,980.0
s40_off,48,coffee,move_to(?target=coffee_machine_0),944.9,0.090896,0.001,980.0
s40_off,48,d(item_3),move_to(?target=item_3),0.0,0.090896,0.9037,980.0
s40_off,48,d(item_4),move_to(?target=item_4),1733.2,0.090896,0.001,980.0
s40_off,48,d(item_5),move_to(?target=item_5),1468.2,0.090896,0.001,980.0
s40_off,48,d(item_6),move_to(?target=item_6),1593.1,0.090896,0.001,980.0
s40_off,48,d(item_7),move_to(?target=item_7),1868.3,0.090896,0.001,980.0
s40_off,49,ac,move_to(?target=ac_switch_0),1969.2,0.0909,0.001,1000.0
s40_off,49,coffee,move_to(?target=coffee_machine_0),976.9,0.0909,0.001,1000.0
s40_off,49,d(item_3),move_to(?target=item_3),0.0,0.0909,0.9037,1000.0
s40_off,49,d(item_4),move_to(?target=item_4),1771.1,0.0909,0.001,1000.0
s40_off,49,d(item_5),move_to(?target=item_5),1502.4,0.0909,0.001,1000.0
s40_off,49,d(item_6),move_to(?target=item_6),1629.2,0.0909,0.001,1000.0
s40_off,49,d(item_7),move_to(?target=item_7),1907.5,0.0909,0.001,1000.0
s40_off,50,ac,move_to(?target=ac_switch_0),2009.1,0.090902,0.001,1020.0
s40_off,50,coffee,move_to(?target=coffee_machine_0),1009.3,0.090902,0.001,1020.0
s40_off,50,d(item_3),move_to(?target=item_3),0.0,0.090902,0.9037,1020.0
s40_off,50,d(item_4),move_to(?target=item_4),1809.0,0.090902,0.001,1020.0
s40_off,50,d(item_5),move_to(?target=item_5),1536.7,0.090902,0.001,1020.0
s40_off,50,d(item_6),move_to(?target=item_6),1665.3,0.090902,0.001,1020.0
s40_off,50,d(item_7),move_to(?target=item_7),1946.6,0.090902,0.001,1020.0
s40_off,51,ac,move_to(?target=ac_switch_0),2049.0,0.090904,0.001,1040.0
s40_off,51,coffee,move_to(?target=coffee_machine_0),1042.0,0.090904,0.001,1040.0
s40_off,51,d(item_3),move_to(?target=item_3),0.0,0.090904,0.9037,1040.0
s40_off,51,d(item_4),move_to(?target=item_4),1847.0,0.090904,0.001,1040.0
s40_off,51,d(item_5),move_to(?target=item_5),1571.1,0.090904,0.001,1040.0
s40_off,51,d(item_6),move_to(?target=item_6),1701.5,0.090904,0.001,1040.0
s40_off,51,d(item_7),move_to(?target=item_7),1985.8,0.090904,0.001,1040.0
s40_off,52,ac,move_to(?target=ac_switch_0),2088.8,0.090906,0.001,1060.0
s40_off,52,coffee,move_to(?target=coffee_machine_0),1074.9,0.090906,0.001,1060.0
s40_off,52,d(item_3),move_to(?target=item_3),0.0,0.090906,0.9037,1060.0
s40_off,52,d(item_4),move_to(?target=item_4),1885.1,0.090906,0.001,1060.0
s40_off,52,d(item_5),move_to(?target=item_5),1605.7,0.090906,0.001,1060.0
s40_off,52,d(item_6),move_to(?target=item_6),1737.7,0.090906,0.001,1060.0
s40_off,52,d(item_7),move_to(?target=item_7),2025.0,0.090906,0.001,1060.0
s40_off,53,ac,move_to(?target=ac_switch_0),2128.7,0.090907,0.001,1080.0
s40_off,53,coffee,move_to(?target=coffee_machine_0),1108.1,0.090907,0.001,1080.0
s40_off,53,d(item_3),move_to(?target=item_3),0.0,0.090907,0.9037,1080.0
s40_off,53,d(item_4),move_to(?target=item_4),1923.2,0.090907,0.001,1080.0
s40_off,53,d(item_5),move_to(?target=item_5),1640.3,0.090907,0.001,1080.0
s40_off,53,d(item_6),move_to(?target=item_6),1774.1,0.090907,0.001,1080.0
s40_off,53,d(item_7),move_to(?target=item_7),2064.2,0.090907,0.001,1080.0
s40_off,54,ac,move_to(?target=ac_switch_0),2168.6,0.090907,0.001,1100.0
s40_off,54,coffee,move_to(?target=coffee_machine_0),1141.6,0.090907,0.001,1100.0
s40_off,54,d(item_3),move_to(?target=item_3),0.0,0.090907,0.9037,1100.0
s40_off,54,d(item_4),move_to(?target=item_4),1961.3,0.090907,0.001,1100.0
s40_off,54,d(item_5),move_to(?target=item_5),1675.0,0.090907,0.001,1100.0
s40_off,54,d(item_6),move_to(?target=item_6),1810.5,0.090907,0.001,1100.0
s40_off,54,d(item_7),move_to(?target=item_7),2103.4,0.090907,0.001,1100.0
s40_off,55,ac,move_to(?target=ac_switch_0),2208.5,0.090908,0.001,1120.0
s40_off,55,coffee,move_to(?target=coffee_machine_0),1175.4,0.090908,0.001,1120.0
s40_off,55,d(item_3),move_to(?target=item_3),0.0,0.090908,0.9037,1120.0
s40_off,55,d(item_4),move_to(?target=item_4),1999.5,0.090908,0.001,1120.0
s40_off,55,d(item_5),move_to(?target=item_5),1709.8,0.090908,0.001,1120.0
s40_off,55,d(item_6),move_to(?target=item_6),1847.0,0.090908,0.001,1120.0
s40_off,55,d(item_7),move_to(?target=item_7),2142.7,0.090908,0.001,1120.0
s40_off,56,ac,move_to(?target=ac_switch_0),2248.4,0.090908,0.001,1140.0
s40_off,56,coffee,move_to(?target=coffee_machine_0),1209.4,0.090908,0.001,1140.0
s40_off,56,d(item_3),move_to(?target=item_3),0.0,0.090908,0.9037,1140.0
s40_off,56,d(item_4),move_to(?target=item_4),2037.7,0.090908,0.001,1140.0
s40_off,56,d(item_5),move_to(?target=item_5),1744.8,0.090908,0.001,1140.0
s40_off,56,d(item_6),move_to(?target=item_6),1883.6,0.090908,0.001,1140.0
s40_off,56,d(item_7),move_to(?target=item_7),2181.9,0.090908,0.001,1140.0
s40_off,57,ac,move_to(?target=ac_switch_0),2288.2,0.090908,0.001,1160.0
s40_off,57,coffee,move_to(?target=coffee_machine_0),1243.6,0.090908,0.001,1160.0
s40_off,57,d(item_3),move_to(?target=item_3),0.0,0.090908,0.9037,1160.0
s40_off,57,d(item_4),move_to(?target=item_4),2075.9,0.090908,0.001,1160.0
s40_off,57,d(item_5),move_to(?target=item_5),1779.8,0.090908,0.001,1160.0
s40_off,57,d(item_6),move_to(?target=item_6),1920.2,0.090908,0.001,1160.0
s40_off,57,d(item_7),move_to(?target=item_7),2221.2,0.090908,0.001,1160.0
s40_off,58,ac,move_to(?target=ac_switch_0),2328.1,0.009901,0.001,1180.0
s40_off,58,coffee,move_to(?target=coffee_machine_0),1278.0,0.009901,0.001,1180.0
s40_off,58,d(item_3),pick_up(?item=item_3),,0.09901,0.9842,0.0
s40_off,58,d(item_4),move_to(?target=item_4),2114.2,0.009901,0.001,1180.0
s40_off,58,d(item_5),move_to(?target=item_5),1814.9,0.009901,0.001,1180.0
s40_off,58,d(item_6),move_to(?target=item_6),1956.9,0.009901,0.001,1180.0
s40_off,58,d(item_7),move_to(?target=item_7),2260.5,0.009901,0.001,1180.0
s40_off,59,ac,move_to(?target=ac_switch_0),2328.1,0.009901,0.001,1180.0
s40_off,59,coffee,move_to(?target=coffee_machine_0),1278.0,0.009901,0.001,1180.0
s40_off,59,d(item_3),pick_up(?item=item_3),,0.09901,0.9842,0.0
s40_off,59,d(item_4),move_to(?target=item_4),2114.2,0.009901,0.001,1180.0
s40_off,59,d(item_5),move_to(?target=item_5),1814.9,0.009901,0.001,1180.0
s40_off,59,d(item_6),move_to(?target=item_6),1956.9,0.009901,0.001,1180.0
s40_off,59,d(item_7),move_to(?target=item_7),2260.5,0.009901,0.001,1180.0
s40_off,60,ac,move_to(?target=ac_switch_0),2328.1,0.009901,0.001,1180.0
s40_off,60,coffee,move_to(?target=coffee_machine_0),1278.0,0.009901,0.001,1180.0
s40_off,60,d(item_3),move_to(?target=kitting_table_0),0.0,0.990098,0.9842,0.0
s40_off,60,d(item_4),"place(?item=item_3,?target=shelf_3)",,0.0,0.001,0.0
s40_off,60,d(item_5),"place(?item=item_3,?target=shelf_3)",,0.0,0.001,0.0
s40_off,60,d(item_6),"place(?item=item_3,?target=shelf_3)",,0.0,0.001,0.0
s40_off,60,d(item_7),"place(?item=item_3,?target=shelf_3)",,0.0,0.001,0.0
s40_off,61,ac,move_to(?target=ac_switch_0),2328.1,0.009901,0.001,1180.0
s40_off,61,coffee,move_to(?target=coffee_machine_0),1278.0,0.009901,0.001,1180.0
s40_off,61,d(item_3),move_to(?target=kitting_table_0),0.0,0.990098,0.9842,0.0
s40_off,61,d(item_4),"place(?item=item_3,?target=shelf_3)",,0.0,0.001,0.0
s40_off,61,d(item_5),"place(?item=item_3,?target=shelf_3)",,0.0,0.001,0.0
s40_off,61,d(item_6),"place(?item=item_3,?target=shelf_3)",,0.0,0.001,0.0
s40_off,61,d(item_7),"place(?item=item_3,?target=shelf_3)",,0.0,0.001,0.0
s40_off,62,ac,move_to(?target=ac_switch_0),2328.3,0.000999,0.001,1200.0
s40_off,62,coffee,move_to(?target=coffee_machine_0),1283.7,0.000999,0.001,1200.0
s40_off,62,d(item_3),move_to(?target=kitting_table_0),0.0,0.0999,0.993,20.0
s40_off,62,d(item_4),move_to(?target=shelf_3),0.0,0.0,0.001,0.0
s40_off,62,d(item_5),move_to(?target=shelf_3),0.0,0.0,0.001,0.0
s40_off,62,d(item_6),move_to(?target=shelf_3),0.0,0.0,0.001,0.0
s40_off,62,d(item_7),move_to(?target=shelf_3),0.0,0.0,0.001,0.0
s40_off,63,ac,move_to(?target=ac_switch_0),2328.4,0.000999,0.001,1220.0
s40_off,63,coffee,move_to(?target=coffee_machine_0),1289.5,0.000999,0.001,1220.0
s40_off,63,d(item_3),move_to(?target=kitting_table_0),0.0,0.0999,0.993,40.0
s40_off,63,d(item_4),move_to(?target=shelf_3),40.0,0.0,0.001,20.0
s40_off,63,d(item_5),move_to(?target=shelf_3),40.0,0.0,0.001,20.0
s40_off,63,d(item_6),move_to(?target=shelf_3),40.0,0.0,0.001,20.0
s40_off,63,d(item_7),move_to(?target=shelf_3),40.0,0.0,0.001,20.0
s40_off,64,ac,move_to(?target=ac_switch_0),2328.5,0.000999,0.001,1240.0
s40_off,64,coffee,move_to(?target=coffee_machine_0),1295.6,0.000999,0.001,1240.0
s40_off,64,d(item_3),move_to(?target=kitting_table_0),0.0,0.0999,0.993,60.0
s40_off,64,d(item_4),move_to(?target=shelf_3),80.0,0.0,0.001,40.0
s40_off,64,d(item_5),move_to(?target=shelf_3),80.0,0.0,0.001,40.0
s40_off,64,d(item_6),move_to(?target=shelf_3),80.0,0.0,0.001,40.0
s40_off,64,d(item_7),move_to(?target=shelf_3),80.0,0.0,0.001,40.0
s40_off,65,ac,move_to(?target=ac_switch_0),2328.6,0.000999,0.001,1260.0
s40_off,65,coffee,move_to(?target=coffee_machine_0),1302.0,0.000999,0.001,1260.0
s40_off,65,d(item_3),move_to(?target=kitting_table_0),0.0,0.0999,0.993,80.0
s40_off,65,d(item_4),move_to(?target=shelf_3),120.0,0.0,0.001,60.0
s40_off,65,d(item_5),move_to(?target=shelf_3),120.0,0.0,0.001,60.0
s40_off,65,d(item_6),move_to(?target=shelf_3),120.0,0.0,0.001,60.0
s40_off,65,d(item_7),move_to(?target=shelf_3),120.0,0.0,0.001,60.0
s40_off,66,ac,move_to(?target=ac_switch_0),2328.8,0.000999,0.001,1280.0
s40_off,66,coffee,move_to(?target=coffee_machine_0),1308.6,0.000999,0.001,1280.0
s40_off,66,d(item_3),move_to(?target=kitting_table_0),0.0,0.0999,0.993,100.0
s40_off,66,d(item_4),move_to(?target=shelf_3),160.0,0.0,0.001,80.0
s40_off,66,d(item_5),move_to(?target=shelf_3),160.0,0.0,0.001,80.0
s40_off,66,d(item_6),move_to(?target=shelf_3),160.0,0.0,0.001,80.0
s40_off,66,d(item_7),move_to(?target=shelf_3),160.0,0.0,0.001,80.0
s40_off,67,ac,move_to(?target=ac_switch_0),2328.9,0.000999,0.001,1300.0
s40_off,67,coffee,move_to(?target=coffee_machine_0),1315.4,0.000999,0.001,1300.0
s40_off,67,d(item_3),move_to(?target=kitting_table_0),0.0,0.0999,0.993,120.0
s40_off,67,d(item_4),move_to(?target=shelf_3),200.0,0.0,0.001,100.0
s40_off,67,d(item_5),move_to(?target=shelf_3),200.0,0.0,0.001,100.0
s40_off,67,d(item_6),move_to(?target=shelf_3),200.0,0.0,0.001,100.0
s40_off,67,d(item_7),move_to(?target=shelf_3),200.0,0.0,0.001,100.0
s40_off,68,ac,move_to(?target=ac_switch_0),2329.1,0.000999,0.001,1320.0
s40_off,68,coffee,move_to(?target=coffee_machine_0),1322.6,0.000999,0.001,1320.0
s40_off,68,d(item_3),move_to(?target=kitting_table_0),0.0,0.0999,0.993,140.0
s40_off,68,d(item_4),move_to(?target=shelf_3),240.0,0.0,0.001,120.0
s40_off,68,d(item_5),move_to(?target=shelf_3),240.0,0.0,0.001,120.0
s40_off,68,d(item_6),move_to(?target=shelf_3),240.0,0.0,0.001,120.0
s40_off,68,d(item_7),move_to(?target=shelf_3),240.0,0.0,0.001,120.0
s40_off,69,ac,move_to(?target=ac_switch_0),2329.2,0.000999,0.001,1340.0
s40_off,69,coffee,move_to(?target=coffee_machine_0),1330.0,0.000999,0.001,1340.0
s40_off,69,d(item_3),move_to(?target=kitting_table_0),0.0,0.0999,0.993,160.0
s40_off,69,d(item_4),move_to(?target=shelf_3),280.0,0.0,0.001,140.0
s40_off,69,d(item_5),move_to(?target=shelf_3),280.0,0.0,0.001,140.0
s40_off,69,d(item_6),move_to(?target=shelf_3),280.0,0.0,0.001,140.0
s40_off,69,d(item_7),move_to(?target=shelf_3),280.0,0.0,0.001,140.0
s40_off,70,ac,move_to(?target=ac_switch_0),2329.4,0.000999,0.001,1360.0
s40_off,70,coffee,move_to(?target=coffee_machine_0),1337.8,0.000999,0.001,1360.0
s40_off,70,d(item_3),move_to(?target=kitting_table_0),0.0,0.0999,0.993,180.0
s40_off,70,d(item_4),move_to(?target=shelf_3),320.0,0.0,0.001,160.0
s40_off,70,d(item_5),move_to(?target=shelf_3),320.0,0.0,0.001,160.0
s40_off,70,d(item_6),move_to(?target=shelf_3),320.0,0.0,0.001,160.0
s40_off,70,d(item_7),move_to(?target=shelf_3),320.0,0.0,0.001,160.0
s40_off,71,ac,move_to(?target=ac_switch_0),2329.5,0.000999,0.001,1380.0
s40_off,71,coffee,move_to(?target=coffee_machine_0),1345.8,0.000999,0.001,1380.0
s40_off,71,d(item_3),move_to(?target=kitting_table_0),0.0,0.0999,0.993,200.0
s40_off,71,d(item_4),move_to(?target=shelf_3),360.0,0.0,0.001,180.0
s40_off,71,d(item_5),move_to(?target=shelf_3),360.0,0.0,0.001,180.0
s40_off,71,d(item_6),move_to(?target=shelf_3),360.0,0.0,0.001,180.0
s40_off,71,d(item_7),move_to(?target=shelf_3),360.0,0.0,0.001,180.0
s40_off,72,ac,move_to(?target=ac_switch_0),2329.7,0.000999,0.001,1400.0
s40_off,72,coffee,move_to(?target=coffee_machine_0),1354.2,0.000999,0.001,1400.0
s40_off,72,d(item_3),move_to(?target=kitting_table_0),0.0,0.0999,0.993,220.0
s40_off,72,d(item_4),move_to(?target=shelf_3),400.0,0.0,0.001,200.0
s40_off,72,d(item_5),move_to(?target=shelf_3),400.0,0.0,0.001,200.0
s40_off,72,d(item_6),move_to(?target=shelf_3),400.0,0.0,0.001,200.0
s40_off,72,d(item_7),move_to(?target=shelf_3),400.0,0.0,0.001,200.0
s40_off,73,ac,move_to(?target=ac_switch_0),2329.8,0.000999,0.001,1420.0
s40_off,73,coffee,move_to(?target=coffee_machine_0),1363.0,0.000999,0.001,1420.0
s40_off,73,d(item_3),move_to(?target=kitting_table_0),0.0,0.0999,0.993,240.0
s40_off,73,d(item_4),move_to(?target=shelf_3),440.0,0.0,0.001,220.0
s40_off,73,d(item_5),move_to(?target=shelf_3),440.0,0.0,0.001,220.0
s40_off,73,d(item_6),move_to(?target=shelf_3),440.0,0.0,0.001,220.0
s40_off,73,d(item_7),move_to(?target=shelf_3),440.0,0.0,0.001,220.0
s40_off,74,ac,move_to(?target=ac_switch_0),2330.0,0.000999,0.001,1440.0
s40_off,74,coffee,move_to(?target=coffee_machine_0),1372.1,0.000999,0.001,1440.0
s40_off,74,d(item_3),move_to(?target=kitting_table_0),0.0,0.0999,0.993,260.0
s40_off,74,d(item_4),move_to(?target=shelf_3),480.0,0.0,0.001,240.0
s40_off,74,d(item_5),move_to(?target=shelf_3),480.0,0.0,0.001,240.0
s40_off,74,d(item_6),move_to(?target=shelf_3),480.0,0.0,0.001,240.0
s40_off,74,d(item_7),move_to(?target=shelf_3),480.0,0.0,0.001,240.0
s40_off,75,ac,move_to(?target=ac_switch_0),2330.2,0.000999,0.001,1460.0
s40_off,75,coffee,move_to(?target=coffee_machine_0),1381.6,0.000999,0.001,1460.0
s40_off,75,d(item_3),move_to(?target=kitting_table_0),0.0,0.0999,0.993,280.0
s40_off,75,d(item_4),move_to(?target=shelf_3),520.0,0.0,0.001,260.0
s40_off,75,d(item_5),move_to(?target=shelf_3),520.0,0.0,0.001,260.0
s40_off,75,d(item_6),move_to(?target=shelf_3),520.0,0.0,0.001,260.0
s40_off,75,d(item_7),move_to(?target=shelf_3),520.0,0.0,0.001,260.0
s40_off,76,ac,move_to(?target=ac_switch_0),2330.4,0.000999,0.001,1480.0
s40_off,76,coffee,move_to(?target=coffee_machine_0),1391.5,0.000999,0.001,1480.0
s40_off,76,d(item_3),move_to(?target=kitting_table_0),0.0,0.0999,0.993,300.0
s40_off,76,d(item_4),move_to(?target=shelf_3),560.0,0.0,0.001,280.0
s40_off,76,d(item_5),move_to(?target=shelf_3),560.0,0.0,0.001,280.0
s40_off,76,d(item_6),move_to(?target=shelf_3),560.0,0.0,0.001,280.0
s40_off,76,d(item_7),move_to(?target=shelf_3),560.0,0.0,0.001,280.0
s40_off,77,ac,move_to(?target=ac_switch_0),2330.6,0.000999,0.001,1500.0
s40_off,77,coffee,move_to(?target=coffee_machine_0),1401.8,0.000999,0.001,1500.0
s40_off,77,d(item_3),move_to(?target=kitting_table_0),0.0,0.0999,0.993,320.0
s40_off,77,d(item_4),move_to(?target=shelf_3),600.0,0.0,0.001,300.0
s40_off,77,d(item_5),move_to(?target=shelf_3),600.0,0.0,0.001,300.0
s40_off,77,d(item_6),move_to(?target=shelf_3),600.0,0.0,0.001,300.0
s40_off,77,d(item_7),move_to(?target=shelf_3),600.0,0.0,0.001,300.0
s40_off,78,ac,move_to(?target=ac_switch_0),2330.8,0.000999,0.001,1520.0
s40_off,78,coffee,move_to(?target=coffee_machine_0),1412.6,0.000999,0.001,1520.0
s40_off,78,d(item_3),move_to(?target=kitting_table_0),0.0,0.0999,0.993,340.0
s40_off,78,d(item_4),move_to(?target=shelf_3),640.0,0.0,0.001,320.0
s40_off,78,d(item_5),move_to(?target=shelf_3),640.0,0.0,0.001,320.0
s40_off,78,d(item_6),move_to(?target=shelf_3),640.0,0.0,0.001,320.0
s40_off,78,d(item_7),move_to(?target=shelf_3),640.0,0.0,0.001,320.0
s40_off,79,ac,move_to(?target=ac_switch_0),2331.0,0.000999,0.001,1540.0
s40_off,79,coffee,move_to(?target=coffee_machine_0),1423.8,0.000999,0.001,1540.0
s40_off,79,d(item_3),move_to(?target=kitting_table_0),0.0,0.0999,0.993,360.0
s40_off,79,d(item_4),move_to(?target=shelf_3),680.0,0.0,0.001,340.0
s40_off,79,d(item_5),move_to(?target=shelf_3),680.0,0.0,0.001,340.0
s40_off,79,d(item_6),move_to(?target=shelf_3),680.0,0.0,0.001,340.0
s40_off,79,d(item_7),move_to(?target=shelf_3),680.0,0.0,0.001,340.0
s40_off,80,ac,move_to(?target=ac_switch_0),2331.2,0.000999,0.001,1560.0
s40_off,80,coffee,move_to(?target=coffee_machine_0),1435.5,0.000999,0.001,1560.0
s40_off,80,d(item_3),move_to(?target=kitting_table_0),0.0,0.0999,0.993,380.0
s40_off,80,d(item_4),move_to(?target=shelf_3),720.0,0.0,0.001,360.0
s40_off,80,d(item_5),move_to(?target=shelf_3),720.0,0.0,0.001,360.0
s40_off,80,d(item_6),move_to(?target=shelf_3),720.0,0.0,0.001,360.0
s40_off,80,d(item_7),move_to(?target=shelf_3),720.0,0.0,0.001,360.0
s40_off,81,ac,move_to(?target=ac_switch_0),2331.4,0.000999,0.001,1580.0
s40_off,81,coffee,move_to(?target=coffee_machine_0),1447.6,0.000999,0.001,1580.0
s40_off,81,d(item_3),move_to(?target=kitting_table_0),0.0,0.0999,0.993,400.0
s40_off,81,d(item_4),move_to(?target=shelf_3),760.0,0.0,0.001,380.0
s40_off,81,d(item_5),move_to(?target=shelf_3),760.0,0.0,0.001,380.0
s40_off,81,d(item_6),move_to(?target=shelf_3),760.0,0.0,0.001,380.0
s40_off,81,d(item_7),move_to(?target=shelf_3),760.0,0.0,0.001,380.0
s40_off,82,ac,move_to(?target=ac_switch_0),2331.6,0.000999,0.001,1600.0
s40_off,82,coffee,move_to(?target=coffee_machine_0),1460.3,0.000999,0.001,1600.0
s40_off,82,d(item_3),move_to(?target=kitting_table_0),0.0,0.0999,0.993,420.0
s40_off,82,d(item_4),move_to(?target=shelf_3),800.0,0.0,0.001,400.0
s40_off,82,d(item_5),move_to(?target=shelf_3),800.0,0.0,0.001,400.0
s40_off,82,d(item_6),move_to(?target=shelf_3),800.0,0.0,0.001,400.0
s40_off,82,d(item_7),move_to(?target=shelf_3),800.0,0.0,0.001,400.0
s40_off,83,ac,move_to(?target=ac_switch_0),2331.9,0.000999,0.001,1620.0
s40_off,83,coffee,move_to(?target=coffee_machine_0),1473.5,0.000999,0.001,1620.0
s40_off,83,d(item_3),move_to(?target=kitting_table_0),0.0,0.0999,0.993,440.0
s40_off,83,d(item_4),move_to(?target=shelf_3),840.0,0.0,0.001,420.0
s40_off,83,d(item_5),move_to(?target=shelf_3),840.0,0.0,0.001,420.0
s40_off,83,d(item_6),move_to(?target=shelf_3),840.0,0.0,0.001,420.0
s40_off,83,d(item_7),move_to(?target=shelf_3),840.0,0.0,0.001,420.0
s40_off,84,ac,move_to(?target=ac_switch_0),2332.1,0.000999,0.001,1640.0
s40_off,84,coffee,move_to(?target=coffee_machine_0),1487.2,0.000999,0.001,1640.0
s40_off,84,d(item_3),move_to(?target=kitting_table_0),0.0,0.0999,0.993,460.0
s40_off,84,d(item_4),move_to(?target=shelf_3),880.0,0.0,0.001,440.0
s40_off,84,d(item_5),move_to(?target=shelf_3),880.0,0.0,0.001,440.0
s40_off,84,d(item_6),move_to(?target=shelf_3),880.0,0.0,0.001,440.0
s40_off,84,d(item_7),move_to(?target=shelf_3),880.0,0.0,0.001,440.0
s40_off,85,ac,move_to(?target=ac_switch_0),2332.4,0.000999,0.001,1660.0
s40_off,85,coffee,move_to(?target=coffee_machine_0),1501.5,0.000999,0.001,1660.0
s40_off,85,d(item_3),move_to(?target=kitting_table_0),0.0,0.0999,0.993,480.0
s40_off,85,d(item_4),move_to(?target=shelf_3),920.0,0.0,0.001,460.0
s40_off,85,d(item_5),move_to(?target=shelf_3),920.0,0.0,0.001,460.0
s40_off,85,d(item_6),move_to(?target=shelf_3),920.0,0.0,0.001,460.0
s40_off,85,d(item_7),move_to(?target=shelf_3),920.0,0.0,0.001,460.0
s40_off,86,ac,move_to(?target=ac_switch_0),2332.6,0.000999,0.001,1680.0
s40_off,86,coffee,move_to(?target=coffee_machine_0),1516.3,0.000999,0.001,1680.0
s40_off,86,d(item_3),move_to(?target=kitting_table_0),0.0,0.0999,0.993,500.0
s40_off,86,d(item_4),move_to(?target=shelf_3),960.0,0.0,0.001,480.0
s40_off,86,d(item_5),move_to(?target=shelf_3),960.0,0.0,0.001,480.0
s40_off,86,d(item_6),move_to(?target=shelf_3),960.0,0.0,0.001,480.0
s40_off,86,d(item_7),move_to(?target=shelf_3),960.0,0.0,0.001,480.0
s40_off,87,ac,move_to(?target=ac_switch_0),2332.9,0.000999,0.001,1700.0
s40_off,87,coffee,move_to(?target=coffee_machine_0),1531.7,0.000999,0.001,1700.0
s40_off,87,d(item_3),move_to(?target=kitting_table_0),0.0,0.0999,0.993,520.0
s40_off,87,d(item_4),move_to(?target=shelf_3),1000.0,0.0,0.001,500.0
s40_off,87,d(item_5),move_to(?target=shelf_3),1000.0,0.0,0.001,500.0
s40_off,87,d(item_6),move_to(?target=shelf_3),1000.0,0.0,0.001,500.0
s40_off,87,d(item_7),move_to(?target=shelf_3),1000.0,0.0,0.001,500.0
s40_off,88,ac,move_to(?target=ac_switch_0),2333.2,0.000999,0.001,1720.0
s40_off,88,coffee,move_to(?target=coffee_machine_0),1547.8,0.000999,0.001,1720.0
s40_off,88,d(item_3),move_to(?target=kitting_table_0),0.0,0.0999,0.993,540.0
s40_off,88,d(item_4),move_to(?target=shelf_3),1040.0,0.0,0.001,520.0
s40_off,88,d(item_5),move_to(?target=shelf_3),1040.0,0.0,0.001,520.0
s40_off,88,d(item_6),move_to(?target=shelf_3),1040.0,0.0,0.001,520.0
s40_off,88,d(item_7),move_to(?target=shelf_3),1040.0,0.0,0.001,520.0
s40_off,89,ac,move_to(?target=ac_switch_0),2333.5,0.000999,0.001,1740.0
s40_off,89,coffee,move_to(?target=coffee_machine_0),1564.4,0.000999,0.001,1740.0
s40_off,89,d(item_3),move_to(?target=kitting_table_0),0.0,0.0999,0.993,560.0
s40_off,89,d(item_4),move_to(?target=shelf_3),1080.0,0.0,0.001,540.0
s40_off,89,d(item_5),move_to(?target=shelf_3),1080.0,0.0,0.001,540.0
s40_off,89,d(item_6),move_to(?target=shelf_3),1080.0,0.0,0.001,540.0
s40_off,89,d(item_7),move_to(?target=shelf_3),1080.0,0.0,0.001,540.0
s40_off,90,ac,move_to(?target=ac_switch_0),2333.8,0.000999,0.001,1760.0
s40_off,90,coffee,move_to(?target=coffee_machine_0),1581.6,0.000999,0.001,1760.0
s40_off,90,d(item_3),move_to(?target=kitting_table_0),0.0,0.0999,0.993,580.0
s40_off,90,d(item_4),move_to(?target=shelf_3),1120.0,0.0,0.001,560.0
s40_off,90,d(item_5),move_to(?target=shelf_3),1120.0,0.0,0.001,560.0
s40_off,90,d(item_6),move_to(?target=shelf_3),1120.0,0.0,0.001,560.0
s40_off,90,d(item_7),move_to(?target=shelf_3),1120.0,0.0,0.001,560.0
s40_off,91,ac,move_to(?target=ac_switch_0),2334.2,0.000999,0.001,1780.0
s40_off,91,coffee,move_to(?target=coffee_machine_0),1599.5,0.000999,0.001,1780.0
s40_off,91,d(item_3),move_to(?target=kitting_table_0),0.0,0.0999,0.993,600.0
s40_off,91,d(item_4),move_to(?target=shelf_3),1160.0,0.0,0.001,580.0
s40_off,91,d(item_5),move_to(?target=shelf_3),1160.0,0.0,0.001,580.0
s40_off,91,d(item_6),move_to(?target=shelf_3),1160.0,0.0,0.001,580.0
s40_off,91,d(item_7),move_to(?target=shelf_3),1160.0,0.0,0.001,580.0
s40_off,92,ac,move_to(?target=ac_switch_0),2334.5,0.000999,0.001,1800.0
s40_off,92,coffee,move_to(?target=coffee_machine_0),1617.9,0.000999,0.001,1800.0
s40_off,92,d(item_3),move_to(?target=kitting_table_0),0.0,0.0999,0.993,620.0
s40_off,92,d(item_4),move_to(?target=shelf_3),1200.0,0.0,0.001,600.0
s40_off,92,d(item_5),move_to(?target=shelf_3),1200.0,0.0,0.001,600.0
s40_off,92,d(item_6),move_to(?target=shelf_3),1200.0,0.0,0.001,600.0
s40_off,92,d(item_7),move_to(?target=shelf_3),1200.0,0.0,0.001,600.0
s40_off,93,ac,move_to(?target=ac_switch_0),2334.9,0.000999,0.001,1820.0
s40_off,93,coffee,move_to(?target=coffee_machine_0),1637.1,0.000999,0.001,1820.0
s40_off,93,d(item_3),move_to(?target=kitting_table_0),0.0,0.0999,0.993,640.0
s40_off,93,d(item_4),move_to(?target=shelf_3),1240.0,0.0,0.001,620.0
s40_off,93,d(item_5),move_to(?target=shelf_3),1240.0,0.0,0.001,620.0
s40_off,93,d(item_6),move_to(?target=shelf_3),1240.0,0.0,0.001,620.0
s40_off,93,d(item_7),move_to(?target=shelf_3),1240.0,0.0,0.001,620.0
s40_off,94,ac,move_to(?target=ac_switch_0),2335.3,0.000999,0.001,1840.0
s40_off,94,coffee,move_to(?target=coffee_machine_0),1656.8,0.000999,0.001,1840.0
s40_off,94,d(item_3),move_to(?target=kitting_table_0),0.0,0.0999,0.993,660.0
s40_off,94,d(item_4),move_to(?target=shelf_3),1280.0,0.0,0.001,640.0
s40_off,94,d(item_5),move_to(?target=shelf_3),1280.0,0.0,0.001,640.0
s40_off,94,d(item_6),move_to(?target=shelf_3),1280.0,0.0,0.001,640.0
s40_off,94,d(item_7),move_to(?target=shelf_3),1280.0,0.0,0.001,640.0
s40_off,95,ac,move_to(?target=ac_switch_0),2335.7,0.000999,0.001,1860.0
s40_off,95,coffee,move_to(?target=coffee_machine_0),1677.2,0.000999,0.001,1860.0
s40_off,95,d(item_3),move_to(?target=kitting_table_0),0.0,0.0999,0.993,680.0
s40_off,95,d(item_4),move_to(?target=shelf_3),1320.0,0.0,0.001,660.0
s40_off,95,d(item_5),move_to(?target=shelf_3),1320.0,0.0,0.001,660.0
s40_off,95,d(item_6),move_to(?target=shelf_3),1320.0,0.0,0.001,660.0
s40_off,95,d(item_7),move_to(?target=shelf_3),1320.0,0.0,0.001,660.0
s40_off,96,ac,move_to(?target=ac_switch_0),2336.1,0.000999,0.001,1880.0
s40_off,96,coffee,move_to(?target=coffee_machine_0),1698.2,0.000999,0.001,1880.0
s40_off,96,d(item_3),move_to(?target=kitting_table_0),0.0,0.0999,0.993,700.0
s40_off,96,d(item_4),move_to(?target=shelf_3),1360.0,0.0,0.001,680.0
s40_off,96,d(item_5),move_to(?target=shelf_3),1360.0,0.0,0.001,680.0
s40_off,96,d(item_6),move_to(?target=shelf_3),1360.0,0.0,0.001,680.0
s40_off,96,d(item_7),move_to(?target=shelf_3),1360.0,0.0,0.001,680.0
s40_off,97,ac,move_to(?target=ac_switch_0),2336.6,0.000999,0.001,1900.0
s40_off,97,coffee,move_to(?target=coffee_machine_0),1719.9,0.000999,0.001,1900.0
s40_off,97,d(item_3),move_to(?target=kitting_table_0),0.0,0.0999,0.993,720.0
s40_off,97,d(item_4),move_to(?target=shelf_3),1400.0,0.0,0.001,700.0
s40_off,97,d(item_5),move_to(?target=shelf_3),1400.0,0.0,0.001,700.0
s40_off,97,d(item_6),move_to(?target=shelf_3),1400.0,0.0,0.001,700.0
s40_off,97,d(item_7),move_to(?target=shelf_3),1400.0,0.0,0.001,700.0
s40_off,98,ac,move_to(?target=ac_switch_0),2337.0,0.000999,0.001,1920.0
s40_off,98,coffee,move_to(?target=coffee_machine_0),1742.1,0.000999,0.001,1920.0
s40_off,98,d(item_3),move_to(?target=kitting_table_0),0.0,0.0999,0.993,740.0
s40_off,98,d(item_4),move_to(?target=shelf_3),1440.0,0.0,0.001,720.0
s40_off,98,d(item_5),move_to(?target=shelf_3),1440.0,0.0,0.001,720.0
s40_off,98,d(item_6),move_to(?target=shelf_3),1440.0,0.0,0.001,720.0
s40_off,98,d(item_7),move_to(?target=shelf_3),1440.0,0.0,0.001,720.0
s40_off,99,ac,move_to(?target=ac_switch_0),2337.5,0.000999,0.001,1940.0
s40_off,99,coffee,move_to(?target=coffee_machine_0),1765.0,0.000999,0.001,1940.0
s40_off,99,d(item_3),move_to(?target=kitting_table_0),0.0,0.0999,0.993,760.0
s40_off,99,d(item_4),move_to(?target=shelf_3),1480.0,0.0,0.001,740.0
s40_off,99,d(item_5),move_to(?target=shelf_3),1480.0,0.0,0.001,740.0
s40_off,99,d(item_6),move_to(?target=shelf_3),1480.0,0.0,0.001,740.0
s40_off,99,d(item_7),move_to(?target=shelf_3),1480.0,0.0,0.001,740.0
s40_off,100,ac,move_to(?target=ac_switch_0),2338.1,0.000999,0.001,1960.0
s40_off,100,coffee,move_to(?target=coffee_machine_0),1788.5,0.000999,0.001,1960.0
s40_off,100,d(item_3),move_to(?target=kitting_table_0),0.0,0.0999,0.993,780.0
s40_off,100,d(item_4),move_to(?target=shelf_3),1520.0,0.0,0.001,760.0
s40_off,100,d(item_5),move_to(?target=shelf_3),1520.0,0.0,0.001,760.0
s40_off,100,d(item_6),move_to(?target=shelf_3),1520.0,0.0,0.001,760.0
s40_off,100,d(item_7),move_to(?target=shelf_3),1520.0,0.0,0.001,760.0
s40_off,101,ac,move_to(?target=ac_switch_0),2338.6,0.000999,0.001,1980.0
s40_off,101,coffee,move_to(?target=coffee_machine_0),1812.7,0.000999,0.001,1980.0
s40_off,101,d(item_3),move_to(?target=kitting_table_0),0.0,0.0999,0.993,800.0
s40_off,101,d(item_4),move_to(?target=shelf_3),1560.0,0.0,0.001,780.0
s40_off,101,d(item_5),move_to(?target=shelf_3),1560.0,0.0,0.001,780.0
s40_off,101,d(item_6),move_to(?target=shelf_3),1560.0,0.0,0.001,780.0
s40_off,101,d(item_7),move_to(?target=shelf_3),1560.0,0.0,0.001,780.0
s40_off,102,ac,move_to(?target=ac_switch_0),2339.2,0.000999,0.001,2000.0
s40_off,102,coffee,move_to(?target=coffee_machine_0),1837.4,0.000999,0.001,2000.0
s40_off,102,d(item_3),move_to(?target=kitting_table_0),0.0,0.0999,0.993,820.0
s40_off,102,d(item_4),move_to(?target=shelf_3),1600.0,0.0,0.001,800.0
s40_off,102,d(item_5),move_to(?target=shelf_3),1600.0,0.0,0.001,800.0
s40_off,102,d(item_6),move_to(?target=shelf_3),1600.0,0.0,0.001,800.0
s40_off,102,d(item_7),move_to(?target=shelf_3),1600.0,0.0,0.001,800.0
s40_off,103,ac,move_to(?target=ac_switch_0),2339.8,0.000999,0.001,2020.0
s40_off,103,coffee,move_to(?target=coffee_machine_0),1862.6,0.000999,0.001,2020.0
s40_off,103,d(item_3),move_to(?target=kitting_table_0),0.0,0.0999,0.993,840.0
s40_off,103,d(item_4),move_to(?target=shelf_3),1640.0,0.0,0.001,820.0
s40_off,103,d(item_5),move_to(?target=shelf_3),1640.0,0.0,0.001,820.0
s40_off,103,d(item_6),move_to(?target=shelf_3),1640.0,0.0,0.001,820.0
s40_off,103,d(item_7),move_to(?target=shelf_3),1640.0,0.0,0.001,820.0
s40_off,104,ac,move_to(?target=ac_switch_0),2340.5,0.000999,0.001,2040.0
s40_off,104,coffee,move_to(?target=coffee_machine_0),1888.5,0.000999,0.001,2040.0
s40_off,104,d(item_3),move_to(?target=kitting_table_0),0.0,0.0999,0.993,860.0
s40_off,104,d(item_4),move_to(?target=shelf_3),1680.0,0.0,0.001,840.0
s40_off,104,d(item_5),move_to(?target=shelf_3),1680.0,0.0,0.001,840.0
s40_off,104,d(item_6),move_to(?target=shelf_3),1680.0,0.0,0.001,840.0
s40_off,104,d(item_7),move_to(?target=shelf_3),1680.0,0.0,0.001,840.0
s40_off,105,ac,move_to(?target=ac_switch_0),2341.2,0.000999,0.001,2060.0
s40_off,105,coffee,move_to(?target=coffee_machine_0),1914.9,0.000999,0.001,2060.0
s40_off,105,d(item_3),move_to(?target=kitting_table_0),-0.0,0.0999,0.993,880.0
s40_off,105,d(item_4),move_to(?target=shelf_3),1720.0,0.0,0.001,860.0
s40_off,105,d(item_5),move_to(?target=shelf_3),1720.0,0.0,0.001,860.0
s40_off,105,d(item_6),move_to(?target=shelf_3),1720.0,0.0,0.001,860.0
s40_off,105,d(item_7),move_to(?target=shelf_3),1720.0,0.0,0.001,860.0
s40_off,106,ac,move_to(?target=ac_switch_0),2342.0,0.000999,0.001,2080.0
s40_off,106,coffee,move_to(?target=coffee_machine_0),1941.8,0.000999,0.001,2080.0
s40_off,106,d(item_3),move_to(?target=kitting_table_0),-0.0,0.0999,0.993,900.0
s40_off,106,d(item_4),move_to(?target=shelf_3),1760.0,0.0,0.001,880.0
s40_off,106,d(item_5),move_to(?target=shelf_3),1760.0,0.0,0.001,880.0
s40_off,106,d(item_6),move_to(?target=shelf_3),1760.0,0.0,0.001,880.0
s40_off,106,d(item_7),move_to(?target=shelf_3),1760.0,0.0,0.001,880.0
s40_off,107,ac,move_to(?target=ac_switch_0),2342.8,0.000999,0.001,2100.0
s40_off,107,coffee,move_to(?target=coffee_machine_0),1969.2,0.000999,0.001,2100.0
s40_off,107,d(item_3),move_to(?target=kitting_table_0),-0.0,0.0999,0.993,920.0
s40_off,107,d(item_4),move_to(?target=shelf_3),1800.0,0.0,0.001,900.0
s40_off,107,d(item_5),move_to(?target=shelf_3),1800.0,0.0,0.001,900.0
s40_off,107,d(item_6),move_to(?target=shelf_3),1800.0,0.0,0.001,900.0
s40_off,107,d(item_7),move_to(?target=shelf_3),1800.0,0.0,0.001,900.0
s40_off,108,ac,move_to(?target=ac_switch_0),2343.7,0.000999,0.001,2120.0
s40_off,108,coffee,move_to(?target=coffee_machine_0),1997.2,0.000999,0.001,2120.0
s40_off,108,d(item_3),move_to(?target=kitting_table_0),-0.0,0.0999,0.993,940.0
s40_off,108,d(item_4),move_to(?target=shelf_3),1840.0,0.0,0.001,920.0
s40_off,108,d(item_5),move_to(?target=shelf_3),1840.0,0.0,0.001,920.0
s40_off,108,d(item_6),move_to(?target=shelf_3),1840.0,0.0,0.001,920.0
s40_off,108,d(item_7),move_to(?target=shelf_3),1840.0,0.0,0.001,920.0
s40_off,109,ac,move_to(?target=ac_switch_0),2344.7,0.000999,0.001,2140.0
s40_off,109,coffee,move_to(?target=coffee_machine_0),2025.6,0.000999,0.001,2140.0
s40_off,109,d(item_3),move_to(?target=kitting_table_0),-0.0,0.0999,0.993,960.0
s40_off,109,d(item_4),move_to(?target=shelf_3),1880.0,0.0,0.001,940.0
s40_off,109,d(item_5),move_to(?target=shelf_3),1880.0,0.0,0.001,940.0
s40_off,109,d(item_6),move_to(?target=shelf_3),1880.0,0.0,0.001,940.0
s40_off,109,d(item_7),move_to(?target=shelf_3),1880.0,0.0,0.001,940.0
s40_off,110,ac,move_to(?target=ac_switch_0),2345.7,0.000999,0.001,2160.0
s40_off,110,coffee,move_to(?target=coffee_machine_0),2054.5,0.000999,0.001,2160.0
s40_off,110,d(item_3),move_to(?target=kitting_table_0),-0.0,0.0999,0.993,980.0
s40_off,110,d(item_4),move_to(?target=shelf_3),1920.0,0.0,0.001,960.0
s40_off,110,d(item_5),move_to(?target=shelf_3),1920.0,0.0,0.001,960.0
s40_off,110,d(item_6),move_to(?target=shelf_3),1920.0,0.0,0.001,960.0
s40_off,110,d(item_7),move_to(?target=shelf_3),1920.0,0.0,0.001,960.0
s40_off,111,ac,move_to(?target=ac_switch_0),2346.8,0.000999,0.001,2180.0
s40_off,111,coffee,move_to(?target=coffee_machine_0),2083.8,0.000999,0.001,2180.0
s40_off,111,d(item_3),move_to(?target=kitting_table_0),-0.0,0.0999,0.993,1000.0
s40_off,111,d(item_4),move_to(?target=shelf_3),1960.0,0.0,0.001,980.0
s40_off,111,d(item_5),move_to(?target=shelf_3),1960.0,0.0,0.001,980.0
s40_off,111,d(item_6),move_to(?target=shelf_3),1960.0,0.0,0.001,980.0
s40_off,111,d(item_7),move_to(?target=shelf_3),1960.0,0.0,0.001,980.0
s40_off,112,ac,move_to(?target=ac_switch_0),2348.1,0.000999,0.001,2200.0
s40_off,112,coffee,move_to(?target=coffee_machine_0),2113.6,0.000999,0.001,2200.0
s40_off,112,d(item_3),move_to(?target=kitting_table_0),-0.0,0.0999,0.993,1020.0
s40_off,112,d(item_4),move_to(?target=shelf_3),2000.0,0.0,0.001,1000.0
s40_off,112,d(item_5),move_to(?target=shelf_3),2000.0,0.0,0.001,1000.0
s40_off,112,d(item_6),move_to(?target=shelf_3),2000.0,0.0,0.001,1000.0
s40_off,112,d(item_7),move_to(?target=shelf_3),2000.0,0.0,0.001,1000.0
s40_off,113,ac,move_to(?target=ac_switch_0),2349.4,0.0001,0.001,2220.0
s40_off,113,coffee,move_to(?target=coffee_machine_0),2143.8,0.0001,0.001,2220.0
s40_off,113,d(item_3),"place(?item=item_3,?target=kitting_table_0)",,0.09999,0.993,0.0
s40_off,113,d(item_4),move_to(?target=shelf_3),2040.0,0.0,0.001,1020.0
s40_off,113,d(item_5),move_to(?target=shelf_3),2040.0,0.0,0.001,1020.0
s40_off,113,d(item_6),move_to(?target=shelf_3),2040.0,0.0,0.001,1020.0
s40_off,113,d(item_7),move_to(?target=shelf_3),2040.0,0.0,0.001,1020.0
s40_off,114,ac,move_to(?target=ac_switch_0),2349.4,0.0001,0.001,2220.0
s40_off,114,coffee,move_to(?target=coffee_machine_0),2143.8,0.0001,0.001,2220.0
s40_off,114,d(item_3),"place(?item=item_3,?target=kitting_table_0)",,0.09999,0.993,0.0
s40_off,114,d(item_4),move_to(?target=shelf_3),2040.0,0.0,0.001,1020.0
s40_off,114,d(item_5),move_to(?target=shelf_3),2040.0,0.0,0.001,1020.0
s40_off,114,d(item_6),move_to(?target=shelf_3),2040.0,0.0,0.001,1020.0
s40_off,114,d(item_7),move_to(?target=shelf_3),2040.0,0.0,0.001,1020.0
s40_off,115,ac,move_to(?target=ac_switch_0),0.0,0.142857,0.1427,0.0
s40_off,115,coffee,move_to(?target=coffee_machine_0),0.0,0.142857,0.1427,0.0
s40_off,115,d(item_4),move_to(?target=item_4),0.0,0.142857,0.1427,0.0
s40_off,115,d(item_5),move_to(?target=item_5),0.0,0.142857,0.1427,0.0
s40_off,115,d(item_6),move_to(?target=item_6),0.0,0.142857,0.1427,0.0
s40_off,115,d(item_7),move_to(?target=item_7),0.0,0.142857,0.1427,0.0
s40_off,116,ac,move_to(?target=ac_switch_0),0.0,0.142857,0.1427,0.0
s40_off,116,coffee,move_to(?target=coffee_machine_0),0.0,0.142857,0.1427,0.0
s40_off,116,d(item_4),move_to(?target=item_4),0.0,0.142857,0.1427,0.0
s40_off,116,d(item_5),move_to(?target=item_5),0.0,0.142857,0.1427,0.0
s40_off,116,d(item_6),move_to(?target=item_6),0.0,0.142857,0.1427,0.0
s40_off,116,d(item_7),move_to(?target=item_7),0.0,0.142857,0.1427,0.0
s40_off,117,ac,move_to(?target=ac_switch_0),0.0,0.142857,0.1427,0.0
s40_off,117,coffee,move_to(?target=coffee_machine_0),0.0,0.142857,0.1427,0.0
s40_off,117,d(item_4),move_to(?target=item_4),0.0,0.142857,0.1427,0.0
s40_off,117,d(item_5),move_to(?target=item_5),0.0,0.142857,0.1427,0.0
s40_off,117,d(item_6),move_to(?target=item_6),0.0,0.142857,0.1427,0.0
s40_off,117,d(item_7),move_to(?target=item_7),0.0,0.142857,0.1427,0.0
s40_off,118,ac,move_to(?target=ac_switch_0),23.9,0.017449,0.1536,20.0
s40_off,118,coffee,move_to(?target=coffee_machine_0),0.0,0.017449,0.1743,20.0
s40_off,118,d(item_4),move_to(?target=item_4),13.8,0.017449,0.1623,20.0
s40_off,118,d(item_5),move_to(?target=item_5),6.9,0.017449,0.1683,20.0
s40_off,118,d(item_6),move_to(?target=item_6),9.6,0.017449,0.166,20.0
s40_off,118,d(item_7),move_to(?target=item_7),19.9,0.017449,0.157,20.0
s40_off,119,ac,move_to(?target=ac_switch_0),48.6,0.018671,0.1421,40.0
s40_off,119,coffee,move_to(?target=coffee_machine_0),0.0,0.018671,0.1865,40.0
s40_off,119,d(item_4),move_to(?target=item_4),28.3,0.018671,0.1603,40.0
s40_off,119,d(item_5),move_to(?target=item_5),14.1,0.018671,0.1734,40.0
s40_off,119,d(item_6),move_to(?target=item_6),19.4,0.018671,0.1685,40.0
s40_off,119,d(item_7),move_to(?target=item_7),40.2,0.018671,0.1495,40.0
s40_off,120,ac,move_to(?target=ac_switch_0),74.2,0.020075,0.1294,60.0
s40_off,120,coffee,move_to(?target=coffee_machine_0),0.0,0.020075,0.2005,60.0
s40_off,120,d(item_4),move_to(?target=item_4),43.9,0.020075,0.1573,60.0
s40_off,120,d(item_5),move_to(?target=item_5),21.4,0.020075,0.1792,60.0
s40_off,120,d(item_6),move_to(?target=item_6),29.4,0.020075,0.1713,60.0
s40_off,120,d(item_7),move_to(?target=item_7),60.9,0.020075,0.1413,60.0
s40_off,121,ac,move_to(?target=ac_switch_0),100.6,0.021674,0.116,80.0
s40_off,121,coffee,move_to(?target=coffee_machine_0),0.0,0.021674,0.2165,80.0
s40_off,121,d(item_4),move_to(?target=item_4),60.5,0.021674,0.1529,80.0
s40_off,121,d(item_5),move_to(?target=item_5),28.9,0.021674,0.1855,80.0
s40_off,121,d(item_6),move_to(?target=item_6),39.8,0.021674,0.174,80.0
s40_off,121,d(item_7),move_to(?target=item_7),82.0,0.021674,0.1324,80.0
s40_off,122,ac,move_to(?target=ac_switch_0),127.8,0.023479,0.1022,100.0
s40_off,122,coffee,move_to(?target=coffee_machine_0),0.0,0.023479,0.2346,100.0
s40_off,122,d(item_4),move_to(?target=item_4),78.4,0.023479,0.147,100.0
s40_off,122,d(item_5),move_to(?target=item_5),36.6,0.023479,0.1921,100.0
s40_off,122,d(item_6),move_to(?target=item_6),50.4,0.023479,0.1767,100.0
s40_off,122,d(item_7),move_to(?target=item_7),103.5,0.023479,0.1229,100.0
s40_off,123,ac,move_to(?target=ac_switch_0),155.7,0.025495,0.0887,120.0
s40_off,123,coffee,move_to(?target=coffee_machine_0),0.0,0.025495,0.2547,120.0
s40_off,123,d(item_4),move_to(?target=item_4),97.9,0.025495,0.1391,120.0
s40_off,123,d(item_5),move_to(?target=item_5),44.5,0.025495,0.199,120.0
s40_off,123,d(item_6),move_to(?target=item_6),61.3,0.025495,0.179,120.0
s40_off,123,d(item_7),move_to(?target=item_7),125.5,0.025495,0.113,120.0
s40_off,124,ac,move_to(?target=ac_switch_0),184.4,0.027724,0.0757,140.0
s40_off,124,coffee,move_to(?target=coffee_machine_0),0.0,0.027724,0.277,140.0
s40_off,124,d(item_4),move_to(?target=item_4),119.0,0.027724,0.1292,140.0
s40_off,124,d(item_5),move_to(?target=item_5),52.6,0.027724,0.2058,140.0
s40_off,124,d(item_6),move_to(?target=item_6),72.4,0.027724,0.1808,140.0
s40_off,124,d(item_7),move_to(?target=item_7),147.8,0.027724,0.1029,140.0
s40_off,125,ac,move_to(?target=ac_switch_0),213.7,0.030163,0.0636,160.0
s40_off,125,coffee,move_to(?target=coffee_machine_0),0.0,0.030163,0.3013,160.0
s40_off,125,d(item_4),move_to(?target=item_4),142.2,0.030163,0.1171,160.0
s40_off,125,d(item_5),move_to(?target=item_5),60.9,0.030163,0.2123,160.0
s40_off,125,d(item_6),move_to(?target=item_6),83.9,0.030163,0.1818,160.0
s40_off,125,d(item_7),move_to(?target=item_7),170.6,0.030163,0.0927,160.0
s40_off,126,ac,move_to(?target=ac_switch_0),243.7,0.032796,0.0527,180.0
s40_off,126,coffee,move_to(?target=coffee_machine_0),0.0,0.032796,0.3276,180.0
s40_off,126,d(item_4),move_to(?target=item_4),167.6,0.032796,0.1032,180.0
s40_off,126,d(item_5),move_to(?target=item_5),69.4,0.032796,0.2183,180.0
s40_off,126,d(item_6),move_to(?target=item_6),95.7,0.032796,0.1818,180.0
s40_off,126,d(item_7),move_to(?target=item_7),193.7,0.032796,0.0826,180.0
s40_off,127,ac,move_to(?target=ac_switch_0),274.2,0.0356,0.0431,200.0
s40_off,127,coffee,move_to(?target=coffee_machine_0),0.0,0.0356,0.3556,200.0
s40_off,127,d(item_4),move_to(?target=item_4),195.7,0.0356,0.0881,200.0
s40_off,127,d(item_5),move_to(?target=item_5),78.2,0.0356,0.2233,200.0
s40_off,127,d(item_6),move_to(?target=item_6),107.8,0.0356,0.1806,200.0
s40_off,127,d(item_7),move_to(?target=item_7),217.2,0.0356,0.0728,200.0
s40_off,128,ac,move_to(?target=ac_switch_0),305.3,0.038537,0.0347,220.0
s40_off,128,coffee,move_to(?target=coffee_machine_0),0.0,0.038537,0.385,220.0
s40_off,128,d(item_4),move_to(?target=item_4),226.5,0.038537,0.0724,220.0
s40_off,128,d(item_5),move_to(?target=item_5),87.2,0.038537,0.2271,220.0
s40_off,128,d(item_6),move_to(?target=item_6),120.2,0.038537,0.1779,220.0
s40_off,128,d(item_7),move_to(?target=item_7),241.1,0.038537,0.0634,220.0
s40_off,129,ac,move_to(?target=ac_switch_0),337.0,0.041556,0.0276,240.0
s40_off,129,coffee,move_to(?target=coffee_machine_0),0.0,0.041556,0.4151,240.0
s40_off,129,d(item_4),move_to(?target=item_4),260.5,0.041556,0.0571,240.0
s40_off,129,d(item_5),move_to(?target=item_5),96.4,0.041556,0.2293,240.0
s40_off,129,d(item_6),move_to(?target=item_6),132.9,0.041556,0.1737,240.0
s40_off,129,d(item_7),move_to(?target=item_7),265.4,0.041556,0.0546,240.0
s40_off,130,ac,move_to(?target=ac_switch_0),369.1,0.044604,0.0217,260.0
s40_off,130,coffee,move_to(?target=coffee_machine_0),0.0,0.044604,0.4456,260.0
s40_off,130,d(item_4),move_to(?target=item_4),297.7,0.044604,0.0432,260.0
s40_off,130,d(item_5),move_to(?target=item_5),105.8,0.044604,0.2296,260.0
s40_off,130,d(item_6),move_to(?target=item_6),146.0,0.044604,0.168,260.0
s40_off,130,d(item_7),move_to(?target=item_7),290.1,0.044604,0.0464,260.0
s40_off,131,ac,move_to(?target=ac_switch_0),401.7,0.047626,0.0168,280.0
s40_off,131,coffee,move_to(?target=coffee_machine_0),0.0,0.047626,0.4758,280.0
s40_off,131,d(item_4),move_to(?target=item_4),338.2,0.047626,0.0313,280.0
s40_off,131,d(item_5),move_to(?target=item_5),115.6,0.047626,0.2279,280.0
s40_off,131,d(item_6),move_to(?target=item_6),159.4,0.047626,0.1606,280.0
s40_off,131,d(item_7),move_to(?target=item_7),315.2,0.047626,0.039,280.0
s40_off,132,ac,move_to(?target=ac_switch_0),434.7,0.050582,0.0129,300.0
s40_off,132,coffee,move_to(?target=coffee_machine_0),0.0,0.050582,0.5053,300.0
s40_off,132,d(item_4),move_to(?target=item_4),382.1,0.050582,0.0217,300.0
s40_off,132,d(item_5),move_to(?target=item_5),125.5,0.050582,0.2241,300.0
s40_off,132,d(item_6),move_to(?target=item_6),173.2,0.050582,0.152,300.0
s40_off,132,d(item_7),move_to(?target=item_7),340.6,0.050582,0.0325,300.0
s40_off,133,ac,move_to(?target=ac_switch_0),468.2,0.053445,0.0098,320.0
s40_off,133,coffee,move_to(?target=coffee_machine_0),0.0,0.053445,0.5339,320.0
s40_off,133,d(item_4),move_to(?target=item_4),429.1,0.053445,0.0144,320.0
s40_off,133,d(item_5),move_to(?target=item_5),135.8,0.053445,0.2185,320.0
s40_off,133,d(item_6),move_to(?target=item_6),187.2,0.053445,0.1423,320.0
s40_off,133,d(item_7),move_to(?target=item_7),366.4,0.053445,0.0267,320.0
s40_off,134,ac,move_to(?target=ac_switch_0),502.0,0.056204,0.0074,340.0
s40_off,134,coffee,move_to(?target=coffee_machine_0),0.0,0.056204,0.5615,340.0
s40_off,134,d(item_4),move_to(?target=item_4),479.2,0.056204,0.0092,340.0
s40_off,134,d(item_5),move_to(?target=item_5),146.3,0.056204,0.2111,340.0
s40_off,134,d(item_6),move_to(?target=item_6),201.7,0.056204,0.1319,340.0
s40_off,134,d(item_7),move_to(?target=item_7),392.5,0.056204,0.0217,340.0
s40_off,135,ac,move_to(?target=ac_switch_0),536.1,0.058858,0.0055,360.0
s40_off,135,coffee,move_to(?target=coffee_machine_0),0.0,0.058858,0.588,360.0
s40_off,135,d(item_4),move_to(?target=item_4),531.9,0.058858,0.0057,360.0
s40_off,135,d(item_5),move_to(?target=item_5),157.1,0.058858,0.2024,360.0
s40_off,135,d(item_6),move_to(?target=item_6),216.5,0.058858,0.121,360.0
s40_off,135,d(item_7),move_to(?target=item_7),419.0,0.058858,0.0175,360.0
s40_off,136,ac,move_to(?target=ac_switch_0),570.6,0.06141,0.0041,380.0
s40_off,136,coffee,move_to(?target=coffee_machine_0),0.0,0.06141,0.6135,380.0
s40_off,136,d(item_4),move_to(?target=item_4),587.1,0.06141,0.0034,380.0
s40_off,136,d(item_5),move_to(?target=item_5),168.2,0.06141,0.1925,380.0
s40_off,136,d(item_6),move_to(?target=item_6),231.7,0.06141,0.1101,380.0
s40_off,136,d(item_7),move_to(?target=item_7),445.8,0.06141,0.014,380.0
s40_off,137,ac,move_to(?target=ac_switch_0),605.3,0.063863,0.003,400.0
s40_off,137,coffee,move_to(?target=coffee_machine_0),0.0,0.063863,0.638,400.0
s40_off,137,d(item_4),move_to(?target=item_4),644.5,0.063863,0.002,400.0
s40_off,137,d(item_5),move_to(?target=item_5),179.5,0.063863,0.1817,400.0
s40_off,137,d(item_6),move_to(?target=item_6),247.2,0.063863,0.0993,400.0
s40_off,137,d(item_7),move_to(?target=item_7),473.0,0.063863,0.0112,400.0
s40_off,138,ac,move_to(?target=ac_switch_0),640.4,0.066218,0.0022,420.0
s40_off,138,coffee,move_to(?target=coffee_machine_0),0.0,0.066218,0.6615,420.0
s40_off,138,d(item_4),move_to(?target=item_4),703.7,0.066218,0.0012,420.0
s40_off,138,d(item_5),move_to(?target=item_5),191.2,0.066218,0.1704,420.0
s40_off,138,d(item_6),move_to(?target=item_6),263.2,0.066218,0.0888,420.0
s40_off,138,d(item_7),move_to(?target=item_7),500.5,0.066218,0.0088,420.0
s40_off,139,ac,move_to(?target=ac_switch_0),675.7,0.068473,0.0016,440.0
s40_off,139,coffee,move_to(?target=coffee_machine_0),0.0,0.068473,0.6838,440.0
s40_off,139,d(item_4),move_to(?target=item_4),764.4,0.068473,0.001,440.0
s40_off,139,d(item_5),move_to(?target=item_5),203.2,0.068473,0.1585,440.0
s40_off,139,d(item_6),move_to(?target=item_6),279.5,0.068473,0.0788,440.0
s40_off,139,d(item_7),move_to(?target=item_7),528.3,0.068473,0.0069,440.0
s40_off,140,ac,move_to(?target=ac_switch_0),711.2,0.070624,0.0011,460.0
s40_off,140,coffee,move_to(?target=coffee_machine_0),0.0,0.070624,0.7051,460.0
s40_off,140,d(item_4),move_to(?target=item_4),826.5,0.070624,0.001,460.0
s40_off,140,d(item_5),move_to(?target=item_5),215.4,0.070624,0.1465,460.0
s40_off,140,d(item_6),move_to(?target=item_6),296.2,0.070624,0.0693,460.0
s40_off,140,d(item_7),move_to(?target=item_7),556.5,0.070624,0.0054,460.0
s40_off,141,ac,move_to(?target=ac_switch_0),747.0,0.072664,0.001,480.0
s40_off,141,coffee,move_to(?target=coffee_machine_0),0.0,0.072664,0.7252,480.0
s40_off,141,d(item_4),move_to(?target=item_4),889.4,0.072664,0.001,480.0
s40_off,141,d(item_5),move_to(?target=item_5),228.1,0.072664,0.1345,480.0
s40_off,141,d(item_6),move_to(?target=item_6),313.3,0.072664,0.0606,480.0
s40_off,141,d(item_7),move_to(?target=item_7),584.9,0.072664,0.0042,480.0
s40_off,142,ac,move_to(?target=ac_switch_0),783.0,0.074587,0.001,500.0
s40_off,142,coffee,move_to(?target=coffee_machine_0),0.0,0.074587,0.7442,500.0
s40_off,142,d(item_4),move_to(?target=item_4),952.8,0.074587,0.001,500.0
s40_off,142,d(item_5),move_to(?target=item_5),241.0,0.074587,0.1227,500.0
s40_off,142,d(item_6),move_to(?target=item_6),330.8,0.074587,0.0525,500.0
s40_off,142,d(item_7),move_to(?target=item_7),613.7,0.074587,0.0032,500.0
s40_off,143,ac,move_to(?target=ac_switch_0),819.2,0.076387,0.001,520.0
s40_off,143,coffee,move_to(?target=coffee_machine_0),0.0,0.076387,0.762,520.0
s40_off,143,d(item_4),move_to(?target=item_4),1015.6,0.076387,0.001,520.0
s40_off,143,d(item_5),move_to(?target=item_5),254.2,0.076387,0.1111,520.0
s40_off,143,d(item_6),move_to(?target=item_6),348.7,0.076387,0.0453,520.0
s40_off,143,d(item_7),move_to(?target=item_7),642.7,0.076387,0.0025,520.0
s40_off,144,ac,move_to(?target=ac_switch_0),855.6,0.07806,0.001,540.0
s40_off,144,coffee,move_to(?target=coffee_machine_0),-0.0,0.07806,0.7785,540.0
s40_off,144,d(item_4),move_to(?target=item_4),1055.6,0.07806,0.001,540.0
s40_off,144,d(item_5),move_to(?target=item_5),267.9,0.07806,0.1,540.0
s40_off,144,d(item_6),move_to(?target=item_6),366.9,0.07806,0.0387,540.0
s40_off,144,d(item_7),move_to(?target=item_7),672.1,0.07806,0.0019,540.0
s40_off,145,ac,move_to(?target=ac_switch_0),892.1,0.079605,0.001,560.0
s40_off,145,coffee,move_to(?target=coffee_machine_0),0.0,0.079605,0.7938,560.0
s40_off,145,d(item_5),move_to(?target=item_5),281.8,0.079605,0.0895,560.0
s40_off,145,d(item_6),move_to(?target=item_6),385.6,0.079605,0.0329,560.0
s40_off,145,d(item_7),move_to(?target=item_7),701.7,0.079605,0.0014,560.0
s40_off,146,ac,move_to(?target=ac_switch_0),928.8,0.081018,0.001,580.0
s40_off,146,coffee,move_to(?target=coffee_machine_0),0.0,0.081018,0.8079,580.0
s40_off,146,d(item_5),move_to(?target=item_5),296.1,0.081018,0.0795,580.0
s40_off,146,d(item_6),move_to(?target=item_6),404.7,0.081018,0.0277,580.0
s40_off,146,d(item_7),move_to(?target=item_7),731.6,0.081018,0.0011,580.0
s40_off,147,ac,move_to(?target=ac_switch_0),965.7,0.082301,0.001,600.0
s40_off,147,coffee,move_to(?target=coffee_machine_0),0.0,0.082301,0.8205,600.0
s40_off,147,d(item_5),move_to(?target=item_5),310.8,0.082301,0.0702,600.0
s40_off,147,d(item_6),move_to(?target=item_6),424.2,0.082301,0.0233,600.0
s40_off,147,d(item_7),move_to(?target=item_7),761.7,0.082301,0.001,600.0
s40_off,148,ac,move_to(?target=ac_switch_0),1002.7,0.083458,0.001,620.0
s40_off,148,coffee,move_to(?target=coffee_machine_0),0.0,0.083458,0.8318,620.0
s40_off,148,d(item_5),move_to(?target=item_5),325.8,0.083458,0.0616,620.0
s40_off,148,d(item_6),move_to(?target=item_6),444.1,0.083458,0.0194,620.0
s40_off,148,d(item_7),move_to(?target=item_7),792.1,0.083458,0.001,620.0
s40_off,149,ac,move_to(?target=ac_switch_0),1039.8,0.084494,0.001,640.0
s40_off,149,coffee,move_to(?target=coffee_machine_0),0.0,0.084494,0.842,640.0
s40_off,149,d(item_5),move_to(?target=item_5),341.2,0.084494,0.0538,640.0
s40_off,149,d(item_6),move_to(?target=item_6),464.4,0.084494,0.016,640.0
s40_off,149,d(item_7),move_to(?target=item_7),822.8,0.084494,0.001,640.0
s40_off,150,ac,move_to(?target=ac_switch_0),1077.1,0.085415,0.001,660.0
s40_off,150,coffee,move_to(?target=coffee_machine_0),0.0,0.085415,0.8511,660.0
s40_off,150,d(item_5),move_to(?target=item_5),356.9,0.085415,0.0466,660.0
s40_off,150,d(item_6),move_to(?target=item_6),485.1,0.085415,0.0132,660.0
s40_off,150,d(item_7),move_to(?target=item_7),853.7,0.085415,0.001,660.0
s40_off,151,ac,move_to(?target=ac_switch_0),1114.4,0.086227,0.001,680.0
s40_off,151,coffee,move_to(?target=coffee_machine_0),0.0,0.086227,0.8591,680.0
s40_off,151,d(item_5),move_to(?target=item_5),373.1,0.086227,0.0402,680.0
s40_off,151,d(item_6),move_to(?target=item_6),506.2,0.086227,0.0108,680.0
s40_off,151,d(item_7),move_to(?target=item_7),884.9,0.086227,0.001,680.0
s40_off,152,ac,move_to(?target=ac_switch_0),1151.9,0.08694,0.001,700.0
s40_off,152,coffee,move_to(?target=coffee_machine_0),0.0,0.08694,0.8661,700.0
s40_off,152,d(item_5),move_to(?target=item_5),389.6,0.08694,0.0345,700.0
s40_off,152,d(item_6),move_to(?target=item_6),527.7,0.08694,0.0088,700.0
s40_off,152,d(item_7),move_to(?target=item_7),916.2,0.08694,0.001,700.0
s40_off,153,ac,move_to(?target=ac_switch_0),1189.5,0.00986,0.001,720.0
s40_off,153,coffee,"wait_at(?duration=PT60S,?entity=coffee_machine_0)",,0.098599,0.9819,0.0
s40_off,153,d(item_5),move_to(?target=item_5),406.5,0.00986,0.0033,720.0
s40_off,153,d(item_6),move_to(?target=item_6),549.6,0.00986,0.001,720.0
s40_off,153,d(item_7),move_to(?target=item_7),947.9,0.00986,0.001,720.0
s40_off,154,ac,move_to(?target=ac_switch_0),1189.5,0.00986,0.001,720.0
s40_off,154,coffee,"wait_at(?duration=PT60S,?entity=coffee_machine_0)",,0.098599,0.9819,0.0
s40_off,154,d(item_5),move_to(?target=item_5),406.5,0.00986,0.0033,720.0
s40_off,154,d(item_6),move_to(?target=item_6),549.6,0.00986,0.001,720.0
s40_off,154,d(item_7),move_to(?target=item_7),947.9,0.00986,0.001,720.0
s40_off,155,ac,move_to(?target=ac_switch_0),1189.5,0.00986,0.001,720.0
s40_off,155,coffee,"wait_at(?duration=PT60S,?entity=coffee_machine_0)",,0.098599,0.9819,0.0
s40_off,155,d(item_5),move_to(?target=item_5),406.5,0.00986,0.0033,720.0
s40_off,155,d(item_6),move_to(?target=item_6),549.6,0.00986,0.001,720.0
s40_off,155,d(item_7),move_to(?target=item_7),947.9,0.00986,0.001,720.0
s40_off,156,ac,move_to(?target=ac_switch_0),1189.5,0.00986,0.001,720.0
s40_off,156,coffee,"wait_at(?duration=PT60S,?entity=coffee_machine_0)",,0.098599,0.9819,0.0
s40_off,156,d(item_5),move_to(?target=item_5),406.5,0.00986,0.0033,720.0
s40_off,156,d(item_6),move_to(?target=item_6),549.6,0.00986,0.001,720.0
s40_off,156,d(item_7),move_to(?target=item_7),947.9,0.00986,0.001,720.0
s40_off,157,ac,move_to(?target=ac_switch_0),1189.5,0.00986,0.001,720.0
s40_off,157,coffee,"wait_at(?duration=PT60S,?entity=coffee_machine_0)",,0.098599,0.9819,0.0
s40_off,157,d(item_5),move_to(?target=item_5),406.5,0.00986,0.0033,720.0
s40_off,157,d(item_6),move_to(?target=item_6),549.6,0.00986,0.001,720.0
s40_off,157,d(item_7),move_to(?target=item_7),947.9,0.00986,0.001,720.0
s40_off,158,ac,move_to(?target=ac_switch_0),1189.5,0.00986,0.001,720.0
s40_off,158,coffee,"wait_at(?duration=PT60S,?entity=coffee_machine_0)",,0.098599,0.9819,0.0
s40_off,158,d(item_5),move_to(?target=item_5),406.5,0.00986,0.0033,720.0
s40_off,158,d(item_6),move_to(?target=item_6),549.6,0.00986,0.001,720.0
s40_off,158,d(item_7),move_to(?target=item_7),947.9,0.00986,0.001,720.0
s40_off,159,ac,move_to(?target=ac_switch_0),1189.5,0.00986,0.001,720.0
s40_off,159,coffee,"wait_at(?duration=PT60S,?entity=coffee_machine_0)",,0.098599,0.9819,0.0
s40_off,159,d(item_5),move_to(?target=item_5),406.5,0.00986,0.0033,720.0
s40_off,159,d(item_6),move_to(?target=item_6),549.6,0.00986,0.001,720.0
s40_off,159,d(item_7),move_to(?target=item_7),947.9,0.00986,0.001,720.0
s40_off,160,ac,move_to(?target=ac_switch_0),1189.5,0.00986,0.001,720.0
s40_off,160,coffee,"wait_at(?duration=PT60S,?entity=coffee_machine_0)",,0.098599,0.9819,0.0
s40_off,160,d(item_5),move_to(?target=item_5),406.5,0.00986,0.0033,720.0
s40_off,160,d(item_6),move_to(?target=item_6),549.6,0.00986,0.001,720.0
s40_off,160,d(item_7),move_to(?target=item_7),947.9,0.00986,0.001,720.0
s40_off,161,ac,move_to(?target=ac_switch_0),1189.5,0.00986,0.001,720.0
s40_off,161,coffee,"wait_at(?duration=PT60S,?entity=coffee_machine_0)",,0.098599,0.9819,0.0
s40_off,161,d(item_5),move_to(?target=item_5),406.5,0.00986,0.0033,720.0
s40_off,161,d(item_6),move_to(?target=item_6),549.6,0.00986,0.001,720.0
s40_off,161,d(item_7),move_to(?target=item_7),947.9,0.00986,0.001,720.0
s40_off,162,ac,move_to(?target=ac_switch_0),1189.5,0.00986,0.001,720.0
s40_off,162,coffee,"wait_at(?duration=PT60S,?entity=coffee_machine_0)",,0.098599,0.9819,0.0
s40_off,162,d(item_5),move_to(?target=item_5),406.5,0.00986,0.0033,720.0
s40_off,162,d(item_6),move_to(?target=item_6),549.6,0.00986,0.001,720.0
s40_off,162,d(item_7),move_to(?target=item_7),947.9,0.00986,0.001,720.0
s40_off,163,ac,move_to(?target=ac_switch_0),1189.5,0.00986,0.001,720.0
s40_off,163,coffee,"wait_at(?duration=PT60S,?entity=coffee_machine_0)",,0.098599,0.9819,0.0
s40_off,163,d(item_5),move_to(?target=item_5),406.5,0.00986,0.0033,720.0
s40_off,163,d(item_6),move_to(?target=item_6),549.6,0.00986,0.001,720.0
s40_off,163,d(item_7),move_to(?target=item_7),947.9,0.00986,0.001,720.0
s40_off,164,ac,move_to(?target=ac_switch_0),1189.5,0.00986,0.001,720.0
s40_off,164,coffee,"wait_at(?duration=PT60S,?entity=coffee_machine_0)",,0.098599,0.9819,0.0
s40_off,164,d(item_5),move_to(?target=item_5),406.5,0.00986,0.0033,720.0
s40_off,164,d(item_6),move_to(?target=item_6),549.6,0.00986,0.001,720.0
s40_off,164,d(item_7),move_to(?target=item_7),947.9,0.00986,0.001,720.0
s40_off,165,ac,move_to(?target=ac_switch_0),1189.5,0.00986,0.001,720.0
s40_off,165,coffee,"wait_at(?duration=PT60S,?entity=coffee_machine_0)",,0.098599,0.9819,0.0
s40_off,165,d(item_5),move_to(?target=item_5),406.5,0.00986,0.0033,720.0
s40_off,165,d(item_6),move_to(?target=item_6),549.6,0.00986,0.001,720.0
s40_off,165,d(item_7),move_to(?target=item_7),947.9,0.00986,0.001,720.0
s40_off,166,ac,move_to(?target=ac_switch_0),1189.5,0.00986,0.001,720.0
s40_off,166,coffee,"wait_at(?duration=PT60S,?entity=coffee_machine_0)",,0.098599,0.9819,0.0
s40_off,166,d(item_5),move_to(?target=item_5),406.5,0.00986,0.0033,720.0
s40_off,166,d(item_6),move_to(?target=item_6),549.6,0.00986,0.001,720.0
s40_off,166,d(item_7),move_to(?target=item_7),947.9,0.00986,0.001,720.0
s40_off,167,ac,move_to(?target=ac_switch_0),1189.5,0.00986,0.001,720.0
s40_off,167,coffee,"wait_at(?duration=PT60S,?entity=coffee_machine_0)",,0.098599,0.9819,0.0
s40_off,167,d(item_5),move_to(?target=item_5),406.5,0.00986,0.0033,720.0
s40_off,167,d(item_6),move_to(?target=item_6),549.6,0.00986,0.001,720.0
s40_off,167,d(item_7),move_to(?target=item_7),947.9,0.00986,0.001,720.0
s40_off,168,ac,move_to(?target=ac_switch_0),1189.5,0.00986,0.001,720.0
s40_off,168,coffee,"wait_at(?duration=PT60S,?entity=coffee_machine_0)",,0.098599,0.9819,0.0
s40_off,168,d(item_5),move_to(?target=item_5),406.5,0.00986,0.0033,720.0
s40_off,168,d(item_6),move_to(?target=item_6),549.6,0.00986,0.001,720.0
s40_off,168,d(item_7),move_to(?target=item_7),947.9,0.00986,0.001,720.0
s40_off,169,ac,move_to(?target=ac_switch_0),1189.5,0.00986,0.001,720.0
s40_off,169,coffee,"wait_at(?duration=PT60S,?entity=coffee_machine_0)",,0.098599,0.9819,0.0
s40_off,169,d(item_5),move_to(?target=item_5),406.5,0.00986,0.0033,720.0
s40_off,169,d(item_6),move_to(?target=item_6),549.6,0.00986,0.001,720.0
s40_off,169,d(item_7),move_to(?target=item_7),947.9,0.00986,0.001,720.0
s40_off,170,ac,move_to(?target=ac_switch_0),1189.5,0.00986,0.001,720.0
s40_off,170,coffee,"wait_at(?duration=PT60S,?entity=coffee_machine_0)",,0.098599,0.9819,0.0
s40_off,170,d(item_5),move_to(?target=item_5),406.5,0.00986,0.0033,720.0
s40_off,170,d(item_6),move_to(?target=item_6),549.6,0.00986,0.001,720.0
s40_off,170,d(item_7),move_to(?target=item_7),947.9,0.00986,0.001,720.0
s40_off,171,ac,move_to(?target=ac_switch_0),1189.5,0.00986,0.001,720.0
s40_off,171,coffee,"wait_at(?duration=PT60S,?entity=coffee_machine_0)",,0.098599,0.9819,0.0
s40_off,171,d(item_5),move_to(?target=item_5),406.5,0.00986,0.0033,720.0
s40_off,171,d(item_6),move_to(?target=item_6),549.6,0.00986,0.001,720.0
s40_off,171,d(item_7),move_to(?target=item_7),947.9,0.00986,0.001,720.0
s40_off,172,ac,move_to(?target=ac_switch_0),1189.5,0.00986,0.001,720.0
s40_off,172,coffee,"wait_at(?duration=PT60S,?entity=coffee_machine_0)",,0.098599,0.9819,0.0
s40_off,172,d(item_5),move_to(?target=item_5),406.5,0.00986,0.0033,720.0
s40_off,172,d(item_6),move_to(?target=item_6),549.6,0.00986,0.001,720.0
s40_off,172,d(item_7),move_to(?target=item_7),947.9,0.00986,0.001,720.0
s40_off,173,ac,move_to(?target=ac_switch_0),1189.5,0.00986,0.001,720.0
s40_off,173,coffee,"wait_at(?duration=PT60S,?entity=coffee_machine_0)",,0.098599,0.9819,0.0
s40_off,173,d(item_5),move_to(?target=item_5),406.5,0.00986,0.0033,720.0
s40_off,173,d(item_6),move_to(?target=item_6),549.6,0.00986,0.001,720.0
s40_off,173,d(item_7),move_to(?target=item_7),947.9,0.00986,0.001,720.0
s40_off,174,ac,move_to(?target=ac_switch_0),1189.5,0.00986,0.001,720.0
s40_off,174,coffee,"wait_at(?duration=PT60S,?entity=coffee_machine_0)",,0.098599,0.9819,0.0
s40_off,174,d(item_5),move_to(?target=item_5),406.5,0.00986,0.0033,720.0
s40_off,174,d(item_6),move_to(?target=item_6),549.6,0.00986,0.001,720.0
s40_off,174,d(item_7),move_to(?target=item_7),947.9,0.00986,0.001,720.0
s40_off,175,ac,move_to(?target=ac_switch_0),1189.5,0.00986,0.001,720.0
s40_off,175,coffee,"wait_at(?duration=PT60S,?entity=coffee_machine_0)",,0.098599,0.9819,0.0
s40_off,175,d(item_5),move_to(?target=item_5),406.5,0.00986,0.0033,720.0
s40_off,175,d(item_6),move_to(?target=item_6),549.6,0.00986,0.001,720.0
s40_off,175,d(item_7),move_to(?target=item_7),947.9,0.00986,0.001,720.0
s40_off,176,ac,move_to(?target=ac_switch_0),1189.5,0.00986,0.001,720.0
s40_off,176,coffee,"wait_at(?duration=PT60S,?entity=coffee_machine_0)",,0.098599,0.9819,0.0
s40_off,176,d(item_5),move_to(?target=item_5),406.5,0.00986,0.0033,720.0
s40_off,176,d(item_6),move_to(?target=item_6),549.6,0.00986,0.001,720.0
s40_off,176,d(item_7),move_to(?target=item_7),947.9,0.00986,0.001,720.0
s40_off,177,ac,move_to(?target=ac_switch_0),1189.5,0.00986,0.001,720.0
s40_off,177,coffee,"wait_at(?duration=PT60S,?entity=coffee_machine_0)",,0.098599,0.9819,0.0
s40_off,177,d(item_5),move_to(?target=item_5),406.5,0.00986,0.0033,720.0
s40_off,177,d(item_6),move_to(?target=item_6),549.6,0.00986,0.001,720.0
s40_off,177,d(item_7),move_to(?target=item_7),947.9,0.00986,0.001,720.0
s40_off,178,ac,move_to(?target=ac_switch_0),1189.5,0.00986,0.001,720.0
s40_off,178,coffee,"wait_at(?duration=PT60S,?entity=coffee_machine_0)",,0.098599,0.9819,0.0
s40_off,178,d(item_5),move_to(?target=item_5),406.5,0.00986,0.0033,720.0
s40_off,178,d(item_6),move_to(?target=item_6),549.6,0.00986,0.001,720.0
s40_off,178,d(item_7),move_to(?target=item_7),947.9,0.00986,0.001,720.0
s40_off,179,ac,move_to(?target=ac_switch_0),1189.5,0.00986,0.001,720.0
s40_off,179,coffee,"wait_at(?duration=PT60S,?entity=coffee_machine_0)",,0.098599,0.9819,0.0
s40_off,179,d(item_5),move_to(?target=item_5),406.5,0.00986,0.0033,720.0
s40_off,179,d(item_6),move_to(?target=item_6),549.6,0.00986,0.001,720.0
s40_off,179,d(item_7),move_to(?target=item_7),947.9,0.00986,0.001,720.0
s40_off,180,ac,move_to(?target=ac_switch_0),1189.5,0.00986,0.001,720.0
s40_off,180,coffee,"wait_at(?duration=PT60S,?entity=coffee_machine_0)",,0.098599,0.9819,0.0
s40_off,180,d(item_5),move_to(?target=item_5),406.5,0.00986,0.0033,720.0
s40_off,180,d(item_6),move_to(?target=item_6),549.6,0.00986,0.001,720.0
s40_off,180,d(item_7),move_to(?target=item_7),947.9,0.00986,0.001,720.0
s40_off,181,ac,move_to(?target=ac_switch_0),1189.5,0.00986,0.001,720.0
s40_off,181,coffee,"wait_at(?duration=PT60S,?entity=coffee_machine_0)",,0.098599,0.9819,0.0
s40_off,181,d(item_5),move_to(?target=item_5),406.5,0.00986,0.0033,720.0
s40_off,181,d(item_6),move_to(?target=item_6),549.6,0.00986,0.001,720.0
s40_off,181,d(item_7),move_to(?target=item_7),947.9,0.00986,0.001,720.0
s40_off,182,ac,move_to(?target=ac_switch_0),1189.5,0.00986,0.001,720.0
s40_off,182,coffee,"wait_at(?duration=PT60S,?entity=coffee_machine_0)",,0.098599,0.9819,0.0
s40_off,182,d(item_5),move_to(?target=item_5),406.5,0.00986,0.0033,720.0
s40_off,182,d(item_6),move_to(?target=item_6),549.6,0.00986,0.001,720.0
s40_off,182,d(item_7),move_to(?target=item_7),947.9,0.00986,0.001,720.0
s40_off,183,ac,move_to(?target=ac_switch_0),1189.5,0.00986,0.001,720.0
s40_off,183,coffee,"wait_at(?duration=PT60S,?entity=coffee_machine_0)",,0.098599,0.9819,0.0
s40_off,183,d(item_5),move_to(?target=item_5),406.5,0.00986,0.0033,720.0
s40_off,183,d(item_6),move_to(?target=item_6),549.6,0.00986,0.001,720.0
s40_off,183,d(item_7),move_to(?target=item_7),947.9,0.00986,0.001,720.0
s40_off,184,ac,move_to(?target=ac_switch_0),0.0,0.2,0.1994,0.0
s40_off,184,d(item_5),move_to(?target=item_5),0.0,0.2,0.1994,0.0
s40_off,184,d(item_6),move_to(?target=item_6),0.0,0.2,0.1994,0.0
s40_off,184,d(item_7),move_to(?target=item_7),0.0,0.2,0.1994,0.0
s40_off,185,ac,move_to(?target=ac_switch_0),0.0,0.2,0.1994,0.0
s40_off,185,d(item_5),move_to(?target=item_5),0.0,0.2,0.1994,0.0
s40_off,185,d(item_6),move_to(?target=item_6),0.0,0.2,0.1994,0.0
s40_off,185,d(item_7),move_to(?target=item_7),0.0,0.2,0.1994,0.0
s40_off,186,ac,move_to(?target=ac_switch_0),0.0,0.2,0.1994,0.0
s40_off,186,d(item_5),move_to(?target=item_5),0.0,0.2,0.1994,0.0
s40_off,186,d(item_6),move_to(?target=item_6),0.0,0.2,0.1994,0.0
s40_off,186,d(item_7),move_to(?target=item_7),0.0,0.2,0.1994,0.0
s40_off,187,ac,move_to(?target=ac_switch_0),9.3,0.024777,0.2355,20.0
s40_off,187,d(item_5),move_to(?target=item_5),0.5,0.024777,0.2464,20.0
s40_off,187,d(item_6),move_to(?target=item_6),0.0,0.024777,0.247,20.0
s40_off,187,d(item_7),move_to(?target=item_7),2.9,0.024777,0.2434,20.0
s40_off,188,ac,move_to(?target=ac_switch_0),19.0,0.025188,0.2273,40.0
s40_off,188,d(item_5),move_to(?target=item_5),1.1,0.025188,0.2498,40.0
s40_off,188,d(item_6),move_to(?target=item_6),0.0,0.025188,0.2511,40.0
s40_off,188,d(item_7),move_to(?target=item_7),6.0,0.025188,0.2436,40.0
s40_off,189,ac,move_to(?target=ac_switch_0),29.0,0.025625,0.2187,60.0
s40_off,189,d(item_5),move_to(?target=item_5),1.6,0.025625,0.2534,60.0
s40_off,189,d(item_6),move_to(?target=item_6),0.0,0.025625,0.2555,60.0
s40_off,189,d(item_7),move_to(?target=item_7),9.1,0.025625,0.2439,60.0
s40_off,190,ac,move_to(?target=ac_switch_0),39.3,0.026089,0.2096,80.0
s40_off,190,d(item_5),move_to(?target=item_5),2.2,0.026089,0.2572,80.0
s40_off,190,d(item_6),move_to(?target=item_6),0.0,0.026089,0.2601,80.0
s40_off,190,d(item_7),move_to(?target=item_7),12.3,0.026089,0.2441,80.0
s40_off,191,ac,move_to(?target=ac_switch_0),50.1,0.026579,0.2,100.0
s40_off,191,d(item_5),move_to(?target=item_5),2.8,0.026579,0.2612,100.0
s40_off,191,d(item_6),move_to(?target=item_6),0.0,0.026579,0.2649,100.0
s40_off,191,d(item_7),move_to(?target=item_7),15.6,0.026579,0.2443,100.0
s40_off,192,ac,move_to(?target=ac_switch_0),61.1,0.027095,0.19,120.0
s40_off,192,d(item_5),move_to(?target=item_5),3.5,0.027095,0.2654,120.0
s40_off,192,d(item_6),move_to(?target=item_6),0.0,0.027095,0.2701,120.0
s40_off,192,d(item_7),move_to(?target=item_7),19.1,0.027095,0.2444,120.0
s40_off,193,ac,move_to(?target=ac_switch_0),72.6,0.027637,0.1797,140.0
s40_off,193,d(item_5),move_to(?target=item_5),4.2,0.027637,0.2698,140.0
s40_off,193,d(item_6),move_to(?target=item_6),0.0,0.027637,0.2755,140.0
s40_off,193,d(item_7),move_to(?target=item_7),22.6,0.027637,0.2445,140.0
s40_off,194,ac,move_to(?target=ac_switch_0),84.5,0.028204,0.169,160.0
s40_off,194,d(item_5),move_to(?target=item_5),4.9,0.028204,0.2744,160.0
s40_off,194,d(item_6),move_to(?target=item_6),0.1,0.028204,0.2811,160.0
s40_off,194,d(item_7),move_to(?target=item_7),26.3,0.028204,0.2444,160.0
s40_off,195,ac,move_to(?target=ac_switch_0),96.8,0.028843,0.1584,180.0
s40_off,195,d(item_5),move_to(?target=item_5),5.6,0.028843,0.2795,180.0
s40_off,195,d(item_6),move_to(?target=item_6),0.1,0.028843,0.2875,180.0
s40_off,195,d(item_7),move_to(?target=item_7),31.3,0.028843,0.2429,180.0
s40_off,196,ac,move_to(?target=ac_switch_0),109.5,0.029523,0.1476,200.0
s40_off,196,d(item_5),move_to(?target=item_5),6.4,0.029523,0.285,200.0
s40_off,196,d(item_6),move_to(?target=item_6),0.1,0.029523,0.2942,200.0
s40_off,196,d(item_7),move_to(?target=item_7),36.8,0.029523,0.2407,200.0
s40_off,197,ac,move_to(?target=ac_switch_0),122.6,0.030246,0.1368,220.0
s40_off,197,d(item_5),move_to(?target=item_5),7.2,0.030246,0.2907,220.0
s40_off,197,d(item_6),move_to(?target=item_6),0.1,0.030246,0.3014,220.0
s40_off,197,d(item_7),move_to(?target=item_7),42.9,0.030246,0.2379,220.0
s40_off,198,ac,move_to(?target=ac_switch_0),136.2,0.031014,0.1261,240.0
s40_off,198,d(item_5),move_to(?target=item_5),8.0,0.031014,0.2968,240.0
s40_off,198,d(item_6),move_to(?target=item_6),0.1,0.031014,0.3091,240.0
s40_off,198,d(item_7),move_to(?target=item_7),49.6,0.031014,0.2341,240.0
s40_off,199,ac,move_to(?target=ac_switch_0),150.2,0.03183,0.1156,260.0
s40_off,199,d(item_5),move_to(?target=item_5),8.9,0.03183,0.3032,260.0
s40_off,199,d(item_6),move_to(?target=item_6),0.1,0.03183,0.3172,260.0
s40_off,199,d(item_7),move_to(?target=item_7),57.0,0.03183,0.2293,260.0
s40_off,200,ac,move_to(?target=ac_switch_0),164.7,0.032695,0.1053,280.0
s40_off,200,d(item_5),move_to(?target=item_5),9.9,0.032695,0.3099,280.0
s40_off,200,d(item_6),move_to(?target=item_6),0.1,0.032695,0.3258,280.0
s40_off,200,d(item_7),move_to(?target=item_7),65.1,0.032695,0.2234,280.0
s40_off,201,ac,move_to(?target=ac_switch_0),179.7,0.033612,0.0954,300.0
s40_off,201,d(item_5),move_to(?target=item_5),10.9,0.033612,0.3169,300.0
s40_off,201,d(item_6),move_to(?target=item_6),0.1,0.033612,0.3349,300.0
s40_off,201,d(item_7),move_to(?target=item_7),74.1,0.033612,0.2163,300.0
s40_off,202,ac,move_to(?target=ac_switch_0),195.1,0.034584,0.0858,320.0
s40_off,202,d(item_5),move_to(?target=item_5),11.9,0.034584,0.3242,320.0
s40_off,202,d(item_6),move_to(?target=item_6),0.1,0.034584,0.3446,320.0
s40_off,202,d(item_7),move_to(?target=item_7),84.0,0.034584,0.2079,320.0
s40_off,203,ac,move_to(?target=ac_switch_0),211.1,0.035611,0.0767,340.0
s40_off,203,d(item_5),move_to(?target=item_5),13.0,0.035611,0.3319,340.0
s40_off,203,d(item_6),move_to(?target=item_6),0.1,0.035611,0.3548,340.0
s40_off,203,d(item_7),move_to(?target=item_7),95.0,0.035611,0.1981,340.0
s40_off,204,ac,move_to(?target=ac_switch_0),227.5,0.036694,0.0682,360.0
s40_off,204,d(item_5),move_to(?target=item_5),14.2,0.036694,0.3399,360.0
s40_off,204,d(item_6),move_to(?target=item_6),0.2,0.036694,0.3655,360.0
s40_off,204,d(item_7),move_to(?target=item_7),107.0,0.036694,0.1868,360.0
s40_off,205,ac,move_to(?target=ac_switch_0),244.5,0.037832,0.0602,380.0
s40_off,205,d(item_5),move_to(?target=item_5),15.5,0.037832,0.348,380.0
s40_off,205,d(item_6),move_to(?target=item_6),0.2,0.037832,0.3768,380.0
s40_off,205,d(item_7),move_to(?target=item_7),120.3,0.037832,0.1742,380.0
s40_off,206,ac,move_to(?target=ac_switch_0),244.5,0.03809,0.0606,380.0
s40_off,206,d(item_5),move_to(?target=item_5),15.5,0.03809,0.3504,380.0
s40_off,206,d(item_6),move_to(?target=item_6),0.2,0.03809,0.3794,380.0
s40_off,206,d(item_7),move_to(?target=item_7),125.4,0.03809,0.1686,380.0
s40_off,207,ac,move_to(?target=ac_switch_0),244.5,0.038355,0.0611,380.0
s40_off,207,d(item_5),move_to(?target=item_5),15.5,0.038355,0.3529,380.0
s40_off,207,d(item_6),move_to(?target=item_6),0.2,0.038355,0.3821,380.0
s40_off,207,d(item_7),move_to(?target=item_7),130.8,0.038355,0.1628,380.0
s40_off,208,ac,move_to(?target=ac_switch_0),244.5,0.038626,0.0615,380.0
s40_off,208,d(item_5),move_to(?target=item_5),15.5,0.038626,0.3554,380.0
s40_off,208,d(item_6),move_to(?target=item_6),0.2,0.038626,0.3848,380.0
s40_off,208,d(item_7),move_to(?target=item_7),136.3,0.038626,0.1569,380.0
s40_off,209,ac,move_to(?target=ac_switch_0),244.5,0.038903,0.0619,380.0
s40_off,209,d(item_5),move_to(?target=item_5),15.5,0.038903,0.3579,380.0
s40_off,209,d(item_6),move_to(?target=item_6),0.2,0.038903,0.3875,380.0
s40_off,209,d(item_7),move_to(?target=item_7),142.1,0.038903,0.1509,380.0
s40_off,210,ac,move_to(?target=ac_switch_0),283.9,0.046394,0.0511,400.0
s40_off,210,d(item_5),move_to(?target=item_5),36.0,0.046394,0.3801,400.0
s40_off,210,d(item_6),move_to(?target=item_6),28.5,0.046394,0.3972,400.0
s40_off,210,d(item_7),move_to(?target=item_7),188.1,0.046394,0.1224,400.0
s40_off,211,ac,move_to(?target=ac_switch_0),323.4,0.055753,0.0421,420.0
s40_off,211,d(item_5),move_to(?target=item_5),57.2,0.055753,0.401,420.0
s40_off,211,d(item_6),move_to(?target=item_6),57.3,0.055753,0.4009,420.0
s40_off,211,d(item_7),move_to(?target=item_7),234.3,0.055753,0.0974,420.0
s40_off,212,ac,move_to(?target=ac_switch_0),362.9,0.067486,0.0348,440.0
s40_off,212,d(item_5),move_to(?target=item_5),79.0,0.067486,0.42,440.0
s40_off,212,d(item_6),move_to(?target=item_6),86.6,0.067486,0.3985,440.0
s40_off,212,d(item_7),move_to(?target=item_7),280.9,0.067486,0.0765,440.0
s40_off,213,ac,move_to(?target=ac_switch_0),402.5,0.082241,0.0288,460.0
s40_off,213,d(item_5),move_to(?target=item_5),101.5,0.082241,0.4363,460.0
s40_off,213,d(item_6),move_to(?target=item_6),116.4,0.082241,0.3902,460.0
s40_off,213,d(item_7),move_to(?target=item_7),327.7,0.082241,0.0597,460.0
s40_off,214,ac,move_to(?target=ac_switch_0),442.1,0.100807,0.0239,480.0
s40_off,214,d(item_5),move_to(?target=item_5),124.5,0.100807,0.4494,480.0
s40_off,214,d(item_6),move_to(?target=item_6),146.6,0.100807,0.3769,480.0
s40_off,214,d(item_7),move_to(?target=item_7),374.7,0.100807,0.0463,480.0
s40_off,215,ac,move_to(?target=ac_switch_0),481.6,0.124102,0.0199,500.0
s40_off,215,d(item_5),move_to(?target=item_5),148.1,0.124102,0.4584,500.0
s40_off,215,d(item_6),move_to(?target=item_6),177.3,0.124102,0.3591,500.0
s40_off,215,d(item_7),move_to(?target=item_7),421.8,0.124102,0.0359,500.0
s40_off,216,ac,move_to(?target=ac_switch_0),521.2,0.153123,0.0165,520.0
s40_off,216,d(item_5),move_to(?target=item_5),172.3,0.153123,0.4624,520.0
s40_off,216,d(item_6),move_to(?target=item_6),208.5,0.153123,0.3377,520.0
s40_off,216,d(item_7),move_to(?target=item_7),469.2,0.153123,0.0278,520.0
s40_off,217,ac,move_to(?target=ac_switch_0),560.9,0.188856,0.0138,540.0
s40_off,217,d(item_5),move_to(?target=item_5),197.1,0.188856,0.4603,540.0
s40_off,217,d(item_6),move_to(?target=item_6),240.0,0.188856,0.3133,540.0
s40_off,217,d(item_7),move_to(?target=item_7),516.6,0.188856,0.0214,540.0
s40_off,218,ac,move_to(?target=ac_switch_0),600.5,0.232134,0.0114,560.0
s40_off,218,d(item_5),move_to(?target=item_5),222.5,0.232134,0.4514,560.0
s40_off,218,d(item_6),move_to(?target=item_6),271.9,0.232134,0.2864,560.0
s40_off,218,d(item_7),move_to(?target=item_7),564.1,0.232134,0.0164,560.0
s40_off,219,ac,move_to(?target=ac_switch_0),640.1,0.283415,0.0094,580.0
s40_off,219,d(item_5),move_to(?target=item_5),248.4,0.283415,0.435,580.0
s40_off,219,d(item_6),move_to(?target=item_6),304.1,0.283415,0.2577,580.0
s40_off,219,d(item_7),move_to(?target=item_7),611.6,0.283415,0.0125,580.0
s40_off,220,ac,move_to(?target=ac_switch_0),679.8,0.342538,0.0076,600.0
s40_off,220,d(item_5),move_to(?target=item_5),274.9,0.342538,0.4108,600.0
s40_off,220,d(item_6),move_to(?target=item_6),336.7,0.342538,0.2277,600.0
s40_off,220,d(item_7),move_to(?target=item_7),659.1,0.342538,0.0094,600.0
s40_off,221,ac,move_to(?target=ac_switch_0),719.5,0.408493,0.0061,620.0
s40_off,221,d(item_5),move_to(?target=item_5),301.9,0.408493,0.3795,620.0
s40_off,221,d(item_6),move_to(?target=item_6),369.7,0.408493,0.1972,620.0
s40_off,221,d(item_7),move_to(?target=item_7),706.6,0.408493,0.0069,620.0
s40_off,222,ac,move_to(?target=ac_switch_0),759.2,0.47933,0.0048,640.0
s40_off,222,d(item_5),move_to(?target=item_5),329.4,0.47933,0.3421,640.0
s40_off,222,d(item_6),move_to(?target=item_6),402.9,0.47933,0.1671,640.0
s40_off,222,d(item_7),move_to(?target=item_7),754.0,0.47933,0.0051,640.0
s40_off,223,ac,move_to(?target=ac_switch_0),798.9,0.552288,0.0037,660.0
s40_off,223,d(item_5),move_to(?target=item_5),357.3,0.552288,0.3006,660.0
s40_off,223,d(item_6),move_to(?target=item_6),436.4,0.552288,0.1384,660.0
s40_off,223,d(item_7),move_to(?target=item_7),801.3,0.552288,0.0036,660.0
s40_off,224,ac,move_to(?target=ac_switch_0),838.6,0.624177,0.0028,680.0
s40_off,224,d(item_5),move_to(?target=item_5),385.8,0.624177,0.2573,680.0
s40_off,224,d(item_6),move_to(?target=item_6),470.2,0.624177,0.1119,680.0
s40_off,224,d(item_7),move_to(?target=item_7),848.6,0.624177,0.0026,680.0
s40_off,225,ac,move_to(?target=ac_switch_0),878.3,0.691917,0.0021,700.0
s40_off,225,d(item_5),move_to(?target=item_5),414.7,0.691917,0.2148,700.0
s40_off,225,d(item_6),move_to(?target=item_6),504.3,0.691917,0.0885,700.0
s40_off,225,d(item_7),move_to(?target=item_7),895.6,0.691917,0.0018,700.0
s40_off,226,ac,move_to(?target=ac_switch_0),918.1,0.753051,0.0015,720.0
s40_off,226,d(item_5),move_to(?target=item_5),444.0,0.753051,0.175,720.0
s40_off,226,d(item_6),move_to(?target=item_6),538.6,0.753051,0.0685,720.0
s40_off,226,d(item_7),move_to(?target=item_7),942.6,0.753051,0.0012,720.0
s40_off,227,ac,move_to(?target=ac_switch_0),918.1,0.753116,0.0015,720.0
s40_off,227,d(item_5),move_to(?target=item_5),444.0,0.753116,0.175,720.0
s40_off,227,d(item_6),move_to(?target=item_6),538.6,0.753116,0.0685,720.0
s40_off,227,d(item_7),move_to(?target=item_7),949.9,0.753116,0.0011,720.0
s40_off,228,ac,move_to(?target=ac_switch_0),918.1,0.753176,0.0015,720.0
s40_off,228,d(item_5),move_to(?target=item_5),444.0,0.753176,0.175,720.0
s40_off,228,d(item_6),move_to(?target=item_6),538.6,0.753176,0.0685,720.0
s40_off,228,d(item_7),move_to(?target=item_7),957.2,0.753176,0.001,720.0
s40_off,229,ac,move_to(?target=ac_switch_0),918.1,0.753232,0.0015,720.0
s40_off,229,d(item_5),move_to(?target=item_5),444.0,0.753232,0.175,720.0
s40_off,229,d(item_6),move_to(?target=item_6),538.6,0.753232,0.0685,720.0
s40_off,229,d(item_7),move_to(?target=item_7),964.5,0.753232,0.001,720.0
s40_off,230,ac,move_to(?target=ac_switch_0),918.1,0.753283,0.0015,720.0
s40_off,230,d(item_5),move_to(?target=item_5),444.0,0.753283,0.175,720.0
s40_off,230,d(item_6),move_to(?target=item_6),538.6,0.753283,0.0685,720.0
s40_off,230,d(item_7),move_to(?target=item_7),971.7,0.753283,0.001,720.0
s40_off,231,ac,move_to(?target=ac_switch_0),926.2,0.754744,0.0014,740.0
s40_off,231,d(item_5),move_to(?target=item_5),445.0,0.754744,0.1737,740.0
s40_off,231,d(item_6),move_to(?target=item_6),538.6,0.754744,0.0686,740.0
s40_off,231,d(item_7),move_to(?target=item_7),989.9,0.754744,0.001,740.0
s40_off,232,ac,move_to(?target=ac_switch_0),934.5,0.756251,0.0013,760.0
s40_off,232,d(item_5),move_to(?target=item_5),446.0,0.756251,0.1722,760.0
s40_off,232,d(item_6),move_to(?target=item_6),538.6,0.756251,0.0687,760.0
s40_off,232,d(item_7),move_to(?target=item_7),1009.1,0.756251,0.001,760.0
s40_off,233,ac,move_to(?target=ac_switch_0),943.1,0.757808,0.0012,780.0
s40_off,233,d(item_5),move_to(?target=item_5),447.1,0.757808,0.1708,780.0
s40_off,233,d(item_6),move_to(?target=item_6),538.6,0.757808,0.0689,780.0
s40_off,233,d(item_7),move_to(?target=item_7),1029.2,0.757808,0.001,780.0
s40_off,234,ac,move_to(?target=ac_switch_0),951.9,0.759421,0.0011,800.0
s40_off,234,d(item_5),move_to(?target=item_5),448.2,0.759421,0.1692,800.0
s40_off,234,d(item_6),move_to(?target=item_6),538.6,0.759421,0.069,800.0
s40_off,234,d(item_7),move_to(?target=item_7),1050.2,0.759421,0.001,800.0
s40_off,235,ac,move_to(?target=ac_switch_0),961.1,0.761097,0.001,820.0
s40_off,235,d(item_5),move_to(?target=item_5),449.5,0.761097,0.1675,820.0
s40_off,235,d(item_6),move_to(?target=item_6),538.6,0.761097,0.0692,820.0
s40_off,235,d(item_7),move_to(?target=item_7),1072.3,0.761097,0.001,820.0
s40_off,236,ac,move_to(?target=ac_switch_0),970.4,0.762844,0.001,840.0
s40_off,236,d(item_5),move_to(?target=item_5),450.8,0.762844,0.1658,840.0
s40_off,236,d(item_6),move_to(?target=item_6),538.6,0.762844,0.0693,840.0
s40_off,236,d(item_7),move_to(?target=item_7),1095.3,0.762844,0.001,840.0
s40_off,237,ac,move_to(?target=ac_switch_0),980.1,0.764668,0.001,860.0
s40_off,237,d(item_5),move_to(?target=item_5),452.1,0.764668,0.1639,860.0
s40_off,237,d(item_6),move_to(?target=item_6),538.6,0.764668,0.0695,860.0
s40_off,237,d(item_7),move_to(?target=item_7),1119.2,0.764668,0.001,860.0
s40_off,238,ac,move_to(?target=ac_switch_0),990.1,0.766579,0.001,880.0
s40_off,238,d(item_5),move_to(?target=item_5),453.6,0.766579,0.1619,880.0
s40_off,238,d(item_6),move_to(?target=item_6),538.6,0.766579,0.0696,880.0
s40_off,238,d(item_7),move_to(?target=item_7),1144.1,0.766579,0.001,880.0
s40_off,239,ac,move_to(?target=ac_switch_0),1000.3,0.768586,0.001,900.0
s40_off,239,d(item_5),move_to(?target=item_5),455.2,0.768586,0.1598,900.0
s40_off,239,d(item_6),move_to(?target=item_6),538.6,0.768586,0.0698,900.0
s40_off,239,d(item_7),move_to(?target=item_7),1170.0,0.768586,0.001,900.0
s40_off,240,ac,move_to(?target=ac_switch_0),1010.9,0.770698,0.001,920.0
s40_off,240,d(item_5),move_to(?target=item_5),456.8,0.770698,0.1576,920.0
s40_off,240,d(item_6),move_to(?target=item_6),538.6,0.770698,0.07,920.0
s40_off,240,d(item_7),move_to(?target=item_7),1196.7,0.770698,0.001,920.0
s40_off,241,ac,move_to(?target=ac_switch_0),1021.8,0.772926,0.001,940.0
s40_off,241,d(item_5),move_to(?target=item_5),458.6,0.772926,0.1553,940.0
s40_off,241,d(item_6),move_to(?target=item_6),538.6,0.772926,0.0702,940.0
s40_off,241,d(item_7),move_to(?target=item_7),1224.3,0.772926,0.001,940.0
s40_off,242,ac,move_to(?target=ac_switch_0),1033.0,0.775278,0.001,960.0
s40_off,242,d(item_5),move_to(?target=item_5),460.6,0.775278,0.1528,960.0
s40_off,242,d(item_6),move_to(?target=item_6),538.6,0.775278,0.0704,960.0
s40_off,242,d(item_7),move_to(?target=item_7),1243.1,0.775278,0.001,960.0
s40_off,243,ac,move_to(?target=ac_switch_0),1044.6,0.777811,0.001,980.0
s40_off,243,d(item_5),move_to(?target=item_5),462.7,0.777811,0.1501,980.0
s40_off,243,d(item_6),move_to(?target=item_6),538.6,0.777811,0.0706,980.0
s40_off,244,ac,move_to(?target=ac_switch_0),1056.4,0.780452,0.001,1000.0
s40_off,244,d(item_5),move_to(?target=item_5),464.9,0.780452,0.1473,1000.0
s40_off,244,d(item_6),move_to(?target=item_6),538.6,0.780452,0.0708,1000.0
s40_off,245,ac,move_to(?target=ac_switch_0),1068.7,0.783262,0.001,1020.0
s40_off,245,d(item_5),move_to(?target=item_5),467.4,0.783262,0.1443,1020.0
s40_off,245,d(item_6),move_to(?target=item_6),538.6,0.783262,0.0711,1020.0
s40_off,246,ac,move_to(?target=ac_switch_0),1081.3,0.786257,0.001,1040.0
s40_off,246,d(item_5),move_to(?target=item_5),470.0,0.786257,0.1411,1040.0
s40_off,246,d(item_6),move_to(?target=item_6),538.6,0.786257,0.0714,1040.0
s40_off,247,ac,move_to(?target=ac_switch_0),1094.3,0.789453,0.001,1060.0
s40_off,247,d(item_5),move_to(?target=item_5),472.9,0.789453,0.1376,1060.0
s40_off,247,d(item_6),move_to(?target=item_6),538.6,0.789453,0.0717,1060.0
s40_off,248,ac,move_to(?target=ac_switch_0),1107.6,0.792867,0.001,1080.0
s40_off,248,d(item_5),move_to(?target=item_5),476.1,0.792867,0.1339,1080.0
s40_off,248,d(item_6),move_to(?target=item_6),538.6,0.792867,0.072,1080.0
s40_off,249,ac,move_to(?target=ac_switch_0),1121.4,0.796518,0.001,1100.0
s40_off,249,d(item_5),move_to(?target=item_5),479.5,0.796518,0.13,1100.0
s40_off,249,d(item_6),move_to(?target=item_6),538.6,0.796518,0.0723,1100.0
s40_off,250,ac,move_to(?target=ac_switch_0),1135.5,0.800423,0.001,1120.0
s40_off,250,d(item_5),move_to(?target=item_5),483.4,0.800423,0.1258,1120.0
s40_off,250,d(item_6),move_to(?target=item_6),538.6,0.800423,0.0726,1120.0
s40_off,251,ac,move_to(?target=ac_switch_0),1150.0,0.804603,0.001,1140.0
s40_off,251,d(item_5),move_to(?target=item_5),487.6,0.804603,0.1213,1140.0
s40_off,251,d(item_6),move_to(?target=item_6),538.6,0.804603,0.073,1140.0
s40_off,252,ac,move_to(?target=ac_switch_0),1165.0,0.809075,0.001,1160.0
s40_off,252,d(item_5),move_to(?target=item_5),492.2,0.809075,0.1164,1160.0
s40_off,252,d(item_6),move_to(?target=item_6),538.6,0.809075,0.0734,1160.0
s40_off,253,ac,move_to(?target=ac_switch_0),1180.4,0.813857,0.001,1180.0
s40_off,253,d(item_5),move_to(?target=item_5),497.4,0.813857,0.1113,1180.0
s40_off,253,d(item_6),move_to(?target=item_6),538.6,0.813857,0.0739,1180.0
s40_off,254,ac,move_to(?target=ac_switch_0),1196.1,0.818962,0.001,1200.0
s40_off,254,d(item_5),move_to(?target=item_5),503.2,0.818962,0.1057,1200.0
s40_off,254,d(item_6),move_to(?target=item_6),538.6,0.818962,0.0743,1200.0
s40_off,255,ac,move_to(?target=ac_switch_0),1212.4,0.824399,0.001,1220.0
s40_off,255,d(item_5),move_to(?target=item_5),509.6,0.824399,0.0998,1220.0
s40_off,255,d(item_6),move_to(?target=item_6),538.6,0.824399,0.0748,1220.0
s40_off,256,ac,move_to(?target=ac_switch_0),1229.0,0.830166,0.001,1240.0
s40_off,256,d(item_5),move_to(?target=item_5),516.8,0.830166,0.0936,1240.0
s40_off,256,d(item_6),move_to(?target=item_6),538.6,0.830166,0.0753,1240.0
s40_off,257,ac,move_to(?target=ac_switch_0),1246.1,0.836254,0.001,1260.0
s40_off,257,d(item_5),move_to(?target=item_5),524.9,0.836254,0.087,1260.0
s40_off,257,d(item_6),move_to(?target=item_6),538.6,0.836254,0.0759,1260.0
s40_off,258,ac,move_to(?target=ac_switch_0),1263.6,0.842632,0.001,1280.0
s40_off,258,d(item_5),move_to(?target=item_5),534.0,0.842632,0.0801,1280.0
s40_off,258,d(item_6),move_to(?target=item_6),538.6,0.842632,0.0765,1280.0
s40_off,259,ac,move_to(?target=ac_switch_0),1281.6,0.849255,0.001,1300.0
s40_off,259,d(item_5),move_to(?target=item_5),544.2,0.849255,0.0729,1300.0
s40_off,259,d(item_6),move_to(?target=item_6),538.6,0.849255,0.0771,1300.0
s40_off,260,ac,move_to(?target=ac_switch_0),1300.1,0.856049,0.001,1320.0
s40_off,260,d(item_5),move_to(?target=item_5),555.7,0.856049,0.0655,1320.0
s40_off,260,d(item_6),move_to(?target=item_6),538.6,0.856049,0.0777,1320.0
s40_off,261,ac,move_to(?target=ac_switch_0),1318.9,0.862918,0.001,1340.0
s40_off,261,d(item_5),move_to(?target=item_5),568.6,0.862918,0.0581,1340.0
s40_off,261,d(item_6),move_to(?target=item_6),538.6,0.862918,0.0783,1340.0
s40_off,262,ac,move_to(?target=ac_switch_0),1338.3,0.86974,0.001,1360.0
s40_off,262,d(item_5),move_to(?target=item_5),583.1,0.86974,0.0507,1360.0
s40_off,262,d(item_6),move_to(?target=item_6),538.6,0.86974,0.0789,1360.0
s40_off,263,ac,move_to(?target=ac_switch_0),1358.1,0.876376,0.001,1380.0
s40_off,263,d(item_5),move_to(?target=item_5),599.2,0.876376,0.0435,1380.0
s40_off,263,d(item_6),move_to(?target=item_6),538.6,0.876376,0.0795,1380.0
s40_off,264,ac,move_to(?target=ac_switch_0),1378.3,0.882681,0.001,1400.0
s40_off,264,d(item_5),move_to(?target=item_5),617.1,0.882681,0.0366,1400.0
s40_off,264,d(item_6),move_to(?target=item_6),538.6,0.882681,0.0801,1400.0
s40_off,265,ac,move_to(?target=ac_switch_0),1399.0,0.888518,0.001,1420.0
s40_off,265,d(item_5),move_to(?target=item_5),636.8,0.888518,0.0303,1420.0
s40_off,265,d(item_6),move_to(?target=item_6),538.6,0.888518,0.0806,1420.0
s40_off,266,ac,move_to(?target=ac_switch_0),1420.2,0.893776,0.001,1440.0
s40_off,266,d(item_5),move_to(?target=item_5),658.3,0.893776,0.0246,1440.0
s40_off,266,d(item_6),move_to(?target=item_6),538.6,0.893776,0.0811,1440.0
s40_off,267,ac,move_to(?target=ac_switch_0),1441.8,0.898381,0.001,1460.0
s40_off,267,d(item_5),move_to(?target=item_5),681.6,0.898381,0.0196,1460.0
s40_off,267,d(item_6),move_to(?target=item_6),538.6,0.898381,0.0815,1460.0
s40_off,268,ac,move_to(?target=ac_switch_0),1463.9,0.902303,0.001,1480.0
s40_off,268,d(item_5),move_to(?target=item_5),706.6,0.902303,0.0153,1480.0
s40_off,268,d(item_6),move_to(?target=item_6),538.6,0.902303,0.0819,1480.0
s40_off,269,ac,move_to(?target=ac_switch_0),1486.4,0.905556,0.001,1500.0
s40_off,269,d(item_5),move_to(?target=item_5),733.1,0.905556,0.0118,1500.0
s40_off,269,d(item_6),move_to(?target=item_6),538.6,0.905556,0.0822,1500.0
s40_off,270,ac,move_to(?target=ac_switch_0),1509.3,0.520321,0.001,1520.0
s40_off,270,d(item_5),move_to(?target=item_5),761.1,0.520321,0.0051,1520.0
s40_off,270,d(item_6),pick_up(?item=item_6),,0.047453,0.4722,0.0
s40_off,271,ac,move_to(?target=ac_switch_0),1509.3,0.520321,0.001,1520.0
s40_off,271,d(item_5),move_to(?target=item_5),761.1,0.520321,0.0051,1520.0
s40_off,271,d(item_6),pick_up(?item=item_6),,0.047453,0.4722,0.0
s40_off,272,ac,move_to(?target=ac_switch_0),1509.3,0.497289,0.001,1520.0
s40_off,272,d(item_5),"place(?item=item_6,?target=shelf_6)",,0.004918,0.0489,0.0
s40_off,272,d(item_6),move_to(?target=kitting_table_0),0.0,0.453526,0.4513,0.0
s40_off,273,ac,move_to(?target=ac_switch_0),1509.3,0.497289,0.001,1520.0
s40_off,273,d(item_5),"place(?item=item_6,?target=shelf_6)",,0.004918,0.0489,0.0
s40_off,273,d(item_6),move_to(?target=kitting_table_0),0.0,0.453526,0.4513,0.0
s40_off,274,ac,move_to(?target=ac_switch_0),1510.3,0.097858,0.001,1540.0
s40_off,274,d(item_5),"place(?item=item_6,?target=shelf_6)",,0.000968,0.0096,20.0
s40_off,274,d(item_6),move_to(?target=kitting_table_0),0.0,0.089246,0.888,20.0
s40_off,275,ac,move_to(?target=ac_switch_0),1511.3,0.097858,0.001,1560.0
s40_off,275,d(item_5),move_to(?target=shelf_6),0.0,0.009678,0.0096,0.0
s40_off,275,d(item_6),move_to(?target=kitting_table_0),0.0,0.089246,0.888,40.0
s40_off,276,ac,move_to(?target=ac_switch_0),1512.4,0.091613,0.001,1580.0
s40_off,276,d(item_5),move_to(?target=shelf_6),39.6,0.009061,0.0725,20.0
s40_off,276,d(item_6),move_to(?target=kitting_table_0),0.0,0.08355,0.8313,60.0
s40_off,277,ac,move_to(?target=ac_switch_0),1513.5,0.093148,0.001,1600.0
s40_off,277,d(item_5),move_to(?target=shelf_6),79.4,0.009213,0.0571,40.0
s40_off,277,d(item_6),move_to(?target=kitting_table_0),0.0,0.084951,0.8453,80.0
s40_off,278,ac,move_to(?target=ac_switch_0),1514.7,0.094516,0.001,1620.0
s40_off,278,d(item_5),move_to(?target=shelf_6),119.3,0.009348,0.0433,60.0
s40_off,278,d(item_6),move_to(?target=kitting_table_0),0.0,0.086198,0.8577,100.0
s40_off,279,ac,move_to(?target=ac_switch_0),1515.9,0.095654,0.001,1640.0
s40_off,279,d(item_5),move_to(?target=shelf_6),159.2,0.00946,0.0318,80.0
s40_off,279,d(item_6),move_to(?target=kitting_table_0),0.0,0.087236,0.868,120.0
s40_off,280,ac,move_to(?target=ac_switch_0),1517.2,0.096549,0.001,1660.0
s40_off,280,d(item_5),move_to(?target=shelf_6),199.2,0.009549,0.0228,100.0
s40_off,280,d(item_6),move_to(?target=kitting_table_0),0.0,0.088052,0.8761,140.0
s40_off,281,ac,move_to(?target=ac_switch_0),1518.5,0.097221,0.001,1680.0
s40_off,281,d(item_5),move_to(?target=shelf_6),239.1,0.009615,0.016,120.0
s40_off,281,d(item_6),move_to(?target=kitting_table_0),0.0,0.088665,0.8822,160.0
s40_off,282,ac,move_to(?target=ac_switch_0),1519.9,0.09771,0.001,1700.0
s40_off,282,d(item_5),move_to(?target=shelf_6),279.1,0.009664,0.0111,140.0
s40_off,282,d(item_6),move_to(?target=kitting_table_0),0.0,0.089111,0.8867,180.0
s40_off,283,ac,move_to(?target=ac_switch_0),1521.4,0.098057,0.001,1720.0
s40_off,283,d(item_5),move_to(?target=shelf_6),319.1,0.009698,0.0076,160.0
s40_off,283,d(item_6),move_to(?target=kitting_table_0),0.0,0.089428,0.8898,200.0
s40_off,284,ac,move_to(?target=ac_switch_0),1523.0,0.098299,0.001,1740.0
s40_off,284,d(item_5),move_to(?target=shelf_6),359.0,0.009722,0.0052,180.0
s40_off,284,d(item_6),move_to(?target=kitting_table_0),0.0,0.089648,0.892,220.0
s40_off,285,ac,move_to(?target=ac_switch_0),1524.7,0.098465,0.001,1760.0
s40_off,285,d(item_5),move_to(?target=shelf_6),399.0,0.009738,0.0035,200.0
s40_off,285,d(item_6),move_to(?target=kitting_table_0),0.0,0.0898,0.8935,240.0
s40_off,286,ac,move_to(?target=ac_switch_0),1526.5,0.098579,0.001,1780.0
s40_off,286,d(item_5),move_to(?target=shelf_6),439.0,0.00975,0.0024,220.0
s40_off,286,d(item_6),move_to(?target=kitting_table_0),0.0,0.089903,0.8945,260.0
s40_off,287,ac,move_to(?target=ac_switch_0),1528.4,0.098656,0.001,1800.0
s40_off,287,d(item_5),move_to(?target=shelf_6),479.0,0.009757,0.0016,240.0
s40_off,287,d(item_6),move_to(?target=kitting_table_0),0.0,0.089973,0.8952,280.0
s40_off,288,ac,move_to(?target=ac_switch_0),1530.4,0.098708,0.001,1820.0
s40_off,288,d(item_5),move_to(?target=shelf_6),519.0,0.009762,0.0011,260.0
s40_off,288,d(item_6),move_to(?target=kitting_table_0),0.0,0.090021,0.8957,300.0
s40_off,289,ac,move_to(?target=ac_switch_0),1532.5,0.098743,0.001,1840.0
s40_off,289,d(item_5),move_to(?target=shelf_6),559.0,0.009766,0.001,280.0
s40_off,289,d(item_6),move_to(?target=kitting_table_0),0.0,0.090053,0.8958,320.0
s40_off,290,ac,move_to(?target=ac_switch_0),1534.8,0.098766,0.001,1860.0
s40_off,290,d(item_5),move_to(?target=shelf_6),599.0,0.009768,0.001,300.0
s40_off,290,d(item_6),move_to(?target=kitting_table_0),0.0,0.090075,0.8958,340.0
s40_off,291,ac,move_to(?target=ac_switch_0),1537.2,0.098782,0.001,1880.0
s40_off,291,d(item_5),move_to(?target=shelf_6),638.9,0.00977,0.001,320.0
s40_off,291,d(item_6),move_to(?target=kitting_table_0),0.0,0.090089,0.8958,360.0
s40_off,292,ac,move_to(?target=ac_switch_0),1539.8,0.098793,0.001,1900.0
s40_off,292,d(item_5),move_to(?target=shelf_6),678.9,0.009771,0.001,340.0
s40_off,292,d(item_6),move_to(?target=kitting_table_0),0.0,0.090099,0.8958,380.0
s40_off,293,ac,move_to(?target=ac_switch_0),1542.6,0.0988,0.001,1920.0
s40_off,293,d(item_5),move_to(?target=shelf_6),718.9,0.009772,0.001,360.0
s40_off,293,d(item_6),move_to(?target=kitting_table_0),0.0,0.090105,0.8958,400.0
s40_off,294,ac,move_to(?target=ac_switch_0),1545.6,0.098805,0.001,1940.0
s40_off,294,d(item_5),move_to(?target=shelf_6),758.9,0.009772,0.001,380.0
s40_off,294,d(item_6),move_to(?target=kitting_table_0),0.0,0.09011,0.8958,420.0
s40_off,295,ac,move_to(?target=ac_switch_0),1548.8,0.098808,0.001,1960.0
s40_off,295,d(item_5),move_to(?target=shelf_6),798.9,0.009772,0.001,400.0
s40_off,295,d(item_6),move_to(?target=kitting_table_0),0.0,0.090113,0.8958,440.0
s40_off,296,ac,move_to(?target=ac_switch_0),1552.3,0.09881,0.001,1980.0
s40_off,296,d(item_5),move_to(?target=shelf_6),838.9,0.009773,0.001,420.0
s40_off,296,d(item_6),move_to(?target=kitting_table_0),0.0,0.090115,0.8958,460.0
s40_off,297,ac,move_to(?target=ac_switch_0),1556.0,0.098812,0.001,2000.0
s40_off,297,d(item_5),move_to(?target=shelf_6),878.9,0.009773,0.001,440.0
s40_off,297,d(item_6),move_to(?target=kitting_table_0),0.0,0.090116,0.8958,480.0
s40_off,298,ac,move_to(?target=ac_switch_0),1560.1,0.098813,0.001,2020.0
s40_off,298,d(item_5),move_to(?target=shelf_6),918.9,0.009773,0.001,460.0
s40_off,298,d(item_6),move_to(?target=kitting_table_0),0.0,0.090117,0.8958,500.0
s40_off,299,ac,move_to(?target=ac_switch_0),1564.5,0.098813,0.001,2040.0
s40_off,299,d(item_5),move_to(?target=shelf_6),958.9,0.009773,0.001,480.0
s40_off,299,d(item_6),move_to(?target=kitting_table_0),0.0,0.090117,0.8958,520.0
s40_off,300,ac,move_to(?target=ac_switch_0),1569.3,0.098814,0.001,2060.0
s40_off,300,d(item_5),move_to(?target=shelf_6),998.9,0.009773,0.001,500.0
s40_off,300,d(item_6),move_to(?target=kitting_table_0),0.0,0.090118,0.8958,540.0
s40_off,301,ac,move_to(?target=ac_switch_0),1574.5,0.098814,0.001,2080.0
s40_off,301,d(item_5),move_to(?target=shelf_6),1038.9,0.009773,0.001,520.0
s40_off,301,d(item_6),move_to(?target=kitting_table_0),0.0,0.090118,0.8958,560.0
s40_off,302,ac,move_to(?target=ac_switch_0),1580.2,0.098814,0.001,2100.0
s40_off,302,d(item_5),move_to(?target=shelf_6),1078.9,0.009773,0.001,540.0
s40_off,302,d(item_6),move_to(?target=kitting_table_0),0.0,0.090118,0.8958,580.0
s40_off,303,ac,move_to(?target=ac_switch_0),1586.4,0.098814,0.001,2120.0
s40_off,303,d(item_5),move_to(?target=shelf_6),1118.9,0.009773,0.001,560.0
s40_off,303,d(item_6),move_to(?target=kitting_table_0),0.0,0.090118,0.8958,600.0
s40_off,304,ac,move_to(?target=ac_switch_0),1593.3,0.098814,0.001,2140.0
s40_off,304,d(item_5),move_to(?target=shelf_6),1158.9,0.009773,0.001,580.0
s40_off,304,d(item_6),move_to(?target=kitting_table_0),0.0,0.090118,0.8958,620.0
s40_off,305,ac,move_to(?target=ac_switch_0),1600.8,0.098814,0.001,2160.0
s40_off,305,d(item_5),move_to(?target=shelf_6),1198.9,0.009773,0.001,600.0
s40_off,305,d(item_6),move_to(?target=kitting_table_0),0.0,0.090118,0.8958,640.0
s40_off,306,ac,move_to(?target=ac_switch_0),1609.0,0.098814,0.001,2180.0
s40_off,306,d(item_5),move_to(?target=shelf_6),1238.9,0.009773,0.001,620.0
s40_off,306,d(item_6),move_to(?target=kitting_table_0),0.0,0.090118,0.8958,660.0
s40_off,307,ac,move_to(?target=ac_switch_0),1618.1,0.098815,0.001,2200.0
s40_off,307,d(item_5),move_to(?target=shelf_6),1278.9,0.009773,0.001,640.0
s40_off,307,d(item_6),move_to(?target=kitting_table_0),0.0,0.090118,0.8958,680.0
s40_off,308,ac,move_to(?target=ac_switch_0),1628.1,0.098815,0.001,2220.0
s40_off,308,d(item_5),move_to(?target=shelf_6),1318.9,0.009773,0.001,660.0
s40_off,308,d(item_6),move_to(?target=kitting_table_0),0.0,0.090118,0.8958,700.0
s40_off,309,ac,move_to(?target=ac_switch_0),1639.0,0.098815,0.001,2240.0
s40_off,309,d(item_5),move_to(?target=shelf_6),1358.9,0.009773,0.001,680.0
s40_off,309,d(item_6),move_to(?target=kitting_table_0),0.0,0.090119,0.8958,720.0
s40_off,310,ac,move_to(?target=ac_switch_0),1651.1,0.098815,0.001,2260.0
s40_off,310,d(item_5),move_to(?target=shelf_6),1398.9,0.009773,0.001,700.0
s40_off,310,d(item_6),move_to(?target=kitting_table_0),0.0,0.090119,0.8958,740.0
s40_off,311,ac,move_to(?target=ac_switch_0),1664.4,0.098815,0.001,2280.0
s40_off,311,d(item_5),move_to(?target=shelf_6),1438.9,0.009773,0.001,720.0
s40_off,311,d(item_6),move_to(?target=kitting_table_0),0.0,0.090119,0.8958,760.0
s40_off,312,ac,move_to(?target=ac_switch_0),1679.0,0.098815,0.001,2300.0
s40_off,312,d(item_5),move_to(?target=shelf_6),1478.9,0.009773,0.001,740.0
s40_off,312,d(item_6),move_to(?target=kitting_table_0),0.0,0.090119,0.8958,780.0
s40_off,313,ac,move_to(?target=ac_switch_0),1694.9,0.098815,0.001,2320.0
s40_off,313,d(item_5),move_to(?target=shelf_6),1518.9,0.009773,0.001,760.0
s40_off,313,d(item_6),move_to(?target=kitting_table_0),0.0,0.090119,0.8958,800.0
s40_off,314,ac,move_to(?target=ac_switch_0),1712.2,0.098815,0.001,2340.0
s40_off,314,d(item_5),move_to(?target=shelf_6),1558.9,0.009773,0.001,780.0
s40_off,314,d(item_6),move_to(?target=kitting_table_0),0.0,0.090119,0.8958,820.0
s40_off,315,ac,move_to(?target=ac_switch_0),1731.0,0.098815,0.001,2360.0
s40_off,315,d(item_5),move_to(?target=shelf_6),1598.9,0.009773,0.001,800.0
s40_off,315,d(item_6),move_to(?target=kitting_table_0),0.0,0.090119,0.8958,840.0
s40_off,316,ac,move_to(?target=ac_switch_0),1751.3,0.098815,0.001,2380.0
s40_off,316,d(item_5),move_to(?target=shelf_6),1638.9,0.009773,0.001,820.0
s40_off,316,d(item_6),move_to(?target=kitting_table_0),0.0,0.090119,0.8958,860.0
s40_off,317,ac,move_to(?target=ac_switch_0),1773.1,0.098815,0.001,2400.0
s40_off,317,d(item_5),move_to(?target=shelf_6),1678.9,0.009773,0.001,840.0
s40_off,317,d(item_6),move_to(?target=kitting_table_0),0.0,0.090119,0.8958,880.0
s40_off,318,ac,move_to(?target=ac_switch_0),1796.3,0.098815,0.001,2420.0
s40_off,318,d(item_5),move_to(?target=shelf_6),1718.9,0.009773,0.001,860.0
s40_off,318,d(item_6),move_to(?target=kitting_table_0),0.0,0.090119,0.8958,900.0
s40_off,319,ac,move_to(?target=ac_switch_0),1820.9,0.098815,0.001,2440.0
s40_off,319,d(item_5),move_to(?target=shelf_6),1758.8,0.009773,0.001,880.0
s40_off,319,d(item_6),move_to(?target=kitting_table_0),0.0,0.090119,0.8958,920.0
s40_off,320,ac,move_to(?target=ac_switch_0),1846.8,0.098815,0.001,2460.0
s40_off,320,d(item_5),move_to(?target=shelf_6),1798.8,0.009773,0.001,900.0
s40_off,320,d(item_6),move_to(?target=kitting_table_0),0.0,0.090119,0.8958,940.0
s40_off,321,ac,move_to(?target=ac_switch_0),1873.9,0.098815,0.001,2480.0
s40_off,321,d(item_5),move_to(?target=shelf_6),1838.8,0.009773,0.001,920.0
s40_off,321,d(item_6),move_to(?target=kitting_table_0),0.0,0.090119,0.8958,960.0
s40_off,322,ac,move_to(?target=ac_switch_0),1902.3,0.098815,0.001,2500.0
s40_off,322,d(item_5),move_to(?target=shelf_6),1878.8,0.009773,0.001,940.0
s40_off,322,d(item_6),move_to(?target=kitting_table_0),0.0,0.090119,0.8958,980.0
s40_off,323,ac,move_to(?target=ac_switch_0),1931.7,0.098815,0.001,2520.0
s40_off,323,d(item_5),move_to(?target=shelf_6),1918.8,0.009773,0.001,960.0
s40_off,323,d(item_6),move_to(?target=kitting_table_0),0.0,0.090119,0.8958,1000.0
s40_off,324,ac,move_to(?target=ac_switch_0),1962.0,0.098815,0.001,2540.0
s40_off,324,d(item_5),move_to(?target=shelf_6),1958.8,0.009773,0.001,980.0
s40_off,324,d(item_6),move_to(?target=kitting_table_0),0.0,0.090119,0.8958,1020.0
s40_off,325,ac,move_to(?target=ac_switch_0),1993.3,0.098815,0.001,2560.0
s40_off,325,d(item_5),move_to(?target=shelf_6),1998.8,0.009773,0.001,1000.0
s40_off,325,d(item_6),move_to(?target=kitting_table_0),0.0,0.090119,0.8958,1040.0
s40_off,326,ac,move_to(?target=ac_switch_0),2025.3,0.098815,0.001,2580.0
s40_off,326,d(item_5),move_to(?target=shelf_6),2038.8,0.009773,0.001,1020.0
s40_off,326,d(item_6),move_to(?target=kitting_table_0),0.0,0.090119,0.8958,1060.0
s40_off,327,ac,move_to(?target=ac_switch_0),2058.1,0.098815,0.001,2600.0
s40_off,327,d(item_5),move_to(?target=shelf_6),2078.8,0.009773,0.001,1040.0
s40_off,327,d(item_6),move_to(?target=kitting_table_0),0.0,0.090119,0.8958,1080.0
s40_off,328,ac,move_to(?target=ac_switch_0),2091.5,0.098815,0.001,2620.0
s40_off,328,d(item_5),move_to(?target=shelf_6),2118.8,0.009773,0.001,1060.0
s40_off,328,d(item_6),move_to(?target=kitting_table_0),0.0,0.090119,0.8958,1100.0
s40_off,329,ac,move_to(?target=ac_switch_0),2125.5,0.010846,0.001,2640.0
s40_off,329,d(item_5),move_to(?target=shelf_6),2158.8,0.001073,0.001,1080.0
s40_off,329,d(item_6),"place(?item=item_6,?target=kitting_table_0)",,0.098915,0.9832,0.0
s40_off,330,ac,move_to(?target=ac_switch_0),2125.5,0.010846,0.001,2640.0
s40_off,330,d(item_5),move_to(?target=shelf_6),2158.8,0.001073,0.001,1080.0
s40_off,330,d(item_6),"place(?item=item_6,?target=kitting_table_0)",,0.098915,0.9832,0.0
s40_off,331,ac,move_to(?target=ac_switch_0),0.0,0.333333,0.3317,0.0
s40_off,331,d(item_5),move_to(?target=item_5),0.0,0.333333,0.3317,0.0
s40_off,332,ac,move_to(?target=ac_switch_0),0.0,0.333333,0.3317,0.0
s40_off,332,d(item_5),move_to(?target=item_5),0.0,0.333333,0.3317,0.0
s40_off,333,ac,move_to(?target=ac_switch_0),0.0,0.333333,0.3317,0.0
s40_off,333,d(item_5),move_to(?target=item_5),0.0,0.333333,0.3317,0.0
s40_off,334,ac,move_to(?target=ac_switch_0),0.0,0.333333,0.3317,0.0
s40_off,334,d(item_5),move_to(?target=item_5),0.0,0.333333,0.3317,0.0
s40_off,335,ac,move_to(?target=ac_switch_0),0.0,0.333333,0.3317,0.0
s40_off,335,d(item_5),move_to(?target=item_5),0.0,0.333333,0.3317,0.0
s40_off,336,ac,move_to(?target=ac_switch_0),0.0,0.333333,0.3317,0.0
s40_off,336,d(item_5),move_to(?target=item_5),0.0,0.333333,0.3317,0.0
s40_off,337,ac,move_to(?target=ac_switch_0),0.0,0.333333,0.3317,0.0
s40_off,337,d(item_5),move_to(?target=item_5),0.0,0.333333,0.3317,0.0
s40_off,338,ac,move_to(?target=ac_switch_0),0.0,0.333333,0.3317,0.0
s40_off,338,d(item_5),move_to(?target=item_5),0.0,0.333333,0.3317,0.0
s40_off,339,ac,move_to(?target=ac_switch_0),0.0,0.333333,0.3317,0.0
s40_off,339,d(item_5),move_to(?target=item_5),0.0,0.333333,0.3317,0.0
s40_off,340,ac,move_to(?target=ac_switch_0),0.0,0.333333,0.3317,0.0
s40_off,340,d(item_5),move_to(?target=item_5),0.0,0.333333,0.3317,0.0
s40_off,341,ac,move_to(?target=ac_switch_0),0.0,0.333333,0.3317,0.0
s40_off,341,d(item_5),move_to(?target=item_5),0.0,0.333333,0.3317,0.0
s40_off,342,ac,move_to(?target=ac_switch_0),0.0,0.333333,0.3317,0.0
s40_off,342,d(item_5),move_to(?target=item_5),0.0,0.333333,0.3317,0.0
s40_off,343,ac,move_to(?target=ac_switch_0),0.0,0.333333,0.3317,0.0
s40_off,343,d(item_5),move_to(?target=item_5),0.0,0.333333,0.3317,0.0
s40_off,344,ac,move_to(?target=ac_switch_0),0.0,0.333333,0.3317,0.0
s40_off,344,d(item_5),move_to(?target=item_5),0.0,0.333333,0.3317,0.0
s40_off,345,ac,move_to(?target=ac_switch_0),0.0,0.333333,0.3317,0.0
s40_off,345,d(item_5),move_to(?target=item_5),0.0,0.333333,0.3317,0.0
s40_off,346,ac,move_to(?target=ac_switch_0),0.0,0.333333,0.3317,0.0
s40_off,346,d(item_5),move_to(?target=item_5),0.0,0.333333,0.3317,0.0
s40_off,347,ac,move_to(?target=ac_switch_0),0.0,0.333333,0.3317,0.0
s40_off,347,d(item_5),move_to(?target=item_5),0.0,0.333333,0.3317,0.0
s40_off,348,ac,move_to(?target=ac_switch_0),0.0,0.333333,0.3317,0.0
s40_off,348,d(item_5),move_to(?target=item_5),0.0,0.333333,0.3317,0.0
s40_off,349,ac,move_to(?target=ac_switch_0),0.0,0.333333,0.3317,0.0
s40_off,349,d(item_5),move_to(?target=item_5),0.0,0.333333,0.3317,0.0
s40_off,350,ac,move_to(?target=ac_switch_0),0.0,0.333333,0.3317,0.0
s40_off,350,d(item_5),move_to(?target=item_5),0.0,0.333333,0.3317,0.0
s40_off,351,ac,move_to(?target=ac_switch_0),0.0,0.333333,0.3317,0.0
s40_off,351,d(item_5),move_to(?target=item_5),0.0,0.333333,0.3317,0.0
s40_off,352,ac,move_to(?target=ac_switch_0),0.0,0.333333,0.3317,0.0
s40_off,352,d(item_5),move_to(?target=item_5),0.0,0.333333,0.3317,0.0
s40_off,353,ac,move_to(?target=ac_switch_0),0.0,0.333333,0.3317,0.0
s40_off,353,d(item_5),move_to(?target=item_5),0.0,0.333333,0.3317,0.0
s40_off,354,ac,move_to(?target=ac_switch_0),0.0,0.333333,0.3317,0.0
s40_off,354,d(item_5),move_to(?target=item_5),0.0,0.333333,0.3317,0.0
s40_off,355,ac,move_to(?target=ac_switch_0),0.0,0.333333,0.3317,0.0
s40_off,355,d(item_5),move_to(?target=item_5),0.0,0.333333,0.3317,0.0
s40_off,356,ac,move_to(?target=ac_switch_0),0.0,0.333333,0.3317,0.0
s40_off,356,d(item_5),move_to(?target=item_5),0.0,0.333333,0.3317,0.0
s40_off,357,ac,move_to(?target=ac_switch_0),0.0,0.333333,0.3317,0.0
s40_off,357,d(item_5),move_to(?target=item_5),0.0,0.333333,0.3317,0.0
s40_off,358,ac,move_to(?target=ac_switch_0),0.0,0.333333,0.3317,0.0
s40_off,358,d(item_5),move_to(?target=item_5),0.0,0.333333,0.3317,0.0
s40_off,359,ac,move_to(?target=ac_switch_0),0.0,0.333333,0.3317,0.0
s40_off,359,d(item_5),move_to(?target=item_5),0.0,0.333333,0.3317,0.0
s40_off,360,ac,move_to(?target=ac_switch_0),0.0,0.333333,0.3317,0.0
s40_off,360,d(item_5),move_to(?target=item_5),0.0,0.333333,0.3317,0.0
s40_off,361,ac,move_to(?target=ac_switch_0),0.0,0.333333,0.3317,0.0
s40_off,361,d(item_5),move_to(?target=item_5),0.0,0.333333,0.3317,0.0
s40_off,362,ac,move_to(?target=ac_switch_0),0.0,0.333333,0.3317,0.0
s40_off,362,d(item_5),move_to(?target=item_5),0.0,0.333333,0.3317,0.0
s40_off,363,ac,move_to(?target=ac_switch_0),0.0,0.333333,0.3317,0.0
s40_off,363,d(item_5),move_to(?target=item_5),0.0,0.333333,0.3317,0.0
s40_off,364,ac,move_to(?target=ac_switch_0),0.0,0.333333,0.3317,0.0
s40_off,364,d(item_5),move_to(?target=item_5),0.0,0.333333,0.3317,0.0
s40_off,365,ac,move_to(?target=ac_switch_0),0.0,0.333333,0.3317,0.0
s40_off,365,d(item_5),move_to(?target=item_5),0.0,0.333333,0.3317,0.0
s40_off,366,ac,move_to(?target=ac_switch_0),0.0,0.333333,0.3317,0.0
s40_off,366,d(item_5),move_to(?target=item_5),0.0,0.333333,0.3317,0.0
s40_off,367,ac,move_to(?target=ac_switch_0),0.0,0.333333,0.3317,0.0
s40_off,367,d(item_5),move_to(?target=item_5),0.0,0.333333,0.3317,0.0
s40_off,368,ac,move_to(?target=ac_switch_0),0.0,0.333333,0.3317,0.0
s40_off,368,d(item_5),move_to(?target=item_5),0.0,0.333333,0.3317,0.0
s40_off,369,ac,move_to(?target=ac_switch_0),0.0,0.333333,0.3317,0.0
s40_off,369,d(item_5),move_to(?target=item_5),0.0,0.333333,0.3317,0.0
s40_off,370,ac,move_to(?target=ac_switch_0),0.0,0.333333,0.3317,0.0
s40_off,370,d(item_5),move_to(?target=item_5),0.0,0.333333,0.3317,0.0
s40_off,371,ac,move_to(?target=ac_switch_0),0.0,0.333333,0.3317,0.0
s40_off,371,d(item_5),move_to(?target=item_5),0.0,0.333333,0.3317,0.0
s40_off,372,ac,move_to(?target=ac_switch_0),0.0,0.333333,0.3317,0.0
s40_off,372,d(item_5),move_to(?target=item_5),0.0,0.333333,0.3317,0.0
s40_off,373,ac,move_to(?target=ac_switch_0),0.0,0.333333,0.3317,0.0
s40_off,373,d(item_5),move_to(?target=item_5),0.0,0.333333,0.3317,0.0
s40_off,374,ac,move_to(?target=ac_switch_0),0.0,0.333333,0.3317,0.0
s40_off,374,d(item_5),move_to(?target=item_5),0.0,0.333333,0.3317,0.0
s40_off,375,ac,move_to(?target=ac_switch_0),0.0,0.333333,0.3317,0.0
s40_off,375,d(item_5),move_to(?target=item_5),0.0,0.333333,0.3317,0.0
s40_off,376,ac,move_to(?target=ac_switch_0),0.0,0.5,0.497,0.0
s40_off,377,ac,move_to(?target=ac_switch_0),0.0,0.5,0.497,0.0
s40_off,378,ac,move_to(?target=ac_switch_0),0.0,0.5,0.497,0.0
s40_on,0,ac,move_to(?target=ac_switch_0),37.5,0.026722,0.217,20.0
s40_on,0,coffee,move_to(?target=coffee_machine_0),7.4,0.026722,0.2566,20.0
s40_on,0,d(item_3),move_to(?target=item_3),0.0,0.026722,0.2664,20.0
s40_on,0,d(item_6),move_to(?target=item_6),27.3,0.026722,0.2303,20.0
s40_on,1,ac,move_to(?target=ac_switch_0),75.3,0.029432,0.1879,40.0
s40_on,1,coffee,move_to(?target=coffee_machine_0),15.1,0.029432,0.2714,40.0
s40_on,1,d(item_3),move_to(?target=item_3),0.0,0.029432,0.2934,40.0
s40_on,1,d(item_6),move_to(?target=item_6),54.8,0.029432,0.215,40.0
s40_on,2,ac,move_to(?target=ac_switch_0),113.4,0.032459,0.1576,60.0
s40_on,2,coffee,move_to(?target=coffee_machine_0),23.1,0.032459,0.2864,60.0
s40_on,2,d(item_3),move_to(?target=item_3),0.0,0.032459,0.3236,60.0
s40_on,2,d(item_6),move_to(?target=item_6),82.7,0.032459,0.197,60.0
s40_on,3,ac,move_to(?target=ac_switch_0),151.6,0.035707,0.1282,80.0
s40_on,3,coffee,move_to(?target=coffee_machine_0),31.4,0.035707,0.3005,80.0
s40_on,3,d(item_3),move_to(?target=item_3),0.0,0.035707,0.356,80.0
s40_on,3,d(item_6),move_to(?target=item_6),110.9,0.035707,0.1767,80.0
s40_on,4,ac,move_to(?target=ac_switch_0),190.0,0.039061,0.1013,100.0
s40_on,4,coffee,move_to(?target=coffee_machine_0),40.1,0.039061,0.3124,100.0
s40_on,4,d(item_3),move_to(?target=item_3),0.0,0.039061,0.3894,100.0
s40_on,4,d(item_6),move_to(?target=item_6),139.3,0.039061,0.1549,100.0
s40_on,5,ac,move_to(?target=ac_switch_0),228.6,0.042415,0.0781,120.0
s40_on,5,coffee,move_to(?target=coffee_machine_0),49.2,0.042415,0.321,120.0
s40_on,5,d(item_3),move_to(?target=item_3),0.0,0.042415,0.4229,120.0
s40_on,5,d(item_6),move_to(?target=item_6),168.1,0.042415,0.1328,120.0
s40_on,6,ac,move_to(?target=ac_switch_0),267.2,0.045686,0.0589,140.0
s40_on,6,coffee,move_to(?target=coffee_machine_0),58.6,0.045686,0.3257,140.0
s40_on,6,d(item_3),move_to(?target=item_3),0.0,0.045686,0.4555,140.0
s40_on,6,d(item_6),move_to(?target=item_6),197.1,0.045686,0.1114,140.0
s40_on,7,ac,move_to(?target=ac_switch_0),306.0,0.048821,0.0436,160.0
s40_on,7,coffee,move_to(?target=coffee_machine_0),68.5,0.048821,0.3263,160.0
s40_on,7,d(item_3),move_to(?target=item_3),0.0,0.048821,0.4867,160.0
s40_on,7,d(item_6),move_to(?target=item_6),226.4,0.048821,0.0917,160.0
s40_on,8,ac,move_to(?target=ac_switch_0),344.9,0.051796,0.0318,180.0
s40_on,8,coffee,move_to(?target=coffee_machine_0),78.7,0.051796,0.323,180.0
s40_on,8,d(item_3),move_to(?target=item_3),0.0,0.051796,0.5164,180.0
s40_on,8,d(item_6),move_to(?target=item_6),256.0,0.051796,0.0741,180.0
s40_on,9,ac,move_to(?target=ac_switch_0),383.9,0.054611,0.0229,200.0
s40_on,9,coffee,move_to(?target=coffee_machine_0),89.4,0.054611,0.3161,200.0
s40_on,9,d(item_3),move_to(?target=item_3),0.0,0.054611,0.5445,200.0
s40_on,9,d(item_6),move_to(?target=item_6),285.8,0.054611,0.0591,200.0
s40_on,10,ac,move_to(?target=ac_switch_0),423.0,0.05728,0.0164,220.0
s40_on,10,coffee,move_to(?target=coffee_machine_0),100.6,0.05728,0.3059,220.0
s40_on,10,d(item_3),move_to(?target=item_3),0.0,0.05728,0.5711,220.0
s40_on,10,d(item_6),move_to(?target=item_6),315.9,0.05728,0.0465,220.0
s40_on,11,ac,move_to(?target=ac_switch_0),462.1,0.059822,0.0116,240.0
s40_on,11,coffee,move_to(?target=coffee_machine_0),112.2,0.059822,0.293,240.0
s40_on,11,d(item_3),move_to(?target=item_3),0.0,0.059822,0.5964,240.0
s40_on,11,d(item_6),move_to(?target=item_6),346.2,0.059822,0.0363,240.0
s40_on,12,ac,move_to(?target=ac_switch_0),501.3,0.062259,0.0082,260.0
s40_on,12,coffee,move_to(?target=coffee_machine_0),124.3,0.062259,0.278,260.0
s40_on,12,d(item_3),move_to(?target=item_3),0.0,0.062259,0.6207,260.0
s40_on,12,d(item_6),move_to(?target=item_6),376.8,0.062259,0.028,260.0
s40_on,13,ac,move_to(?target=ac_switch_0),540.6,0.064606,0.0058,280.0
s40_on,13,coffee,move_to(?target=coffee_machine_0),136.9,0.064606,0.2612,280.0
s40_on,13,d(item_3),move_to(?target=item_3),0.0,0.064606,0.6441,280.0
s40_on,13,d(item_6),move_to(?target=item_6),407.6,0.064606,0.0215,280.0
s40_on,14,ac,move_to(?target=ac_switch_0),579.9,0.066875,0.004,300.0
s40_on,14,coffee,move_to(?target=coffee_machine_0),150.1,0.066875,0.2432,300.0
s40_on,14,d(item_3),move_to(?target=item_3),0.0,0.066875,0.6667,300.0
s40_on,14,d(item_6),move_to(?target=item_6),438.6,0.066875,0.0164,300.0
s40_on,15,ac,move_to(?target=ac_switch_0),619.3,0.06907,0.0028,320.0
s40_on,15,coffee,move_to(?target=coffee_machine_0),163.7,0.06907,0.2243,320.0
s40_on,15,d(item_3),move_to(?target=item_3),0.0,0.06907,0.6886,320.0
s40_on,15,d(item_6),move_to(?target=item_6),469.8,0.06907,0.0124,320.0
s40_on,16,ac,move_to(?target=ac_switch_0),658.6,0.07119,0.002,340.0
s40_on,16,coffee,move_to(?target=coffee_machine_0),178.0,0.07119,0.2049,340.0
s40_on,16,d(item_3),move_to(?target=item_3),0.0,0.07119,0.7098,340.0
s40_on,16,d(item_6),move_to(?target=item_6),501.3,0.07119,0.0094,340.0
s40_on,17,ac,move_to(?target=ac_switch_0),698.1,0.07323,0.0014,360.0
s40_on,17,coffee,move_to(?target=coffee_machine_0),192.7,0.07323,0.1855,360.0
s40_on,17,d(item_3),move_to(?target=item_3),0.0,0.07323,0.7301,360.0
s40_on,17,d(item_6),move_to(?target=item_6),533.0,0.07323,0.007,360.0
s40_on,18,ac,move_to(?target=ac_switch_0),737.5,0.075181,0.001,380.0
s40_on,18,coffee,move_to(?target=coffee_machine_0),208.1,0.075181,0.1663,380.0
s40_on,18,d(item_3),move_to(?target=item_3),0.0,0.075181,0.7495,380.0
s40_on,18,d(item_6),move_to(?target=item_6),564.9,0.075181,0.0053,380.0
s40_on,19,ac,move_to(?target=ac_switch_0),777.0,0.07703,0.001,400.0
s40_on,19,coffee,move_to(?target=coffee_machine_0),224.1,0.07703,0.1476,400.0
s40_on,19,d(item_3),move_to(?target=item_3),0.0,0.07703,0.7677,400.0
s40_on,19,d(item_6),move_to(?target=item_6),597.0,0.07703,0.0039,400.0
s40_on,20,ac,move_to(?target=ac_switch_0),816.6,0.078767,0.001,420.0
s40_on,20,coffee,move_to(?target=coffee_machine_0),240.7,0.078767,0.1297,420.0
s40_on,20,d(item_3),move_to(?target=item_3),0.0,0.078767,0.7849,420.0
s40_on,20,d(item_6),move_to(?target=item_6),629.2,0.078767,0.0029,420.0
s40_on,21,ac,move_to(?target=ac_switch_0),856.1,0.080381,0.001,440.0
s40_on,21,coffee,move_to(?target=coffee_machine_0),257.9,0.080381,0.1129,440.0
s40_on,21,d(item_3),move_to(?target=item_3),0.0,0.080381,0.8008,440.0
s40_on,21,d(item_6),move_to(?target=item_6),661.7,0.080381,0.0021,440.0
s40_on,22,ac,move_to(?target=ac_switch_0),895.7,0.081862,0.001,460.0
s40_on,22,coffee,move_to(?target=coffee_machine_0),275.7,0.081862,0.0974,460.0
s40_on,22,d(item_3),move_to(?target=item_3),0.0,0.081862,0.8155,460.0
s40_on,22,d(item_6),move_to(?target=item_6),694.4,0.081862,0.0016,460.0
s40_on,23,ac,move_to(?target=ac_switch_0),935.3,0.083206,0.001,480.0
s40_on,23,coffee,move_to(?target=coffee_machine_0),294.2,0.083206,0.0831,480.0
s40_on,23,d(item_3),move_to(?target=item_3),0.0,0.083206,0.8289,480.0
s40_on,23,d(item_6),move_to(?target=item_6),727.2,0.083206,0.0012,480.0
s40_on,24,ac,move_to(?target=ac_switch_0),974.9,0.08441,0.001,500.0
s40_on,24,coffee,move_to(?target=coffee_machine_0),313.3,0.08441,0.0703,500.0
s40_on,24,d(item_3),move_to(?target=item_3),0.0,0.08441,0.8407,500.0
s40_on,24,d(item_6),move_to(?target=item_6),760.2,0.08441,0.001,500.0
s40_on,25,ac,move_to(?target=ac_switch_0),1014.5,0.085476,0.001,520.0
s40_on,25,coffee,move_to(?target=coffee_machine_0),333.0,0.085476,0.0588,520.0
s40_on,25,d(item_3),move_to(?target=item_3),0.0,0.085476,0.8511,520.0
s40_on,25,d(item_6),move_to(?target=item_6),793.4,0.085476,0.001,520.0
s40_on,26,ac,move_to(?target=ac_switch_0),1054.2,0.086407,0.001,540.0
s40_on,26,coffee,move_to(?target=coffee_machine_0),353.3,0.086407,0.0488,540.0
s40_on,26,d(item_3),move_to(?target=item_3),0.0,0.086407,0.8602,540.0
s40_on,26,d(item_6),move_to(?target=item_6),826.7,0.086407,0.001,540.0
s40_on,27,ac,move_to(?target=ac_switch_0),1093.9,0.087211,0.001,560.0
s40_on,27,coffee,move_to(?target=coffee_machine_0),374.4,0.087211,0.0401,560.0
s40_on,27,d(item_3),move_to(?target=item_3),0.0,0.087211,0.8681,560.0
s40_on,27,d(item_6),move_to(?target=item_6),860.2,0.087211,0.001,560.0
s40_on,28,ac,move_to(?target=ac_switch_0),1133.6,0.087897,0.001,580.0
s40_on,28,coffee,move_to(?target=coffee_machine_0),396.0,0.087897,0.0327,580.0
s40_on,28,d(item_3),move_to(?target=item_3),0.0,0.087897,0.8748,580.0
s40_on,28,d(item_6),move_to(?target=item_6),893.8,0.087897,0.001,580.0
s40_on,29,ac,move_to(?target=ac_switch_0),1173.3,0.088475,0.001,600.0
s40_on,29,coffee,move_to(?target=coffee_machine_0),418.3,0.088475,0.0265,600.0
s40_on,29,d(item_3),move_to(?target=item_3),0.0,0.088475,0.8805,600.0
s40_on,29,d(item_6),move_to(?target=item_6),927.6,0.088475,0.001,600.0
s40_on,30,ac,move_to(?target=ac_switch_0),1213.0,0.088958,0.001,620.0
s40_on,30,coffee,move_to(?target=coffee_machine_0),441.2,0.088958,0.0212,620.0
s40_on,30,d(item_3),move_to(?target=item_3),0.0,0.088958,0.8853,620.0
s40_on,30,d(item_6),move_to(?target=item_6),961.6,0.088958,0.001,620.0
s40_on,31,ac,move_to(?target=ac_switch_0),1252.7,0.089357,0.001,640.0
s40_on,31,coffee,move_to(?target=coffee_machine_0),464.7,0.089357,0.0169,640.0
s40_on,31,d(item_3),move_to(?target=item_3),0.0,0.089357,0.8892,640.0
s40_on,31,d(item_6),move_to(?target=item_6),995.6,0.089357,0.001,640.0
s40_on,32,ac,move_to(?target=ac_switch_0),1292.4,0.089683,0.001,660.0
s40_on,32,coffee,move_to(?target=coffee_machine_0),488.8,0.089683,0.0134,660.0
s40_on,32,d(item_3),move_to(?target=item_3),0.0,0.089683,0.8924,660.0
s40_on,32,d(item_6),move_to(?target=item_6),1029.9,0.089683,0.001,660.0
s40_on,33,ac,move_to(?target=ac_switch_0),1332.2,0.089948,0.001,680.0
s40_on,33,coffee,move_to(?target=coffee_machine_0),513.5,0.089948,0.0105,680.0
s40_on,33,d(item_3),move_to(?target=item_3),0.0,0.089948,0.895,680.0
s40_on,33,d(item_6),move_to(?target=item_6),1064.2,0.089948,0.001,680.0
s40_on,34,ac,move_to(?target=ac_switch_0),1371.9,0.09016,0.001,700.0
s40_on,34,coffee,move_to(?target=coffee_machine_0),538.8,0.09016,0.0082,700.0
s40_on,34,d(item_3),move_to(?target=item_3),0.0,0.09016,0.8971,700.0
s40_on,34,d(item_6),move_to(?target=item_6),1098.7,0.09016,0.001,700.0
s40_on,35,ac,move_to(?target=ac_switch_0),1411.7,0.090329,0.001,720.0
s40_on,35,coffee,move_to(?target=coffee_machine_0),564.7,0.090329,0.0063,720.0
s40_on,35,d(item_3),move_to(?target=item_3),0.0,0.090329,0.8988,720.0
s40_on,35,d(item_6),move_to(?target=item_6),1133.3,0.090329,0.001,720.0
s40_on,36,ac,move_to(?target=ac_switch_0),1451.5,0.090463,0.001,740.0
s40_on,36,coffee,move_to(?target=coffee_machine_0),591.1,0.090463,0.0049,740.0
s40_on,36,d(item_3),move_to(?target=item_3),0.0,0.090463,0.9001,740.0
s40_on,36,d(item_6),move_to(?target=item_6),1168.0,0.090463,0.001,740.0
s40_on,37,ac,move_to(?target=ac_switch_0),1491.3,0.090568,0.001,760.0
s40_on,37,coffee,move_to(?target=coffee_machine_0),618.0,0.090568,0.0037,760.0
s40_on,37,d(item_3),move_to(?target=item_3),0.0,0.090568,0.9012,760.0
s40_on,37,d(item_6),move_to(?target=item_6),1202.9,0.090568,0.001,760.0
s40_on,38,ac,move_to(?target=ac_switch_0),1531.1,0.09065,0.001,780.0
s40_on,38,coffee,move_to(?target=coffee_machine_0),645.5,0.09065,0.0028,780.0
s40_on,38,d(item_3),move_to(?target=item_3),0.0,0.09065,0.902,780.0
s40_on,38,d(item_6),move_to(?target=item_6),1237.8,0.09065,0.001,780.0
s40_on,39,ac,move_to(?target=ac_switch_0),1570.9,0.090713,0.001,800.0
s40_on,39,coffee,move_to(?target=coffee_machine_0),673.4,0.090713,0.0021,800.0
s40_on,39,d(item_3),move_to(?target=item_3),0.0,0.090713,0.9026,800.0
s40_on,39,d(item_6),move_to(?target=item_6),1272.9,0.090713,0.001,800.0
s40_on,40,ac,move_to(?target=ac_switch_0),1610.7,0.090761,0.001,820.0
s40_on,40,coffee,move_to(?target=coffee_machine_0),701.9,0.090761,0.0016,820.0
s40_on,40,d(item_3),move_to(?target=item_3),0.0,0.090761,0.9031,820.0
s40_on,40,d(item_6),move_to(?target=item_6),1308.1,0.090761,0.001,820.0
s40_on,41,ac,move_to(?target=ac_switch_0),1650.5,0.090798,0.001,840.0
s40_on,41,coffee,move_to(?target=coffee_machine_0),730.8,0.090798,0.0012,840.0
s40_on,41,d(item_3),move_to(?target=item_3),0.0,0.090798,0.9035,840.0
s40_on,41,d(item_6),move_to(?target=item_6),1343.4,0.090798,0.001,840.0
s40_on,42,ac,move_to(?target=ac_switch_0),1690.3,0.090826,0.001,860.0
s40_on,42,coffee,move_to(?target=coffee_machine_0),760.2,0.090826,0.001,860.0
s40_on,42,d(item_3),move_to(?target=item_3),0.0,0.090826,0.9037,860.0
s40_on,42,d(item_6),move_to(?target=item_6),1378.8,0.090826,0.001,860.0
s40_on,43,ac,move_to(?target=ac_switch_0),1730.1,0.090848,0.001,880.0
s40_on,43,coffee,move_to(?target=coffee_machine_0),790.0,0.090848,0.001,880.0
s40_on,43,d(item_3),move_to(?target=item_3),0.0,0.090848,0.9037,880.0
s40_on,43,d(item_6),move_to(?target=item_6),1414.3,0.090848,0.001,880.0
s40_on,44,ac,move_to(?target=ac_switch_0),1770.0,0.090864,0.001,900.0
s40_on,44,coffee,move_to(?target=coffee_machine_0),820.2,0.090864,0.001,900.0
s40_on,44,d(item_3),move_to(?target=item_3),0.0,0.090864,0.9037,900.0
s40_on,44,d(item_6),move_to(?target=item_6),1449.9,0.090864,0.001,900.0
s40_on,45,ac,move_to(?target=ac_switch_0),1809.8,0.090876,0.001,920.0
s40_on,45,coffee,move_to(?target=coffee_machine_0),850.8,0.090876,0.001,920.0
s40_on,45,d(item_3),move_to(?target=item_3),0.0,0.090876,0.9037,920.0
s40_on,45,d(item_6),move_to(?target=item_6),1485.5,0.090876,0.001,920.0
s40_on,46,ac,move_to(?target=ac_switch_0),1849.7,0.090885,0.001,940.0
s40_on,46,coffee,move_to(?target=coffee_machine_0),881.8,0.090885,0.001,940.0
s40_on,46,d(item_3),move_to(?target=item_3),0.0,0.090885,0.9037,940.0
s40_on,46,d(item_6),move_to(?target=item_6),1521.3,0.090885,0.001,940.0
s40_on,47,ac,move_to(?target=ac_switch_0),1889.5,0.090891,0.001,960.0
s40_on,47,coffee,move_to(?target=coffee_machine_0),913.2,0.090891,0.001,960.0
s40_on,47,d(item_3),move_to(?target=item_3),0.0,0.090891,0.9037,960.0
s40_on,47,d(item_6),move_to(?target=item_6),1557.2,0.090891,0.001,960.0
s40_on,48,ac,move_to(?target=ac_switch_0),1929.4,0.090896,0.001,980.0
s40_on,48,coffee,move_to(?target=coffee_machine_0),944.9,0.090896,0.001,980.0
s40_on,48,d(item_3),move_to(?target=item_3),0.0,0.090896,0.9037,980.0
s40_on,48,d(item_6),move_to(?target=item_6),1593.1,0.090896,0.001,980.0
s40_on,49,ac,move_to(?target=ac_switch_0),1969.2,0.0909,0.001,1000.0
s40_on,49,coffee,move_to(?target=coffee_machine_0),976.9,0.0909,0.001,1000.0
s40_on,49,d(item_3),move_to(?target=item_3),0.0,0.0909,0.9037,1000.0
s40_on,49,d(item_6),move_to(?target=item_6),1629.2,0.0909,0.001,1000.0
s40_on,50,ac,move_to(?target=ac_switch_0),2009.1,0.090902,0.001,1020.0
s40_on,50,coffee,move_to(?target=coffee_machine_0),1009.3,0.090902,0.001,1020.0
s40_on,50,d(item_3),move_to(?target=item_3),0.0,0.090902,0.9037,1020.0
s40_on,50,d(item_6),move_to(?target=item_6),1665.3,0.090902,0.001,1020.0
s40_on,51,ac,move_to(?target=ac_switch_0),2049.0,0.090904,0.001,1040.0
s40_on,51,coffee,move_to(?target=coffee_machine_0),1042.0,0.090904,0.001,1040.0
s40_on,51,d(item_3),move_to(?target=item_3),0.0,0.090904,0.9037,1040.0
s40_on,51,d(item_6),move_to(?target=item_6),1701.5,0.090904,0.001,1040.0
s40_on,52,ac,move_to(?target=ac_switch_0),2088.8,0.090906,0.001,1060.0
s40_on,52,coffee,move_to(?target=coffee_machine_0),1074.9,0.090906,0.001,1060.0
s40_on,52,d(item_3),move_to(?target=item_3),0.0,0.090906,0.9037,1060.0
s40_on,52,d(item_6),move_to(?target=item_6),1737.7,0.090906,0.001,1060.0
s40_on,53,ac,move_to(?target=ac_switch_0),2128.7,0.090907,0.001,1080.0
s40_on,53,coffee,move_to(?target=coffee_machine_0),1108.1,0.090907,0.001,1080.0
s40_on,53,d(item_3),move_to(?target=item_3),0.0,0.090907,0.9037,1080.0
s40_on,53,d(item_6),move_to(?target=item_6),1774.1,0.090907,0.001,1080.0
s40_on,54,ac,move_to(?target=ac_switch_0),2168.6,0.090907,0.001,1100.0
s40_on,54,coffee,move_to(?target=coffee_machine_0),1141.6,0.090907,0.001,1100.0
s40_on,54,d(item_3),move_to(?target=item_3),0.0,0.090907,0.9037,1100.0
s40_on,54,d(item_6),move_to(?target=item_6),1810.5,0.090907,0.001,1100.0
s40_on,55,ac,move_to(?target=ac_switch_0),2208.5,0.090908,0.001,1120.0
s40_on,55,coffee,move_to(?target=coffee_machine_0),1175.4,0.090908,0.001,1120.0
s40_on,55,d(item_3),move_to(?target=item_3),0.0,0.090908,0.9037,1120.0
s40_on,55,d(item_6),move_to(?target=item_6),1847.0,0.090908,0.001,1120.0
s40_on,56,ac,move_to(?target=ac_switch_0),2248.4,0.090908,0.001,1140.0
s40_on,56,coffee,move_to(?target=coffee_machine_0),1209.4,0.090908,0.001,1140.0
s40_on,56,d(item_3),move_to(?target=item_3),0.0,0.090908,0.9037,1140.0
s40_on,56,d(item_6),move_to(?target=item_6),1883.6,0.090908,0.001,1140.0
s40_on,57,ac,move_to(?target=ac_switch_0),2288.2,0.090908,0.001,1160.0
s40_on,57,coffee,move_to(?target=coffee_machine_0),1243.6,0.090908,0.001,1160.0
s40_on,57,d(item_3),move_to(?target=item_3),0.0,0.090908,0.9037,1160.0
s40_on,57,d(item_6),move_to(?target=item_6),1920.2,0.090908,0.001,1160.0
s40_on,58,ac,move_to(?target=ac_switch_0),2328.1,0.009901,0.001,1180.0
s40_on,58,coffee,move_to(?target=coffee_machine_0),1278.0,0.009901,0.001,1180.0
s40_on,58,d(item_3),pick_up(?item=item_3),,0.09901,0.9842,0.0
s40_on,58,d(item_6),move_to(?target=item_6),1956.9,0.009901,0.001,1180.0
s40_on,59,ac,move_to(?target=ac_switch_0),2328.1,0.009901,0.001,1180.0
s40_on,59,coffee,move_to(?target=coffee_machine_0),1278.0,0.009901,0.001,1180.0
s40_on,59,d(item_3),pick_up(?item=item_3),,0.09901,0.9842,0.0
s40_on,59,d(item_6),move_to(?target=item_6),1956.9,0.009901,0.001,1180.0
s40_on,60,ac,move_to(?target=ac_switch_0),2328.1,0.009901,0.001,1180.0
s40_on,60,coffee,move_to(?target=coffee_machine_0),1278.0,0.009901,0.001,1180.0
s40_on,60,d(item_3),move_to(?target=kitting_table_0),0.0,0.990098,0.9842,0.0
s40_on,60,d(item_6),"place(?item=item_3,?target=shelf_3)",,0.0,0.001,0.0
s40_on,61,ac,move_to(?target=ac_switch_0),2328.1,0.009901,0.001,1180.0
s40_on,61,coffee,move_to(?target=coffee_machine_0),1278.0,0.009901,0.001,1180.0
s40_on,61,d(item_3),move_to(?target=kitting_table_0),0.0,0.990098,0.9842,0.0
s40_on,61,d(item_6),"place(?item=item_3,?target=shelf_3)",,0.0,0.001,0.0
s40_on,62,ac,move_to(?target=ac_switch_0),2328.3,0.000999,0.001,1200.0
s40_on,62,coffee,move_to(?target=coffee_machine_0),1283.7,0.000999,0.001,1200.0
s40_on,62,d(item_3),move_to(?target=kitting_table_0),0.0,0.0999,0.993,20.0
s40_on,62,d(item_6),move_to(?target=shelf_3),0.0,0.0,0.001,0.0
s40_on,63,ac,move_to(?target=ac_switch_0),2328.4,0.000999,0.001,1220.0
s40_on,63,coffee,move_to(?target=coffee_machine_0),1289.5,0.000999,0.001,1220.0
s40_on,63,d(item_3),move_to(?target=kitting_table_0),0.0,0.0999,0.993,40.0
s40_on,63,d(item_6),move_to(?target=shelf_3),40.0,0.0,0.001,20.0
s40_on,64,ac,move_to(?target=ac_switch_0),2328.5,0.000999,0.001,1240.0
s40_on,64,coffee,move_to(?target=coffee_machine_0),1295.6,0.000999,0.001,1240.0
s40_on,64,d(item_3),move_to(?target=kitting_table_0),0.0,0.0999,0.993,60.0
s40_on,64,d(item_6),move_to(?target=shelf_3),80.0,0.0,0.001,40.0
s40_on,65,ac,move_to(?target=ac_switch_0),2328.6,0.000999,0.001,1260.0
s40_on,65,coffee,move_to(?target=coffee_machine_0),1302.0,0.000999,0.001,1260.0
s40_on,65,d(item_3),move_to(?target=kitting_table_0),0.0,0.0999,0.993,80.0
s40_on,65,d(item_6),move_to(?target=shelf_3),120.0,0.0,0.001,60.0
s40_on,66,ac,move_to(?target=ac_switch_0),2328.8,0.000999,0.001,1280.0
s40_on,66,coffee,move_to(?target=coffee_machine_0),1308.6,0.000999,0.001,1280.0
s40_on,66,d(item_3),move_to(?target=kitting_table_0),0.0,0.0999,0.993,100.0
s40_on,66,d(item_6),move_to(?target=shelf_3),160.0,0.0,0.001,80.0
s40_on,67,ac,move_to(?target=ac_switch_0),2328.9,0.000999,0.001,1300.0
s40_on,67,coffee,move_to(?target=coffee_machine_0),1315.4,0.000999,0.001,1300.0
s40_on,67,d(item_3),move_to(?target=kitting_table_0),0.0,0.0999,0.993,120.0
s40_on,67,d(item_6),move_to(?target=shelf_3),200.0,0.0,0.001,100.0
s40_on,68,ac,move_to(?target=ac_switch_0),2329.1,0.000999,0.001,1320.0
s40_on,68,coffee,move_to(?target=coffee_machine_0),1322.6,0.000999,0.001,1320.0
s40_on,68,d(item_3),move_to(?target=kitting_table_0),0.0,0.0999,0.993,140.0
s40_on,68,d(item_6),move_to(?target=shelf_3),240.0,0.0,0.001,120.0
s40_on,69,ac,move_to(?target=ac_switch_0),2329.2,0.000999,0.001,1340.0
s40_on,69,coffee,move_to(?target=coffee_machine_0),1330.0,0.000999,0.001,1340.0
s40_on,69,d(item_3),move_to(?target=kitting_table_0),0.0,0.0999,0.993,160.0
s40_on,69,d(item_6),move_to(?target=shelf_3),280.0,0.0,0.001,140.0
s40_on,70,ac,move_to(?target=ac_switch_0),2329.4,0.000999,0.001,1360.0
s40_on,70,coffee,move_to(?target=coffee_machine_0),1337.8,0.000999,0.001,1360.0
s40_on,70,d(item_3),move_to(?target=kitting_table_0),0.0,0.0999,0.993,180.0
s40_on,70,d(item_6),move_to(?target=shelf_3),320.0,0.0,0.001,160.0
s40_on,71,ac,move_to(?target=ac_switch_0),2329.5,0.000999,0.001,1380.0
s40_on,71,coffee,move_to(?target=coffee_machine_0),1345.8,0.000999,0.001,1380.0
s40_on,71,d(item_3),move_to(?target=kitting_table_0),0.0,0.0999,0.993,200.0
s40_on,71,d(item_6),move_to(?target=shelf_3),360.0,0.0,0.001,180.0
s40_on,72,ac,move_to(?target=ac_switch_0),2329.7,0.000999,0.001,1400.0
s40_on,72,coffee,move_to(?target=coffee_machine_0),1354.2,0.000999,0.001,1400.0
s40_on,72,d(item_3),move_to(?target=kitting_table_0),0.0,0.0999,0.993,220.0
s40_on,72,d(item_6),move_to(?target=shelf_3),400.0,0.0,0.001,200.0
s40_on,73,ac,move_to(?target=ac_switch_0),2329.8,0.000999,0.001,1420.0
s40_on,73,coffee,move_to(?target=coffee_machine_0),1363.0,0.000999,0.001,1420.0
s40_on,73,d(item_3),move_to(?target=kitting_table_0),0.0,0.0999,0.993,240.0
s40_on,73,d(item_6),move_to(?target=shelf_3),440.0,0.0,0.001,220.0
s40_on,74,ac,move_to(?target=ac_switch_0),2330.0,0.000999,0.001,1440.0
s40_on,74,coffee,move_to(?target=coffee_machine_0),1372.1,0.000999,0.001,1440.0
s40_on,74,d(item_3),move_to(?target=kitting_table_0),0.0,0.0999,0.993,260.0
s40_on,74,d(item_6),move_to(?target=shelf_3),480.0,0.0,0.001,240.0
s40_on,75,ac,move_to(?target=ac_switch_0),2330.2,0.000999,0.001,1460.0
s40_on,75,coffee,move_to(?target=coffee_machine_0),1381.6,0.000999,0.001,1460.0
s40_on,75,d(item_3),move_to(?target=kitting_table_0),0.0,0.0999,0.993,280.0
s40_on,75,d(item_6),move_to(?target=shelf_3),520.0,0.0,0.001,260.0
s40_on,76,ac,move_to(?target=ac_switch_0),2330.4,0.000999,0.001,1480.0
s40_on,76,coffee,move_to(?target=coffee_machine_0),1391.5,0.000999,0.001,1480.0
s40_on,76,d(item_3),move_to(?target=kitting_table_0),0.0,0.0999,0.993,300.0
s40_on,76,d(item_6),move_to(?target=shelf_3),560.0,0.0,0.001,280.0
s40_on,77,ac,move_to(?target=ac_switch_0),2330.6,0.000999,0.001,1500.0
s40_on,77,coffee,move_to(?target=coffee_machine_0),1401.8,0.000999,0.001,1500.0
s40_on,77,d(item_3),move_to(?target=kitting_table_0),0.0,0.0999,0.993,320.0
s40_on,77,d(item_6),move_to(?target=shelf_3),600.0,0.0,0.001,300.0
s40_on,78,ac,move_to(?target=ac_switch_0),2330.8,0.000999,0.001,1520.0
s40_on,78,coffee,move_to(?target=coffee_machine_0),1412.6,0.000999,0.001,1520.0
s40_on,78,d(item_3),move_to(?target=kitting_table_0),0.0,0.0999,0.993,340.0
s40_on,78,d(item_6),move_to(?target=shelf_3),640.0,0.0,0.001,320.0
s40_on,79,ac,move_to(?target=ac_switch_0),2331.0,0.000999,0.001,1540.0
s40_on,79,coffee,move_to(?target=coffee_machine_0),1423.8,0.000999,0.001,1540.0
s40_on,79,d(item_3),move_to(?target=kitting_table_0),0.0,0.0999,0.993,360.0
s40_on,79,d(item_6),move_to(?target=shelf_3),680.0,0.0,0.001,340.0
s40_on,80,ac,move_to(?target=ac_switch_0),2331.2,0.000999,0.001,1560.0
s40_on,80,coffee,move_to(?target=coffee_machine_0),1435.5,0.000999,0.001,1560.0
s40_on,80,d(item_3),move_to(?target=kitting_table_0),0.0,0.0999,0.993,380.0
s40_on,80,d(item_6),move_to(?target=shelf_3),720.0,0.0,0.001,360.0
s40_on,81,ac,move_to(?target=ac_switch_0),2331.4,0.000999,0.001,1580.0
s40_on,81,coffee,move_to(?target=coffee_machine_0),1447.6,0.000999,0.001,1580.0
s40_on,81,d(item_3),move_to(?target=kitting_table_0),0.0,0.0999,0.993,400.0
s40_on,81,d(item_6),move_to(?target=shelf_3),760.0,0.0,0.001,380.0
s40_on,82,ac,move_to(?target=ac_switch_0),2331.6,0.000999,0.001,1600.0
s40_on,82,coffee,move_to(?target=coffee_machine_0),1460.3,0.000999,0.001,1600.0
s40_on,82,d(item_3),move_to(?target=kitting_table_0),0.0,0.0999,0.993,420.0
s40_on,82,d(item_6),move_to(?target=shelf_3),800.0,0.0,0.001,400.0
s40_on,83,ac,move_to(?target=ac_switch_0),2331.9,0.000999,0.001,1620.0
s40_on,83,coffee,move_to(?target=coffee_machine_0),1473.5,0.000999,0.001,1620.0
s40_on,83,d(item_3),move_to(?target=kitting_table_0),0.0,0.0999,0.993,440.0
s40_on,83,d(item_6),move_to(?target=shelf_3),840.0,0.0,0.001,420.0
s40_on,84,ac,move_to(?target=ac_switch_0),2332.1,0.000999,0.001,1640.0
s40_on,84,coffee,move_to(?target=coffee_machine_0),1487.2,0.000999,0.001,1640.0
s40_on,84,d(item_3),move_to(?target=kitting_table_0),0.0,0.0999,0.993,460.0
s40_on,84,d(item_6),move_to(?target=shelf_3),880.0,0.0,0.001,440.0
s40_on,85,ac,move_to(?target=ac_switch_0),2332.4,0.000999,0.001,1660.0
s40_on,85,coffee,move_to(?target=coffee_machine_0),1501.5,0.000999,0.001,1660.0
s40_on,85,d(item_3),move_to(?target=kitting_table_0),0.0,0.0999,0.993,480.0
s40_on,85,d(item_6),move_to(?target=shelf_3),920.0,0.0,0.001,460.0
s40_on,86,ac,move_to(?target=ac_switch_0),2332.6,0.000999,0.001,1680.0
s40_on,86,coffee,move_to(?target=coffee_machine_0),1516.3,0.000999,0.001,1680.0
s40_on,86,d(item_3),move_to(?target=kitting_table_0),0.0,0.0999,0.993,500.0
s40_on,86,d(item_6),move_to(?target=shelf_3),960.0,0.0,0.001,480.0
s40_on,87,ac,move_to(?target=ac_switch_0),2332.9,0.000999,0.001,1700.0
s40_on,87,coffee,move_to(?target=coffee_machine_0),1531.7,0.000999,0.001,1700.0
s40_on,87,d(item_3),move_to(?target=kitting_table_0),0.0,0.0999,0.993,520.0
s40_on,87,d(item_6),move_to(?target=shelf_3),1000.0,0.0,0.001,500.0
s40_on,88,ac,move_to(?target=ac_switch_0),2333.2,0.000999,0.001,1720.0
s40_on,88,coffee,move_to(?target=coffee_machine_0),1547.8,0.000999,0.001,1720.0
s40_on,88,d(item_3),move_to(?target=kitting_table_0),0.0,0.0999,0.993,540.0
s40_on,88,d(item_6),move_to(?target=shelf_3),1040.0,0.0,0.001,520.0
s40_on,89,ac,move_to(?target=ac_switch_0),2333.5,0.000999,0.001,1740.0
s40_on,89,coffee,move_to(?target=coffee_machine_0),1564.4,0.000999,0.001,1740.0
s40_on,89,d(item_3),move_to(?target=kitting_table_0),0.0,0.0999,0.993,560.0
s40_on,89,d(item_6),move_to(?target=shelf_3),1080.0,0.0,0.001,540.0
s40_on,90,ac,move_to(?target=ac_switch_0),2333.8,0.000999,0.001,1760.0
s40_on,90,coffee,move_to(?target=coffee_machine_0),1581.6,0.000999,0.001,1760.0
s40_on,90,d(item_3),move_to(?target=kitting_table_0),0.0,0.0999,0.993,580.0
s40_on,90,d(item_6),move_to(?target=shelf_3),1120.0,0.0,0.001,560.0
s40_on,91,ac,move_to(?target=ac_switch_0),2334.2,0.000999,0.001,1780.0
s40_on,91,coffee,move_to(?target=coffee_machine_0),1599.5,0.000999,0.001,1780.0
s40_on,91,d(item_3),move_to(?target=kitting_table_0),0.0,0.0999,0.993,600.0
s40_on,91,d(item_6),move_to(?target=shelf_3),1160.0,0.0,0.001,580.0
s40_on,92,ac,move_to(?target=ac_switch_0),2334.5,0.000999,0.001,1800.0
s40_on,92,coffee,move_to(?target=coffee_machine_0),1617.9,0.000999,0.001,1800.0
s40_on,92,d(item_3),move_to(?target=kitting_table_0),0.0,0.0999,0.993,620.0
s40_on,92,d(item_6),move_to(?target=shelf_3),1200.0,0.0,0.001,600.0
s40_on,93,ac,move_to(?target=ac_switch_0),2334.9,0.000999,0.001,1820.0
s40_on,93,coffee,move_to(?target=coffee_machine_0),1637.1,0.000999,0.001,1820.0
s40_on,93,d(item_3),move_to(?target=kitting_table_0),0.0,0.0999,0.993,640.0
s40_on,93,d(item_6),move_to(?target=shelf_3),1240.0,0.0,0.001,620.0
s40_on,94,ac,move_to(?target=ac_switch_0),2335.3,0.000999,0.001,1840.0
s40_on,94,coffee,move_to(?target=coffee_machine_0),1656.8,0.000999,0.001,1840.0
s40_on,94,d(item_3),move_to(?target=kitting_table_0),0.0,0.0999,0.993,660.0
s40_on,94,d(item_6),move_to(?target=shelf_3),1280.0,0.0,0.001,640.0
s40_on,95,ac,move_to(?target=ac_switch_0),2335.7,0.000999,0.001,1860.0
s40_on,95,coffee,move_to(?target=coffee_machine_0),1677.2,0.000999,0.001,1860.0
s40_on,95,d(item_3),move_to(?target=kitting_table_0),0.0,0.0999,0.993,680.0
s40_on,95,d(item_6),move_to(?target=shelf_3),1320.0,0.0,0.001,660.0
s40_on,96,ac,move_to(?target=ac_switch_0),2336.1,0.000999,0.001,1880.0
s40_on,96,coffee,move_to(?target=coffee_machine_0),1698.2,0.000999,0.001,1880.0
s40_on,96,d(item_3),move_to(?target=kitting_table_0),0.0,0.0999,0.993,700.0
s40_on,96,d(item_6),move_to(?target=shelf_3),1360.0,0.0,0.001,680.0
s40_on,97,ac,move_to(?target=ac_switch_0),2336.6,0.000999,0.001,1900.0
s40_on,97,coffee,move_to(?target=coffee_machine_0),1719.9,0.000999,0.001,1900.0
s40_on,97,d(item_3),move_to(?target=kitting_table_0),0.0,0.0999,0.993,720.0
s40_on,97,d(item_6),move_to(?target=shelf_3),1400.0,0.0,0.001,700.0
s40_on,98,ac,move_to(?target=ac_switch_0),2337.0,0.000999,0.001,1920.0
s40_on,98,coffee,move_to(?target=coffee_machine_0),1742.1,0.000999,0.001,1920.0
s40_on,98,d(item_3),move_to(?target=kitting_table_0),0.0,0.0999,0.993,740.0
s40_on,98,d(item_6),move_to(?target=shelf_3),1440.0,0.0,0.001,720.0
s40_on,99,ac,move_to(?target=ac_switch_0),2337.5,0.000999,0.001,1940.0
s40_on,99,coffee,move_to(?target=coffee_machine_0),1765.0,0.000999,0.001,1940.0
s40_on,99,d(item_3),move_to(?target=kitting_table_0),0.0,0.0999,0.993,760.0
s40_on,99,d(item_6),move_to(?target=shelf_3),1480.0,0.0,0.001,740.0
s40_on,100,ac,move_to(?target=ac_switch_0),2338.1,0.000999,0.001,1960.0
s40_on,100,coffee,move_to(?target=coffee_machine_0),1788.5,0.000999,0.001,1960.0
s40_on,100,d(item_3),move_to(?target=kitting_table_0),0.0,0.0999,0.993,780.0
s40_on,100,d(item_6),move_to(?target=shelf_3),1520.0,0.0,0.001,760.0
s40_on,101,ac,move_to(?target=ac_switch_0),2338.6,0.000999,0.001,1980.0
s40_on,101,coffee,move_to(?target=coffee_machine_0),1812.7,0.000999,0.001,1980.0
s40_on,101,d(item_3),move_to(?target=kitting_table_0),0.0,0.0999,0.993,800.0
s40_on,101,d(item_6),move_to(?target=shelf_3),1560.0,0.0,0.001,780.0
s40_on,102,ac,move_to(?target=ac_switch_0),2339.2,0.000999,0.001,2000.0
s40_on,102,coffee,move_to(?target=coffee_machine_0),1837.4,0.000999,0.001,2000.0
s40_on,102,d(item_3),move_to(?target=kitting_table_0),0.0,0.0999,0.993,820.0
s40_on,102,d(item_6),move_to(?target=shelf_3),1600.0,0.0,0.001,800.0
s40_on,103,ac,move_to(?target=ac_switch_0),2339.8,0.000999,0.001,2020.0
s40_on,103,coffee,move_to(?target=coffee_machine_0),1862.6,0.000999,0.001,2020.0
s40_on,103,d(item_3),move_to(?target=kitting_table_0),0.0,0.0999,0.993,840.0
s40_on,103,d(item_6),move_to(?target=shelf_3),1640.0,0.0,0.001,820.0
s40_on,104,ac,move_to(?target=ac_switch_0),2340.5,0.000999,0.001,2040.0
s40_on,104,coffee,move_to(?target=coffee_machine_0),1888.5,0.000999,0.001,2040.0
s40_on,104,d(item_3),move_to(?target=kitting_table_0),0.0,0.0999,0.993,860.0
s40_on,104,d(item_6),move_to(?target=shelf_3),1680.0,0.0,0.001,840.0
s40_on,105,ac,move_to(?target=ac_switch_0),2341.2,0.000999,0.001,2060.0
s40_on,105,coffee,move_to(?target=coffee_machine_0),1914.9,0.000999,0.001,2060.0
s40_on,105,d(item_3),move_to(?target=kitting_table_0),-0.0,0.0999,0.993,880.0
s40_on,105,d(item_6),move_to(?target=shelf_3),1720.0,0.0,0.001,860.0
s40_on,106,ac,move_to(?target=ac_switch_0),2342.0,0.000999,0.001,2080.0
s40_on,106,coffee,move_to(?target=coffee_machine_0),1941.8,0.000999,0.001,2080.0
s40_on,106,d(item_3),move_to(?target=kitting_table_0),-0.0,0.0999,0.993,900.0
s40_on,106,d(item_6),move_to(?target=shelf_3),1760.0,0.0,0.001,880.0
s40_on,107,ac,move_to(?target=ac_switch_0),2342.8,0.000999,0.001,2100.0
s40_on,107,coffee,move_to(?target=coffee_machine_0),1969.2,0.000999,0.001,2100.0
s40_on,107,d(item_3),move_to(?target=kitting_table_0),-0.0,0.0999,0.993,920.0
s40_on,107,d(item_6),move_to(?target=shelf_3),1800.0,0.0,0.001,900.0
s40_on,108,ac,move_to(?target=ac_switch_0),2343.7,0.000999,0.001,2120.0
s40_on,108,coffee,move_to(?target=coffee_machine_0),1997.2,0.000999,0.001,2120.0
s40_on,108,d(item_3),move_to(?target=kitting_table_0),-0.0,0.0999,0.993,940.0
s40_on,108,d(item_6),move_to(?target=shelf_3),1840.0,0.0,0.001,920.0
s40_on,109,ac,move_to(?target=ac_switch_0),2344.7,0.000999,0.001,2140.0
s40_on,109,coffee,move_to(?target=coffee_machine_0),2025.6,0.000999,0.001,2140.0
s40_on,109,d(item_3),move_to(?target=kitting_table_0),-0.0,0.0999,0.993,960.0
s40_on,109,d(item_6),move_to(?target=shelf_3),1880.0,0.0,0.001,940.0
s40_on,110,ac,move_to(?target=ac_switch_0),2345.7,0.000999,0.001,2160.0
s40_on,110,coffee,move_to(?target=coffee_machine_0),2054.5,0.000999,0.001,2160.0
s40_on,110,d(item_3),move_to(?target=kitting_table_0),-0.0,0.0999,0.993,980.0
s40_on,110,d(item_6),move_to(?target=shelf_3),1920.0,0.0,0.001,960.0
s40_on,111,ac,move_to(?target=ac_switch_0),2346.8,0.000999,0.001,2180.0
s40_on,111,coffee,move_to(?target=coffee_machine_0),2083.8,0.000999,0.001,2180.0
s40_on,111,d(item_3),move_to(?target=kitting_table_0),-0.0,0.0999,0.993,1000.0
s40_on,111,d(item_6),move_to(?target=shelf_3),1960.0,0.0,0.001,980.0
s40_on,112,ac,move_to(?target=ac_switch_0),2348.1,0.000999,0.001,2200.0
s40_on,112,coffee,move_to(?target=coffee_machine_0),2113.6,0.000999,0.001,2200.0
s40_on,112,d(item_3),move_to(?target=kitting_table_0),-0.0,0.0999,0.993,1020.0
s40_on,112,d(item_6),move_to(?target=shelf_3),2000.0,0.0,0.001,1000.0
s40_on,113,ac,move_to(?target=ac_switch_0),2349.4,0.0001,0.001,2220.0
s40_on,113,coffee,move_to(?target=coffee_machine_0),2143.8,0.0001,0.001,2220.0
s40_on,113,d(item_3),"place(?item=item_3,?target=kitting_table_0)",,0.09999,0.993,0.0
s40_on,113,d(item_6),move_to(?target=shelf_3),2040.0,0.0,0.001,1020.0
s40_on,114,ac,move_to(?target=ac_switch_0),2349.4,0.0001,0.001,2220.0
s40_on,114,coffee,move_to(?target=coffee_machine_0),2143.8,0.0001,0.001,2220.0
s40_on,114,d(item_3),"place(?item=item_3,?target=kitting_table_0)",,0.09999,0.993,0.0
s40_on,114,d(item_6),move_to(?target=shelf_3),2040.0,0.0,0.001,1020.0
s40_on,115,ac,move_to(?target=ac_switch_0),0.0,0.25,0.249,0.0
s40_on,115,coffee,move_to(?target=coffee_machine_0),0.0,0.25,0.249,0.0
s40_on,115,d(item_6),move_to(?target=item_6),0.0,0.25,0.249,0.0
s40_on,116,ac,move_to(?target=ac_switch_0),0.0,0.25,0.249,0.0
s40_on,116,coffee,move_to(?target=coffee_machine_0),0.0,0.25,0.249,0.0
s40_on,116,d(item_6),move_to(?target=item_6),0.0,0.25,0.249,0.0
s40_on,117,ac,move_to(?target=ac_switch_0),0.0,0.25,0.249,0.0
s40_on,117,coffee,move_to(?target=coffee_machine_0),0.0,0.25,0.249,0.0
s40_on,117,d(item_6),move_to(?target=item_6),0.0,0.25,0.249,0.0
s40_on,118,ac,move_to(?target=ac_switch_0),23.9,0.034088,0.2992,20.0
s40_on,118,coffee,move_to(?target=coffee_machine_0),0.0,0.034088,0.3395,20.0
s40_on,118,d(item_6),move_to(?target=item_6),9.6,0.034088,0.3233,20.0
s40_on,119,ac,move_to(?target=ac_switch_0),48.6,0.036163,0.2744,40.0
s40_on,119,coffee,move_to(?target=coffee_machine_0),0.0,0.036163,0.3602,40.0
s40_on,119,d(item_6),move_to(?target=item_6),19.4,0.036163,0.3254,40.0
s40_on,120,ac,move_to(?target=ac_switch_0),74.2,0.038474,0.2473,60.0
s40_on,120,coffee,move_to(?target=coffee_machine_0),0.0,0.038474,0.3832,60.0
s40_on,120,d(item_6),move_to(?target=item_6),29.4,0.038474,0.3272,60.0
s40_on,121,ac,move_to(?target=ac_switch_0),100.6,0.040994,0.2187,80.0
s40_on,121,coffee,move_to(?target=coffee_machine_0),0.0,0.040994,0.4083,80.0
s40_on,121,d(item_6),move_to(?target=item_6),39.8,0.040994,0.3282,80.0
s40_on,122,ac,move_to(?target=ac_switch_0),127.8,0.043683,0.1896,100.0
s40_on,122,coffee,move_to(?target=coffee_machine_0),0.0,0.043683,0.4351,100.0
s40_on,122,d(item_6),move_to(?target=item_6),50.4,0.043683,0.3278,100.0
s40_on,123,ac,move_to(?target=ac_switch_0),155.7,0.046489,0.1612,120.0
s40_on,123,coffee,move_to(?target=coffee_machine_0),0.0,0.046489,0.463,120.0
s40_on,123,d(item_6),move_to(?target=item_6),61.3,0.046489,0.3255,120.0
s40_on,124,ac,move_to(?target=ac_switch_0),184.4,0.049357,0.1343,140.0
s40_on,124,coffee,move_to(?target=coffee_machine_0),0.0,0.049357,0.4916,140.0
s40_on,124,d(item_6),move_to(?target=item_6),72.4,0.049357,0.3209,140.0
s40_on,125,ac,move_to(?target=ac_switch_0),213.7,0.052233,0.1098,160.0
s40_on,125,coffee,move_to(?target=coffee_machine_0),0.0,0.052233,0.5202,160.0
s40_on,125,d(item_6),move_to(?target=item_6),83.9,0.052233,0.3139,160.0
s40_on,126,ac,move_to(?target=ac_switch_0),243.7,0.055072,0.0882,180.0
s40_on,126,coffee,move_to(?target=coffee_machine_0),0.0,0.055072,0.5485,180.0
s40_on,126,d(item_6),move_to(?target=item_6),95.7,0.055072,0.3044,180.0
s40_on,127,ac,move_to(?target=ac_switch_0),274.2,0.057842,0.0697,200.0
s40_on,127,coffee,move_to(?target=coffee_machine_0),0.0,0.057842,0.5761,200.0
s40_on,127,d(item_6),move_to(?target=item_6),107.8,0.057842,0.2925,200.0
s40_on,128,ac,move_to(?target=ac_switch_0),305.3,0.060519,0.0543,220.0
s40_on,128,coffee,move_to(?target=coffee_machine_0),0.0,0.060519,0.6028,220.0
s40_on,128,d(item_6),move_to(?target=item_6),120.2,0.060519,0.2786,220.0
s40_on,129,ac,move_to(?target=ac_switch_0),337.0,0.063091,0.0418,240.0
s40_on,129,coffee,move_to(?target=coffee_machine_0),0.0,0.063091,0.6284,240.0
s40_on,129,d(item_6),move_to(?target=item_6),132.9,0.063091,0.263,240.0
s40_on,130,ac,move_to(?target=ac_switch_0),369.1,0.065548,0.0318,260.0
s40_on,130,coffee,move_to(?target=coffee_machine_0),0.0,0.065548,0.6529,260.0
s40_on,130,d(item_6),move_to(?target=item_6),146.0,0.065548,0.2461,260.0
s40_on,131,ac,move_to(?target=ac_switch_0),401.7,0.067889,0.0239,280.0
s40_on,131,coffee,move_to(?target=coffee_machine_0),0.0,0.067889,0.6762,280.0
s40_on,131,d(item_6),move_to(?target=item_6),159.4,0.067889,0.2283,280.0
s40_on,132,ac,move_to(?target=ac_switch_0),434.7,0.070109,0.0178,300.0
s40_on,132,coffee,move_to(?target=coffee_machine_0),0.0,0.070109,0.6983,300.0
s40_on,132,d(item_6),move_to(?target=item_6),173.2,0.070109,0.21,300.0
s40_on,133,ac,move_to(?target=ac_switch_0),468.2,0.072209,0.0132,320.0
s40_on,133,coffee,move_to(?target=coffee_machine_0),0.0,0.072209,0.7192,320.0
s40_on,133,d(item_6),move_to(?target=item_6),187.2,0.072209,0.1917,320.0
s40_on,134,ac,move_to(?target=ac_switch_0),502.0,0.074184,0.0097,340.0
s40_on,134,coffee,move_to(?target=coffee_machine_0),0.0,0.074184,0.7389,340.0
s40_on,134,d(item_6),move_to(?target=item_6),201.7,0.074184,0.1735,340.0
s40_on,135,ac,move_to(?target=ac_switch_0),536.1,0.076034,0.0071,360.0
s40_on,135,coffee,move_to(?target=coffee_machine_0),0.0,0.076034,0.7573,360.0
s40_on,135,d(item_6),move_to(?target=item_6),216.5,0.076034,0.1559,360.0
s40_on,136,ac,move_to(?target=ac_switch_0),570.6,0.077755,0.0051,380.0
s40_on,136,coffee,move_to(?target=coffee_machine_0),0.0,0.077755,0.7744,380.0
s40_on,136,d(item_6),move_to(?target=item_6),231.7,0.077755,0.139,380.0
s40_on,137,ac,move_to(?target=ac_switch_0),605.3,0.079346,0.0037,400.0
s40_on,137,coffee,move_to(?target=coffee_machine_0),0.0,0.079346,0.7903,400.0
s40_on,137,d(item_6),move_to(?target=item_6),247.2,0.079346,0.123,400.0
s40_on,138,ac,move_to(?target=ac_switch_0),640.4,0.080805,0.0027,420.0
s40_on,138,coffee,move_to(?target=coffee_machine_0),0.0,0.080805,0.8048,420.0
s40_on,138,d(item_6),move_to(?target=item_6),263.2,0.080805,0.108,420.0
s40_on,139,ac,move_to(?target=ac_switch_0),675.7,0.082134,0.0019,440.0
s40_on,139,coffee,move_to(?target=coffee_machine_0),0.0,0.082134,0.8181,440.0
s40_on,139,d(item_6),move_to(?target=item_6),279.5,0.082134,0.0942,440.0
s40_on,140,ac,move_to(?target=ac_switch_0),711.2,0.083335,0.0014,460.0
s40_on,140,coffee,move_to(?target=coffee_machine_0),0.0,0.083335,0.83,460.0
s40_on,140,d(item_6),move_to(?target=item_6),296.2,0.083335,0.0816,460.0
s40_on,141,ac,move_to(?target=ac_switch_0),747.0,0.084411,0.001,480.0
s40_on,141,coffee,move_to(?target=coffee_machine_0),0.0,0.084411,0.8407,480.0
s40_on,141,d(item_6),move_to(?target=item_6),313.3,0.084411,0.0702,480.0
s40_on,142,ac,move_to(?target=ac_switch_0),783.0,0.085367,0.001,500.0
s40_on,142,coffee,move_to(?target=coffee_machine_0),0.0,0.085367,0.85,500.0
s40_on,142,d(item_6),move_to(?target=item_6),330.8,0.085367,0.06,500.0
s40_on,143,ac,move_to(?target=ac_switch_0),819.2,0.086211,0.001,520.0
s40_on,143,coffee,move_to(?target=coffee_machine_0),0.0,0.086211,0.8582,520.0
s40_on,143,d(item_6),move_to(?target=item_6),348.7,0.086211,0.051,520.0
s40_on,144,ac,move_to(?target=ac_switch_0),855.6,0.086949,0.001,540.0
s40_on,144,coffee,move_to(?target=coffee_machine_0),-0.0,0.086949,0.8654,540.0
s40_on,144,d(item_6),move_to(?target=item_6),366.9,0.086949,0.043,540.0
s40_on,145,ac,move_to(?target=ac_switch_0),892.1,0.08759,0.001,560.0
s40_on,145,coffee,move_to(?target=coffee_machine_0),0.0,0.08759,0.8717,560.0
s40_on,145,d(item_6),move_to(?target=item_6),385.6,0.08759,0.0361,560.0
s40_on,146,ac,move_to(?target=ac_switch_0),928.8,0.088142,0.001,580.0
s40_on,146,coffee,move_to(?target=coffee_machine_0),0.0,0.088142,0.8772,580.0
s40_on,146,d(item_6),move_to(?target=item_6),404.7,0.088142,0.0301,580.0
s40_on,147,ac,move_to(?target=ac_switch_0),965.7,0.088615,0.001,600.0
s40_on,147,coffee,move_to(?target=coffee_machine_0),0.0,0.088615,0.8818,600.0
s40_on,147,d(item_6),move_to(?target=item_6),424.2,0.088615,0.025,600.0
s40_on,148,ac,move_to(?target=ac_switch_0),1002.7,0.089017,0.001,620.0
s40_on,148,coffee,move_to(?target=coffee_machine_0),0.0,0.089017,0.8858,620.0
s40_on,148,d(item_6),move_to(?target=item_6),444.1,0.089017,0.0206,620.0
s40_on,149,ac,move_to(?target=ac_switch_0),1039.8,0.089356,0.001,640.0
s40_on,149,coffee,move_to(?target=coffee_machine_0),0.0,0.089356,0.8891,640.0
s40_on,149,d(item_6),move_to(?target=item_6),464.4,0.089356,0.0169,640.0
s40_on,150,ac,move_to(?target=ac_switch_0),1077.1,0.089641,0.001,660.0
s40_on,150,coffee,move_to(?target=coffee_machine_0),0.0,0.089641,0.892,660.0
s40_on,150,d(item_6),move_to(?target=item_6),485.1,0.089641,0.0138,660.0
s40_on,151,ac,move_to(?target=ac_switch_0),1114.4,0.089878,0.001,680.0
s40_on,151,coffee,move_to(?target=coffee_machine_0),0.0,0.089878,0.8943,680.0
s40_on,151,d(item_6),move_to(?target=item_6),506.2,0.089878,0.0113,680.0
s40_on,152,ac,move_to(?target=ac_switch_0),1151.9,0.090075,0.001,700.0
s40_on,152,coffee,move_to(?target=coffee_machine_0),0.0,0.090075,0.8963,700.0
s40_on,152,d(item_6),move_to(?target=item_6),527.7,0.090075,0.0091,700.0
s40_on,153,ac,move_to(?target=ac_switch_0),1189.5,0.009893,0.001,720.0
s40_on,153,coffee,"wait_at(?duration=PT60S,?entity=coffee_machine_0)",,0.09893,0.9842,0.0
s40_on,153,d(item_6),move_to(?target=item_6),549.6,0.009893,0.001,720.0
s40_on,154,ac,move_to(?target=ac_switch_0),1189.5,0.009893,0.001,720.0
s40_on,154,coffee,"wait_at(?duration=PT60S,?entity=coffee_machine_0)",,0.09893,0.9842,0.0
s40_on,154,d(item_6),move_to(?target=item_6),549.6,0.009893,0.001,720.0
s40_on,155,ac,move_to(?target=ac_switch_0),1189.5,0.009893,0.001,720.0
s40_on,155,coffee,"wait_at(?duration=PT60S,?entity=coffee_machine_0)",,0.09893,0.9842,0.0
s40_on,155,d(item_6),move_to(?target=item_6),549.6,0.009893,0.001,720.0
s40_on,156,ac,move_to(?target=ac_switch_0),1189.5,0.009893,0.001,720.0
s40_on,156,coffee,"wait_at(?duration=PT60S,?entity=coffee_machine_0)",,0.09893,0.9842,0.0
s40_on,156,d(item_6),move_to(?target=item_6),549.6,0.009893,0.001,720.0
s40_on,157,ac,move_to(?target=ac_switch_0),1189.5,0.009893,0.001,720.0
s40_on,157,coffee,"wait_at(?duration=PT60S,?entity=coffee_machine_0)",,0.09893,0.9842,0.0
s40_on,157,d(item_6),move_to(?target=item_6),549.6,0.009893,0.001,720.0
s40_on,158,ac,move_to(?target=ac_switch_0),1189.5,0.009893,0.001,720.0
s40_on,158,coffee,"wait_at(?duration=PT60S,?entity=coffee_machine_0)",,0.09893,0.9842,0.0
s40_on,158,d(item_6),move_to(?target=item_6),549.6,0.009893,0.001,720.0
s40_on,159,ac,move_to(?target=ac_switch_0),1189.5,0.009893,0.001,720.0
s40_on,159,coffee,"wait_at(?duration=PT60S,?entity=coffee_machine_0)",,0.09893,0.9842,0.0
s40_on,159,d(item_6),move_to(?target=item_6),549.6,0.009893,0.001,720.0
s40_on,160,ac,move_to(?target=ac_switch_0),1189.5,0.009893,0.001,720.0
s40_on,160,coffee,"wait_at(?duration=PT60S,?entity=coffee_machine_0)",,0.09893,0.9842,0.0
s40_on,160,d(item_6),move_to(?target=item_6),549.6,0.009893,0.001,720.0
s40_on,161,ac,move_to(?target=ac_switch_0),1189.5,0.009893,0.001,720.0
s40_on,161,coffee,"wait_at(?duration=PT60S,?entity=coffee_machine_0)",,0.09893,0.9842,0.0
s40_on,161,d(item_6),move_to(?target=item_6),549.6,0.009893,0.001,720.0
s40_on,162,ac,move_to(?target=ac_switch_0),1189.5,0.009893,0.001,720.0
s40_on,162,coffee,"wait_at(?duration=PT60S,?entity=coffee_machine_0)",,0.09893,0.9842,0.0
s40_on,162,d(item_6),move_to(?target=item_6),549.6,0.009893,0.001,720.0
s40_on,163,ac,move_to(?target=ac_switch_0),1189.5,0.009893,0.001,720.0
s40_on,163,coffee,"wait_at(?duration=PT60S,?entity=coffee_machine_0)",,0.09893,0.9842,0.0
s40_on,163,d(item_6),move_to(?target=item_6),549.6,0.009893,0.001,720.0
s40_on,164,ac,move_to(?target=ac_switch_0),1189.5,0.009893,0.001,720.0
s40_on,164,coffee,"wait_at(?duration=PT60S,?entity=coffee_machine_0)",,0.09893,0.9842,0.0
s40_on,164,d(item_6),move_to(?target=item_6),549.6,0.009893,0.001,720.0
s40_on,165,ac,move_to(?target=ac_switch_0),1189.5,0.009893,0.001,720.0
s40_on,165,coffee,"wait_at(?duration=PT60S,?entity=coffee_machine_0)",,0.09893,0.9842,0.0
s40_on,165,d(item_6),move_to(?target=item_6),549.6,0.009893,0.001,720.0
s40_on,166,ac,move_to(?target=ac_switch_0),1189.5,0.009893,0.001,720.0
s40_on,166,coffee,"wait_at(?duration=PT60S,?entity=coffee_machine_0)",,0.09893,0.9842,0.0
s40_on,166,d(item_6),move_to(?target=item_6),549.6,0.009893,0.001,720.0
s40_on,167,ac,move_to(?target=ac_switch_0),1189.5,0.009893,0.001,720.0
s40_on,167,coffee,"wait_at(?duration=PT60S,?entity=coffee_machine_0)",,0.09893,0.9842,0.0
s40_on,167,d(item_6),move_to(?target=item_6),549.6,0.009893,0.001,720.0
s40_on,168,ac,move_to(?target=ac_switch_0),1189.5,0.009893,0.001,720.0
s40_on,168,coffee,"wait_at(?duration=PT60S,?entity=coffee_machine_0)",,0.09893,0.9842,0.0
s40_on,168,d(item_6),move_to(?target=item_6),549.6,0.009893,0.001,720.0
s40_on,169,ac,move_to(?target=ac_switch_0),1189.5,0.009893,0.001,720.0
s40_on,169,coffee,"wait_at(?duration=PT60S,?entity=coffee_machine_0)",,0.09893,0.9842,0.0
s40_on,169,d(item_6),move_to(?target=item_6),549.6,0.009893,0.001,720.0
s40_on,170,ac,move_to(?target=ac_switch_0),1189.5,0.009893,0.001,720.0
s40_on,170,coffee,"wait_at(?duration=PT60S,?entity=coffee_machine_0)",,0.09893,0.9842,0.0
s40_on,170,d(item_6),move_to(?target=item_6),549.6,0.009893,0.001,720.0
s40_on,171,ac,move_to(?target=ac_switch_0),1189.5,0.009893,0.001,720.0
s40_on,171,coffee,"wait_at(?duration=PT60S,?entity=coffee_machine_0)",,0.09893,0.9842,0.0
s40_on,171,d(item_6),move_to(?target=item_6),549.6,0.009893,0.001,720.0
s40_on,172,ac,move_to(?target=ac_switch_0),1189.5,0.009893,0.001,720.0
s40_on,172,coffee,"wait_at(?duration=PT60S,?entity=coffee_machine_0)",,0.09893,0.9842,0.0
s40_on,172,d(item_6),move_to(?target=item_6),549.6,0.009893,0.001,720.0
s40_on,173,ac,move_to(?target=ac_switch_0),1189.5,0.009893,0.001,720.0
s40_on,173,coffee,"wait_at(?duration=PT60S,?entity=coffee_machine_0)",,0.09893,0.9842,0.0
s40_on,173,d(item_6),move_to(?target=item_6),549.6,0.009893,0.001,720.0
s40_on,174,ac,move_to(?target=ac_switch_0),1189.5,0.009893,0.001,720.0
s40_on,174,coffee,"wait_at(?duration=PT60S,?entity=coffee_machine_0)",,0.09893,0.9842,0.0
s40_on,174,d(item_6),move_to(?target=item_6),549.6,0.009893,0.001,720.0
s40_on,175,ac,move_to(?target=ac_switch_0),1189.5,0.009893,0.001,720.0
s40_on,175,coffee,"wait_at(?duration=PT60S,?entity=coffee_machine_0)",,0.09893,0.9842,0.0
s40_on,175,d(item_6),move_to(?target=item_6),549.6,0.009893,0.001,720.0
s40_on,176,ac,move_to(?target=ac_switch_0),1189.5,0.009893,0.001,720.0
s40_on,176,coffee,"wait_at(?duration=PT60S,?entity=coffee_machine_0)",,0.09893,0.9842,0.0
s40_on,176,d(item_6),move_to(?target=item_6),549.6,0.009893,0.001,720.0
s40_on,177,ac,move_to(?target=ac_switch_0),1189.5,0.009893,0.001,720.0
s40_on,177,coffee,"wait_at(?duration=PT60S,?entity=coffee_machine_0)",,0.09893,0.9842,0.0
s40_on,177,d(item_6),move_to(?target=item_6),549.6,0.009893,0.001,720.0
s40_on,178,ac,move_to(?target=ac_switch_0),1189.5,0.009893,0.001,720.0
s40_on,178,coffee,"wait_at(?duration=PT60S,?entity=coffee_machine_0)",,0.09893,0.9842,0.0
s40_on,178,d(item_6),move_to(?target=item_6),549.6,0.009893,0.001,720.0
s40_on,179,ac,move_to(?target=ac_switch_0),1189.5,0.009893,0.001,720.0
s40_on,179,coffee,"wait_at(?duration=PT60S,?entity=coffee_machine_0)",,0.09893,0.9842,0.0
s40_on,179,d(item_6),move_to(?target=item_6),549.6,0.009893,0.001,720.0
s40_on,180,ac,move_to(?target=ac_switch_0),1189.5,0.009893,0.001,720.0
s40_on,180,coffee,"wait_at(?duration=PT60S,?entity=coffee_machine_0)",,0.09893,0.9842,0.0
s40_on,180,d(item_6),move_to(?target=item_6),549.6,0.009893,0.001,720.0
s40_on,181,ac,move_to(?target=ac_switch_0),1189.5,0.009893,0.001,720.0
s40_on,181,coffee,"wait_at(?duration=PT60S,?entity=coffee_machine_0)",,0.09893,0.9842,0.0
s40_on,181,d(item_6),move_to(?target=item_6),549.6,0.009893,0.001,720.0
s40_on,182,ac,move_to(?target=ac_switch_0),1189.5,0.009893,0.001,720.0
s40_on,182,coffee,"wait_at(?duration=PT60S,?entity=coffee_machine_0)",,0.09893,0.9842,0.0
s40_on,182,d(item_6),move_to(?target=item_6),549.6,0.009893,0.001,720.0
s40_on,183,ac,move_to(?target=ac_switch_0),1189.5,0.009893,0.001,720.0
s40_on,183,coffee,"wait_at(?duration=PT60S,?entity=coffee_machine_0)",,0.09893,0.9842,0.0
s40_on,183,d(item_6),move_to(?target=item_6),549.6,0.009893,0.001,720.0
s40_on,184,ac,move_to(?target=ac_switch_0),0.0,0.333333,0.3317,0.0
s40_on,184,d(item_6),move_to(?target=item_6),0.0,0.333333,0.3317,0.0
s40_on,185,ac,move_to(?target=ac_switch_0),0.0,0.333333,0.3317,0.0
s40_on,185,d(item_6),move_to(?target=item_6),0.0,0.333333,0.3317,0.0
s40_on,186,ac,move_to(?target=ac_switch_0),0.0,0.333333,0.3317,0.0
s40_on,186,d(item_6),move_to(?target=item_6),0.0,0.333333,0.3317,0.0
s40_on,187,ac,move_to(?target=ac_switch_0),9.3,0.048702,0.462,20.0
s40_on,187,d(item_6),move_to(?target=item_6),0.0,0.048702,0.4846,20.0
s40_on,188,ac,move_to(?target=ac_switch_0),19.0,0.04987,0.4492,40.0
s40_on,188,d(item_6),move_to(?target=item_6),0.0,0.04987,0.4962,40.0
s40_on,189,ac,move_to(?target=ac_switch_0),29.0,0.051127,0.4355,60.0
s40_on,189,d(item_6),move_to(?target=item_6),0.0,0.051127,0.5087,60.0
s40_on,190,ac,move_to(?target=ac_switch_0),39.3,0.052476,0.4207,80.0
s40_on,190,d(item_6),move_to(?target=item_6),0.0,0.052476,0.5221,80.0
s40_on,191,ac,move_to(?target=ac_switch_0),50.1,0.053919,0.4049,100.0
s40_on,191,d(item_6),move_to(?target=item_6),0.0,0.053919,0.5364,100.0
s40_on,192,ac,move_to(?target=ac_switch_0),61.1,0.055455,0.3882,120.0
s40_on,192,d(item_6),move_to(?target=item_6),0.0,0.055455,0.5517,120.0
s40_on,193,ac,move_to(?target=ac_switch_0),72.6,0.057083,0.3704,140.0
s40_on,193,d(item_6),move_to(?target=item_6),0.0,0.057083,0.5678,140.0
s40_on,194,ac,move_to(?target=ac_switch_0),84.5,0.058797,0.3516,160.0
s40_on,194,d(item_6),move_to(?target=item_6),0.1,0.058797,0.5849,160.0
s40_on,195,ac,move_to(?target=ac_switch_0),96.8,0.060591,0.332,180.0
s40_on,195,d(item_6),move_to(?target=item_6),0.1,0.060591,0.6027,180.0
s40_on,196,ac,move_to(?target=ac_switch_0),109.5,0.062455,0.3117,200.0
s40_on,196,d(item_6),move_to(?target=item_6),0.1,0.062455,0.6212,200.0
s40_on,197,ac,move_to(?target=ac_switch_0),122.6,0.064375,0.2907,220.0
s40_on,197,d(item_6),move_to(?target=item_6),0.1,0.064375,0.6403,220.0
s40_on,198,ac,move_to(?target=ac_switch_0),136.2,0.066335,0.2693,240.0
s40_on,198,d(item_6),move_to(?target=item_6),0.1,0.066335,0.6597,240.0
s40_on,199,ac,move_to(?target=ac_switch_0),150.2,0.068317,0.2476,260.0
s40_on,199,d(item_6),move_to(?target=item_6),0.1,0.068317,0.6794,260.0
s40_on,200,ac,move_to(?target=ac_switch_0),164.7,0.070299,0.226,280.0
s40_on,200,d(item_6),move_to(?target=item_6),0.1,0.070299,0.6991,280.0
s40_on,201,ac,move_to(?target=ac_switch_0),179.7,0.072259,0.2046,300.0
s40_on,201,d(item_6),move_to(?target=item_6),0.1,0.072259,0.7185,300.0
s40_on,202,ac,move_to(?target=ac_switch_0),195.1,0.074174,0.1837,320.0
s40_on,202,d(item_6),move_to(?target=item_6),0.1,0.074174,0.7375,320.0
s40_on,203,ac,move_to(?target=ac_switch_0),211.1,0.076022,0.1635,340.0
s40_on,203,d(item_6),move_to(?target=item_6),0.1,0.076022,0.7559,340.0
s40_on,204,ac,move_to(?target=ac_switch_0),227.5,0.077784,0.1443,360.0
s40_on,204,d(item_6),move_to(?target=item_6),0.2,0.077784,0.7733,360.0
s40_on,205,ac,move_to(?target=ac_switch_0),244.5,0.079442,0.1262,380.0
s40_on,205,d(item_6),move_to(?target=item_6),0.2,0.079442,0.7897,380.0
s40_on,206,ac,move_to(?target=ac_switch_0),244.5,0.079442,0.1262,380.0
s40_on,206,d(item_6),move_to(?target=item_6),0.2,0.079442,0.7897,380.0
s40_on,207,ac,move_to(?target=ac_switch_0),244.5,0.079442,0.1262,380.0
s40_on,207,d(item_6),move_to(?target=item_6),0.2,0.079442,0.7897,380.0
s40_on,208,ac,move_to(?target=ac_switch_0),244.5,0.079442,0.1262,380.0
s40_on,208,d(item_6),move_to(?target=item_6),0.2,0.079442,0.7897,380.0
s40_on,209,ac,move_to(?target=ac_switch_0),244.5,0.079442,0.1262,380.0
s40_on,209,d(item_6),move_to(?target=item_6),0.2,0.079442,0.7897,380.0
s40_on,210,ac,move_to(?target=ac_switch_0),283.9,0.093536,0.1028,400.0
s40_on,210,d(item_6),move_to(?target=item_6),28.5,0.093536,0.7991,400.0
s40_on,211,ac,move_to(?target=ac_switch_0),323.4,0.111483,0.0841,420.0
s40_on,211,d(item_6),move_to(?target=item_6),57.3,0.111483,0.8,420.0
s40_on,212,ac,move_to(?target=ac_switch_0),362.9,0.134426,0.0691,440.0
s40_on,212,d(item_6),move_to(?target=item_6),86.6,0.134426,0.7921,440.0
s40_on,213,ac,move_to(?target=ac_switch_0),402.5,0.163659,0.0572,460.0
s40_on,213,d(item_6),move_to(?target=item_6),116.4,0.163659,0.775,460.0
s40_on,214,ac,move_to(?target=ac_switch_0),442.1,0.20051,0.0474,480.0
s40_on,214,d(item_6),move_to(?target=item_6),146.6,0.20051,0.7481,480.0
s40_on,215,ac,move_to(?target=ac_switch_0),481.6,0.246131,0.0393,500.0
s40_on,215,d(item_6),move_to(?target=item_6),177.3,0.246131,0.7108,500.0
s40_on,216,ac,move_to(?target=ac_switch_0),521.2,0.301172,0.0325,520.0
s40_on,216,d(item_6),move_to(?target=item_6),208.5,0.301172,0.6629,520.0
s40_on,217,ac,move_to(?target=ac_switch_0),560.9,0.365388,0.0266,540.0
s40_on,217,d(item_6),move_to(?target=item_6),240.0,0.365388,0.6049,540.0
s40_on,218,ac,move_to(?target=ac_switch_0),600.5,0.437308,0.0214,560.0
s40_on,218,d(item_6),move_to(?target=item_6),271.9,0.437308,0.5385,560.0
s40_on,219,ac,move_to(?target=ac_switch_0),640.1,0.514138,0.0169,580.0
s40_on,219,d(item_6),move_to(?target=item_6),304.1,0.514138,0.4665,580.0
s40_on,220,ac,move_to(?target=ac_switch_0),679.8,0.592082,0.0131,600.0
s40_on,220,d(item_6),move_to(?target=item_6),336.7,0.592082,0.3927,600.0
s40_on,221,ac,move_to(?target=ac_switch_0),719.5,0.667035,0.01,620.0
s40_on,221,d(item_6),move_to(?target=item_6),369.7,0.667035,0.3213,620.0
s40_on,222,ac,move_to(?target=ac_switch_0),759.2,0.735424,0.0074,640.0
s40_on,222,d(item_6),move_to(?target=item_6),402.9,0.735424,0.2559,640.0
s40_on,223,ac,move_to(?target=ac_switch_0),798.9,0.794844,0.0054,660.0
s40_on,223,d(item_6),move_to(?target=item_6),436.4,0.794844,0.1988,660.0
s40_on,224,ac,move_to(?target=ac_switch_0),838.6,0.844273,0.0038,680.0
s40_on,224,d(item_6),move_to(?target=item_6),470.2,0.844273,0.1511,680.0
s40_on,225,ac,move_to(?target=ac_switch_0),878.3,0.883893,0.0027,700.0
s40_on,225,d(item_6),move_to(?target=item_6),504.3,0.883893,0.1128,700.0
s40_on,226,ac,move_to(?target=ac_switch_0),918.1,0.914696,0.0019,720.0
s40_on,226,d(item_6),move_to(?target=item_6),538.6,0.914696,0.083,720.0
s40_on,227,ac,move_to(?target=ac_switch_0),918.1,0.914696,0.0019,720.0
s40_on,227,d(item_6),move_to(?target=item_6),538.6,0.914696,0.083,720.0
s40_on,228,ac,move_to(?target=ac_switch_0),918.1,0.914696,0.0019,720.0
s40_on,228,d(item_6),move_to(?target=item_6),538.6,0.914696,0.083,720.0
s40_on,229,ac,move_to(?target=ac_switch_0),918.1,0.914696,0.0019,720.0
s40_on,229,d(item_6),move_to(?target=item_6),538.6,0.914696,0.083,720.0
s40_on,230,ac,move_to(?target=ac_switch_0),918.1,0.914696,0.0019,720.0
s40_on,230,d(item_6),move_to(?target=item_6),538.6,0.914696,0.083,720.0
s40_on,231,ac,move_to(?target=ac_switch_0),926.2,0.91483,0.0017,740.0
s40_on,231,d(item_6),move_to(?target=item_6),538.6,0.91483,0.083,740.0
s40_on,232,ac,move_to(?target=ac_switch_0),934.5,0.914957,0.0016,760.0
s40_on,232,d(item_6),move_to(?target=item_6),538.6,0.914957,0.083,760.0
s40_on,233,ac,move_to(?target=ac_switch_0),943.1,0.915078,0.0015,780.0
s40_on,233,d(item_6),move_to(?target=item_6),538.6,0.915078,0.083,780.0
s40_on,234,ac,move_to(?target=ac_switch_0),951.9,0.915191,0.0013,800.0
s40_on,234,d(item_6),move_to(?target=item_6),538.6,0.915191,0.083,800.0
s40_on,235,ac,move_to(?target=ac_switch_0),961.1,0.915298,0.0012,820.0
s40_on,235,d(item_6),move_to(?target=item_6),538.6,0.915298,0.0831,820.0
s40_on,236,ac,move_to(?target=ac_switch_0),970.4,0.915399,0.0011,840.0
s40_on,236,d(item_6),move_to(?target=item_6),538.6,0.915399,0.0831,840.0
s40_on,237,ac,move_to(?target=ac_switch_0),980.1,0.915493,0.001,860.0
s40_on,237,d(item_6),move_to(?target=item_6),538.6,0.915493,0.0831,860.0
s40_on,238,ac,move_to(?target=ac_switch_0),990.1,0.915581,0.001,880.0
s40_on,238,d(item_6),move_to(?target=item_6),538.6,0.915581,0.0831,880.0
s40_on,239,ac,move_to(?target=ac_switch_0),1000.3,0.915663,0.001,900.0
s40_on,239,d(item_6),move_to(?target=item_6),538.6,0.915663,0.0831,900.0
s40_on,240,ac,move_to(?target=ac_switch_0),1010.9,0.915739,0.001,920.0
s40_on,240,d(item_6),move_to(?target=item_6),538.6,0.915739,0.0831,920.0
s40_on,241,ac,move_to(?target=ac_switch_0),1021.8,0.91581,0.001,940.0
s40_on,241,d(item_6),move_to(?target=item_6),538.6,0.91581,0.0831,940.0
s40_on,242,ac,move_to(?target=ac_switch_0),1033.0,0.915875,0.001,960.0
s40_on,242,d(item_6),move_to(?target=item_6),538.6,0.915875,0.0831,960.0
s40_on,243,ac,move_to(?target=ac_switch_0),1044.6,0.915934,0.001,980.0
s40_on,243,d(item_6),move_to(?target=item_6),538.6,0.915934,0.0831,980.0
s40_on,244,ac,move_to(?target=ac_switch_0),1056.4,0.915989,0.001,1000.0
s40_on,244,d(item_6),move_to(?target=item_6),538.6,0.915989,0.0831,1000.0
s40_on,245,ac,move_to(?target=ac_switch_0),1068.7,0.916039,0.001,1020.0
s40_on,245,d(item_6),move_to(?target=item_6),538.6,0.916039,0.0831,1020.0
s40_on,246,ac,move_to(?target=ac_switch_0),1081.3,0.916085,0.001,1040.0
s40_on,246,d(item_6),move_to(?target=item_6),538.6,0.916085,0.0831,1040.0
s40_on,247,ac,move_to(?target=ac_switch_0),1094.3,0.916126,0.001,1060.0
s40_on,247,d(item_6),move_to(?target=item_6),538.6,0.916126,0.0831,1060.0
s40_on,248,ac,move_to(?target=ac_switch_0),1107.6,0.916163,0.001,1080.0
s40_on,248,d(item_6),move_to(?target=item_6),538.6,0.916163,0.0831,1080.0
s40_on,249,ac,move_to(?target=ac_switch_0),1121.4,0.916196,0.001,1100.0
s40_on,249,d(item_6),move_to(?target=item_6),538.6,0.916196,0.0831,1100.0
s40_on,250,ac,move_to(?target=ac_switch_0),1135.5,0.916226,0.001,1120.0
s40_on,250,d(item_6),move_to(?target=item_6),538.6,0.916226,0.0831,1120.0
s40_on,251,ac,move_to(?target=ac_switch_0),1150.0,0.916253,0.001,1140.0
s40_on,251,d(item_6),move_to(?target=item_6),538.6,0.916253,0.0831,1140.0
s40_on,252,ac,move_to(?target=ac_switch_0),1165.0,0.916276,0.001,1160.0
s40_on,252,d(item_6),move_to(?target=item_6),538.6,0.916276,0.0831,1160.0
s40_on,253,ac,move_to(?target=ac_switch_0),1180.4,0.916297,0.001,1180.0
s40_on,253,d(item_6),move_to(?target=item_6),538.6,0.916297,0.0831,1180.0
s40_on,254,ac,move_to(?target=ac_switch_0),1196.1,0.916315,0.001,1200.0
s40_on,254,d(item_6),move_to(?target=item_6),538.6,0.916315,0.0831,1200.0
s40_on,255,ac,move_to(?target=ac_switch_0),1212.4,0.916331,0.001,1220.0
s40_on,255,d(item_6),move_to(?target=item_6),538.6,0.916331,0.0831,1220.0
s40_on,256,ac,move_to(?target=ac_switch_0),1229.0,0.916345,0.001,1240.0
s40_on,256,d(item_6),move_to(?target=item_6),538.6,0.916345,0.0831,1240.0
s40_on,257,ac,move_to(?target=ac_switch_0),1246.1,0.916358,0.001,1260.0
s40_on,257,d(item_6),move_to(?target=item_6),538.6,0.916358,0.0831,1260.0
s40_on,258,ac,move_to(?target=ac_switch_0),1263.6,0.916368,0.001,1280.0
s40_on,258,d(item_6),move_to(?target=item_6),538.6,0.916368,0.0831,1280.0
s40_on,259,ac,move_to(?target=ac_switch_0),1281.6,0.916377,0.001,1300.0
s40_on,259,d(item_6),move_to(?target=item_6),538.6,0.916377,0.0831,1300.0
s40_on,260,ac,move_to(?target=ac_switch_0),1300.1,0.916385,0.001,1320.0
s40_on,260,d(item_6),move_to(?target=item_6),538.6,0.916385,0.0831,1320.0
s40_on,261,ac,move_to(?target=ac_switch_0),1318.9,0.916391,0.001,1340.0
s40_on,261,d(item_6),move_to(?target=item_6),538.6,0.916391,0.0831,1340.0
s40_on,262,ac,move_to(?target=ac_switch_0),1338.3,0.916397,0.001,1360.0
s40_on,262,d(item_6),move_to(?target=item_6),538.6,0.916397,0.0831,1360.0
s40_on,263,ac,move_to(?target=ac_switch_0),1358.1,0.916401,0.001,1380.0
s40_on,263,d(item_6),move_to(?target=item_6),538.6,0.916401,0.0831,1380.0
s40_on,264,ac,move_to(?target=ac_switch_0),1378.3,0.916405,0.001,1400.0
s40_on,264,d(item_6),move_to(?target=item_6),538.6,0.916405,0.0831,1400.0
s40_on,265,ac,move_to(?target=ac_switch_0),1399.0,0.916408,0.001,1420.0
s40_on,265,d(item_6),move_to(?target=item_6),538.6,0.916408,0.0831,1420.0
s40_on,266,ac,move_to(?target=ac_switch_0),1420.2,0.916411,0.001,1440.0
s40_on,266,d(item_6),move_to(?target=item_6),538.6,0.916411,0.0831,1440.0
s40_on,267,ac,move_to(?target=ac_switch_0),1441.8,0.916413,0.001,1460.0
s40_on,267,d(item_6),move_to(?target=item_6),538.6,0.916413,0.0831,1460.0
s40_on,268,ac,move_to(?target=ac_switch_0),1463.9,0.916415,0.001,1480.0
s40_on,268,d(item_6),move_to(?target=item_6),538.6,0.916415,0.0831,1480.0
s40_on,269,ac,move_to(?target=ac_switch_0),1486.4,0.916417,0.001,1500.0
s40_on,269,d(item_6),move_to(?target=item_6),538.6,0.916417,0.0831,1500.0
s40_on,270,ac,move_to(?target=ac_switch_0),1509.3,0.523012,0.001,1520.0
s40_on,270,d(item_6),pick_up(?item=item_6),,0.047699,0.4741,0.0
s40_on,271,ac,move_to(?target=ac_switch_0),1509.3,0.523012,0.001,1520.0
s40_on,271,d(item_6),pick_up(?item=item_6),,0.047699,0.4741,0.0
s40_on,272,ac,move_to(?target=ac_switch_0),1509.3,0.523012,0.001,1520.0
s40_on,272,d(item_6),move_to(?target=kitting_table_0),0.0,0.476985,0.4741,0.0
s40_on,273,ac,move_to(?target=ac_switch_0),1509.3,0.523012,0.001,1520.0
s40_on,273,d(item_6),move_to(?target=kitting_table_0),0.0,0.476985,0.4741,0.0
s40_on,274,ac,move_to(?target=ac_switch_0),1510.3,0.098815,0.001,1540.0
s40_on,274,d(item_6),move_to(?target=kitting_table_0),0.0,0.090118,0.8958,20.0
s40_on,275,ac,move_to(?target=ac_switch_0),1511.3,0.098815,0.001,1560.0
s40_on,275,d(item_6),move_to(?target=kitting_table_0),0.0,0.090118,0.8958,40.0
s40_on,276,ac,move_to(?target=ac_switch_0),1512.4,0.098815,0.001,1580.0
s40_on,276,d(item_6),move_to(?target=kitting_table_0),0.0,0.090118,0.8958,60.0
s40_on,277,ac,move_to(?target=ac_switch_0),1513.5,0.098815,0.001,1600.0
s40_on,277,d(item_6),move_to(?target=kitting_table_0),0.0,0.090118,0.8958,80.0
s40_on,278,ac,move_to(?target=ac_switch_0),1514.7,0.098815,0.001,1620.0
s40_on,278,d(item_6),move_to(?target=kitting_table_0),0.0,0.090118,0.8958,100.0
s40_on,279,ac,move_to(?target=ac_switch_0),1515.9,0.098815,0.001,1640.0
s40_on,279,d(item_6),move_to(?target=kitting_table_0),0.0,0.090118,0.8958,120.0
s40_on,280,ac,move_to(?target=ac_switch_0),1517.2,0.098815,0.001,1660.0
s40_on,280,d(item_6),move_to(?target=kitting_table_0),0.0,0.090118,0.8958,140.0
s40_on,281,ac,move_to(?target=ac_switch_0),1518.5,0.098815,0.001,1680.0
s40_on,281,d(item_6),move_to(?target=kitting_table_0),0.0,0.090118,0.8958,160.0
s40_on,282,ac,move_to(?target=ac_switch_0),1519.9,0.098815,0.001,1700.0
s40_on,282,d(item_6),move_to(?target=kitting_table_0),0.0,0.090118,0.8958,180.0
s40_on,283,ac,move_to(?target=ac_switch_0),1521.4,0.098815,0.001,1720.0
s40_on,283,d(item_6),move_to(?target=kitting_table_0),0.0,0.090118,0.8958,200.0
s40_on,284,ac,move_to(?target=ac_switch_0),1523.0,0.098815,0.001,1740.0
s40_on,284,d(item_6),move_to(?target=kitting_table_0),0.0,0.090118,0.8958,220.0
s40_on,285,ac,move_to(?target=ac_switch_0),1524.7,0.098815,0.001,1760.0
s40_on,285,d(item_6),move_to(?target=kitting_table_0),0.0,0.090118,0.8958,240.0
s40_on,286,ac,move_to(?target=ac_switch_0),1526.5,0.098815,0.001,1780.0
s40_on,286,d(item_6),move_to(?target=kitting_table_0),0.0,0.090118,0.8958,260.0
s40_on,287,ac,move_to(?target=ac_switch_0),1528.4,0.098815,0.001,1800.0
s40_on,287,d(item_6),move_to(?target=kitting_table_0),0.0,0.090119,0.8958,280.0
s40_on,288,ac,move_to(?target=ac_switch_0),1530.4,0.098815,0.001,1820.0
s40_on,288,d(item_6),move_to(?target=kitting_table_0),0.0,0.090119,0.8958,300.0
s40_on,289,ac,move_to(?target=ac_switch_0),1532.5,0.098815,0.001,1840.0
s40_on,289,d(item_6),move_to(?target=kitting_table_0),0.0,0.090119,0.8958,320.0
s40_on,290,ac,move_to(?target=ac_switch_0),1534.8,0.098815,0.001,1860.0
s40_on,290,d(item_6),move_to(?target=kitting_table_0),0.0,0.090119,0.8958,340.0
s40_on,291,ac,move_to(?target=ac_switch_0),1537.2,0.098815,0.001,1880.0
s40_on,291,d(item_6),move_to(?target=kitting_table_0),0.0,0.090119,0.8958,360.0
s40_on,292,ac,move_to(?target=ac_switch_0),1539.8,0.098815,0.001,1900.0
s40_on,292,d(item_6),move_to(?target=kitting_table_0),0.0,0.090119,0.8958,380.0
s40_on,293,ac,move_to(?target=ac_switch_0),1542.6,0.098815,0.001,1920.0
s40_on,293,d(item_6),move_to(?target=kitting_table_0),0.0,0.090119,0.8958,400.0
s40_on,294,ac,move_to(?target=ac_switch_0),1545.6,0.098815,0.001,1940.0
s40_on,294,d(item_6),move_to(?target=kitting_table_0),0.0,0.090119,0.8958,420.0
s40_on,295,ac,move_to(?target=ac_switch_0),1548.8,0.098815,0.001,1960.0
s40_on,295,d(item_6),move_to(?target=kitting_table_0),0.0,0.090119,0.8958,440.0
s40_on,296,ac,move_to(?target=ac_switch_0),1552.3,0.098815,0.001,1980.0
s40_on,296,d(item_6),move_to(?target=kitting_table_0),0.0,0.090119,0.8958,460.0
s40_on,297,ac,move_to(?target=ac_switch_0),1556.0,0.098815,0.001,2000.0
s40_on,297,d(item_6),move_to(?target=kitting_table_0),0.0,0.090119,0.8958,480.0
s40_on,298,ac,move_to(?target=ac_switch_0),1560.1,0.098815,0.001,2020.0
s40_on,298,d(item_6),move_to(?target=kitting_table_0),0.0,0.090119,0.8958,500.0
s40_on,299,ac,move_to(?target=ac_switch_0),1564.5,0.098815,0.001,2040.0
s40_on,299,d(item_6),move_to(?target=kitting_table_0),0.0,0.090119,0.8958,520.0
s40_on,300,ac,move_to(?target=ac_switch_0),1569.3,0.098815,0.001,2060.0
s40_on,300,d(item_6),move_to(?target=kitting_table_0),0.0,0.090119,0.8958,540.0
s40_on,301,ac,move_to(?target=ac_switch_0),1574.5,0.098815,0.001,2080.0
s40_on,301,d(item_6),move_to(?target=kitting_table_0),0.0,0.090119,0.8958,560.0
s40_on,302,ac,move_to(?target=ac_switch_0),1580.2,0.098815,0.001,2100.0
s40_on,302,d(item_6),move_to(?target=kitting_table_0),0.0,0.090119,0.8958,580.0
s40_on,303,ac,move_to(?target=ac_switch_0),1586.4,0.098815,0.001,2120.0
s40_on,303,d(item_6),move_to(?target=kitting_table_0),0.0,0.090119,0.8958,600.0
s40_on,304,ac,move_to(?target=ac_switch_0),1593.3,0.098815,0.001,2140.0
s40_on,304,d(item_6),move_to(?target=kitting_table_0),0.0,0.090119,0.8958,620.0
s40_on,305,ac,move_to(?target=ac_switch_0),1600.8,0.098815,0.001,2160.0
s40_on,305,d(item_6),move_to(?target=kitting_table_0),0.0,0.090119,0.8958,640.0
s40_on,306,ac,move_to(?target=ac_switch_0),1609.0,0.098815,0.001,2180.0
s40_on,306,d(item_6),move_to(?target=kitting_table_0),0.0,0.090119,0.8958,660.0
s40_on,307,ac,move_to(?target=ac_switch_0),1618.1,0.098815,0.001,2200.0
s40_on,307,d(item_6),move_to(?target=kitting_table_0),0.0,0.090119,0.8958,680.0
s40_on,308,ac,move_to(?target=ac_switch_0),1628.1,0.098815,0.001,2220.0
s40_on,308,d(item_6),move_to(?target=kitting_table_0),0.0,0.090119,0.8958,700.0
s40_on,309,ac,move_to(?target=ac_switch_0),1639.0,0.098815,0.001,2240.0
s40_on,309,d(item_6),move_to(?target=kitting_table_0),0.0,0.090119,0.8958,720.0
s40_on,310,ac,move_to(?target=ac_switch_0),1651.1,0.098815,0.001,2260.0
s40_on,310,d(item_6),move_to(?target=kitting_table_0),0.0,0.090119,0.8958,740.0
s40_on,311,ac,move_to(?target=ac_switch_0),1664.4,0.098815,0.001,2280.0
s40_on,311,d(item_6),move_to(?target=kitting_table_0),0.0,0.090119,0.8958,760.0
s40_on,312,ac,move_to(?target=ac_switch_0),1679.0,0.098815,0.001,2300.0
s40_on,312,d(item_6),move_to(?target=kitting_table_0),0.0,0.090119,0.8958,780.0
s40_on,313,ac,move_to(?target=ac_switch_0),1694.9,0.098815,0.001,2320.0
s40_on,313,d(item_6),move_to(?target=kitting_table_0),0.0,0.090119,0.8958,800.0
s40_on,314,ac,move_to(?target=ac_switch_0),1712.2,0.098815,0.001,2340.0
s40_on,314,d(item_6),move_to(?target=kitting_table_0),0.0,0.090119,0.8958,820.0
s40_on,315,ac,move_to(?target=ac_switch_0),1731.0,0.098815,0.001,2360.0
s40_on,315,d(item_6),move_to(?target=kitting_table_0),0.0,0.090119,0.8958,840.0
s40_on,316,ac,move_to(?target=ac_switch_0),1751.3,0.098815,0.001,2380.0
s40_on,316,d(item_6),move_to(?target=kitting_table_0),0.0,0.090119,0.8958,860.0
s40_on,317,ac,move_to(?target=ac_switch_0),1773.1,0.098815,0.001,2400.0
s40_on,317,d(item_6),move_to(?target=kitting_table_0),0.0,0.090119,0.8958,880.0
s40_on,318,ac,move_to(?target=ac_switch_0),1796.3,0.098815,0.001,2420.0
s40_on,318,d(item_6),move_to(?target=kitting_table_0),0.0,0.090119,0.8958,900.0
s40_on,319,ac,move_to(?target=ac_switch_0),1820.9,0.098815,0.001,2440.0
s40_on,319,d(item_6),move_to(?target=kitting_table_0),0.0,0.090119,0.8958,920.0
s40_on,320,ac,move_to(?target=ac_switch_0),1846.8,0.098815,0.001,2460.0
s40_on,320,d(item_6),move_to(?target=kitting_table_0),0.0,0.090119,0.8958,940.0
s40_on,321,ac,move_to(?target=ac_switch_0),1873.9,0.098815,0.001,2480.0
s40_on,321,d(item_6),move_to(?target=kitting_table_0),0.0,0.090119,0.8958,960.0
s40_on,322,ac,move_to(?target=ac_switch_0),1902.3,0.098815,0.001,2500.0
s40_on,322,d(item_6),move_to(?target=kitting_table_0),0.0,0.090119,0.8958,980.0
s40_on,323,ac,move_to(?target=ac_switch_0),1931.7,0.098815,0.001,2520.0
s40_on,323,d(item_6),move_to(?target=kitting_table_0),0.0,0.090119,0.8958,1000.0
s40_on,324,ac,move_to(?target=ac_switch_0),1962.0,0.098815,0.001,2540.0
s40_on,324,d(item_6),move_to(?target=kitting_table_0),0.0,0.090119,0.8958,1020.0
s40_on,325,ac,move_to(?target=ac_switch_0),1993.3,0.098815,0.001,2560.0
s40_on,325,d(item_6),move_to(?target=kitting_table_0),0.0,0.090119,0.8958,1040.0
s40_on,326,ac,move_to(?target=ac_switch_0),2025.3,0.098815,0.001,2580.0
s40_on,326,d(item_6),move_to(?target=kitting_table_0),0.0,0.090119,0.8958,1060.0
s40_on,327,ac,move_to(?target=ac_switch_0),2058.1,0.098815,0.001,2600.0
s40_on,327,d(item_6),move_to(?target=kitting_table_0),0.0,0.090119,0.8958,1080.0
s40_on,328,ac,move_to(?target=ac_switch_0),2091.5,0.098815,0.001,2620.0
s40_on,328,d(item_6),move_to(?target=kitting_table_0),0.0,0.090119,0.8958,1100.0
s40_on,329,ac,move_to(?target=ac_switch_0),2125.5,0.010846,0.001,2640.0
s40_on,329,d(item_6),"place(?item=item_6,?target=kitting_table_0)",,0.098915,0.9832,0.0
s40_on,330,ac,move_to(?target=ac_switch_0),2125.5,0.010846,0.001,2640.0
s40_on,330,d(item_6),"place(?item=item_6,?target=kitting_table_0)",,0.098915,0.9832,0.0
s40_on,331,ac,move_to(?target=ac_switch_0),0.0,0.5,0.497,0.0
s40_on,332,ac,move_to(?target=ac_switch_0),0.0,0.5,0.497,0.0
s40_on,333,ac,move_to(?target=ac_switch_0),0.0,0.5,0.497,0.0
s40_on,334,ac,move_to(?target=ac_switch_0),0.0,0.5,0.497,0.0
s40_on,335,ac,move_to(?target=ac_switch_0),0.0,0.5,0.497,0.0
s40_on,336,ac,move_to(?target=ac_switch_0),0.0,0.5,0.497,0.0
s40_on,337,ac,move_to(?target=ac_switch_0),0.0,0.5,0.497,0.0
s40_on,338,ac,move_to(?target=ac_switch_0),0.0,0.5,0.497,0.0
s40_on,339,ac,move_to(?target=ac_switch_0),0.0,0.5,0.497,0.0
s40_on,340,ac,move_to(?target=ac_switch_0),0.0,0.5,0.497,0.0
s40_on,341,ac,move_to(?target=ac_switch_0),0.0,0.5,0.497,0.0
s40_on,342,ac,move_to(?target=ac_switch_0),0.0,0.5,0.497,0.0
s40_on,343,ac,move_to(?target=ac_switch_0),0.0,0.5,0.497,0.0
s40_on,344,ac,move_to(?target=ac_switch_0),0.0,0.5,0.497,0.0
s40_on,345,ac,move_to(?target=ac_switch_0),0.0,0.5,0.497,0.0
s40_on,346,ac,move_to(?target=ac_switch_0),0.0,0.5,0.497,0.0
s40_on,347,ac,move_to(?target=ac_switch_0),0.0,0.5,0.497,0.0
s40_on,348,ac,move_to(?target=ac_switch_0),0.0,0.5,0.497,0.0
s40_on,349,ac,move_to(?target=ac_switch_0),0.0,0.5,0.497,0.0
s40_on,350,ac,move_to(?target=ac_switch_0),0.0,0.5,0.497,0.0
s40_on,351,ac,move_to(?target=ac_switch_0),0.0,0.5,0.497,0.0
s40_on,352,ac,move_to(?target=ac_switch_0),0.0,0.5,0.497,0.0
s40_on,353,ac,move_to(?target=ac_switch_0),0.0,0.5,0.497,0.0
s40_on,354,ac,move_to(?target=ac_switch_0),0.0,0.5,0.497,0.0
s40_on,355,ac,move_to(?target=ac_switch_0),0.0,0.5,0.497,0.0
s40_on,356,ac,move_to(?target=ac_switch_0),0.0,0.5,0.497,0.0
s40_on,357,ac,move_to(?target=ac_switch_0),0.0,0.5,0.497,0.0
s40_on,358,ac,move_to(?target=ac_switch_0),0.0,0.5,0.497,0.0
s40_on,359,ac,move_to(?target=ac_switch_0),0.0,0.5,0.497,0.0
s40_on,360,ac,move_to(?target=ac_switch_0),0.0,0.5,0.497,0.0
s40_on,361,ac,move_to(?target=ac_switch_0),0.0,0.5,0.497,0.0
s40_on,362,ac,move_to(?target=ac_switch_0),0.0,0.5,0.497,0.0
s40_on,363,ac,move_to(?target=ac_switch_0),0.0,0.5,0.497,0.0
s40_on,364,ac,move_to(?target=ac_switch_0),0.0,0.5,0.497,0.0
s40_on,365,ac,move_to(?target=ac_switch_0),0.0,0.5,0.497,0.0
s40_on,366,ac,move_to(?target=ac_switch_0),0.0,0.5,0.497,0.0
s40_on,367,ac,move_to(?target=ac_switch_0),0.0,0.5,0.497,0.0
s40_on,368,ac,move_to(?target=ac_switch_0),0.0,0.5,0.497,0.0
s40_on,369,ac,move_to(?target=ac_switch_0),0.0,0.5,0.497,0.0
s40_on,370,ac,move_to(?target=ac_switch_0),0.0,0.5,0.497,0.0
s40_on,371,ac,move_to(?target=ac_switch_0),0.0,0.5,0.497,0.0
s40_on,372,ac,move_to(?target=ac_switch_0),0.0,0.5,0.497,0.0
s40_on,373,ac,move_to(?target=ac_switch_0),0.0,0.5,0.497,0.0
s40_on,374,ac,move_to(?target=ac_switch_0),0.0,0.5,0.497,0.0
s40_on,375,ac,move_to(?target=ac_switch_0),0.0,0.5,0.497,0.0
s40_on,376,ac,move_to(?target=ac_switch_0),0.0,0.5,0.497,0.0
s40_on,377,ac,move_to(?target=ac_switch_0),0.0,0.5,0.497,0.0
s40_on,378,ac,move_to(?target=ac_switch_0),0.0,0.5,0.497,0.0
nofold/s00_off,0,d(item_2),move_to(?target=item_2),11.1,0.200222,0.1891,20.0
nofold/s00_off,0,d(item_3),move_to(?target=item_3),0.0,0.200222,0.2002,20.0
nofold/s00_off,0,d(item_4),move_to(?target=item_4),6.5,0.200222,0.1937,20.0
nofold/s00_off,0,d(item_6),move_to(?target=item_6),0.8,0.200222,0.1995,20.0
nofold/s00_off,0,d(item_7),move_to(?target=item_7),2.7,0.200222,0.1975,20.0
nofold/s00_off,1,d(item_2),move_to(?target=item_2),23.3,0.204893,0.1811,40.0
nofold/s00_off,1,d(item_3),move_to(?target=item_3),-0.0,0.204893,0.2049,40.0
nofold/s00_off,1,d(item_4),move_to(?target=item_4),13.5,0.204893,0.1911,40.0
nofold/s00_off,1,d(item_6),move_to(?target=item_6),1.6,0.204893,0.2033,40.0
nofold/s00_off,1,d(item_7),move_to(?target=item_7),5.6,0.204893,0.1991,40.0
nofold/s00_off,2,d(item_2),move_to(?target=item_2),36.8,0.21015,0.1719,60.0
nofold/s00_off,2,d(item_3),move_to(?target=item_3),0.0,0.21015,0.2102,60.0
nofold/s00_off,2,d(item_4),move_to(?target=item_4),20.9,0.21015,0.1882,60.0
nofold/s00_off,2,d(item_6),move_to(?target=item_6),2.4,0.21015,0.2076,60.0
nofold/s00_off,2,d(item_7),move_to(?target=item_7),8.7,0.21015,0.2011,60.0
nofold/s00_off,3,d(item_2),move_to(?target=item_2),51.5,0.216052,0.1616,80.0
nofold/s00_off,3,d(item_3),move_to(?target=item_3),-0.0,0.216052,0.2161,80.0
nofold/s00_off,3,d(item_4),move_to(?target=item_4),28.9,0.216052,0.185,80.0
nofold/s00_off,3,d(item_6),move_to(?target=item_6),3.3,0.216052,0.2125,80.0
nofold/s00_off,3,d(item_7),move_to(?target=item_7),11.9,0.216052,0.2033,80.0
nofold/s00_off,4,d(item_2),move_to(?target=item_2),67.6,0.222644,0.1501,100.0
nofold/s00_off,4,d(item_3),move_to(?target=item_3),0.0,0.222644,0.2226,100.0
nofold/s00_off,4,d(item_4),move_to(?target=item_4),37.5,0.222644,0.1814,100.0
nofold/s00_off,4,d(item_6),move_to(?target=item_6),4.3,0.222644,0.2179,100.0
nofold/s00_off,4,d(item_7),move_to(?target=item_7),15.2,0.222644,0.2057,100.0
nofold/s00_off,5,d(item_2),move_to(?target=item_2),85.1,0.229953,0.1376,120.0
nofold/s00_off,5,d(item_3),move_to(?target=item_3),0.0,0.229953,0.23,120.0
nofold/s00_off,5,d(item_4),move_to(?target=item_4),46.7,0.229953,0.1772,120.0
nofold/s00_off,5,d(item_6),move_to(?target=item_6),5.3,0.229953,0.2239,120.0
nofold/s00_off,5,d(item_7),move_to(?target=item_7),18.8,0.229953,0.2084,120.0
nofold/s00_off,6,d(item_2),move_to(?target=item_2),104.2,0.237984,0.1242,140.0
nofold/s00_off,6,d(item_3),move_to(?target=item_3),0.0,0.237984,0.238,140.0
nofold/s00_off,6,d(item_4),move_to(?target=item_4),56.6,0.237984,0.1724,140.0
nofold/s00_off,6,d(item_6),move_to(?target=item_6),6.3,0.237984,0.2304,140.0
nofold/s00_off,6,d(item_7),move_to(?target=item_7),22.6,0.237984,0.2112,140.0
nofold/s00_off,7,d(item_2),move_to(?target=item_2),124.7,0.247109,0.1104,160.0
nofold/s00_off,7,d(item_3),move_to(?target=item_3),0.0,0.247109,0.2471,160.0
nofold/s00_off,7,d(item_4),move_to(?target=item_4),67.2,0.247109,0.167,160.0
nofold/s00_off,7,d(item_6),move_to(?target=item_6),7.5,0.247109,0.2379,160.0
nofold/s00_off,7,d(item_7),move_to(?target=item_7),27.9,0.247109,0.2129,160.0
nofold/s00_off,8,d(item_2),move_to(?target=item_2),146.6,0.257062,0.0964,180.0
nofold/s00_off,8,d(item_3),move_to(?target=item_3),-0.0,0.257062,0.2571,180.0
nofold/s00_off,8,d(item_4),move_to(?target=item_4),78.6,0.257062,0.1609,180.0
nofold/s00_off,8,d(item_6),move_to(?target=item_6),8.7,0.257062,0.2459,180.0
nofold/s00_off,8,d(item_7),move_to(?target=item_7),33.8,0.257062,0.214,180.0
nofold/s00_off,9,d(item_2),move_to(?target=item_2),170.1,0.267879,0.0827,200.0
nofold/s00_off,9,d(item_3),move_to(?target=item_3),0.0,0.267879,0.2679,200.0
nofold/s00_off,9,d(item_4),move_to(?target=item_4),90.8,0.267879,0.1539,200.0
nofold/s00_off,9,d(item_6),move_to(?target=item_6),9.9,0.267879,0.2546,200.0
nofold/s00_off,9,d(item_7),move_to(?target=item_7),40.7,0.267879,0.2141,200.0
nofold/s00_off,10,d(item_2),move_to(?target=item_2),194.9,0.279571,0.0697,220.0
nofold/s00_off,10,d(item_3),move_to(?target=item_3),0.0,0.279571,0.2796,220.0
nofold/s00_off,10,d(item_4),move_to(?target=item_4),103.9,0.279571,0.1461,220.0
nofold/s00_off,10,d(item_6),move_to(?target=item_6),11.3,0.279571,0.2638,220.0
nofold/s00_off,10,d(item_7),move_to(?target=item_7),48.7,0.279571,0.2128,220.0
nofold/s00_off,11,d(item_2),move_to(?target=item_2),221.0,0.292172,0.0577,240.0
nofold/s00_off,11,d(item_3),move_to(?target=item_3),0.0,0.292172,0.2922,240.0
nofold/s00_off,11,d(item_4),move_to(?target=item_4),118.0,0.292172,0.1374,240.0
nofold/s00_off,11,d(item_6),move_to(?target=item_6),12.7,0.292172,0.2736,240.0
nofold/s00_off,11,d(item_7),move_to(?target=item_7),57.9,0.292172,0.2098,240.0
nofold/s00_off,12,d(item_2),move_to(?target=item_2),248.4,0.305749,0.0471,260.0
nofold/s00_off,12,d(item_3),move_to(?target=item_3),0.0,0.305749,0.3057,260.0
nofold/s00_off,12,d(item_4),move_to(?target=item_4),133.0,0.305749,0.1279,260.0
nofold/s00_off,12,d(item_6),move_to(?target=item_6),14.2,0.305749,0.284,260.0
nofold/s00_off,12,d(item_7),move_to(?target=item_7),68.7,0.305749,0.2047,260.0
nofold/s00_off,13,d(item_2),move_to(?target=item_2),277.0,0.320405,0.0378,280.0
nofold/s00_off,13,d(item_3),move_to(?target=item_3),0.0,0.320405,0.3204,280.0
nofold/s00_off,13,d(item_4),move_to(?target=item_4),149.0,0.320405,0.1179,280.0
nofold/s00_off,13,d(item_6),move_to(?target=item_6),15.9,0.320405,0.295,280.0
nofold/s00_off,13,d(item_7),move_to(?target=item_7),81.3,0.320405,0.1969,280.0
nofold/s00_off,14,d(item_2),move_to(?target=item_2),306.6,0.33626,0.03,300.0
nofold/s00_off,14,d(item_3),move_to(?target=item_3),0.0,0.33626,0.3363,300.0
nofold/s00_off,14,d(item_4),move_to(?target=item_4),166.0,0.33626,0.1074,300.0
nofold/s00_off,14,d(item_6),move_to(?target=item_6),17.7,0.33626,0.3067,300.0
nofold/s00_off,14,d(item_7),move_to(?target=item_7),96.1,0.33626,0.1861,300.0
nofold/s00_off,15,d(item_2),move_to(?target=item_2),337.1,0.353418,0.0235,320.0
nofold/s00_off,15,d(item_3),move_to(?target=item_3),-0.0,0.353418,0.3534,320.0
nofold/s00_off,15,d(item_4),move_to(?target=item_4),184.2,0.353418,0.0967,320.0
nofold/s00_off,15,d(item_6),move_to(?target=item_6),19.5,0.353418,0.319,320.0
nofold/s00_off,15,d(item_7),move_to(?target=item_7),113.4,0.353418,0.172,320.0
nofold/s00_off,16,d(item_2),move_to(?target=item_2),368.5,0.371905,0.0182,340.0
nofold/s00_off,16,d(item_3),move_to(?target=item_3),0.0,0.371905,0.3719,340.0
nofold/s00_off,16,d(item_4),move_to(?target=item_4),203.4,0.371905,0.0861,340.0
nofold/s00_off,16,d(item_6),move_to(?target=item_6),21.6,0.371905,0.3319,340.0
nofold/s00_off,16,d(item_7),move_to(?target=item_7),133.7,0.371905,0.1547,340.0
nofold/s00_off,17,d(item_2),move_to(?target=item_2),400.7,0.39158,0.014,360.0
nofold/s00_off,17,d(item_3),move_to(?target=item_3),-0.0,0.39158,0.3916,360.0
nofold/s00_off,17,d(item_4),move_to(?target=item_4),223.7,0.39158,0.0756,360.0
nofold/s00_off,17,d(item_6),move_to(?target=item_6),23.8,0.39158,0.3452,360.0
nofold/s00_off,17,d(item_7),move_to(?target=item_7),157.3,0.39158,0.1345,360.0
nofold/s00_off,18,d(item_2),move_to(?target=item_2),433.6,0.412063,0.0106,380.0
nofold/s00_off,18,d(item_3),move_to(?target=item_3),-0.0,0.412063,0.4121,380.0
nofold/s00_off,18,d(item_4),move_to(?target=item_4),245.1,0.412063,0.0654,380.0
nofold/s00_off,18,d(item_6),move_to(?target=item_6),26.2,0.412063,0.3584,380.0
nofold/s00_off,18,d(item_7),move_to(?target=item_7),184.7,0.412063,0.1123,380.0
nofold/s00_off,19,d(item_2),move_to(?target=item_2),467.2,0.432708,0.008,400.0
nofold/s00_off,19,d(item_3),move_to(?target=item_3),-0.0,0.432708,0.4327,400.0
nofold/s00_off,19,d(item_4),move_to(?target=item_4),267.5,0.432708,0.0558,400.0
nofold/s00_off,19,d(item_6),move_to(?target=item_6),28.8,0.432708,0.3708,400.0
nofold/s00_off,19,d(item_7),move_to(?target=item_7),216.1,0.432708,0.0894,400.0
nofold/s00_off,20,d(item_2),move_to(?target=item_2),501.3,0.452696,0.006,420.0
nofold/s00_off,20,d(item_3),move_to(?target=item_3),-0.0,0.452696,0.4527,420.0
nofold/s00_off,20,d(item_4),move_to(?target=item_4),291.0,0.452696,0.0468,420.0
nofold/s00_off,20,d(item_6),move_to(?target=item_6),31.6,0.452696,0.3817,420.0
nofold/s00_off,20,d(item_7),move_to(?target=item_7),251.7,0.452696,0.0676,420.0
nofold/s00_off,21,d(item_2),move_to(?target=item_2),535.9,0.471248,0.0044,440.0
nofold/s00_off,21,d(item_3),move_to(?target=item_3),-0.0,0.471248,0.4712,440.0
nofold/s00_off,21,d(item_4),move_to(?target=item_4),315.6,0.471248,0.0385,440.0
nofold/s00_off,21,d(item_6),move_to(?target=item_6),34.7,0.471248,0.3902,440.0
nofold/s00_off,21,d(item_7),move_to(?target=item_7),291.5,0.471248,0.0485,440.0
nofold/s00_off,22,d(item_2),move_to(?target=item_2),570.9,0.487856,0.0032,460.0
nofold/s00_off,22,d(item_3),move_to(?target=item_3),-0.0,0.487856,0.4879,460.0
nofold/s00_off,22,d(item_4),move_to(?target=item_4),341.1,0.487856,0.0312,460.0
nofold/s00_off,22,d(item_6),move_to(?target=item_6),38.1,0.487856,0.396,460.0
nofold/s00_off,22,d(item_7),move_to(?target=item_7),335.3,0.487856,0.033,460.0
nofold/s00_off,23,d(item_2),move_to(?target=item_2),606.4,0.502415,0.0023,480.0
nofold/s00_off,23,d(item_3),move_to(?target=item_3),-0.0,0.502415,0.5024,480.0
nofold/s00_off,23,d(item_4),move_to(?target=item_4),367.6,0.502415,0.0248,480.0
nofold/s00_off,23,d(item_6),move_to(?target=item_6),41.8,0.502415,0.3988,480.0
nofold/s00_off,23,d(item_7),move_to(?target=item_7),382.9,0.502415,0.0214,480.0
nofold/s00_off,24,d(item_2),move_to(?target=item_2),642.2,0.515183,0.0017,500.0
nofold/s00_off,24,d(item_3),move_to(?target=item_3),-0.0,0.515183,0.5152,500.0
nofold/s00_off,24,d(item_4),move_to(?target=item_4),395.0,0.515183,0.0195,500.0
nofold/s00_off,24,d(item_6),move_to(?target=item_6),45.9,0.515183,0.3989,500.0
nofold/s00_off,24,d(item_7),move_to(?target=item_7),433.7,0.515183,0.0133,500.0
nofold/s00_off,25,d(item_2),move_to(?target=item_2),678.3,0.526644,0.0012,520.0
nofold/s00_off,25,d(item_3),move_to(?target=item_3),-0.0,0.526644,0.5266,520.0
nofold/s00_off,25,d(item_4),move_to(?target=item_4),423.3,0.526644,0.0151,520.0
nofold/s00_off,25,d(item_6),move_to(?target=item_6),50.5,0.526644,0.3964,520.0
nofold/s00_off,25,d(item_7),move_to(?target=item_7),487.4,0.526644,0.008,520.0
nofold/s00_off,26,d(item_2),move_to(?target=item_2),714.8,0.53735,0.001,540.0
nofold/s00_off,26,d(item_3),move_to(?target=item_3),0.0,0.53735,0.5373,540.0
nofold/s00_off,26,d(item_4),move_to(?target=item_4),452.3,0.53735,0.0115,540.0
nofold/s00_off,26,d(item_6),move_to(?target=item_6),55.5,0.53735,0.3918,540.0
nofold/s00_off,26,d(item_7),move_to(?target=item_7),543.6,0.53735,0.0047,540.0
nofold/s00_off,27,d(item_2),move_to(?target=item_2),751.5,0.547828,0.001,560.0
nofold/s00_off,27,d(item_3),move_to(?target=item_3),-0.0,0.547828,0.5476,560.0
nofold/s00_off,27,d(item_4),move_to(?target=item_4),482.1,0.547828,0.0088,560.0
nofold/s00_off,27,d(item_6),move_to(?target=item_6),61.1,0.547828,0.3852,560.0
nofold/s00_off,27,d(item_7),move_to(?target=item_7),601.6,0.547828,0.0027,560.0
nofold/s00_off,28,d(item_2),move_to(?target=item_2),788.4,0.558541,0.001,580.0
nofold/s00_off,28,d(item_3),move_to(?target=item_3),0.0,0.558541,0.5582,580.0
nofold/s00_off,28,d(item_4),move_to(?target=item_4),512.6,0.558541,0.0066,580.0
nofold/s00_off,28,d(item_6),move_to(?target=item_6),67.4,0.558541,0.3769,580.0
nofold/s00_off,28,d(item_7),move_to(?target=item_7),661.2,0.558541,0.0015,580.0
nofold/s00_off,29,d(item_2),move_to(?target=item_2),825.5,0.569881,0.001,600.0
nofold/s00_off,29,d(item_3),move_to(?target=item_3),0.0,0.569881,0.5694,600.0
nofold/s00_off,29,d(item_4),move_to(?target=item_4),543.7,0.569881,0.0049,600.0
nofold/s00_off,29,d(item_6),move_to(?target=item_6),74.4,0.569881,0.3667,600.0
nofold/s00_off,29,d(item_7),move_to(?target=item_7),722.0,0.569881,0.001,600.0
nofold/s00_off,30,d(item_2),move_to(?target=item_2),862.9,0.582106,0.001,620.0
nofold/s00_off,30,d(item_3),move_to(?target=item_3),0.0,0.582106,0.5814,620.0
nofold/s00_off,30,d(item_4),move_to(?target=item_4),575.5,0.582106,0.0037,620.0
nofold/s00_off,30,d(item_6),move_to(?target=item_6),82.3,0.582106,0.3548,620.0
nofold/s00_off,30,d(item_7),move_to(?target=item_7),757.4,0.582106,0.001,620.0
nofold/s00_off,31,d(item_2),move_to(?target=item_2),900.4,0.595902,0.001,640.0
nofold/s00_off,31,d(item_3),move_to(?target=item_3),0.0,0.595902,0.5948,640.0
nofold/s00_off,31,d(item_4),move_to(?target=item_4),607.8,0.595902,0.0027,640.0
nofold/s00_off,31,d(item_6),move_to(?target=item_6),91.2,0.595902,0.341,640.0
nofold/s00_off,32,d(item_2),move_to(?target=item_2),938.1,0.610914,0.001,660.0
nofold/s00_off,32,d(item_3),move_to(?target=item_3),0.0,0.610914,0.6098,660.0
nofold/s00_off,32,d(item_4),move_to(?target=item_4),640.6,0.610914,0.002,660.0
nofold/s00_off,32,d(item_6),move_to(?target=item_6),101.1,0.610914,0.3253,660.0
nofold/s00_off,33,d(item_2),move_to(?target=item_2),975.9,0.62767,0.001,680.0
nofold/s00_off,33,d(item_3),move_to(?target=item_3),0.0,0.62767,0.6265,680.0
nofold/s00_off,33,d(item_4),move_to(?target=item_4),673.9,0.62767,0.0015,680.0
nofold/s00_off,33,d(item_6),move_to(?target=item_6),112.4,0.62767,0.3074,680.0
nofold/s00_off,34,d(item_2),move_to(?target=item_2),1013.8,0.646287,0.001,700.0
nofold/s00_off,34,d(item_3),move_to(?target=item_3),0.0,0.646287,0.645,700.0
nofold/s00_off,34,d(item_4),move_to(?target=item_4),707.6,0.646287,0.0011,700.0
nofold/s00_off,34,d(item_6),move_to(?target=item_6),125.0,0.646287,0.2874,700.0
nofold/s00_off,35,d(item_2),move_to(?target=item_2),1051.9,0.666774,0.001,720.0
nofold/s00_off,35,d(item_3),move_to(?target=item_3),0.0,0.666774,0.6653,720.0
nofold/s00_off,35,d(item_4),move_to(?target=item_4),741.8,0.666774,0.001,720.0
nofold/s00_off,35,d(item_6),move_to(?target=item_6),139.1,0.666774,0.2651,720.0
nofold/s00_off,36,d(item_2),move_to(?target=item_2),1090.1,0.688989,0.001,740.0
nofold/s00_off,36,d(item_3),move_to(?target=item_3),0.0,0.688989,0.6873,740.0
nofold/s00_off,36,d(item_4),move_to(?target=item_4),776.3,0.688989,0.001,740.0
nofold/s00_off,36,d(item_6),move_to(?target=item_6),154.9,0.688989,0.2409,740.0
nofold/s00_off,37,d(item_2),move_to(?target=item_2),1128.4,0.712597,0.001,760.0
nofold/s00_off,37,d(item_3),move_to(?target=item_3),0.0,0.712597,0.7108,760.0
nofold/s00_off,37,d(item_4),move_to(?target=item_4),811.1,0.712597,0.001,760.0
nofold/s00_off,37,d(item_6),move_to(?target=item_6),172.4,0.712597,0.2151,760.0
nofold/s00_off,38,d(item_2),move_to(?target=item_2),1166.8,0.737055,0.001,780.0
nofold/s00_off,38,d(item_3),move_to(?target=item_3),0.0,0.737055,0.7351,780.0
nofold/s00_off,38,d(item_4),move_to(?target=item_4),846.3,0.737055,0.001,780.0
nofold/s00_off,38,d(item_6),move_to(?target=item_6),191.7,0.737055,0.1884,780.0
nofold/s00_off,39,d(item_2),move_to(?target=item_2),1205.3,0.761638,0.001,800.0
nofold/s00_off,39,d(item_3),pick_up(?item=item_3),,0.761638,0.7595,0.0
nofold/s00_off,39,d(item_4),move_to(?target=item_4),881.7,0.761638,0.001,800.0
nofold/s00_off,39,d(item_6),move_to(?target=item_6),212.9,0.761638,0.1615,800.0
nofold/s00_off,40,d(item_2),move_to(?target=item_2),1205.3,0.761638,0.001,800.0
nofold/s00_off,40,d(item_3),pick_up(?item=item_3),,0.761638,0.7595,0.0
nofold/s00_off,40,d(item_4),move_to(?target=item_4),881.7,0.761638,0.001,800.0
nofold/s00_off,40,d(item_6),move_to(?target=item_6),212.9,0.761638,0.1615,800.0
nofold/s00_off,41,d(item_2),"place(?item=item_3,?target=shelf_3)",,9e-06,0.001,0.0
nofold/s00_off,41,d(item_3),move_to(?target=kitting_table_0),0.0,0.761638,0.7595,0.0
nofold/s00_off,41,d(item_4),"place(?item=item_3,?target=shelf_3)",,0.000226,0.001,0.0
nofold/s00_off,41,d(item_6),"place(?item=item_3,?target=shelf_3)",,0.161963,0.1615,0.0
nofold/s00_off,42,d(item_2),"place(?item=item_3,?target=shelf_3)",,9e-06,0.001,0.0
nofold/s00_off,42,d(item_3),move_to(?target=kitting_table_0),0.0,0.761638,0.7595,0.0
nofold/s00_off,42,d(item_4),"place(?item=item_3,?target=shelf_3)",,0.000226,0.001,0.0
nofold/s00_off,42,d(item_6),"place(?item=item_3,?target=shelf_3)",,0.161963,0.1615,0.0
nofold/s00_off,43,d(item_2),move_to(?target=shelf_3),0.0,9e-06,0.001,0.0
nofold/s00_off,43,d(item_3),move_to(?target=kitting_table_0),0.0,0.761638,0.7595,20.0
nofold/s00_off,43,d(item_4),move_to(?target=shelf_3),0.0,0.000226,0.001,0.0
nofold/s00_off,43,d(item_6),move_to(?target=shelf_3),0.0,0.161963,0.1615,0.0
nofold/s00_off,44,d(item_2),move_to(?target=shelf_3),39.6,9e-06,0.001,20.0
nofold/s00_off,44,d(item_3),move_to(?target=kitting_table_0),0.0,0.78657,0.7844,40.0
nofold/s00_off,44,d(item_4),move_to(?target=shelf_3),39.6,0.000233,0.001,20.0
nofold/s00_off,44,d(item_6),move_to(?target=shelf_3),39.6,0.167265,0.1342,20.0
nofold/s00_off,45,d(item_2),move_to(?target=shelf_3),79.4,9e-06,0.001,40.0
nofold/s00_off,45,d(item_3),move_to(?target=kitting_table_0),0.0,0.811294,0.809,60.0
nofold/s00_off,45,d(item_4),move_to(?target=shelf_3),79.4,0.00024,0.001,40.0
nofold/s00_off,45,d(item_6),move_to(?target=shelf_3),79.4,0.172523,0.1071,40.0
nofold/s00_off,46,d(item_2),move_to(?target=shelf_3),119.3,1e-05,0.001,60.0
nofold/s00_off,46,d(item_3),move_to(?target=kitting_table_0),0.0,0.83393,0.8315,80.0
nofold/s00_off,46,d(item_4),move_to(?target=shelf_3),119.3,0.000247,0.001,60.0
nofold/s00_off,46,d(item_6),move_to(?target=shelf_3),119.3,0.177336,0.0823,60.0
nofold/s00_off,47,d(item_2),move_to(?target=shelf_3),159.2,1e-05,0.001,80.0
nofold/s00_off,47,d(item_3),move_to(?target=kitting_table_0),0.0,0.853223,0.8507,100.0
nofold/s00_off,47,d(item_4),move_to(?target=shelf_3),159.2,0.000253,0.001,80.0
nofold/s00_off,47,d(item_6),move_to(?target=shelf_3),159.2,0.181439,0.0612,80.0
nofold/s00_off,48,d(item_2),move_to(?target=shelf_3),199.1,1e-05,0.001,100.0
nofold/s00_off,48,d(item_3),move_to(?target=kitting_table_0),-0.0,0.868691,0.8661,120.0
nofold/s00_off,48,d(item_4),move_to(?target=shelf_3),199.1,0.000257,0.001,100.0
nofold/s00_off,48,d(item_6),move_to(?target=shelf_3),199.1,0.184728,0.0442,100.0
nofold/s00_off,49,d(item_2),move_to(?target=shelf_3),239.1,1e-05,0.001,120.0
nofold/s00_off,49,d(item_3),move_to(?target=kitting_table_0),0.0,0.880499,0.8779,140.0
nofold/s00_off,49,d(item_4),move_to(?target=shelf_3),239.1,0.000261,0.001,120.0
nofold/s00_off,49,d(item_6),move_to(?target=shelf_3),239.1,0.187239,0.0313,120.0
nofold/s00_off,50,d(item_2),move_to(?target=shelf_3),279.1,1e-05,0.001,140.0
nofold/s00_off,50,d(item_3),move_to(?target=kitting_table_0),0.0,0.88918,0.8865,160.0
nofold/s00_off,50,d(item_4),move_to(?target=shelf_3),279.1,0.000263,0.001,140.0
nofold/s00_off,50,d(item_6),move_to(?target=shelf_3),279.1,0.189085,0.0218,140.0
nofold/s00_off,51,d(item_2),move_to(?target=shelf_3),319.0,1e-05,0.001,160.0
nofold/s00_off,51,d(item_3),move_to(?target=kitting_table_0),0.0,0.895386,0.8927,180.0
nofold/s00_off,51,d(item_4),move_to(?target=shelf_3),319.0,0.000265,0.001,160.0
nofold/s00_off,51,d(item_6),move_to(?target=shelf_3),319.0,0.190405,0.015,160.0
nofold/s00_off,52,d(item_2),move_to(?target=shelf_3),359.0,1e-05,0.001,180.0
nofold/s00_off,52,d(item_3),move_to(?target=kitting_table_0),0.0,0.899736,0.8971,200.0
nofold/s00_off,52,d(item_4),move_to(?target=shelf_3),359.0,0.000267,0.001,180.0
nofold/s00_off,52,d(item_6),move_to(?target=shelf_3),359.0,0.19133,0.0102,180.0
nofold/s00_off,53,d(item_2),move_to(?target=shelf_3),399.0,1.1e-05,0.001,200.0
nofold/s00_off,53,d(item_3),move_to(?target=kitting_table_0),0.0,0.902742,0.9,220.0
nofold/s00_off,53,d(item_4),move_to(?target=shelf_3),399.0,0.000267,0.001,200.0
nofold/s00_off,53,d(item_6),move_to(?target=shelf_3),399.0,0.191969,0.007,200.0
nofold/s00_off,54,d(item_2),move_to(?target=shelf_3),439.0,1.1e-05,0.001,220.0
nofold/s00_off,54,d(item_3),move_to(?target=kitting_table_0),0.0,0.904799,0.9021,240.0
nofold/s00_off,54,d(item_4),move_to(?target=shelf_3),439.0,0.000268,0.001,220.0
nofold/s00_off,54,d(item_6),move_to(?target=shelf_3),439.0,0.192407,0.0047,220.0
nofold/s00_off,55,d(item_2),move_to(?target=shelf_3),479.0,1.1e-05,0.001,240.0
nofold/s00_off,55,d(item_3),move_to(?target=kitting_table_0),0.0,0.906197,0.9035,260.0
nofold/s00_off,55,d(item_4),move_to(?target=shelf_3),479.0,0.000268,0.001,240.0
nofold/s00_off,55,d(item_6),move_to(?target=shelf_3),479.0,0.192704,0.0032,240.0
nofold/s00_off,56,d(item_2),move_to(?target=shelf_3),519.0,1.1e-05,0.001,260.0
nofold/s00_off,56,d(item_3),move_to(?target=kitting_table_0),0.0,0.907144,0.9044,280.0
nofold/s00_off,56,d(item_4),move_to(?target=shelf_3),519.0,0.000269,0.001,260.0
nofold/s00_off,56,d(item_6),move_to(?target=shelf_3),519.0,0.192905,0.0021,260.0
nofold/s00_off,57,d(item_2),move_to(?target=shelf_3),559.0,1.1e-05,0.001,280.0
nofold/s00_off,57,d(item_3),move_to(?target=kitting_table_0),0.0,0.907782,0.9051,300.0
nofold/s00_off,57,d(item_4),move_to(?target=shelf_3),559.0,0.000269,0.001,280.0
nofold/s00_off,57,d(item_6),move_to(?target=shelf_3),559.0,0.193041,0.0014,280.0
nofold/s00_off,58,d(item_2),move_to(?target=shelf_3),598.9,1.1e-05,0.001,300.0
nofold/s00_off,58,d(item_3),move_to(?target=kitting_table_0),0.0,0.908212,0.9055,320.0
nofold/s00_off,58,d(item_4),move_to(?target=shelf_3),598.9,0.000269,0.001,300.0
nofold/s00_off,58,d(item_6),move_to(?target=shelf_3),598.9,0.193132,0.001,300.0
nofold/s00_off,59,d(item_2),move_to(?target=shelf_3),638.9,1.1e-05,0.001,320.0
nofold/s00_off,59,d(item_3),move_to(?target=kitting_table_0),0.0,0.908501,0.9055,340.0
nofold/s00_off,59,d(item_4),move_to(?target=shelf_3),638.9,0.000269,0.001,320.0
nofold/s00_off,59,d(item_6),move_to(?target=shelf_3),638.9,0.193194,0.001,320.0
nofold/s00_off,60,d(item_2),move_to(?target=shelf_3),678.9,1.1e-05,0.001,340.0
nofold/s00_off,60,d(item_3),move_to(?target=kitting_table_0),0.0,0.908695,0.9055,360.0
nofold/s00_off,60,d(item_4),move_to(?target=shelf_3),678.9,0.000269,0.001,340.0
nofold/s00_off,60,d(item_6),move_to(?target=shelf_3),678.9,0.193235,0.001,340.0
nofold/s00_off,61,d(item_2),move_to(?target=shelf_3),718.9,1.1e-05,0.001,360.0
nofold/s00_off,61,d(item_3),move_to(?target=kitting_table_0),0.0,0.908826,0.9055,380.0
nofold/s00_off,61,d(item_4),move_to(?target=shelf_3),718.9,0.000269,0.001,360.0
nofold/s00_off,61,d(item_6),move_to(?target=shelf_3),718.9,0.193263,0.001,360.0
nofold/s00_off,62,d(item_2),move_to(?target=shelf_3),758.9,1.1e-05,0.001,380.0
nofold/s00_off,62,d(item_3),move_to(?target=kitting_table_0),0.0,0.908913,0.9055,400.0
nofold/s00_off,62,d(item_4),move_to(?target=shelf_3),758.9,0.000269,0.001,380.0
nofold/s00_off,62,d(item_6),move_to(?target=shelf_3),758.9,0.193282,0.001,380.0
nofold/s00_off,63,d(item_2),move_to(?target=shelf_3),798.9,1.1e-05,0.001,400.0
nofold/s00_off,63,d(item_3),move_to(?target=kitting_table_0),0.0,0.908972,0.9055,420.0
nofold/s00_off,63,d(item_4),move_to(?target=shelf_3),798.9,0.000269,0.001,400.0
nofold/s00_off,63,d(item_6),move_to(?target=shelf_3),798.9,0.193294,0.001,400.0
nofold/s00_off,64,d(item_2),move_to(?target=shelf_3),838.9,1.1e-05,0.001,420.0
nofold/s00_off,64,d(item_3),move_to(?target=kitting_table_0),0.0,0.909011,0.9055,440.0
nofold/s00_off,64,d(item_4),move_to(?target=shelf_3),838.9,0.000269,0.001,420.0
nofold/s00_off,64,d(item_6),move_to(?target=shelf_3),838.9,0.193302,0.001,420.0
nofold/s00_off,65,d(item_2),move_to(?target=shelf_3),878.9,1.1e-05,0.001,440.0
nofold/s00_off,65,d(item_3),move_to(?target=kitting_table_0),0.0,0.909037,0.9055,460.0
nofold/s00_off,65,d(item_4),move_to(?target=shelf_3),878.9,0.000269,0.001,440.0
nofold/s00_off,65,d(item_6),move_to(?target=shelf_3),878.9,0.193308,0.001,440.0
nofold/s00_off,66,d(item_2),move_to(?target=shelf_3),918.9,1.1e-05,0.001,460.0
nofold/s00_off,66,d(item_3),move_to(?target=kitting_table_0),0.0,0.909055,0.9055,480.0
nofold/s00_off,66,d(item_4),move_to(?target=shelf_3),918.9,0.000269,0.001,460.0
nofold/s00_off,66,d(item_6),move_to(?target=shelf_3),918.9,0.193312,0.001,460.0
nofold/s00_off,67,d(item_2),move_to(?target=shelf_3),958.9,1.1e-05,0.001,480.0
nofold/s00_off,67,d(item_3),move_to(?target=kitting_table_0),0.0,0.909067,0.9055,500.0
nofold/s00_off,67,d(item_4),move_to(?target=shelf_3),958.9,0.000269,0.001,480.0
nofold/s00_off,67,d(item_6),move_to(?target=shelf_3),958.9,0.193314,0.001,480.0
nofold/s00_off,68,d(item_2),move_to(?target=shelf_3),998.9,1.1e-05,0.001,500.0
nofold/s00_off,68,d(item_3),move_to(?target=kitting_table_0),0.0,0.909075,0.9055,520.0
nofold/s00_off,68,d(item_4),move_to(?target=shelf_3),998.9,0.000269,0.001,500.0
nofold/s00_off,68,d(item_6),move_to(?target=shelf_3),998.9,0.193316,0.001,500.0
nofold/s00_off,69,d(item_2),move_to(?target=shelf_3),1038.9,1.1e-05,0.001,520.0
nofold/s00_off,69,d(item_3),move_to(?target=kitting_table_0),0.0,0.90908,0.9055,540.0
nofold/s00_off,69,d(item_4),move_to(?target=shelf_3),1038.9,0.000269,0.001,520.0
nofold/s00_off,69,d(item_6),move_to(?target=shelf_3),1038.9,0.193317,0.001,520.0
nofold/s00_off,70,d(item_2),move_to(?target=shelf_3),1078.9,1.1e-05,0.001,540.0
nofold/s00_off,70,d(item_3),move_to(?target=kitting_table_0),0.0,0.909084,0.9055,560.0
nofold/s00_off,70,d(item_4),move_to(?target=shelf_3),1078.9,0.000269,0.001,540.0
nofold/s00_off,70,d(item_6),move_to(?target=shelf_3),1078.9,0.193318,0.001,540.0
nofold/s00_off,71,d(item_2),move_to(?target=shelf_3),1118.9,1.1e-05,0.001,560.0
nofold/s00_off,71,d(item_3),move_to(?target=kitting_table_0),0.0,0.909086,0.9055,580.0
nofold/s00_off,71,d(item_4),move_to(?target=shelf_3),1118.9,0.000269,0.001,560.0
nofold/s00_off,71,d(item_6),move_to(?target=shelf_3),1118.9,0.193318,0.001,560.0
nofold/s00_off,72,d(item_2),move_to(?target=shelf_3),1158.9,1.1e-05,0.001,580.0
nofold/s00_off,72,d(item_3),move_to(?target=kitting_table_0),0.0,0.909088,0.9055,600.0
nofold/s00_off,72,d(item_4),move_to(?target=shelf_3),1158.9,0.000269,0.001,580.0
nofold/s00_off,72,d(item_6),move_to(?target=shelf_3),1158.9,0.193319,0.001,580.0
nofold/s00_off,73,d(item_2),move_to(?target=shelf_3),1198.9,1.1e-05,0.001,600.0
nofold/s00_off,73,d(item_3),move_to(?target=kitting_table_0),0.0,0.909089,0.9055,620.0
nofold/s00_off,73,d(item_4),move_to(?target=shelf_3),1198.9,0.000269,0.001,600.0
nofold/s00_off,73,d(item_6),move_to(?target=shelf_3),1198.9,0.193319,0.001,600.0
nofold/s00_off,74,d(item_2),move_to(?target=shelf_3),1238.9,1.1e-05,0.001,620.0
nofold/s00_off,74,d(item_3),move_to(?target=kitting_table_0),0.0,0.909089,0.9055,640.0
nofold/s00_off,74,d(item_4),move_to(?target=shelf_3),1238.9,0.000269,0.001,620.0
nofold/s00_off,74,d(item_6),move_to(?target=shelf_3),1238.9,0.193319,0.001,620.0
nofold/s00_off,75,d(item_2),move_to(?target=shelf_3),1278.9,1.1e-05,0.001,640.0
nofold/s00_off,75,d(item_3),move_to(?target=kitting_table_0),0.0,0.90909,0.9055,660.0
nofold/s00_off,75,d(item_4),move_to(?target=shelf_3),1278.9,0.000269,0.001,640.0
nofold/s00_off,75,d(item_6),move_to(?target=shelf_3),1278.9,0.193319,0.001,640.0
nofold/s00_off,76,d(item_2),move_to(?target=shelf_3),1318.9,1.1e-05,0.001,660.0
nofold/s00_off,76,d(item_3),"place(?item=item_3,?target=kitting_table_0)",,0.90909,0.9055,0.0
nofold/s00_off,76,d(item_4),move_to(?target=shelf_3),1318.9,0.000269,0.001,660.0
nofold/s00_off,76,d(item_6),move_to(?target=shelf_3),1318.9,0.193319,0.001,660.0
nofold/s00_off,77,d(item_2),move_to(?target=shelf_3),1318.9,1.1e-05,0.001,660.0
nofold/s00_off,77,d(item_3),"place(?item=item_3,?target=kitting_table_0)",,0.90909,0.9055,0.0
nofold/s00_off,77,d(item_4),move_to(?target=shelf_3),1318.9,0.000269,0.001,660.0
nofold/s00_off,77,d(item_6),move_to(?target=shelf_3),1318.9,0.193319,0.001,660.0
nofold/s00_off,78,d(item_2),move_to(?target=item_2),0.0,0.25,0.2495,0.0
nofold/s00_off,78,d(item_4),move_to(?target=item_4),0.0,0.25,0.2495,0.0
nofold/s00_off,78,d(item_6),move_to(?target=item_6),0.0,0.25,0.2495,0.0
nofold/s00_off,79,d(item_2),move_to(?target=item_2),0.0,0.25,0.2495,0.0
nofold/s00_off,79,d(item_4),move_to(?target=item_4),0.0,0.25,0.2495,0.0
nofold/s00_off,79,d(item_6),move_to(?target=item_6),0.0,0.25,0.2495,0.0
nofold/s00_off,80,d(item_2),move_to(?target=item_2),0.0,0.25,0.2495,0.0
nofold/s00_off,80,d(item_4),move_to(?target=item_4),0.0,0.25,0.2495,0.0
nofold/s00_off,80,d(item_6),move_to(?target=item_6),0.0,0.25,0.2495,0.0
nofold/s00_off,81,d(item_2),move_to(?target=item_2),0.0,0.333674,0.333,20.0
nofold/s00_off,81,d(item_4),move_to(?target=item_4),0.9,0.333674,0.3314,20.0
nofold/s00_off,81,d(item_6),move_to(?target=item_6),19.7,0.333674,0.3002,20.0
nofold/s00_off,82,d(item_2),move_to(?target=item_2),0.0,0.346802,0.3461,40.0
nofold/s00_off,82,d(item_4),move_to(?target=item_4),1.9,0.346802,0.3428,40.0
nofold/s00_off,82,d(item_6),move_to(?target=item_6),42.0,0.346802,0.2745,40.0
nofold/s00_off,83,d(item_2),move_to(?target=item_2),0.0,0.36234,0.3616,60.0
nofold/s00_off,83,d(item_4),move_to(?target=item_4),3.0,0.36234,0.3562,60.0
nofold/s00_off,83,d(item_6),move_to(?target=item_6),67.5,0.36234,0.244,60.0
nofold/s00_off,84,d(item_2),move_to(?target=item_2),0.0,0.380448,0.3797,80.0
nofold/s00_off,84,d(item_4),move_to(?target=item_4),4.1,0.380448,0.3719,80.0
nofold/s00_off,84,d(item_6),move_to(?target=item_6),97.2,0.380448,0.2084,80.0
nofold/s00_off,85,d(item_2),move_to(?target=item_2),0.0,0.400712,0.3999,100.0
nofold/s00_off,85,d(item_4),move_to(?target=item_4),5.3,0.400712,0.3894,100.0
nofold/s00_off,85,d(item_6),move_to(?target=item_6),131.9,0.400712,0.1687,100.0
nofold/s00_off,86,d(item_2),move_to(?target=item_2),0.0,0.42181,0.421,120.0
nofold/s00_off,86,d(item_4),move_to(?target=item_4),6.5,0.42181,0.4072,120.0
nofold/s00_off,86,d(item_6),move_to(?target=item_6),172.1,0.42181,0.1277,120.0
nofold/s00_off,87,d(item_2),move_to(?target=item_2),0.0,0.441691,0.4408,140.0
nofold/s00_off,87,d(item_4),move_to(?target=item_4),7.9,0.441691,0.4234,140.0
nofold/s00_off,87,d(item_6),move_to(?target=item_6),217.8,0.441691,0.0897,140.0
nofold/s00_off,88,d(item_2),move_to(?target=item_2),0.0,0.458468,0.4576,160.0
nofold/s00_off,88,d(item_4),move_to(?target=item_4),9.3,0.458468,0.4362,160.0
nofold/s00_off,88,d(item_6),move_to(?target=item_6),268.4,0.458468,0.0585,160.0
nofold/s00_off,89,d(item_2),move_to(?target=item_2),-0.0,0.471323,0.4704,180.0
nofold/s00_off,89,d(item_4),move_to(?target=item_4),10.9,0.471323,0.4448,180.0
nofold/s00_off,89,d(item_6),move_to(?target=item_6),323.1,0.471323,0.0358,180.0
nofold/s00_off,90,d(item_2),move_to(?target=item_2),0.0,0.480586,0.4796,200.0
nofold/s00_off,90,d(item_4),move_to(?target=item_4),12.5,0.480586,0.4496,200.0
nofold/s00_off,90,d(item_6),move_to(?target=item_6),380.8,0.480586,0.0208,200.0
nofold/s00_off,91,d(item_2),move_to(?target=item_2),-0.0,0.487089,0.4861,220.0
nofold/s00_off,91,d(item_4),move_to(?target=item_4),14.3,0.487089,0.4513,220.0
nofold/s00_off,91,d(item_6),move_to(?target=item_6),438.8,0.487089,0.0119,220.0
nofold/s00_off,92,d(item_2),move_to(?target=item_2),0.0,0.49131,0.4903,240.0
nofold/s00_off,92,d(item_4),move_to(?target=item_4),16.3,0.49131,0.4505,240.0
nofold/s00_off,92,d(item_6),move_to(?target=item_6),478.8,0.49131,0.0081,240.0
nofold/s00_off,93,d(item_2),move_to(?target=item_2),0.0,0.497892,0.4964,260.0
nofold/s00_off,93,d(item_4),move_to(?target=item_4),18.4,0.497892,0.451,260.0
nofold/s00_off,94,d(item_2),move_to(?target=item_2),0.0,0.500696,0.4992,280.0
nofold/s00_off,94,d(item_4),move_to(?target=item_4),20.6,0.500696,0.4479,280.0
nofold/s00_off,95,d(item_2),move_to(?target=item_2),0.0,0.503775,0.5023,300.0
nofold/s00_off,95,d(item_4),move_to(?target=item_4),23.1,0.503775,0.4445,300.0
nofold/s00_off,96,d(item_2),move_to(?target=item_2),0.0,0.507171,0.5056,320.0
nofold/s00_off,96,d(item_4),move_to(?target=item_4),25.8,0.507171,0.4408,320.0
nofold/s00_off,97,d(item_2),move_to(?target=item_2),0.0,0.510928,0.5094,340.0
nofold/s00_off,97,d(item_4),move_to(?target=item_4),28.8,0.510928,0.4367,340.0
nofold/s00_off,98,d(item_2),move_to(?target=item_2),0.0,0.515101,0.5136,360.0
nofold/s00_off,98,d(item_4),move_to(?target=item_4),32.0,0.515101,0.4321,360.0
nofold/s00_off,99,d(item_2),move_to(?target=item_2),0.0,0.519755,0.5182,380.0
nofold/s00_off,99,d(item_4),move_to(?target=item_4),35.6,0.519755,0.427,380.0
nofold/s00_off,100,d(item_2),move_to(?target=item_2),0.0,0.524967,0.5234,400.0
nofold/s00_off,100,d(item_4),move_to(?target=item_4),39.5,0.524967,0.4213,400.0
nofold/s00_off,101,d(item_2),move_to(?target=item_2),0.0,0.530826,0.5292,420.0
nofold/s00_off,101,d(item_4),move_to(?target=item_4),43.9,0.530826,0.4148,420.0
nofold/s00_off,102,d(item_2),move_to(?target=item_2),-0.0,0.537442,0.5358,440.0
nofold/s00_off,102,d(item_4),move_to(?target=item_4),48.8,0.537442,0.4076,440.0
nofold/s00_off,103,d(item_2),move_to(?target=item_2),0.0,0.544939,0.5433,460.0
nofold/s00_off,103,d(item_4),move_to(?target=item_4),54.3,0.544939,0.3994,460.0
nofold/s00_off,104,d(item_2),move_to(?target=item_2),0.0,0.553466,0.5518,480.0
nofold/s00_off,104,d(item_4),move_to(?target=item_4),60.4,0.553466,0.39,480.0
nofold/s00_off,105,d(item_2),move_to(?target=item_2),0.0,0.563192,0.5615,500.0
nofold/s00_off,105,d(item_4),move_to(?target=item_4),67.3,0.563192,0.3793,500.0
nofold/s00_off,106,d(item_2),move_to(?target=item_2),0.0,0.574307,0.5726,520.0
nofold/s00_off,106,d(item_4),move_to(?target=item_4),75.1,0.574307,0.3672,520.0
nofold/s00_off,107,d(item_2),move_to(?target=item_2),-0.0,0.587015,0.5853,540.0
nofold/s00_off,107,d(item_4),move_to(?target=item_4),83.9,0.587015,0.3532,540.0
nofold/s00_off,108,d(item_2),move_to(?target=item_2),0.0,0.601525,0.5997,560.0
nofold/s00_off,108,d(item_4),move_to(?target=item_4),93.8,0.601525,0.3373,560.0
nofold/s00_off,109,d(item_2),pick_up(?item=item_2),,0.618024,0.6162,0.0
nofold/s00_off,109,d(item_4),move_to(?target=item_4),105.1,0.618024,0.3192,580.0
nofold/s00_off,110,d(item_2),pick_up(?item=item_2),,0.618024,0.6162,0.0
nofold/s00_off,110,d(item_4),move_to(?target=item_4),105.1,0.618024,0.3192,580.0
nofold/s00_off,111,d(item_2),move_to(?target=kitting_table_0),0.0,0.618024,0.6162,0.0
nofold/s00_off,111,d(item_4),"place(?item=item_2,?target=shelf_2)",,0.320174,0.3192,0.0
nofold/s00_off,112,d(item_2),move_to(?target=kitting_table_0),0.0,0.618024,0.6162,0.0
nofold/s00_off,112,d(item_4),"place(?item=item_2,?target=shelf_2)",,0.320174,0.3192,0.0
nofold/s00_off,113,d(item_2),move_to(?target=kitting_table_0),0.0,0.618024,0.6162,20.0
nofold/s00_off,113,d(item_4),move_to(?target=shelf_2),0.0,0.320174,0.3192,0.0
nofold/s00_off,114,d(item_2),move_to(?target=kitting_table_0),0.0,0.659713,0.6577,40.0
nofold/s00_off,114,d(item_4),move_to(?target=shelf_2),40.0,0.341771,0.2735,20.0
nofold/s00_off,115,d(item_2),move_to(?target=kitting_table_0),0.0,0.703617,0.7015,60.0
nofold/s00_off,115,d(item_4),move_to(?target=shelf_2),80.0,0.364516,0.2253,40.0
nofold/s00_off,116,d(item_2),move_to(?target=kitting_table_0),0.0,0.746358,0.7441,80.0
nofold/s00_off,116,d(item_4),move_to(?target=shelf_2),120.0,0.386659,0.1785,60.0
nofold/s00_off,117,d(item_2),move_to(?target=kitting_table_0),0.0,0.784897,0.7825,100.0
nofold/s00_off,117,d(item_4),move_to(?target=shelf_2),160.0,0.406624,0.1362,80.0
nofold/s00_off,118,d(item_2),move_to(?target=kitting_table_0),0.0,0.81732,0.8149,120.0
nofold/s00_off,118,d(item_4),move_to(?target=shelf_2),200.0,0.423421,0.1006,100.0
nofold/s00_off,119,d(item_2),move_to(?target=kitting_table_0),0.0,0.843043,0.8405,140.0
nofold/s00_off,119,d(item_4),move_to(?target=shelf_2),240.0,0.436747,0.0724,120.0
nofold/s00_off,120,d(item_2),move_to(?target=kitting_table_0),0.0,0.862518,0.8599,160.0
nofold/s00_off,120,d(item_4),move_to(?target=shelf_2),280.0,0.446836,0.0511,140.0
nofold/s00_off,121,d(item_2),move_to(?target=kitting_table_0),0.0,0.876746,0.8741,180.0
nofold/s00_off,121,d(item_4),move_to(?target=shelf_2),320.0,0.454207,0.0355,160.0
nofold/s00_off,122,d(item_2),move_to(?target=kitting_table_0),0.0,0.886872,0.8842,200.0
nofold/s00_off,122,d(item_4),move_to(?target=shelf_2),360.0,0.459453,0.0244,180.0
nofold/s00_off,123,d(item_2),move_to(?target=kitting_table_0),0.0,0.893946,0.8913,220.0
nofold/s00_off,123,d(item_4),move_to(?target=shelf_2),400.0,0.463118,0.0166,200.0
nofold/s00_off,124,d(item_2),move_to(?target=kitting_table_0),0.0,0.898822,0.8961,240.0
nofold/s00_off,124,d(item_4),move_to(?target=shelf_2),440.0,0.465644,0.0113,220.0
nofold/s00_off,125,d(item_2),move_to(?target=kitting_table_0),0.0,0.902154,0.8994,260.0
nofold/s00_off,125,d(item_4),move_to(?target=shelf_2),480.0,0.467371,0.0076,240.0
nofold/s00_off,126,d(item_2),move_to(?target=kitting_table_0),0.0,0.904417,0.9017,280.0
nofold/s00_off,126,d(item_4),move_to(?target=shelf_2),520.0,0.468543,0.0051,260.0
nofold/s00_off,127,d(item_2),move_to(?target=kitting_table_0),0.0,0.905947,0.9032,300.0
nofold/s00_off,127,d(item_4),move_to(?target=shelf_2),560.0,0.469335,0.0034,280.0
nofold/s00_off,128,d(item_2),move_to(?target=kitting_table_0),0.0,0.906978,0.9043,320.0
nofold/s00_off,128,d(item_4),move_to(?target=shelf_2),600.0,0.46987,0.0023,300.0
nofold/s00_off,129,d(item_2),move_to(?target=kitting_table_0),0.0,0.907673,0.9049,340.0
nofold/s00_off,129,d(item_4),move_to(?target=shelf_2),640.0,0.470229,0.0016,320.0
nofold/s00_off,130,d(item_2),move_to(?target=kitting_table_0),0.0,0.908139,0.9054,360.0
nofold/s00_off,130,d(item_4),move_to(?target=shelf_2),680.0,0.470471,0.001,340.0
nofold/s00_off,131,d(item_2),move_to(?target=kitting_table_0),0.0,0.908453,0.9055,380.0
nofold/s00_off,131,d(item_4),move_to(?target=shelf_2),720.0,0.470633,0.001,360.0
nofold/s00_off,132,d(item_2),move_to(?target=kitting_table_0),0.0,0.908663,0.9055,400.0
nofold/s00_off,132,d(item_4),move_to(?target=shelf_2),760.0,0.470742,0.001,380.0
nofold/s00_off,133,d(item_2),move_to(?target=kitting_table_0),0.0,0.908804,0.9055,420.0
nofold/s00_off,133,d(item_4),move_to(?target=shelf_2),800.0,0.470815,0.001,400.0
nofold/s00_off,134,d(item_2),move_to(?target=kitting_table_0),0.0,0.908898,0.9055,440.0
nofold/s00_off,134,d(item_4),move_to(?target=shelf_2),840.0,0.470864,0.001,420.0
nofold/s00_off,135,d(item_2),move_to(?target=kitting_table_0),0.0,0.908962,0.9055,460.0
nofold/s00_off,135,d(item_4),move_to(?target=shelf_2),880.0,0.470897,0.001,440.0
nofold/s00_off,136,d(item_2),move_to(?target=kitting_table_0),0.0,0.909004,0.9055,480.0
nofold/s00_off,136,d(item_4),move_to(?target=shelf_2),920.0,0.470919,0.001,460.0
nofold/s00_off,137,d(item_2),move_to(?target=kitting_table_0),0.0,0.909033,0.9055,500.0
nofold/s00_off,137,d(item_4),move_to(?target=shelf_2),960.0,0.470934,0.001,480.0
nofold/s00_off,138,d(item_2),move_to(?target=kitting_table_0),0.0,0.909052,0.9055,520.0
nofold/s00_off,138,d(item_4),move_to(?target=shelf_2),1000.0,0.470944,0.001,500.0
nofold/s00_off,139,d(item_2),move_to(?target=kitting_table_0),0.0,0.909065,0.9055,540.0
nofold/s00_off,139,d(item_4),move_to(?target=shelf_2),1040.0,0.47095,0.001,520.0
nofold/s00_off,140,d(item_2),"place(?item=item_2,?target=kitting_table_0)",,0.909073,0.9055,0.0
nofold/s00_off,140,d(item_4),move_to(?target=shelf_2),1080.0,0.470955,0.001,540.0
nofold/s00_off,141,d(item_2),"place(?item=item_2,?target=kitting_table_0)",,0.909073,0.9055,0.0
nofold/s00_off,141,d(item_4),move_to(?target=shelf_2),1080.0,0.470955,0.001,540.0
nofold/s00_off,142,d(item_4),move_to(?target=item_4),0.0,0.5,0.498,0.0
nofold/s00_off,143,d(item_4),move_to(?target=item_4),0.0,0.5,0.498,0.0
nofold/s00_off,144,d(item_4),move_to(?target=item_4),0.0,0.5,0.498,0.0
nofold/s00_off,145,d(item_4),move_to(?target=item_4),0.0,0.5,0.498,0.0
nofold/s00_off,146,d(item_4),move_to(?target=item_4),0.0,0.5,0.498,0.0
nofold/s00_off,147,d(item_4),move_to(?target=item_4),0.0,0.5,0.498,0.0
nofold/s00_off,148,d(item_4),move_to(?target=item_4),0.0,0.5,0.498,0.0
nofold/s00_off,149,d(item_4),move_to(?target=item_4),0.0,0.5,0.498,0.0
nofold/s00_off,150,d(item_4),move_to(?target=item_4),0.0,0.5,0.498,0.0
nofold/s00_off,151,d(item_4),move_to(?target=item_4),0.0,0.5,0.498,0.0
nofold/s00_off,152,d(item_4),move_to(?target=item_4),0.0,0.5,0.498,0.0
nofold/s00_off,153,d(item_4),move_to(?target=item_4),0.0,0.5,0.498,0.0
nofold/s00_off,154,d(item_4),move_to(?target=item_4),0.0,0.5,0.498,0.0
nofold/s00_off,155,d(item_4),move_to(?target=item_4),0.0,0.5,0.498,0.0
nofold/s00_off,156,d(item_4),move_to(?target=item_4),0.0,0.5,0.498,0.0
nofold/s00_off,157,d(item_4),move_to(?target=item_4),0.0,0.5,0.498,0.0
nofold/s00_off,158,d(item_4),move_to(?target=item_4),0.0,0.5,0.498,0.0
nofold/s00_off,159,d(item_4),move_to(?target=item_4),0.0,0.5,0.498,0.0
nofold/s00_off,160,d(item_4),move_to(?target=item_4),0.0,0.5,0.498,0.0
nofold/s00_off,161,d(item_4),move_to(?target=item_4),0.0,0.5,0.498,0.0
nofold/s00_off,162,d(item_4),move_to(?target=item_4),0.0,0.5,0.498,0.0
nofold/s00_off,163,d(item_4),move_to(?target=item_4),0.0,0.5,0.498,0.0
nofold/s00_off,164,d(item_4),move_to(?target=item_4),0.0,0.5,0.498,0.0
nofold/s00_off,165,d(item_4),move_to(?target=item_4),0.0,0.5,0.498,0.0
nofold/s00_on,0,d(item_2),move_to(?target=item_2),11.1,0.48911,0.4606,20.0
nofold/s00_on,0,d(item_3),move_to(?target=item_3),0.0,0.48911,0.4876,20.0
nofold/s00_on,1,d(item_2),move_to(?target=item_2),23.3,0.504063,0.4442,40.0
nofold/s00_on,1,d(item_3),move_to(?target=item_3),-0.0,0.504063,0.5026,40.0
nofold/s00_on,2,d(item_2),move_to(?target=item_2),36.8,0.521316,0.4253,60.0
nofold/s00_on,2,d(item_3),move_to(?target=item_3),0.0,0.521316,0.5198,60.0
nofold/s00_on,3,d(item_2),move_to(?target=item_2),51.5,0.541109,0.4036,80.0
nofold/s00_on,3,d(item_3),move_to(?target=item_3),-0.0,0.541109,0.5395,80.0
nofold/s00_on,4,d(item_2),move_to(?target=item_2),67.6,0.563605,0.3789,100.0
nofold/s00_on,4,d(item_3),move_to(?target=item_3),0.0,0.563605,0.5619,100.0
nofold/s00_on,5,d(item_2),move_to(?target=item_2),85.1,0.588836,0.3512,120.0
nofold/s00_on,5,d(item_3),move_to(?target=item_3),0.0,0.588836,0.5871,120.0
nofold/s00_on,6,d(item_2),move_to(?target=item_2),104.2,0.616636,0.3207,140.0
nofold/s00_on,6,d(item_3),move_to(?target=item_3),0.0,0.616636,0.6148,140.0
nofold/s00_on,7,d(item_2),move_to(?target=item_2),124.7,0.646581,0.2879,160.0
nofold/s00_on,7,d(item_3),move_to(?target=item_3),0.0,0.646581,0.6446,160.0
nofold/s00_on,8,d(item_2),move_to(?target=item_2),146.6,0.677969,0.2535,180.0
nofold/s00_on,8,d(item_3),move_to(?target=item_3),-0.0,0.677969,0.6759,180.0
nofold/s00_on,9,d(item_2),move_to(?target=item_2),170.1,0.709843,0.2185,200.0
nofold/s00_on,9,d(item_3),move_to(?target=item_3),0.0,0.709843,0.7077,200.0
nofold/s00_on,10,d(item_2),move_to(?target=item_2),194.9,0.741098,0.1842,220.0
nofold/s00_on,10,d(item_3),move_to(?target=item_3),0.0,0.741098,0.7389,220.0
nofold/s00_on,11,d(item_2),move_to(?target=item_2),221.0,0.770626,0.1519,240.0
nofold/s00_on,11,d(item_3),move_to(?target=item_3),0.0,0.770626,0.7683,240.0
nofold/s00_on,12,d(item_2),move_to(?target=item_2),248.4,0.797487,0.1224,260.0
nofold/s00_on,12,d(item_3),move_to(?target=item_3),0.0,0.797487,0.7951,260.0
nofold/s00_on,13,d(item_2),move_to(?target=item_2),277.0,0.821035,0.0966,280.0
nofold/s00_on,13,d(item_3),move_to(?target=item_3),0.0,0.821035,0.8186,280.0
nofold/s00_on,14,d(item_2),move_to(?target=item_2),306.6,0.840971,0.0747,300.0
nofold/s00_on,14,d(item_3),move_to(?target=item_3),0.0,0.840971,0.8384,300.0
nofold/s00_on,15,d(item_2),move_to(?target=item_2),337.1,0.857322,0.0568,320.0
nofold/s00_on,15,d(item_3),move_to(?target=item_3),-0.0,0.857322,0.8548,320.0
nofold/s00_on,16,d(item_2),move_to(?target=item_2),368.5,0.870359,0.0425,340.0
nofold/s00_on,16,d(item_3),move_to(?target=item_3),0.0,0.870359,0.8677,340.0
nofold/s00_on,17,d(item_2),move_to(?target=item_2),400.7,0.880503,0.0314,360.0
nofold/s00_on,17,d(item_3),move_to(?target=item_3),-0.0,0.880503,0.8779,360.0
nofold/s00_on,18,d(item_2),move_to(?target=item_2),433.6,0.888234,0.0229,380.0
nofold/s00_on,18,d(item_3),move_to(?target=item_3),-0.0,0.888234,0.8856,380.0
nofold/s00_on,19,d(item_2),move_to(?target=item_2),467.2,0.894024,0.0165,400.0
nofold/s00_on,19,d(item_3),move_to(?target=item_3),-0.0,0.894024,0.8913,400.0
nofold/s00_on,20,d(item_2),move_to(?target=item_2),501.3,0.898297,0.0118,420.0
nofold/s00_on,20,d(item_3),move_to(?target=item_3),-0.0,0.898297,0.8956,420.0
nofold/s00_on,21,d(item_2),move_to(?target=item_2),535.9,0.901413,0.0084,440.0
nofold/s00_on,21,d(item_3),move_to(?target=item_3),-0.0,0.901413,0.8987,440.0
nofold/s00_on,22,d(item_2),move_to(?target=item_2),570.9,0.903662,0.006,460.0
nofold/s00_on,22,d(item_3),move_to(?target=item_3),-0.0,0.903662,0.901,460.0
nofold/s00_on,23,d(item_2),move_to(?target=item_2),606.4,0.905272,0.0042,480.0
nofold/s00_on,23,d(item_3),move_to(?target=item_3),-0.0,0.905272,0.9026,480.0
nofold/s00_on,24,d(item_2),move_to(?target=item_2),642.2,0.906417,0.0029,500.0
nofold/s00_on,24,d(item_3),move_to(?target=item_3),-0.0,0.906417,0.9037,500.0
nofold/s00_on,25,d(item_2),move_to(?target=item_2),678.3,0.907225,0.002,520.0
nofold/s00_on,25,d(item_3),move_to(?target=item_3),-0.0,0.907225,0.9045,520.0
nofold/s00_on,26,d(item_2),move_to(?target=item_2),714.8,0.907794,0.0014,540.0
nofold/s00_on,26,d(item_3),move_to(?target=item_3),0.0,0.907794,0.9051,540.0
nofold/s00_on,27,d(item_2),move_to(?target=item_2),751.5,0.908191,0.001,560.0
nofold/s00_on,27,d(item_3),move_to(?target=item_3),-0.0,0.908191,0.9055,560.0
nofold/s00_on,28,d(item_2),move_to(?target=item_2),788.4,0.908469,0.001,580.0
nofold/s00_on,28,d(item_3),move_to(?target=item_3),0.0,0.908469,0.9055,580.0
nofold/s00_on,29,d(item_2),move_to(?target=item_2),825.5,0.908662,0.001,600.0
nofold/s00_on,29,d(item_3),move_to(?target=item_3),0.0,0.908662,0.9055,600.0
nofold/s00_on,30,d(item_2),move_to(?target=item_2),862.9,0.908795,0.001,620.0
nofold/s00_on,30,d(item_3),move_to(?target=item_3),0.0,0.908795,0.9055,620.0
nofold/s00_on,31,d(item_2),move_to(?target=item_2),900.4,0.908888,0.001,640.0
nofold/s00_on,31,d(item_3),move_to(?target=item_3),0.0,0.908888,0.9055,640.0
nofold/s00_on,32,d(item_2),move_to(?target=item_2),938.1,0.908952,0.001,660.0
nofold/s00_on,32,d(item_3),move_to(?target=item_3),0.0,0.908952,0.9055,660.0
nofold/s00_on,33,d(item_2),move_to(?target=item_2),975.9,0.908995,0.001,680.0
nofold/s00_on,33,d(item_3),move_to(?target=item_3),0.0,0.908995,0.9055,680.0
nofold/s00_on,34,d(item_2),move_to(?target=item_2),1013.8,0.909026,0.001,700.0
nofold/s00_on,34,d(item_3),move_to(?target=item_3),0.0,0.909026,0.9055,700.0
nofold/s00_on,35,d(item_2),move_to(?target=item_2),1051.9,0.909046,0.001,720.0
nofold/s00_on,35,d(item_3),move_to(?target=item_3),0.0,0.909046,0.9055,720.0
nofold/s00_on,36,d(item_2),move_to(?target=item_2),1090.1,0.90906,0.001,740.0
nofold/s00_on,36,d(item_3),move_to(?target=item_3),0.0,0.90906,0.9055,740.0
nofold/s00_on,37,d(item_2),move_to(?target=item_2),1128.4,0.90907,0.001,760.0
nofold/s00_on,37,d(item_3),move_to(?target=item_3),0.0,0.90907,0.9055,760.0
nofold/s00_on,38,d(item_2),move_to(?target=item_2),1166.8,0.909077,0.001,780.0
nofold/s00_on,38,d(item_3),move_to(?target=item_3),0.0,0.909077,0.9055,780.0
nofold/s00_on,39,d(item_2),move_to(?target=item_2),1205.3,0.909081,0.001,800.0
nofold/s00_on,39,d(item_3),pick_up(?item=item_3),,0.909081,0.9055,0.0
nofold/s00_on,40,d(item_2),move_to(?target=item_2),1205.3,0.909081,0.001,800.0
nofold/s00_on,40,d(item_3),pick_up(?item=item_3),,0.909081,0.9055,0.0
nofold/s00_on,41,d(item_2),"place(?item=item_3,?target=shelf_3)",,1.1e-05,0.001,0.0
nofold/s00_on,41,d(item_3),move_to(?target=kitting_table_0),0.0,0.909081,0.9055,0.0
nofold/s00_on,42,d(item_2),"place(?item=item_3,?target=shelf_3)",,1.1e-05,0.001,0.0
nofold/s00_on,42,d(item_3),move_to(?target=kitting_table_0),0.0,0.909081,0.9055,0.0
nofold/s00_on,43,d(item_2),move_to(?target=shelf_3),0.0,1.1e-05,0.001,0.0
nofold/s00_on,43,d(item_3),move_to(?target=kitting_table_0),0.0,0.909081,0.9055,20.0
nofold/s00_on,44,d(item_2),move_to(?target=shelf_3),39.6,1.1e-05,0.001,20.0
nofold/s00_on,44,d(item_3),move_to(?target=kitting_table_0),0.0,0.909083,0.9055,40.0
nofold/s00_on,45,d(item_2),move_to(?target=shelf_3),79.4,1.1e-05,0.001,40.0
nofold/s00_on,45,d(item_3),move_to(?target=kitting_table_0),0.0,0.909085,0.9055,60.0
nofold/s00_on,46,d(item_2),move_to(?target=shelf_3),119.3,1.1e-05,0.001,60.0
nofold/s00_on,46,d(item_3),move_to(?target=kitting_table_0),0.0,0.909086,0.9055,80.0
nofold/s00_on,47,d(item_2),move_to(?target=shelf_3),159.2,1.1e-05,0.001,80.0
nofold/s00_on,47,d(item_3),move_to(?target=kitting_table_0),0.0,0.909088,0.9055,100.0
nofold/s00_on,48,d(item_2),move_to(?target=shelf_3),199.1,1.1e-05,0.001,100.0
nofold/s00_on,48,d(item_3),move_to(?target=kitting_table_0),-0.0,0.909089,0.9055,120.0
nofold/s00_on,49,d(item_2),move_to(?target=shelf_3),239.1,1.1e-05,0.001,120.0
nofold/s00_on,49,d(item_3),move_to(?target=kitting_table_0),0.0,0.909089,0.9055,140.0
nofold/s00_on,50,d(item_2),move_to(?target=shelf_3),279.1,1.1e-05,0.001,140.0
nofold/s00_on,50,d(item_3),move_to(?target=kitting_table_0),0.0,0.90909,0.9055,160.0
nofold/s00_on,51,d(item_2),move_to(?target=shelf_3),319.0,1.1e-05,0.001,160.0
nofold/s00_on,51,d(item_3),move_to(?target=kitting_table_0),0.0,0.90909,0.9055,180.0
nofold/s00_on,52,d(item_2),move_to(?target=shelf_3),359.0,1.1e-05,0.001,180.0
nofold/s00_on,52,d(item_3),move_to(?target=kitting_table_0),0.0,0.90909,0.9055,200.0
nofold/s00_on,53,d(item_2),move_to(?target=shelf_3),399.0,1.1e-05,0.001,200.0
nofold/s00_on,53,d(item_3),move_to(?target=kitting_table_0),0.0,0.909091,0.9055,220.0
nofold/s00_on,54,d(item_2),move_to(?target=shelf_3),439.0,1.1e-05,0.001,220.0
nofold/s00_on,54,d(item_3),move_to(?target=kitting_table_0),0.0,0.909091,0.9055,240.0
nofold/s00_on,55,d(item_2),move_to(?target=shelf_3),479.0,1.1e-05,0.001,240.0
nofold/s00_on,55,d(item_3),move_to(?target=kitting_table_0),0.0,0.909091,0.9055,260.0
nofold/s00_on,56,d(item_2),move_to(?target=shelf_3),519.0,1.1e-05,0.001,260.0
nofold/s00_on,56,d(item_3),move_to(?target=kitting_table_0),0.0,0.909091,0.9055,280.0
nofold/s00_on,57,d(item_2),move_to(?target=shelf_3),559.0,1.1e-05,0.001,280.0
nofold/s00_on,57,d(item_3),move_to(?target=kitting_table_0),0.0,0.909091,0.9055,300.0
nofold/s00_on,58,d(item_2),move_to(?target=shelf_3),598.9,1.1e-05,0.001,300.0
nofold/s00_on,58,d(item_3),move_to(?target=kitting_table_0),0.0,0.909091,0.9055,320.0
nofold/s00_on,59,d(item_2),move_to(?target=shelf_3),638.9,1.1e-05,0.001,320.0
nofold/s00_on,59,d(item_3),move_to(?target=kitting_table_0),0.0,0.909091,0.9055,340.0
nofold/s00_on,60,d(item_2),move_to(?target=shelf_3),678.9,1.1e-05,0.001,340.0
nofold/s00_on,60,d(item_3),move_to(?target=kitting_table_0),0.0,0.909091,0.9055,360.0
nofold/s00_on,61,d(item_2),move_to(?target=shelf_3),718.9,1.1e-05,0.001,360.0
nofold/s00_on,61,d(item_3),move_to(?target=kitting_table_0),0.0,0.909091,0.9055,380.0
nofold/s00_on,62,d(item_2),move_to(?target=shelf_3),758.9,1.1e-05,0.001,380.0
nofold/s00_on,62,d(item_3),move_to(?target=kitting_table_0),0.0,0.909091,0.9055,400.0
nofold/s00_on,63,d(item_2),move_to(?target=shelf_3),798.9,1.1e-05,0.001,400.0
nofold/s00_on,63,d(item_3),move_to(?target=kitting_table_0),0.0,0.909091,0.9055,420.0
nofold/s00_on,64,d(item_2),move_to(?target=shelf_3),838.9,1.1e-05,0.001,420.0
nofold/s00_on,64,d(item_3),move_to(?target=kitting_table_0),0.0,0.909091,0.9055,440.0
nofold/s00_on,65,d(item_2),move_to(?target=shelf_3),878.9,1.1e-05,0.001,440.0
nofold/s00_on,65,d(item_3),move_to(?target=kitting_table_0),0.0,0.909091,0.9055,460.0
nofold/s00_on,66,d(item_2),move_to(?target=shelf_3),918.9,1.1e-05,0.001,460.0
nofold/s00_on,66,d(item_3),move_to(?target=kitting_table_0),0.0,0.909091,0.9055,480.0
nofold/s00_on,67,d(item_2),move_to(?target=shelf_3),958.9,1.1e-05,0.001,480.0
nofold/s00_on,67,d(item_3),move_to(?target=kitting_table_0),0.0,0.909091,0.9055,500.0
nofold/s00_on,68,d(item_2),move_to(?target=shelf_3),998.9,1.1e-05,0.001,500.0
nofold/s00_on,68,d(item_3),move_to(?target=kitting_table_0),0.0,0.909091,0.9055,520.0
nofold/s00_on,69,d(item_2),move_to(?target=shelf_3),1038.9,1.1e-05,0.001,520.0
nofold/s00_on,69,d(item_3),move_to(?target=kitting_table_0),0.0,0.909091,0.9055,540.0
nofold/s00_on,70,d(item_2),move_to(?target=shelf_3),1078.9,1.1e-05,0.001,540.0
nofold/s00_on,70,d(item_3),move_to(?target=kitting_table_0),0.0,0.909091,0.9055,560.0
nofold/s00_on,71,d(item_2),move_to(?target=shelf_3),1118.9,1.1e-05,0.001,560.0
nofold/s00_on,71,d(item_3),move_to(?target=kitting_table_0),0.0,0.909091,0.9055,580.0
nofold/s00_on,72,d(item_2),move_to(?target=shelf_3),1158.9,1.1e-05,0.001,580.0
nofold/s00_on,72,d(item_3),move_to(?target=kitting_table_0),0.0,0.909091,0.9055,600.0
nofold/s00_on,73,d(item_2),move_to(?target=shelf_3),1198.9,1.1e-05,0.001,600.0
nofold/s00_on,73,d(item_3),move_to(?target=kitting_table_0),0.0,0.909091,0.9055,620.0
nofold/s00_on,74,d(item_2),move_to(?target=shelf_3),1238.9,1.1e-05,0.001,620.0
nofold/s00_on,74,d(item_3),move_to(?target=kitting_table_0),0.0,0.909091,0.9055,640.0
nofold/s00_on,75,d(item_2),move_to(?target=shelf_3),1278.9,1.1e-05,0.001,640.0
nofold/s00_on,75,d(item_3),move_to(?target=kitting_table_0),0.0,0.909091,0.9055,660.0
nofold/s00_on,76,d(item_2),move_to(?target=shelf_3),1318.9,1.1e-05,0.001,660.0
nofold/s00_on,76,d(item_3),"place(?item=item_3,?target=kitting_table_0)",,0.909091,0.9055,0.0
nofold/s00_on,77,d(item_2),move_to(?target=shelf_3),1318.9,1.1e-05,0.001,660.0
nofold/s00_on,77,d(item_3),"place(?item=item_3,?target=kitting_table_0)",,0.909091,0.9055,0.0
nofold/s00_on,78,d(item_2),move_to(?target=item_2),0.0,0.5,0.498,0.0
nofold/s00_on,79,d(item_2),move_to(?target=item_2),0.0,0.5,0.498,0.0
nofold/s00_on,80,d(item_2),move_to(?target=item_2),0.0,0.5,0.498,0.0
nofold/s00_on,81,d(item_2),move_to(?target=item_2),0.0,0.909091,0.9055,20.0
nofold/s00_on,82,d(item_2),move_to(?target=item_2),0.0,0.909091,0.9055,40.0
nofold/s00_on,83,d(item_2),move_to(?target=item_2),0.0,0.909091,0.9055,60.0
nofold/s00_on,84,d(item_2),move_to(?target=item_2),0.0,0.909091,0.9055,80.0
nofold/s00_on,85,d(item_2),move_to(?target=item_2),0.0,0.909091,0.9055,100.0
nofold/s00_on,86,d(item_2),move_to(?target=item_2),0.0,0.909091,0.9055,120.0
nofold/s00_on,87,d(item_2),move_to(?target=item_2),0.0,0.909091,0.9055,140.0
nofold/s00_on,88,d(item_2),move_to(?target=item_2),0.0,0.909091,0.9055,160.0
nofold/s00_on,89,d(item_2),move_to(?target=item_2),-0.0,0.909091,0.9055,180.0
nofold/s00_on,90,d(item_2),move_to(?target=item_2),0.0,0.909091,0.9055,200.0
nofold/s00_on,91,d(item_2),move_to(?target=item_2),-0.0,0.909091,0.9055,220.0
nofold/s00_on,92,d(item_2),move_to(?target=item_2),0.0,0.909091,0.9055,240.0
nofold/s00_on,93,d(item_2),move_to(?target=item_2),0.0,0.909091,0.9055,260.0
nofold/s00_on,94,d(item_2),move_to(?target=item_2),0.0,0.909091,0.9055,280.0
nofold/s00_on,95,d(item_2),move_to(?target=item_2),0.0,0.909091,0.9055,300.0
nofold/s00_on,96,d(item_2),move_to(?target=item_2),0.0,0.909091,0.9055,320.0
nofold/s00_on,97,d(item_2),move_to(?target=item_2),0.0,0.909091,0.9055,340.0
nofold/s00_on,98,d(item_2),move_to(?target=item_2),0.0,0.909091,0.9055,360.0
nofold/s00_on,99,d(item_2),move_to(?target=item_2),0.0,0.909091,0.9055,380.0
nofold/s00_on,100,d(item_2),move_to(?target=item_2),0.0,0.909091,0.9055,400.0
nofold/s00_on,101,d(item_2),move_to(?target=item_2),0.0,0.909091,0.9055,420.0
nofold/s00_on,102,d(item_2),move_to(?target=item_2),-0.0,0.909091,0.9055,440.0
nofold/s00_on,103,d(item_2),move_to(?target=item_2),0.0,0.909091,0.9055,460.0
nofold/s00_on,104,d(item_2),move_to(?target=item_2),0.0,0.909091,0.9055,480.0
nofold/s00_on,105,d(item_2),move_to(?target=item_2),0.0,0.909091,0.9055,500.0
nofold/s00_on,106,d(item_2),move_to(?target=item_2),0.0,0.909091,0.9055,520.0
nofold/s00_on,107,d(item_2),move_to(?target=item_2),-0.0,0.909091,0.9055,540.0
nofold/s00_on,108,d(item_2),move_to(?target=item_2),0.0,0.909091,0.9055,560.0
nofold/s00_on,109,d(item_2),pick_up(?item=item_2),,0.909091,0.9055,0.0
nofold/s00_on,110,d(item_2),pick_up(?item=item_2),,0.909091,0.9055,0.0
nofold/s00_on,111,d(item_2),move_to(?target=kitting_table_0),0.0,0.5,0.498,0.0
nofold/s00_on,112,d(item_2),move_to(?target=kitting_table_0),0.0,0.5,0.498,0.0
nofold/s00_on,113,d(item_2),move_to(?target=kitting_table_0),0.0,0.909091,0.9055,20.0
nofold/s00_on,114,d(item_2),move_to(?target=kitting_table_0),0.0,0.909091,0.9055,40.0
nofold/s00_on,115,d(item_2),move_to(?target=kitting_table_0),0.0,0.909091,0.9055,60.0
nofold/s00_on,116,d(item_2),move_to(?target=kitting_table_0),0.0,0.909091,0.9055,80.0
nofold/s00_on,117,d(item_2),move_to(?target=kitting_table_0),0.0,0.909091,0.9055,100.0
nofold/s00_on,118,d(item_2),move_to(?target=kitting_table_0),0.0,0.909091,0.9055,120.0
nofold/s00_on,119,d(item_2),move_to(?target=kitting_table_0),0.0,0.909091,0.9055,140.0
nofold/s00_on,120,d(item_2),move_to(?target=kitting_table_0),0.0,0.909091,0.9055,160.0
nofold/s00_on,121,d(item_2),move_to(?target=kitting_table_0),0.0,0.909091,0.9055,180.0
nofold/s00_on,122,d(item_2),move_to(?target=kitting_table_0),0.0,0.909091,0.9055,200.0
nofold/s00_on,123,d(item_2),move_to(?target=kitting_table_0),0.0,0.909091,0.9055,220.0
nofold/s00_on,124,d(item_2),move_to(?target=kitting_table_0),0.0,0.909091,0.9055,240.0
nofold/s00_on,125,d(item_2),move_to(?target=kitting_table_0),0.0,0.909091,0.9055,260.0
nofold/s00_on,126,d(item_2),move_to(?target=kitting_table_0),0.0,0.909091,0.9055,280.0
nofold/s00_on,127,d(item_2),move_to(?target=kitting_table_0),0.0,0.909091,0.9055,300.0
nofold/s00_on,128,d(item_2),move_to(?target=kitting_table_0),0.0,0.909091,0.9055,320.0
nofold/s00_on,129,d(item_2),move_to(?target=kitting_table_0),0.0,0.909091,0.9055,340.0
nofold/s00_on,130,d(item_2),move_to(?target=kitting_table_0),0.0,0.909091,0.9055,360.0
nofold/s00_on,131,d(item_2),move_to(?target=kitting_table_0),0.0,0.909091,0.9055,380.0
nofold/s00_on,132,d(item_2),move_to(?target=kitting_table_0),0.0,0.909091,0.9055,400.0
nofold/s00_on,133,d(item_2),move_to(?target=kitting_table_0),0.0,0.909091,0.9055,420.0
nofold/s00_on,134,d(item_2),move_to(?target=kitting_table_0),0.0,0.909091,0.9055,440.0
nofold/s00_on,135,d(item_2),move_to(?target=kitting_table_0),0.0,0.909091,0.9055,460.0
nofold/s00_on,136,d(item_2),move_to(?target=kitting_table_0),0.0,0.909091,0.9055,480.0
nofold/s00_on,137,d(item_2),move_to(?target=kitting_table_0),0.0,0.909091,0.9055,500.0
nofold/s00_on,138,d(item_2),move_to(?target=kitting_table_0),0.0,0.909091,0.9055,520.0
nofold/s00_on,139,d(item_2),move_to(?target=kitting_table_0),0.0,0.909091,0.9055,540.0
nofold/s00_on,140,d(item_2),"place(?item=item_2,?target=kitting_table_0)",,0.909091,0.9055,0.0
nofold/s00_on,141,d(item_2),"place(?item=item_2,?target=kitting_table_0)",,0.909091,0.9055,0.0
nofold/s20_off,0,d(item_2),move_to(?target=item_2),27.8,0.205952,0.1775,20.0
nofold/s20_off,0,d(item_3),move_to(?target=item_3),-0.0,0.205952,0.206,20.0
nofold/s20_off,0,d(item_4),move_to(?target=item_4),0.8,0.205952,0.2052,20.0
nofold/s20_off,0,d(item_6),move_to(?target=item_6),0.3,0.205952,0.2057,20.0
nofold/s20_off,0,d(item_7),move_to(?target=item_7),20.3,0.205952,0.1851,20.0
nofold/s20_off,1,d(item_2),move_to(?target=item_2),56.9,0.217019,0.1569,40.0
nofold/s20_off,1,d(item_3),move_to(?target=item_3),-0.0,0.217019,0.217,40.0
nofold/s20_off,1,d(item_4),move_to(?target=item_4),1.6,0.217019,0.2153,40.0
nofold/s20_off,1,d(item_6),move_to(?target=item_6),0.5,0.217019,0.2164,40.0
nofold/s20_off,1,d(item_7),move_to(?target=item_7),41.5,0.217019,0.1726,40.0
nofold/s20_off,2,d(item_2),move_to(?target=item_2),87.1,0.229027,0.1352,60.0
nofold/s20_off,2,d(item_3),move_to(?target=item_3),0.0,0.229027,0.229,60.0
nofold/s20_off,2,d(item_4),move_to(?target=item_4),2.5,0.229027,0.2262,60.0
nofold/s20_off,2,d(item_6),move_to(?target=item_6),0.8,0.229027,0.2281,60.0
nofold/s20_off,2,d(item_7),move_to(?target=item_7),63.5,0.229027,0.1586,60.0
nofold/s20_off,3,d(item_2),move_to(?target=item_2),118.3,0.241594,0.1133,80.0
nofold/s20_off,3,d(item_3),move_to(?target=item_3),0.0,0.241594,0.2416,80.0
nofold/s20_off,3,d(item_4),move_to(?target=item_4),3.5,0.241594,0.2374,80.0
nofold/s20_off,3,d(item_6),move_to(?target=item_6),1.1,0.241594,0.2402,80.0
nofold/s20_off,3,d(item_7),move_to(?target=item_7),86.4,0.241594,0.1433,80.0
nofold/s20_off,4,d(item_2),move_to(?target=item_2),150.5,0.254261,0.0924,100.0
nofold/s20_off,4,d(item_3),move_to(?target=item_3),0.0,0.254261,0.2543,100.0
nofold/s20_off,4,d(item_4),move_to(?target=item_4),4.5,0.254261,0.2485,100.0
nofold/s20_off,4,d(item_6),move_to(?target=item_6),1.4,0.254261,0.2524,100.0
nofold/s20_off,4,d(item_7),move_to(?target=item_7),110.0,0.254261,0.127,100.0
nofold/s20_off,5,d(item_2),move_to(?target=item_2),183.5,0.266559,0.0734,120.0
nofold/s20_off,5,d(item_3),move_to(?target=item_3),-0.0,0.266559,0.2666,120.0
nofold/s20_off,5,d(item_4),move_to(?target=item_4),5.7,0.266559,0.259,120.0
nofold/s20_off,5,d(item_6),move_to(?target=item_6),1.8,0.266559,0.2642,120.0
nofold/s20_off,5,d(item_7),move_to(?target=item_7),134.5,0.266559,0.1102,120.0
nofold/s20_off,6,d(item_2),move_to(?target=item_2),217.1,0.278089,0.0569,140.0
nofold/s20_off,6,d(item_3),move_to(?target=item_3),-0.0,0.278089,0.2781,140.0
nofold/s20_off,6,d(item_4),move_to(?target=item_4),7.0,0.278089,0.2684,140.0
nofold/s20_off,6,d(item_6),move_to(?target=item_6),2.1,0.278089,0.2751,140.0
nofold/s20_off,6,d(item_7),move_to(?target=item_7),159.7,0.278089,0.0937,140.0
nofold/s20_off,7,d(item_2),move_to(?target=item_2),251.4,0.288571,0.0432,160.0
nofold/s20_off,7,d(item_3),move_to(?target=item_3),0.0,0.288571,0.2886,160.0
nofold/s20_off,7,d(item_4),move_to(?target=item_4),8.4,0.288571,0.2765,160.0
nofold/s20_off,7,d(item_6),move_to(?target=item_6),2.5,0.288571,0.2849,160.0
nofold/s20_off,7,d(item_7),move_to(?target=item_7),185.7,0.288571,0.078,160.0
nofold/s20_off,8,d(item_2),move_to(?target=item_2),286.3,0.297864,0.0322,180.0
nofold/s20_off,8,d(item_3),move_to(?target=item_3),0.0,0.297864,0.2979,180.0
nofold/s20_off,8,d(item_4),move_to(?target=item_4),9.9,0.297864,0.2831,180.0
nofold/s20_off,8,d(item_6),move_to(?target=item_6),2.9,0.297864,0.2935,180.0
nofold/s20_off,8,d(item_7),move_to(?target=item_7),212.4,0.297864,0.0636,180.0
nofold/s20_off,9,d(item_2),move_to(?target=item_2),321.6,0.305954,0.0236,200.0
nofold/s20_off,9,d(item_3),move_to(?target=item_3),0.0,0.305954,0.306,200.0
nofold/s20_off,9,d(item_4),move_to(?target=item_4),11.7,0.305954,0.2881,200.0
nofold/s20_off,9,d(item_6),move_to(?target=item_6),3.4,0.305954,0.3008,200.0
nofold/s20_off,9,d(item_7),move_to(?target=item_7),239.8,0.305954,0.051,200.0
nofold/s20_off,10,d(item_2),move_to(?target=item_2),357.4,0.312929,0.0171,220.0
nofold/s20_off,10,d(item_3),move_to(?target=item_3),0.0,0.312929,0.3129,220.0
nofold/s20_off,10,d(item_4),move_to(?target=item_4),13.7,0.312929,0.2916,220.0
nofold/s20_off,10,d(item_6),move_to(?target=item_6),3.9,0.312929,0.3069,220.0
nofold/s20_off,10,d(item_7),move_to(?target=item_7),267.8,0.312929,0.0402,220.0
nofold/s20_off,11,d(item_2),move_to(?target=item_2),393.5,0.318944,0.0122,240.0
nofold/s20_off,11,d(item_3),move_to(?target=item_3),0.0,0.318944,0.3189,240.0
nofold/s20_off,11,d(item_4),move_to(?target=item_4),15.9,0.318944,0.2937,240.0
nofold/s20_off,11,d(item_6),move_to(?target=item_6),4.4,0.318944,0.312,240.0
nofold/s20_off,11,d(item_7),move_to(?target=item_7),296.5,0.318944,0.0313,240.0
nofold/s20_off,12,d(item_2),move_to(?target=item_2),430.0,0.324191,0.0087,260.0
nofold/s20_off,12,d(item_3),move_to(?target=item_3),-0.0,0.324191,0.3242,260.0
nofold/s20_off,12,d(item_4),move_to(?target=item_4),18.4,0.324191,0.2945,260.0
nofold/s20_off,12,d(item_6),move_to(?target=item_6),4.9,0.324191,0.3162,260.0
nofold/s20_off,12,d(item_7),move_to(?target=item_7),325.8,0.324191,0.024,260.0
nofold/s20_off,13,d(item_2),move_to(?target=item_2),466.7,0.328874,0.0061,280.0
nofold/s20_off,13,d(item_3),move_to(?target=item_3),0.0,0.328874,0.3289,280.0
nofold/s20_off,13,d(item_4),move_to(?target=item_4),21.2,0.328874,0.2941,280.0
nofold/s20_off,13,d(item_6),move_to(?target=item_6),5.5,0.328874,0.3198,280.0
nofold/s20_off,13,d(item_7),move_to(?target=item_7),355.7,0.328874,0.0182,280.0
nofold/s20_off,14,d(item_2),move_to(?target=item_2),503.8,0.3332,0.0043,300.0
nofold/s20_off,14,d(item_3),move_to(?target=item_3),0.0,0.3332,0.3332,300.0
nofold/s20_off,14,d(item_4),move_to(?target=item_4),24.5,0.3332,0.2925,300.0
nofold/s20_off,14,d(item_6),move_to(?target=item_6),6.2,0.3332,0.3229,300.0
nofold/s20_off,14,d(item_7),move_to(?target=item_7),386.1,0.3332,0.0137,300.0
nofold/s20_off,15,d(item_2),move_to(?target=item_2),541.0,0.33737,0.003,320.0
nofold/s20_off,15,d(item_3),move_to(?target=item_3),-0.0,0.33737,0.3374,320.0
nofold/s20_off,15,d(item_4),move_to(?target=item_4),28.4,0.33737,0.2898,320.0
nofold/s20_off,15,d(item_6),move_to(?target=item_6),6.9,0.33737,0.3258,320.0
nofold/s20_off,15,d(item_7),move_to(?target=item_7),417.1,0.33737,0.0103,320.0
nofold/s20_off,16,d(item_2),move_to(?target=item_2),578.5,0.341581,0.0021,340.0
nofold/s20_off,16,d(item_3),move_to(?target=item_3),-0.0,0.341581,0.3416,340.0
nofold/s20_off,16,d(item_4),move_to(?target=item_4),32.8,0.341581,0.286,340.0
nofold/s20_off,16,d(item_6),move_to(?target=item_6),7.6,0.341581,0.3286,340.0
nofold/s20_off,16,d(item_7),move_to(?target=item_7),448.5,0.341581,0.0076,340.0
nofold/s20_off,17,d(item_2),move_to(?target=item_2),616.1,0.346033,0.0015,360.0
nofold/s20_off,17,d(item_3),move_to(?target=item_3),-0.0,0.346033,0.346,360.0
nofold/s20_off,17,d(item_4),move_to(?target=item_4),38.1,0.346033,0.2809,360.0
nofold/s20_off,17,d(item_6),move_to(?target=item_6),8.5,0.346033,0.3314,360.0
nofold/s20_off,17,d(item_7),move_to(?target=item_7),480.3,0.346033,0.0056,360.0
nofold/s20_off,18,d(item_2),move_to(?target=item_2),654.0,0.350934,0.001,380.0
nofold/s20_off,18,d(item_3),move_to(?target=item_3),-0.0,0.350934,0.3509,380.0
nofold/s20_off,18,d(item_4),move_to(?target=item_4),44.4,0.350934,0.2743,380.0
nofold/s20_off,18,d(item_6),move_to(?target=item_6),9.4,0.350934,0.3345,380.0
nofold/s20_off,18,d(item_7),move_to(?target=item_7),512.6,0.350934,0.0041,380.0
nofold/s20_off,19,d(item_2),move_to(?target=item_2),691.9,0.356506,0.001,400.0
nofold/s20_off,19,d(item_3),move_to(?target=item_3),-0.0,0.356506,0.3564,400.0
nofold/s20_off,19,d(item_4),move_to(?target=item_4),51.8,0.356506,0.266,400.0
nofold/s20_off,19,d(item_6),move_to(?target=item_6),10.4,0.356506,0.3379,400.0
nofold/s20_off,19,d(item_7),move_to(?target=item_7),545.3,0.356506,0.003,400.0
nofold/s20_off,20,d(item_2),move_to(?target=item_2),730.1,0.362992,0.001,420.0
nofold/s20_off,20,d(item_3),pick_up(?item=item_3),,0.362992,0.3628,0.0
nofold/s20_off,20,d(item_4),move_to(?target=item_4),60.8,0.362992,0.2558,420.0
nofold/s20_off,20,d(item_6),move_to(?target=item_6),11.5,0.362992,0.3419,420.0
nofold/s20_off,20,d(item_7),move_to(?target=item_7),578.4,0.362992,0.0022,420.0
nofold/s20_off,21,d(item_2),move_to(?target=item_2),730.1,0.362992,0.001,420.0
nofold/s20_off,21,d(item_3),pick_up(?item=item_3),,0.362992,0.3628,0.0
nofold/s20_off,21,d(item_4),move_to(?target=item_4),60.8,0.362992,0.2558,420.0
nofold/s20_off,21,d(item_6),move_to(?target=item_6),11.5,0.362992,0.3419,420.0
nofold/s20_off,21,d(item_7),move_to(?target=item_7),578.4,0.362992,0.0022,420.0
nofold/s20_off,22,d(item_2),"place(?item=item_3,?target=shelf_3)",,0.00049,0.001,0.0
nofold/s20_off,22,d(item_3),move_to(?target=kitting_table_0),0.0,0.362992,0.3628,0.0
nofold/s20_off,22,d(item_4),"place(?item=item_3,?target=shelf_3)",,0.255907,0.2558,0.0
nofold/s20_off,22,d(item_6),"place(?item=item_3,?target=shelf_3)",,0.342085,0.3419,0.0
nofold/s20_off,22,d(item_7),"place(?item=item_3,?target=shelf_3)",,0.002226,0.0022,0.0
nofold/s20_off,23,d(item_2),"place(?item=item_3,?target=shelf_3)",,0.00049,0.001,0.0
nofold/s20_off,23,d(item_3),move_to(?target=kitting_table_0),0.0,0.362992,0.3628,0.0
nofold/s20_off,23,d(item_4),"place(?item=item_3,?target=shelf_3)",,0.255907,0.2558,0.0
nofold/s20_off,23,d(item_6),"place(?item=item_3,?target=shelf_3)",,0.342085,0.3419,0.0
nofold/s20_off,23,d(item_7),"place(?item=item_3,?target=shelf_3)",,0.002226,0.0022,0.0
nofold/s20_off,24,d(item_2),move_to(?target=shelf_3),0.0,0.00049,0.001,0.0
nofold/s20_off,24,d(item_3),move_to(?target=kitting_table_0),-0.0,0.362992,0.3628,20.0
nofold/s20_off,24,d(item_4),move_to(?target=shelf_3),0.0,0.255907,0.2558,0.0
nofold/s20_off,24,d(item_6),move_to(?target=shelf_3),0.0,0.342085,0.3419,0.0
nofold/s20_off,24,d(item_7),move_to(?target=shelf_3),0.0,0.002226,0.0022,0.0
nofold/s20_off,25,d(item_2),move_to(?target=shelf_3),38.6,0.000553,0.001,20.0
nofold/s20_off,25,d(item_3),move_to(?target=kitting_table_0),0.0,0.409963,0.4097,40.0
nofold/s20_off,25,d(item_4),move_to(?target=shelf_3),38.6,0.289021,0.2338,20.0
nofold/s20_off,25,d(item_6),move_to(?target=shelf_3),38.6,0.386351,0.3125,20.0
nofold/s20_off,25,d(item_7),move_to(?target=shelf_3),38.6,0.002515,0.002,20.0
nofold/s20_off,26,d(item_2),move_to(?target=shelf_3),77.9,0.00063,0.001,40.0
nofold/s20_off,26,d(item_3),move_to(?target=kitting_table_0),0.0,0.467025,0.4667,60.0
nofold/s20_off,26,d(item_4),move_to(?target=shelf_3),77.9,0.329249,0.207,40.0
nofold/s20_off,26,d(item_6),move_to(?target=shelf_3),77.9,0.440125,0.2768,40.0
nofold/s20_off,26,d(item_7),move_to(?target=shelf_3),77.9,0.002865,0.0018,40.0
nofold/s20_off,27,d(item_2),move_to(?target=shelf_3),117.4,0.000717,0.001,60.0
nofold/s20_off,27,d(item_3),move_to(?target=kitting_table_0),0.0,0.531501,0.5311,80.0
nofold/s20_off,27,d(item_4),move_to(?target=shelf_3),117.4,0.374705,0.1768,60.0
nofold/s20_off,27,d(item_6),move_to(?target=shelf_3),117.4,0.500888,0.2364,60.0
nofold/s20_off,27,d(item_7),move_to(?target=shelf_3),117.4,0.00326,0.0015,60.0
nofold/s20_off,28,d(item_2),move_to(?target=shelf_3),157.1,0.000808,0.001,80.0
nofold/s20_off,28,d(item_3),move_to(?target=kitting_table_0),-0.0,0.598973,0.5985,100.0
nofold/s20_off,28,d(item_4),move_to(?target=shelf_3),157.1,0.422272,0.1452,80.0
nofold/s20_off,28,d(item_6),move_to(?target=shelf_3),157.1,0.564474,0.1941,80.0
nofold/s20_off,28,d(item_7),move_to(?target=shelf_3),157.1,0.003674,0.0013,80.0
nofold/s20_off,29,d(item_2),move_to(?target=shelf_3),196.9,0.000896,0.001,100.0
nofold/s20_off,29,d(item_3),move_to(?target=kitting_table_0),0.0,0.664218,0.6637,120.0
nofold/s20_off,29,d(item_4),move_to(?target=shelf_3),196.9,0.468269,0.1147,100.0
nofold/s20_off,29,d(item_6),move_to(?target=shelf_3),196.9,0.625961,0.1533,100.0
nofold/s20_off,29,d(item_7),move_to(?target=shelf_3),196.9,0.004074,0.001,100.0
nofold/s20_off,30,d(item_2),move_to(?target=shelf_3),236.7,0.000975,0.001,120.0
nofold/s20_off,30,d(item_3),move_to(?target=kitting_table_0),-0.0,0.722689,0.7219,140.0
nofold/s20_off,30,d(item_4),move_to(?target=shelf_3),236.7,0.509491,0.0873,120.0
nofold/s20_off,30,d(item_6),move_to(?target=shelf_3),236.7,0.681064,0.1166,120.0
nofold/s20_off,30,d(item_7),move_to(?target=shelf_3),236.7,0.004433,0.001,120.0
nofold/s20_off,31,d(item_2),move_to(?target=shelf_3),276.6,0.001041,0.001,140.0
nofold/s20_off,31,d(item_3),move_to(?target=kitting_table_0),0.0,0.771628,0.7706,160.0
nofold/s20_off,31,d(item_4),move_to(?target=shelf_3),276.6,0.543992,0.0643,140.0
nofold/s20_off,31,d(item_6),move_to(?target=shelf_3),276.6,0.727184,0.086,140.0
nofold/s20_off,31,d(item_7),move_to(?target=shelf_3),276.6,0.004733,0.001,140.0
nofold/s20_off,32,d(item_2),move_to(?target=shelf_3),316.5,0.001093,0.001,160.0
nofold/s20_off,32,d(item_3),move_to(?target=kitting_table_0),-0.0,0.8103,0.8091,180.0
nofold/s20_off,32,d(item_4),move_to(?target=shelf_3),316.5,0.571256,0.0462,160.0
nofold/s20_off,32,d(item_6),move_to(?target=shelf_3),316.5,0.763629,0.0618,160.0
nofold/s20_off,32,d(item_7),move_to(?target=shelf_3),316.5,0.00497,0.001,160.0
nofold/s20_off,33,d(item_2),move_to(?target=shelf_3),356.4,0.001133,0.001,180.0
nofold/s20_off,33,d(item_3),move_to(?target=kitting_table_0),-0.0,0.839495,0.8381,200.0
nofold/s20_off,33,d(item_4),move_to(?target=shelf_3),356.4,0.591838,0.0326,180.0
nofold/s20_off,33,d(item_6),move_to(?target=shelf_3),356.4,0.791143,0.0435,180.0
nofold/s20_off,33,d(item_7),move_to(?target=shelf_3),356.4,0.005149,0.001,180.0
nofold/s20_off,34,d(item_2),move_to(?target=shelf_3),396.3,0.001162,0.001,200.0
nofold/s20_off,34,d(item_3),move_to(?target=kitting_table_0),-0.0,0.860783,0.8593,220.0
nofold/s20_off,34,d(item_4),move_to(?target=shelf_3),396.3,0.606846,0.0226,200.0
nofold/s20_off,34,d(item_6),move_to(?target=shelf_3),396.3,0.811204,0.0302,200.0
nofold/s20_off,34,d(item_7),move_to(?target=shelf_3),396.3,0.00528,0.001,200.0
nofold/s20_off,35,d(item_2),move_to(?target=shelf_3),436.2,0.001182,0.001,220.0
nofold/s20_off,35,d(item_3),move_to(?target=kitting_table_0),0.0,0.875915,0.8743,240.0
nofold/s20_off,35,d(item_4),move_to(?target=shelf_3),436.2,0.617514,0.0155,220.0
nofold/s20_off,35,d(item_6),move_to(?target=shelf_3),436.2,0.825465,0.0207,220.0
nofold/s20_off,35,d(item_7),move_to(?target=shelf_3),436.2,0.005373,0.001,220.0
nofold/s20_off,36,d(item_2),move_to(?target=shelf_3),476.2,0.001196,0.001,240.0
nofold/s20_off,36,d(item_3),move_to(?target=kitting_table_0),0.0,0.886479,0.8848,260.0
nofold/s20_off,36,d(item_4),move_to(?target=shelf_3),476.2,0.624961,0.0106,240.0
nofold/s20_off,36,d(item_6),move_to(?target=shelf_3),476.2,0.83542,0.0141,240.0
nofold/s20_off,36,d(item_7),move_to(?target=shelf_3),476.2,0.005437,0.001,240.0
nofold/s20_off,37,d(item_2),move_to(?target=shelf_3),516.1,0.001206,0.001,260.0
nofold/s20_off,37,d(item_3),move_to(?target=kitting_table_0),0.0,0.893759,0.892,280.0
nofold/s20_off,37,d(item_4),move_to(?target=shelf_3),516.1,0.630094,0.0072,260.0
nofold/s20_off,37,d(item_6),move_to(?target=shelf_3),516.1,0.842281,0.0096,260.0
nofold/s20_off,37,d(item_7),move_to(?target=shelf_3),516.1,0.005482,0.001,260.0
nofold/s20_off,38,d(item_2),move_to(?target=shelf_3),556.1,0.001213,0.001,280.0
nofold/s20_off,38,d(item_3),move_to(?target=kitting_table_0),0.0,0.898733,0.897,300.0
nofold/s20_off,38,d(item_4),move_to(?target=shelf_3),556.1,0.6336,0.0048,280.0
nofold/s20_off,38,d(item_6),move_to(?target=shelf_3),556.1,0.846969,0.0065,280.0
nofold/s20_off,38,d(item_7),move_to(?target=shelf_3),556.1,0.005512,0.001,280.0
nofold/s20_off,39,d(item_2),move_to(?target=shelf_3),596.1,0.001217,0.001,300.0
nofold/s20_off,39,d(item_3),move_to(?target=kitting_table_0),0.0,0.90211,0.9003,320.0
nofold/s20_off,39,d(item_4),move_to(?target=shelf_3),596.1,0.635981,0.0033,300.0
nofold/s20_off,39,d(item_6),move_to(?target=shelf_3),596.1,0.850151,0.0044,300.0
nofold/s20_off,39,d(item_7),move_to(?target=shelf_3),596.1,0.005533,0.001,300.0
nofold/s20_off,40,d(item_2),move_to(?target=shelf_3),636.0,0.00122,0.001,320.0
nofold/s20_off,40,d(item_3),move_to(?target=kitting_table_0),0.0,0.904394,0.9026,340.0
nofold/s20_off,40,d(item_4),move_to(?target=shelf_3),636.0,0.637592,0.0022,320.0
nofold/s20_off,40,d(item_6),move_to(?target=shelf_3),636.0,0.852304,0.0029,320.0
nofold/s20_off,40,d(item_7),move_to(?target=shelf_3),636.0,0.005547,0.001,320.0
nofold/s20_off,41,d(item_2),move_to(?target=shelf_3),676.0,0.001223,0.001,340.0
nofold/s20_off,41,d(item_3),move_to(?target=kitting_table_0),0.0,0.905935,0.9041,360.0
nofold/s20_off,41,d(item_4),move_to(?target=shelf_3),676.0,0.638678,0.0015,340.0
nofold/s20_off,41,d(item_6),move_to(?target=shelf_3),676.0,0.853756,0.002,340.0
nofold/s20_off,41,d(item_7),move_to(?target=shelf_3),676.0,0.005557,0.001,340.0
nofold/s20_off,42,d(item_2),move_to(?target=shelf_3),716.0,0.001224,0.001,360.0
nofold/s20_off,42,d(item_3),move_to(?target=kitting_table_0),0.0,0.906971,0.9052,380.0
nofold/s20_off,42,d(item_4),move_to(?target=shelf_3),716.0,0.639409,0.001,360.0
nofold/s20_off,42,d(item_6),move_to(?target=shelf_3),716.0,0.854733,0.0013,360.0
nofold/s20_off,42,d(item_7),move_to(?target=shelf_3),716.0,0.005563,0.001,360.0
nofold/s20_off,43,d(item_2),move_to(?target=shelf_3),755.9,0.001225,0.001,380.0
nofold/s20_off,43,d(item_3),move_to(?target=kitting_table_0),-0.0,0.907668,0.9055,400.0
nofold/s20_off,43,d(item_4),move_to(?target=shelf_3),755.9,0.6399,0.001,380.0
nofold/s20_off,43,d(item_6),move_to(?target=shelf_3),755.9,0.855389,0.001,380.0
nofold/s20_off,43,d(item_7),move_to(?target=shelf_3),755.9,0.005567,0.001,380.0
nofold/s20_off,44,d(item_2),move_to(?target=shelf_3),795.9,0.001225,0.001,400.0
nofold/s20_off,44,d(item_3),move_to(?target=kitting_table_0),-0.0,0.908136,0.9055,420.0
nofold/s20_off,44,d(item_4),move_to(?target=shelf_3),795.9,0.64023,0.001,400.0
nofold/s20_off,44,d(item_6),move_to(?target=shelf_3),795.9,0.855831,0.001,400.0
nofold/s20_off,44,d(item_7),move_to(?target=shelf_3),795.9,0.00557,0.001,400.0
nofold/s20_off,45,d(item_2),move_to(?target=shelf_3),835.9,0.001226,0.001,420.0
nofold/s20_off,45,d(item_3),move_to(?target=kitting_table_0),0.0,0.908451,0.9055,440.0
nofold/s20_off,45,d(item_4),move_to(?target=shelf_3),835.9,0.640451,0.001,420.0
nofold/s20_off,45,d(item_6),move_to(?target=shelf_3),835.9,0.856127,0.001,420.0
nofold/s20_off,45,d(item_7),move_to(?target=shelf_3),835.9,0.005572,0.001,420.0
nofold/s20_off,46,d(item_2),move_to(?target=shelf_3),875.9,0.001226,0.001,440.0
nofold/s20_off,46,d(item_3),move_to(?target=kitting_table_0),0.0,0.908662,0.9055,460.0
nofold/s20_off,46,d(item_4),move_to(?target=shelf_3),875.9,0.6406,0.001,440.0
nofold/s20_off,46,d(item_6),move_to(?target=shelf_3),875.9,0.856325,0.001,440.0
nofold/s20_off,46,d(item_7),move_to(?target=shelf_3),875.9,0.005573,0.001,440.0
nofold/s20_off,47,d(item_2),move_to(?target=shelf_3),915.9,0.001226,0.001,460.0
nofold/s20_off,47,d(item_3),move_to(?target=kitting_table_0),-0.0,0.908803,0.9055,480.0
nofold/s20_off,47,d(item_4),move_to(?target=shelf_3),915.9,0.6407,0.001,460.0
nofold/s20_off,47,d(item_6),move_to(?target=shelf_3),915.9,0.856459,0.001,460.0
nofold/s20_off,47,d(item_7),move_to(?target=shelf_3),915.9,0.005574,0.001,460.0
nofold/s20_off,48,d(item_2),move_to(?target=shelf_3),955.9,0.001227,0.001,480.0
nofold/s20_off,48,d(item_3),move_to(?target=kitting_table_0),-0.0,0.908898,0.9055,500.0
nofold/s20_off,48,d(item_4),move_to(?target=shelf_3),955.9,0.640767,0.001,480.0
nofold/s20_off,48,d(item_6),move_to(?target=shelf_3),955.9,0.856548,0.001,480.0
nofold/s20_off,48,d(item_7),move_to(?target=shelf_3),955.9,0.005575,0.001,480.0
nofold/s20_off,49,d(item_2),move_to(?target=shelf_3),995.8,0.001227,0.001,500.0
nofold/s20_off,49,d(item_3),move_to(?target=kitting_table_0),-0.0,0.908961,0.9055,520.0
nofold/s20_off,49,d(item_4),move_to(?target=shelf_3),995.8,0.640812,0.001,500.0
nofold/s20_off,49,d(item_6),move_to(?target=shelf_3),995.8,0.856608,0.001,500.0
nofold/s20_off,49,d(item_7),move_to(?target=shelf_3),995.8,0.005575,0.001,500.0
nofold/s20_off,50,d(item_2),move_to(?target=shelf_3),1035.8,0.001227,0.001,520.0
nofold/s20_off,50,d(item_3),move_to(?target=kitting_table_0),-0.0,0.909004,0.9055,540.0
nofold/s20_off,50,d(item_4),move_to(?target=shelf_3),1035.8,0.640842,0.001,520.0
nofold/s20_off,50,d(item_6),move_to(?target=shelf_3),1035.8,0.856648,0.001,520.0
nofold/s20_off,50,d(item_7),move_to(?target=shelf_3),1035.8,0.005575,0.001,520.0
nofold/s20_off,51,d(item_2),move_to(?target=shelf_3),1075.8,0.001227,0.001,540.0
nofold/s20_off,51,d(item_3),move_to(?target=kitting_table_0),-0.0,0.909033,0.9055,560.0
nofold/s20_off,51,d(item_4),move_to(?target=shelf_3),1075.8,0.640862,0.001,540.0
nofold/s20_off,51,d(item_6),move_to(?target=shelf_3),1075.8,0.856675,0.001,540.0
nofold/s20_off,51,d(item_7),move_to(?target=shelf_3),1075.8,0.005576,0.001,540.0
nofold/s20_off,52,d(item_2),move_to(?target=shelf_3),1115.8,0.001227,0.001,560.0
nofold/s20_off,52,d(item_3),"place(?item=item_3,?target=kitting_table_0)",,0.909069,0.9055,0.0
nofold/s20_off,52,d(item_6),move_to(?target=shelf_3),1115.8,0.856709,0.001,560.0
nofold/s20_off,52,d(item_7),move_to(?target=shelf_3),1115.8,0.005576,0.001,560.0
nofold/s20_off,53,d(item_2),move_to(?target=shelf_3),1115.8,0.001227,0.001,560.0
nofold/s20_off,53,d(item_3),"place(?item=item_3,?target=kitting_table_0)",,0.909069,0.9055,0.0
nofold/s20_off,53,d(item_6),move_to(?target=shelf_3),1115.8,0.856709,0.001,560.0
nofold/s20_off,53,d(item_7),move_to(?target=shelf_3),1115.8,0.005576,0.001,560.0
nofold/s20_off,54,d(item_2),move_to(?target=item_2),0.0,0.25,0.2495,0.0
nofold/s20_off,54,d(item_6),move_to(?target=item_6),0.0,0.25,0.2495,0.0
nofold/s20_off,54,d(item_7),move_to(?target=item_7),0.0,0.25,0.2495,0.0
nofold/s20_off,55,d(item_2),move_to(?target=item_2),0.0,0.25,0.2495,0.0
nofold/s20_off,55,d(item_6),move_to(?target=item_6),0.0,0.25,0.2495,0.0
nofold/s20_off,55,d(item_7),move_to(?target=item_7),0.0,0.25,0.2495,0.0
nofold/s20_off,56,d(item_2),move_to(?target=item_2),0.0,0.25,0.2495,0.0
nofold/s20_off,56,d(item_6),move_to(?target=item_6),0.0,0.25,0.2495,0.0
nofold/s20_off,56,d(item_7),move_to(?target=item_7),0.0,0.25,0.2495,0.0
nofold/s20_off,57,d(item_2),move_to(?target=item_2),0.0,0.33121,0.3305,20.0
nofold/s20_off,57,d(item_6),move_to(?target=item_6),16.0,0.33121,0.3042,20.0
nofold/s20_off,57,d(item_7),move_to(?target=item_7),0.2,0.33121,0.3302,20.0
nofold/s20_off,58,d(item_2),move_to(?target=item_2),0.0,0.340473,0.3398,40.0
nofold/s20_off,58,d(item_6),move_to(?target=item_6),32.4,0.340473,0.2851,40.0
nofold/s20_off,58,d(item_7),move_to(?target=item_7),0.4,0.340473,0.3391,40.0
nofold/s20_off,59,d(item_2),move_to(?target=item_2),0.0,0.350298,0.3496,60.0
nofold/s20_off,59,d(item_6),move_to(?target=item_6),49.4,0.350298,0.265,60.0
nofold/s20_off,59,d(item_7),move_to(?target=item_7),0.6,0.350298,0.3485,60.0
nofold/s20_off,60,d(item_2),move_to(?target=item_2),0.0,0.360578,0.3599,80.0
nofold/s20_off,60,d(item_6),move_to(?target=item_6),66.8,0.360578,0.2439,80.0
nofold/s20_off,60,d(item_7),move_to(?target=item_7),0.9,0.360578,0.3583,80.0
nofold/s20_off,61,d(item_2),move_to(?target=item_2),0.0,0.371173,0.3704,100.0
nofold/s20_off,61,d(item_6),move_to(?target=item_6),84.8,0.371173,0.2222,100.0
nofold/s20_off,61,d(item_7),move_to(?target=item_7),1.1,0.371173,0.3684,100.0
nofold/s20_off,62,d(item_2),move_to(?target=item_2),0.0,0.381915,0.3812,120.0
nofold/s20_off,62,d(item_6),move_to(?target=item_6),103.2,0.381915,0.2002,120.0
nofold/s20_off,62,d(item_7),move_to(?target=item_7),1.4,0.381915,0.3785,120.0
nofold/s20_off,63,d(item_2),move_to(?target=item_2),0.0,0.392622,0.3918,140.0
nofold/s20_off,63,d(item_6),move_to(?target=item_6),122.2,0.392622,0.1784,140.0
nofold/s20_off,63,d(item_7),move_to(?target=item_7),1.7,0.392622,0.3886,140.0
nofold/s20_off,64,d(item_2),move_to(?target=item_2),0.0,0.403101,0.4023,160.0
nofold/s20_off,64,d(item_6),move_to(?target=item_6),141.6,0.403101,0.1571,160.0
nofold/s20_off,64,d(item_7),move_to(?target=item_7),1.9,0.403101,0.3984,160.0
nofold/s20_off,65,d(item_2),move_to(?target=item_2),0.0,0.413174,0.4123,180.0
nofold/s20_off,65,d(item_6),move_to(?target=item_6),161.6,0.413174,0.1367,180.0
nofold/s20_off,65,d(item_7),move_to(?target=item_7),2.2,0.413174,0.4077,180.0
nofold/s20_off,66,d(item_2),move_to(?target=item_2),0.0,0.422681,0.4218,200.0
nofold/s20_off,66,d(item_6),move_to(?target=item_6),182.1,0.422681,0.1176,200.0
nofold/s20_off,66,d(item_7),move_to(?target=item_7),2.6,0.422681,0.4164,200.0
nofold/s20_off,67,d(item_2),move_to(?target=item_2),0.0,0.431497,0.4306,220.0
nofold/s20_off,67,d(item_6),move_to(?target=item_6),203.0,0.431497,0.1,220.0
nofold/s20_off,67,d(item_7),move_to(?target=item_7),2.9,0.431497,0.4244,220.0
nofold/s20_off,68,d(item_2),move_to(?target=item_2),0.0,0.439539,0.4387,240.0
nofold/s20_off,68,d(item_6),move_to(?target=item_6),224.5,0.439539,0.084,240.0
nofold/s20_off,68,d(item_7),move_to(?target=item_7),3.3,0.439539,0.4315,240.0
nofold/s20_off,69,d(item_2),move_to(?target=item_2),0.0,0.446762,0.4459,260.0
nofold/s20_off,69,d(item_6),move_to(?target=item_6),246.5,0.446762,0.0699,260.0
nofold/s20_off,69,d(item_7),move_to(?target=item_7),3.7,0.446762,0.4377,260.0
nofold/s20_off,70,d(item_2),move_to(?target=item_2),0.0,0.453164,0.4523,280.0
nofold/s20_off,70,d(item_6),move_to(?target=item_6),269.0,0.453164,0.0575,280.0
nofold/s20_off,70,d(item_7),move_to(?target=item_7),4.1,0.453164,0.443,280.0
nofold/s20_off,71,d(item_2),move_to(?target=item_2),0.0,0.458775,0.4579,300.0
nofold/s20_off,71,d(item_6),move_to(?target=item_6),292.0,0.458775,0.0469,300.0
nofold/s20_off,71,d(item_7),move_to(?target=item_7),4.5,0.458775,0.4475,300.0
nofold/s20_off,72,d(item_2),move_to(?target=item_2),0.0,0.463651,0.4627,320.0
nofold/s20_off,72,d(item_6),move_to(?target=item_6),315.4,0.463651,0.0379,320.0
nofold/s20_off,72,d(item_7),move_to(?target=item_7),5.0,0.463651,0.4511,320.0
nofold/s20_off,73,d(item_2),move_to(?target=item_2),0.0,0.467865,0.4669,340.0
nofold/s20_off,73,d(item_6),move_to(?target=item_6),339.4,0.467865,0.0303,340.0
nofold/s20_off,73,d(item_7),move_to(?target=item_7),5.5,0.467865,0.454,340.0
nofold/s20_off,74,d(item_2),move_to(?target=item_2),0.0,0.4715,0.4706,360.0
nofold/s20_off,74,d(item_6),move_to(?target=item_6),363.8,0.4715,0.0241,360.0
nofold/s20_off,74,d(item_7),move_to(?target=item_7),6.1,0.4715,0.4563,360.0
nofold/s20_off,75,d(item_2),move_to(?target=item_2),0.0,0.474645,0.4737,380.0
nofold/s20_off,75,d(item_6),move_to(?target=item_6),388.7,0.474645,0.019,380.0
nofold/s20_off,75,d(item_7),move_to(?target=item_7),6.7,0.474645,0.4579,380.0
nofold/s20_off,76,d(item_2),move_to(?target=item_2),0.0,0.477384,0.4764,400.0
nofold/s20_off,76,d(item_6),move_to(?target=item_6),414.0,0.477384,0.0149,400.0
nofold/s20_off,76,d(item_7),move_to(?target=item_7),7.3,0.477384,0.459,400.0
nofold/s20_off,77,d(item_2),move_to(?target=item_2),0.0,0.4798,0.4788,420.0
nofold/s20_off,77,d(item_6),move_to(?target=item_6),439.8,0.4798,0.0116,420.0
nofold/s20_off,77,d(item_7),move_to(?target=item_7),8.0,0.4798,0.4596,420.0
nofold/s20_off,78,d(item_2),move_to(?target=item_2),0.0,0.48197,0.481,440.0
nofold/s20_off,78,d(item_6),move_to(?target=item_6),466.0,0.48197,0.009,440.0
nofold/s20_off,78,d(item_7),move_to(?target=item_7),8.8,0.48197,0.4599,440.0
nofold/s20_off,79,d(item_2),move_to(?target=item_2),0.0,0.483963,0.483,460.0
nofold/s20_off,79,d(item_6),move_to(?target=item_6),492.7,0.483963,0.007,460.0
nofold/s20_off,79,d(item_7),move_to(?target=item_7),9.6,0.483963,0.4598,460.0
nofold/s20_off,80,d(item_2),move_to(?target=item_2),0.0,0.485844,0.4849,480.0
nofold/s20_off,80,d(item_6),move_to(?target=item_6),519.8,0.485844,0.0053,480.0
nofold/s20_off,80,d(item_7),move_to(?target=item_7),10.6,0.485844,0.4593,480.0
nofold/s20_off,81,d(item_2),move_to(?target=item_2),0.0,0.48767,0.4867,500.0
nofold/s20_off,81,d(item_6),move_to(?target=item_6),547.3,0.48767,0.0041,500.0
nofold/s20_off,81,d(item_7),move_to(?target=item_7),11.6,0.48767,0.4586,500.0
nofold/s20_off,82,d(item_2),move_to(?target=item_2),0.0,0.489498,0.4885,520.0
nofold/s20_off,82,d(item_6),move_to(?target=item_6),575.2,0.489498,0.0031,520.0
nofold/s20_off,82,d(item_7),move_to(?target=item_7),12.7,0.489498,0.4575,520.0
nofold/s20_off,83,d(item_2),move_to(?target=item_2),0.0,0.491381,0.4904,540.0
nofold/s20_off,83,d(item_6),move_to(?target=item_6),603.5,0.491381,0.0023,540.0
nofold/s20_off,83,d(item_7),move_to(?target=item_7),14.0,0.491381,0.4562,540.0
nofold/s20_off,84,d(item_2),move_to(?target=item_2),0.0,0.493372,0.4924,560.0
nofold/s20_off,84,d(item_6),move_to(?target=item_6),632.1,0.493372,0.0018,560.0
nofold/s20_off,84,d(item_7),move_to(?target=item_7),15.4,0.493372,0.4546,560.0
nofold/s20_off,85,d(item_2),move_to(?target=item_2),0.0,0.495527,0.4945,580.0
nofold/s20_off,85,d(item_6),move_to(?target=item_6),661.1,0.495527,0.0013,580.0
nofold/s20_off,85,d(item_7),move_to(?target=item_7),17.0,0.495527,0.4527,580.0
nofold/s20_off,86,d(item_2),move_to(?target=item_2),0.0,0.49791,0.4969,600.0
nofold/s20_off,86,d(item_6),move_to(?target=item_6),690.5,0.49791,0.001,600.0
nofold/s20_off,86,d(item_7),move_to(?target=item_7),18.8,0.49791,0.4504,600.0
nofold/s20_off,87,d(item_2),pick_up(?item=item_2),,0.500593,0.4995,0.0
nofold/s20_off,87,d(item_6),move_to(?target=item_6),720.2,0.500593,0.001,620.0
nofold/s20_off,87,d(item_7),move_to(?target=item_7),20.8,0.500593,0.4476,620.0
nofold/s20_off,88,d(item_2),pick_up(?item=item_2),,0.500593,0.4995,0.0
nofold/s20_off,88,d(item_6),move_to(?target=item_6),720.2,0.500593,0.001,620.0
nofold/s20_off,88,d(item_7),move_to(?target=item_7),20.8,0.500593,0.4476,620.0
nofold/s20_off,89,d(item_2),move_to(?target=kitting_table_0),0.0,0.500593,0.4995,0.0
nofold/s20_off,89,d(item_6),"place(?item=item_2,?target=shelf_2)",,0.000745,0.001,0.0
nofold/s20_off,89,d(item_7),"place(?item=item_2,?target=shelf_2)",,0.448603,0.4476,0.0
nofold/s20_off,90,d(item_2),move_to(?target=kitting_table_0),0.0,0.500593,0.4995,0.0
nofold/s20_off,90,d(item_6),"place(?item=item_2,?target=shelf_2)",,0.000745,0.001,0.0
nofold/s20_off,90,d(item_7),"place(?item=item_2,?target=shelf_2)",,0.448603,0.4476,0.0
nofold/s20_off,91,d(item_2),move_to(?target=kitting_table_0),0.0,0.500593,0.4995,20.0
nofold/s20_off,91,d(item_6),move_to(?target=shelf_2),0.0,0.000745,0.001,0.0
nofold/s20_off,91,d(item_7),move_to(?target=shelf_2),0.0,0.448603,0.4476,0.0
nofold/s20_off,92,d(item_2),move_to(?target=kitting_table_0),0.0,0.549311,0.548,40.0
nofold/s20_off,92,d(item_6),move_to(?target=shelf_2),40.0,0.000818,0.001,20.0
nofold/s20_off,92,d(item_7),move_to(?target=shelf_2),40.0,0.492262,0.3942,20.0
nofold/s20_off,93,d(item_2),move_to(?target=kitting_table_0),0.0,0.603653,0.6022,60.0
nofold/s20_off,93,d(item_6),move_to(?target=shelf_2),80.0,0.000898,0.001,40.0
nofold/s20_off,93,d(item_7),move_to(?target=shelf_2),80.0,0.54096,0.3346,40.0
nofold/s20_off,94,d(item_2),move_to(?target=kitting_table_0),0.0,0.659822,0.6581,80.0
nofold/s20_off,94,d(item_6),move_to(?target=shelf_2),120.0,0.000982,0.001,60.0
nofold/s20_off,94,d(item_7),move_to(?target=shelf_2),120.0,0.591295,0.273,60.0
nofold/s20_off,95,d(item_2),move_to(?target=kitting_table_0),0.0,0.713484,0.7116,100.0
nofold/s20_off,95,d(item_6),move_to(?target=shelf_2),160.0,0.001062,0.001,80.0
nofold/s20_off,95,d(item_7),move_to(?target=shelf_2),160.0,0.639385,0.2142,80.0
nofold/s20_off,96,d(item_2),move_to(?target=kitting_table_0),0.0,0.761034,0.759,120.0
nofold/s20_off,96,d(item_6),move_to(?target=shelf_2),200.0,0.001133,0.001,100.0
nofold/s20_off,96,d(item_7),move_to(?target=shelf_2),200.0,0.681996,0.1621,100.0
nofold/s20_off,97,d(item_2),move_to(?target=kitting_table_0),0.0,0.800437,0.7982,140.0
nofold/s20_off,97,d(item_6),move_to(?target=shelf_2),240.0,0.001191,0.001,120.0
nofold/s20_off,97,d(item_7),move_to(?target=shelf_2),240.0,0.717307,0.119,120.0
nofold/s20_off,98,d(item_2),move_to(?target=kitting_table_0),0.0,0.831316,0.8289,160.0
nofold/s20_off,98,d(item_6),move_to(?target=shelf_2),280.0,0.001237,0.001,140.0
nofold/s20_off,98,d(item_7),move_to(?target=shelf_2),280.0,0.744978,0.0852,140.0
nofold/s20_off,99,d(item_2),move_to(?target=kitting_table_0),0.0,0.854472,0.852,180.0
nofold/s20_off,99,d(item_6),move_to(?target=shelf_2),320.0,0.001272,0.001,160.0
nofold/s20_off,99,d(item_7),move_to(?target=shelf_2),320.0,0.76573,0.0598,160.0
nofold/s20_off,100,d(item_2),move_to(?target=kitting_table_0),0.0,0.871271,0.8687,200.0
nofold/s20_off,100,d(item_6),move_to(?target=shelf_2),360.0,0.001297,0.001,180.0
nofold/s20_off,100,d(item_7),move_to(?target=shelf_2),360.0,0.780784,0.0414,180.0
nofold/s20_off,101,d(item_2),move_to(?target=kitting_table_0),0.0,0.883166,0.8806,220.0
nofold/s20_off,101,d(item_6),move_to(?target=shelf_2),400.0,0.001315,0.001,200.0
nofold/s20_off,101,d(item_7),move_to(?target=shelf_2),400.0,0.791444,0.0284,200.0
nofold/s20_off,102,d(item_2),move_to(?target=kitting_table_0),0.0,0.891445,0.8888,240.0
nofold/s20_off,102,d(item_6),move_to(?target=shelf_2),440.0,0.001327,0.001,220.0
nofold/s20_off,102,d(item_7),move_to(?target=shelf_2),440.0,0.798863,0.0193,220.0
nofold/s20_off,103,d(item_2),move_to(?target=kitting_table_0),0.0,0.897139,0.8945,260.0
nofold/s20_off,103,d(item_6),move_to(?target=shelf_2),480.0,0.001335,0.001,240.0
nofold/s20_off,103,d(item_7),move_to(?target=shelf_2),480.0,0.803966,0.0131,240.0
nofold/s20_off,104,d(item_2),move_to(?target=kitting_table_0),0.0,0.901023,0.8983,280.0
nofold/s20_off,104,d(item_6),move_to(?target=shelf_2),520.0,0.001341,0.001,260.0
nofold/s20_off,104,d(item_7),move_to(?target=shelf_2),520.0,0.807447,0.0088,260.0
nofold/s20_off,105,d(item_2),move_to(?target=kitting_table_0),0.0,0.903657,0.901,300.0
nofold/s20_off,105,d(item_6),move_to(?target=shelf_2),560.0,0.001345,0.001,280.0
nofold/s20_off,105,d(item_7),move_to(?target=shelf_2),560.0,0.809807,0.0059,280.0
nofold/s20_off,106,d(item_2),move_to(?target=kitting_table_0),0.0,0.905437,0.9027,320.0
nofold/s20_off,106,d(item_6),move_to(?target=shelf_2),600.0,0.001348,0.001,300.0
nofold/s20_off,106,d(item_7),move_to(?target=shelf_2),600.0,0.811402,0.004,300.0
nofold/s20_off,107,d(item_2),move_to(?target=kitting_table_0),0.0,0.906636,0.9039,340.0
nofold/s20_off,107,d(item_6),move_to(?target=shelf_2),640.0,0.001349,0.001,320.0
nofold/s20_off,107,d(item_7),move_to(?target=shelf_2),640.0,0.812477,0.0027,320.0
nofold/s20_off,108,d(item_2),move_to(?target=kitting_table_0),0.0,0.907443,0.9047,360.0
nofold/s20_off,108,d(item_6),move_to(?target=shelf_2),680.0,0.001351,0.001,340.0
nofold/s20_off,108,d(item_7),move_to(?target=shelf_2),680.0,0.8132,0.0018,340.0
nofold/s20_off,109,d(item_2),move_to(?target=kitting_table_0),0.0,0.907985,0.9053,380.0
nofold/s20_off,109,d(item_6),move_to(?target=shelf_2),720.0,0.001351,0.001,360.0
nofold/s20_off,109,d(item_7),move_to(?target=shelf_2),720.0,0.813686,0.0012,360.0
nofold/s20_off,110,d(item_2),move_to(?target=kitting_table_0),0.0,0.908349,0.9055,400.0
nofold/s20_off,110,d(item_6),move_to(?target=shelf_2),760.0,0.001352,0.001,380.0
nofold/s20_off,110,d(item_7),move_to(?target=shelf_2),760.0,0.814012,0.001,380.0
nofold/s20_off,111,d(item_2),move_to(?target=kitting_table_0),0.0,0.908594,0.9055,420.0
nofold/s20_off,111,d(item_6),move_to(?target=shelf_2),800.0,0.001352,0.001,400.0
nofold/s20_off,111,d(item_7),move_to(?target=shelf_2),800.0,0.814231,0.001,400.0
nofold/s20_off,112,d(item_2),move_to(?target=kitting_table_0),0.0,0.908757,0.9055,440.0
nofold/s20_off,112,d(item_6),move_to(?target=shelf_2),840.0,0.001353,0.001,420.0
nofold/s20_off,112,d(item_7),move_to(?target=shelf_2),840.0,0.814378,0.001,420.0
nofold/s20_off,113,d(item_2),move_to(?target=kitting_table_0),0.0,0.908867,0.9055,460.0
nofold/s20_off,113,d(item_6),move_to(?target=shelf_2),880.0,0.001353,0.001,440.0
nofold/s20_off,113,d(item_7),move_to(?target=shelf_2),880.0,0.814476,0.001,440.0
nofold/s20_off,114,d(item_2),move_to(?target=kitting_table_0),0.0,0.908941,0.9055,480.0
nofold/s20_off,114,d(item_6),move_to(?target=shelf_2),920.0,0.001353,0.001,460.0
nofold/s20_off,114,d(item_7),move_to(?target=shelf_2),920.0,0.814542,0.001,460.0
nofold/s20_off,115,d(item_2),move_to(?target=kitting_table_0),0.0,0.90899,0.9055,500.0
nofold/s20_off,115,d(item_6),move_to(?target=shelf_2),960.0,0.001353,0.001,480.0
nofold/s20_off,115,d(item_7),move_to(?target=shelf_2),960.0,0.814586,0.001,480.0
nofold/s20_off,116,d(item_2),move_to(?target=kitting_table_0),0.0,0.909024,0.9055,520.0
nofold/s20_off,116,d(item_6),move_to(?target=shelf_2),1000.0,0.001353,0.001,500.0
nofold/s20_off,116,d(item_7),move_to(?target=shelf_2),1000.0,0.814616,0.001,500.0
nofold/s20_off,117,d(item_2),move_to(?target=kitting_table_0),0.0,0.909046,0.9055,540.0
nofold/s20_off,117,d(item_6),move_to(?target=shelf_2),1040.0,0.001353,0.001,520.0
nofold/s20_off,117,d(item_7),move_to(?target=shelf_2),1040.0,0.814636,0.001,520.0
nofold/s20_off,118,d(item_2),move_to(?target=kitting_table_0),0.0,0.909061,0.9055,560.0
nofold/s20_off,118,d(item_6),move_to(?target=shelf_2),1080.0,0.001353,0.001,540.0
nofold/s20_off,118,d(item_7),move_to(?target=shelf_2),1080.0,0.814649,0.001,540.0
nofold/s20_off,119,d(item_2),move_to(?target=kitting_table_0),0.0,0.909071,0.9055,580.0
nofold/s20_off,119,d(item_6),move_to(?target=shelf_2),1120.0,0.001353,0.001,560.0
nofold/s20_off,119,d(item_7),move_to(?target=shelf_2),1120.0,0.814658,0.001,560.0
nofold/s20_off,120,d(item_2),"place(?item=item_2,?target=kitting_table_0)",,0.909077,0.9055,0.0
nofold/s20_off,120,d(item_6),move_to(?target=shelf_2),1160.0,0.001353,0.001,580.0
nofold/s20_off,120,d(item_7),move_to(?target=shelf_2),1160.0,0.814664,0.001,580.0
nofold/s20_off,121,d(item_2),"place(?item=item_2,?target=kitting_table_0)",,0.909077,0.9055,0.0
nofold/s20_off,121,d(item_6),move_to(?target=shelf_2),1160.0,0.001353,0.001,580.0
nofold/s20_off,121,d(item_7),move_to(?target=shelf_2),1160.0,0.814664,0.001,580.0
nofold/s20_off,122,d(item_6),move_to(?target=item_6),0.0,0.333333,0.3323,0.0
nofold/s20_off,122,d(item_7),move_to(?target=item_7),0.0,0.333333,0.3323,0.0
nofold/s20_off,123,d(item_6),move_to(?target=item_6),0.0,0.333333,0.3323,0.0
nofold/s20_off,123,d(item_7),move_to(?target=item_7),0.0,0.333333,0.3323,0.0
nofold/s20_off,124,d(item_6),move_to(?target=item_6),0.0,0.333333,0.3323,0.0
nofold/s20_off,124,d(item_7),move_to(?target=item_7),0.0,0.333333,0.3323,0.0
nofold/s20_off,125,d(item_6),move_to(?target=item_6),0.0,0.333333,0.3323,0.0
nofold/s20_off,125,d(item_7),move_to(?target=item_7),0.0,0.333333,0.3323,0.0
nofold/s20_off,126,d(item_6),move_to(?target=item_6),0.0,0.333333,0.3323,0.0
nofold/s20_off,126,d(item_7),move_to(?target=item_7),0.0,0.333333,0.3323,0.0
nofold/s20_off,127,d(item_6),move_to(?target=item_6),0.0,0.333333,0.3323,0.0
nofold/s20_off,127,d(item_7),move_to(?target=item_7),0.0,0.333333,0.3323,0.0
nofold/s20_off,128,d(item_6),move_to(?target=item_6),0.0,0.333333,0.3323,0.0
nofold/s20_off,128,d(item_7),move_to(?target=item_7),0.0,0.333333,0.3323,0.0
nofold/s20_off,129,d(item_6),move_to(?target=item_6),0.0,0.333333,0.3323,0.0
nofold/s20_off,129,d(item_7),move_to(?target=item_7),0.0,0.333333,0.3323,0.0
nofold/s20_off,130,d(item_6),move_to(?target=item_6),0.0,0.333333,0.3323,0.0
nofold/s20_off,130,d(item_7),move_to(?target=item_7),0.0,0.333333,0.3323,0.0
nofold/s20_off,131,d(item_6),move_to(?target=item_6),0.0,0.333333,0.3323,0.0
nofold/s20_off,131,d(item_7),move_to(?target=item_7),0.0,0.333333,0.3323,0.0
nofold/s20_off,132,d(item_6),move_to(?target=item_6),0.0,0.333333,0.3323,0.0
nofold/s20_off,132,d(item_7),move_to(?target=item_7),0.0,0.333333,0.3323,0.0
nofold/s20_off,133,d(item_6),move_to(?target=item_6),0.0,0.333333,0.3323,0.0
nofold/s20_off,133,d(item_7),move_to(?target=item_7),0.0,0.333333,0.3323,0.0
nofold/s20_off,134,d(item_6),move_to(?target=item_6),0.0,0.333333,0.3323,0.0
nofold/s20_off,134,d(item_7),move_to(?target=item_7),0.0,0.333333,0.3323,0.0
nofold/s20_off,135,d(item_6),move_to(?target=item_6),0.0,0.333333,0.3323,0.0
nofold/s20_off,135,d(item_7),move_to(?target=item_7),0.0,0.333333,0.3323,0.0
nofold/s20_off,136,d(item_7),move_to(?target=item_7),0.0,0.5,0.498,0.0
nofold/s20_off,137,d(item_7),move_to(?target=item_7),0.0,0.5,0.498,0.0
nofold/s20_off,138,d(item_7),move_to(?target=item_7),0.0,0.5,0.498,0.0
nofold/s20_off,139,d(item_7),move_to(?target=item_7),0.0,0.5,0.498,0.0
nofold/s20_off,140,d(item_7),move_to(?target=item_7),0.0,0.5,0.498,0.0
nofold/s20_off,141,d(item_7),move_to(?target=item_7),0.0,0.5,0.498,0.0
nofold/s20_off,142,d(item_7),move_to(?target=item_7),0.0,0.5,0.498,0.0
nofold/s20_off,143,d(item_7),move_to(?target=item_7),0.0,0.5,0.498,0.0
nofold/s20_off,144,d(item_7),move_to(?target=item_7),0.0,0.5,0.498,0.0
nofold/s20_off,145,d(item_7),move_to(?target=item_7),0.0,0.5,0.498,0.0
nofold/s20_off,146,d(item_7),move_to(?target=item_7),0.0,0.5,0.498,0.0
nofold/s20_off,147,d(item_7),move_to(?target=item_7),0.0,0.5,0.498,0.0
nofold/s20_off,148,d(item_7),move_to(?target=item_7),0.0,0.5,0.498,0.0
nofold/s20_off,149,d(item_7),move_to(?target=item_7),0.0,0.5,0.498,0.0
nofold/s20_off,150,d(item_7),move_to(?target=item_7),0.0,0.5,0.498,0.0
nofold/s20_off,151,d(item_7),move_to(?target=item_7),0.0,0.5,0.498,0.0
nofold/s20_off,152,d(item_7),move_to(?target=item_7),0.0,0.5,0.498,0.0
nofold/s20_off,153,d(item_7),move_to(?target=item_7),0.0,0.5,0.498,0.0
nofold/s20_off,154,d(item_7),move_to(?target=item_7),0.0,0.5,0.498,0.0
nofold/s20_off,155,d(item_7),move_to(?target=item_7),0.0,0.5,0.498,0.0
nofold/s20_off,156,d(item_7),move_to(?target=item_7),0.0,0.5,0.498,0.0
nofold/s20_off,157,d(item_7),move_to(?target=item_7),0.0,0.5,0.498,0.0
nofold/s20_off,158,d(item_7),move_to(?target=item_7),0.0,0.5,0.498,0.0
nofold/s20_off,159,d(item_7),move_to(?target=item_7),0.0,0.5,0.498,0.0
nofold/s20_off,160,d(item_7),move_to(?target=item_7),0.0,0.5,0.498,0.0
nofold/s20_off,161,d(item_7),move_to(?target=item_7),0.0,0.5,0.498,0.0
nofold/s20_off,162,d(item_7),move_to(?target=item_7),0.0,0.5,0.498,0.0
nofold/s20_off,163,d(item_7),move_to(?target=item_7),0.0,0.5,0.498,0.0
nofold/s20_off,164,d(item_7),move_to(?target=item_7),0.0,0.5,0.498,0.0
nofold/s20_off,165,d(item_7),move_to(?target=item_7),0.0,0.5,0.498,0.0
nofold/s20_off,166,d(item_7),move_to(?target=item_7),0.0,0.5,0.498,0.0
nofold/s20_off,167,d(item_7),move_to(?target=item_7),0.0,0.5,0.498,0.0
nofold/s20_off,168,d(item_7),move_to(?target=item_7),0.0,0.5,0.498,0.0
nofold/s20_off,169,d(item_7),move_to(?target=item_7),0.0,0.5,0.498,0.0
nofold/s20_off,170,d(item_7),move_to(?target=item_7),0.0,0.5,0.498,0.0
nofold/s20_off,171,d(item_7),move_to(?target=item_7),0.0,0.5,0.498,0.0
nofold/s20_off,172,d(item_7),move_to(?target=item_7),0.0,0.5,0.498,0.0
nofold/s20_off,173,d(item_7),move_to(?target=item_7),0.0,0.5,0.498,0.0
nofold/s20_off,174,d(item_7),move_to(?target=item_7),0.0,0.5,0.498,0.0
nofold/s20_off,175,d(item_7),move_to(?target=item_7),0.0,0.5,0.498,0.0
nofold/s20_off,176,d(item_7),move_to(?target=item_7),0.0,0.5,0.498,0.0
nofold/s20_off,177,d(item_7),move_to(?target=item_7),0.0,0.5,0.498,0.0
nofold/s20_off,178,d(item_7),move_to(?target=item_7),0.0,0.5,0.498,0.0
nofold/s20_off,179,d(item_7),move_to(?target=item_7),0.0,0.5,0.498,0.0
nofold/s20_off,180,d(item_7),move_to(?target=item_7),0.0,0.5,0.498,0.0
nofold/s20_off,181,d(item_7),move_to(?target=item_7),0.0,0.5,0.498,0.0
nofold/s20_off,182,d(item_7),move_to(?target=item_7),0.0,0.5,0.498,0.0
nofold/s20_off,183,d(item_7),move_to(?target=item_7),0.0,0.5,0.498,0.0
nofold/s20_off,184,d(item_7),move_to(?target=item_7),0.0,0.5,0.498,0.0
nofold/s20_off,185,d(item_7),move_to(?target=item_7),0.0,0.5,0.498,0.0
nofold/s20_off,186,d(item_7),move_to(?target=item_7),0.0,0.5,0.498,0.0
nofold/s20_off,187,d(item_7),move_to(?target=item_7),0.0,0.5,0.498,0.0
nofold/s20_off,188,d(item_7),move_to(?target=item_7),0.0,0.5,0.498,0.0
nofold/s20_off,189,d(item_7),move_to(?target=item_7),0.0,0.5,0.498,0.0
nofold/s20_off,190,d(item_7),move_to(?target=item_7),0.0,0.5,0.498,0.0
nofold/s20_off,191,d(item_7),move_to(?target=item_7),0.0,0.5,0.498,0.0
nofold/s20_off,192,d(item_7),move_to(?target=item_7),0.0,0.5,0.498,0.0
nofold/s20_off,193,d(item_7),move_to(?target=item_7),0.0,0.5,0.498,0.0
nofold/s20_off,194,d(item_7),move_to(?target=item_7),0.0,0.5,0.498,0.0
nofold/s20_off,195,d(item_7),move_to(?target=item_7),0.0,0.5,0.498,0.0
nofold/s20_off,196,d(item_7),move_to(?target=item_7),0.0,0.5,0.498,0.0
nofold/s20_off,197,d(item_7),move_to(?target=item_7),0.0,0.5,0.498,0.0
nofold/s20_off,198,d(item_7),move_to(?target=item_7),0.0,0.5,0.498,0.0
nofold/s20_off,199,d(item_7),move_to(?target=item_7),0.0,0.5,0.498,0.0
nofold/s20_on,0,d(item_2),move_to(?target=item_2),27.8,0.509711,0.438,20.0
nofold/s20_on,0,d(item_3),move_to(?target=item_3),-0.0,0.509711,0.5082,20.0
nofold/s20_on,1,d(item_2),move_to(?target=item_2),56.9,0.548525,0.3954,40.0
nofold/s20_on,1,d(item_3),move_to(?target=item_3),-0.0,0.548525,0.5469,40.0
nofold/s20_on,2,d(item_2),move_to(?target=item_2),87.1,0.591672,0.3481,60.0
nofold/s20_on,2,d(item_3),move_to(?target=item_3),0.0,0.591672,0.5899,60.0
nofold/s20_on,3,d(item_2),move_to(?target=item_2),118.3,0.637396,0.298,80.0
nofold/s20_on,3,d(item_3),move_to(?target=item_3),0.0,0.637396,0.6355,80.0
nofold/s20_on,4,d(item_2),move_to(?target=item_2),150.5,0.683357,0.2476,100.0
nofold/s20_on,4,d(item_3),move_to(?target=item_3),0.0,0.683357,0.6813,100.0
nofold/s20_on,5,d(item_2),move_to(?target=item_2),183.5,0.727076,0.1996,120.0
nofold/s20_on,5,d(item_3),move_to(?target=item_3),-0.0,0.727076,0.7249,120.0
nofold/s20_on,6,d(item_2),move_to(?target=item_2),217.1,0.76646,0.1564,140.0
nofold/s20_on,6,d(item_3),move_to(?target=item_3),-0.0,0.76646,0.7642,140.0
nofold/s20_on,7,d(item_2),move_to(?target=item_2),251.4,0.800184,0.1194,160.0
nofold/s20_on,7,d(item_3),move_to(?target=item_3),0.0,0.800184,0.7978,160.0
nofold/s20_on,8,d(item_2),move_to(?target=item_2),286.3,0.827787,0.0892,180.0
nofold/s20_on,8,d(item_3),move_to(?target=item_3),0.0,0.827787,0.8253,180.0
nofold/s20_on,9,d(item_2),move_to(?target=item_2),321.6,0.849529,0.0653,200.0
nofold/s20_on,9,d(item_3),move_to(?target=item_3),0.0,0.849529,0.847,200.0
nofold/s20_on,10,d(item_2),move_to(?target=item_2),357.4,0.866123,0.0471,220.0
nofold/s20_on,10,d(item_3),move_to(?target=item_3),0.0,0.866123,0.8635,220.0
nofold/s20_on,11,d(item_2),move_to(?target=item_2),393.5,0.878473,0.0336,240.0
nofold/s20_on,11,d(item_3),move_to(?target=item_3),0.0,0.878473,0.8758,240.0
nofold/s20_on,12,d(item_2),move_to(?target=item_2),430.0,0.887484,0.0237,260.0
nofold/s20_on,12,d(item_3),move_to(?target=item_3),-0.0,0.887484,0.8848,260.0
nofold/s20_on,13,d(item_2),move_to(?target=item_2),466.7,0.893959,0.0166,280.0
nofold/s20_on,13,d(item_3),move_to(?target=item_3),0.0,0.893959,0.8913,280.0
nofold/s20_on,14,d(item_2),move_to(?target=item_2),503.8,0.898558,0.0116,300.0
nofold/s20_on,14,d(item_3),move_to(?target=item_3),0.0,0.898558,0.8959,300.0
nofold/s20_on,15,d(item_2),move_to(?target=item_2),541.0,0.901793,0.008,320.0
nofold/s20_on,15,d(item_3),move_to(?target=item_3),-0.0,0.901793,0.8991,320.0
nofold/s20_on,16,d(item_2),move_to(?target=item_2),578.5,0.904054,0.0055,340.0
nofold/s20_on,16,d(item_3),move_to(?target=item_3),-0.0,0.904054,0.9013,340.0
nofold/s20_on,17,d(item_2),move_to(?target=item_2),616.1,0.905625,0.0038,360.0
nofold/s20_on,17,d(item_3),move_to(?target=item_3),-0.0,0.905625,0.9029,360.0
nofold/s20_on,18,d(item_2),move_to(?target=item_2),654.0,0.906712,0.0026,380.0
nofold/s20_on,18,d(item_3),move_to(?target=item_3),-0.0,0.906712,0.904,380.0
nofold/s20_on,19,d(item_2),move_to(?target=item_2),691.9,0.907462,0.0018,400.0
nofold/s20_on,19,d(item_3),move_to(?target=item_3),-0.0,0.907462,0.9047,400.0
nofold/s20_on,20,d(item_2),move_to(?target=item_2),730.1,0.907977,0.0012,420.0
nofold/s20_on,20,d(item_3),pick_up(?item=item_3),,0.907977,0.9053,0.0
nofold/s20_on,21,d(item_2),move_to(?target=item_2),730.1,0.907977,0.0012,420.0
nofold/s20_on,21,d(item_3),pick_up(?item=item_3),,0.907977,0.9053,0.0
nofold/s20_on,22,d(item_2),"place(?item=item_3,?target=shelf_3)",,0.001225,0.0012,0.0
nofold/s20_on,22,d(item_3),move_to(?target=kitting_table_0),0.0,0.907977,0.9053,0.0
nofold/s20_on,23,d(item_2),"place(?item=item_3,?target=shelf_3)",,0.001225,0.0012,0.0
nofold/s20_on,23,d(item_3),move_to(?target=kitting_table_0),0.0,0.907977,0.9053,0.0
nofold/s20_on,24,d(item_2),move_to(?target=shelf_3),0.0,0.001225,0.0012,0.0
nofold/s20_on,24,d(item_3),move_to(?target=kitting_table_0),-0.0,0.907977,0.9053,20.0
nofold/s20_on,25,d(item_2),move_to(?target=shelf_3),38.6,0.001226,0.001,20.0
nofold/s20_on,25,d(item_3),move_to(?target=kitting_table_0),0.0,0.908189,0.9055,40.0
nofold/s20_on,26,d(item_2),move_to(?target=shelf_3),77.9,0.001226,0.001,40.0
nofold/s20_on,26,d(item_3),move_to(?target=kitting_table_0),0.0,0.90839,0.9055,60.0
nofold/s20_on,27,d(item_2),move_to(?target=shelf_3),117.4,0.001226,0.001,60.0
nofold/s20_on,27,d(item_3),move_to(?target=kitting_table_0),0.0,0.908565,0.9055,80.0
nofold/s20_on,28,d(item_2),move_to(?target=shelf_3),157.1,0.001226,0.001,80.0
nofold/s20_on,28,d(item_3),move_to(?target=kitting_table_0),-0.0,0.908707,0.9055,100.0
nofold/s20_on,29,d(item_2),move_to(?target=shelf_3),196.9,0.001226,0.001,100.0
nofold/s20_on,29,d(item_3),move_to(?target=kitting_table_0),0.0,0.908818,0.9055,120.0
nofold/s20_on,30,d(item_2),move_to(?target=shelf_3),236.7,0.001227,0.001,120.0
nofold/s20_on,30,d(item_3),move_to(?target=kitting_table_0),-0.0,0.9089,0.9055,140.0
nofold/s20_on,31,d(item_2),move_to(?target=shelf_3),276.6,0.001227,0.001,140.0
nofold/s20_on,31,d(item_3),move_to(?target=kitting_table_0),0.0,0.908959,0.9055,160.0
nofold/s20_on,32,d(item_2),move_to(?target=shelf_3),316.5,0.001227,0.001,160.0
nofold/s20_on,32,d(item_3),move_to(?target=kitting_table_0),-0.0,0.909001,0.9055,180.0
nofold/s20_on,33,d(item_2),move_to(?target=shelf_3),356.4,0.001227,0.001,180.0
nofold/s20_on,33,d(item_3),move_to(?target=kitting_table_0),-0.0,0.909029,0.9055,200.0
nofold/s20_on,34,d(item_2),move_to(?target=shelf_3),396.3,0.001227,0.001,200.0
nofold/s20_on,34,d(item_3),move_to(?target=kitting_table_0),-0.0,0.909049,0.9055,220.0
nofold/s20_on,35,d(item_2),move_to(?target=shelf_3),436.2,0.001227,0.001,220.0
nofold/s20_on,35,d(item_3),move_to(?target=kitting_table_0),0.0,0.909063,0.9055,240.0
nofold/s20_on,36,d(item_2),move_to(?target=shelf_3),476.2,0.001227,0.001,240.0
nofold/s20_on,36,d(item_3),move_to(?target=kitting_table_0),0.0,0.909072,0.9055,260.0
nofold/s20_on,37,d(item_2),move_to(?target=shelf_3),516.1,0.001227,0.001,260.0
nofold/s20_on,37,d(item_3),move_to(?target=kitting_table_0),0.0,0.909078,0.9055,280.0
nofold/s20_on,38,d(item_2),move_to(?target=shelf_3),556.1,0.001227,0.001,280.0
nofold/s20_on,38,d(item_3),move_to(?target=kitting_table_0),0.0,0.909082,0.9055,300.0
nofold/s20_on,39,d(item_2),move_to(?target=shelf_3),596.1,0.001227,0.001,300.0
nofold/s20_on,39,d(item_3),move_to(?target=kitting_table_0),0.0,0.909085,0.9055,320.0
nofold/s20_on,40,d(item_2),move_to(?target=shelf_3),636.0,0.001227,0.001,320.0
nofold/s20_on,40,d(item_3),move_to(?target=kitting_table_0),0.0,0.909087,0.9055,340.0
nofold/s20_on,41,d(item_2),move_to(?target=shelf_3),676.0,0.001227,0.001,340.0
nofold/s20_on,41,d(item_3),move_to(?target=kitting_table_0),0.0,0.909088,0.9055,360.0
nofold/s20_on,42,d(item_2),move_to(?target=shelf_3),716.0,0.001227,0.001,360.0
nofold/s20_on,42,d(item_3),move_to(?target=kitting_table_0),0.0,0.909089,0.9055,380.0
nofold/s20_on,43,d(item_2),move_to(?target=shelf_3),755.9,0.001227,0.001,380.0
nofold/s20_on,43,d(item_3),move_to(?target=kitting_table_0),-0.0,0.90909,0.9055,400.0
nofold/s20_on,44,d(item_2),move_to(?target=shelf_3),795.9,0.001227,0.001,400.0
nofold/s20_on,44,d(item_3),move_to(?target=kitting_table_0),-0.0,0.90909,0.9055,420.0
nofold/s20_on,45,d(item_2),move_to(?target=shelf_3),835.9,0.001227,0.001,420.0
nofold/s20_on,45,d(item_3),move_to(?target=kitting_table_0),0.0,0.90909,0.9055,440.0
nofold/s20_on,46,d(item_2),move_to(?target=shelf_3),875.9,0.001227,0.001,440.0
nofold/s20_on,46,d(item_3),move_to(?target=kitting_table_0),0.0,0.909091,0.9055,460.0
nofold/s20_on,47,d(item_2),move_to(?target=shelf_3),915.9,0.001227,0.001,460.0
nofold/s20_on,47,d(item_3),move_to(?target=kitting_table_0),-0.0,0.909091,0.9055,480.0
nofold/s20_on,48,d(item_2),move_to(?target=shelf_3),955.9,0.001227,0.001,480.0
nofold/s20_on,48,d(item_3),move_to(?target=kitting_table_0),-0.0,0.909091,0.9055,500.0
nofold/s20_on,49,d(item_2),move_to(?target=shelf_3),995.8,0.001227,0.001,500.0
nofold/s20_on,49,d(item_3),move_to(?target=kitting_table_0),-0.0,0.909091,0.9055,520.0
nofold/s20_on,50,d(item_2),move_to(?target=shelf_3),1035.8,0.001227,0.001,520.0
nofold/s20_on,50,d(item_3),move_to(?target=kitting_table_0),-0.0,0.909091,0.9055,540.0
nofold/s20_on,51,d(item_2),move_to(?target=shelf_3),1075.8,0.001227,0.001,540.0
nofold/s20_on,51,d(item_3),move_to(?target=kitting_table_0),-0.0,0.909091,0.9055,560.0
nofold/s20_on,52,d(item_2),move_to(?target=shelf_3),1115.8,0.001227,0.001,560.0
nofold/s20_on,52,d(item_3),"place(?item=item_3,?target=kitting_table_0)",,0.909091,0.9055,0.0
nofold/s20_on,53,d(item_2),move_to(?target=shelf_3),1115.8,0.001227,0.001,560.0
nofold/s20_on,53,d(item_3),"place(?item=item_3,?target=kitting_table_0)",,0.909091,0.9055,0.0
nofold/s20_on,54,d(item_2),move_to(?target=item_2),0.0,0.5,0.498,0.0
nofold/s20_on,55,d(item_2),move_to(?target=item_2),0.0,0.5,0.498,0.0
nofold/s20_on,56,d(item_2),move_to(?target=item_2),0.0,0.5,0.498,0.0
nofold/s20_on,57,d(item_2),move_to(?target=item_2),0.0,0.909091,0.9055,20.0
nofold/s20_on,58,d(item_2),move_to(?target=item_2),0.0,0.909091,0.9055,40.0
nofold/s20_on,59,d(item_2),move_to(?target=item_2),0.0,0.909091,0.9055,60.0
nofold/s20_on,60,d(item_2),move_to(?target=item_2),0.0,0.909091,0.9055,80.0
nofold/s20_on,61,d(item_2),move_to(?target=item_2),0.0,0.909091,0.9055,100.0
nofold/s20_on,62,d(item_2),move_to(?target=item_2),0.0,0.909091,0.9055,120.0
nofold/s20_on,63,d(item_2),move_to(?target=item_2),0.0,0.909091,0.9055,140.0
nofold/s20_on,64,d(item_2),move_to(?target=item_2),0.0,0.909091,0.9055,160.0
nofold/s20_on,65,d(item_2),move_to(?target=item_2),0.0,0.909091,0.9055,180.0
nofold/s20_on,66,d(item_2),move_to(?target=item_2),0.0,0.909091,0.9055,200.0
nofold/s20_on,67,d(item_2),move_to(?target=item_2),0.0,0.909091,0.9055,220.0
nofold/s20_on,68,d(item_2),move_to(?target=item_2),0.0,0.909091,0.9055,240.0
nofold/s20_on,69,d(item_2),move_to(?target=item_2),0.0,0.909091,0.9055,260.0
nofold/s20_on,70,d(item_2),move_to(?target=item_2),0.0,0.909091,0.9055,280.0
nofold/s20_on,71,d(item_2),move_to(?target=item_2),0.0,0.909091,0.9055,300.0
nofold/s20_on,72,d(item_2),move_to(?target=item_2),0.0,0.909091,0.9055,320.0
nofold/s20_on,73,d(item_2),move_to(?target=item_2),0.0,0.909091,0.9055,340.0
nofold/s20_on,74,d(item_2),move_to(?target=item_2),0.0,0.909091,0.9055,360.0
nofold/s20_on,75,d(item_2),move_to(?target=item_2),0.0,0.909091,0.9055,380.0
nofold/s20_on,76,d(item_2),move_to(?target=item_2),0.0,0.909091,0.9055,400.0
nofold/s20_on,77,d(item_2),move_to(?target=item_2),0.0,0.909091,0.9055,420.0
nofold/s20_on,78,d(item_2),move_to(?target=item_2),0.0,0.909091,0.9055,440.0
nofold/s20_on,79,d(item_2),move_to(?target=item_2),0.0,0.909091,0.9055,460.0
nofold/s20_on,80,d(item_2),move_to(?target=item_2),0.0,0.909091,0.9055,480.0
nofold/s20_on,81,d(item_2),move_to(?target=item_2),0.0,0.909091,0.9055,500.0
nofold/s20_on,82,d(item_2),move_to(?target=item_2),0.0,0.909091,0.9055,520.0
nofold/s20_on,83,d(item_2),move_to(?target=item_2),0.0,0.909091,0.9055,540.0
nofold/s20_on,84,d(item_2),move_to(?target=item_2),0.0,0.909091,0.9055,560.0
nofold/s20_on,85,d(item_2),move_to(?target=item_2),0.0,0.909091,0.9055,580.0
nofold/s20_on,86,d(item_2),move_to(?target=item_2),0.0,0.909091,0.9055,600.0
nofold/s20_on,87,d(item_2),pick_up(?item=item_2),,0.909091,0.9055,0.0
nofold/s20_on,88,d(item_2),pick_up(?item=item_2),,0.909091,0.9055,0.0
nofold/s20_on,89,d(item_2),move_to(?target=kitting_table_0),0.0,0.5,0.498,0.0
nofold/s20_on,90,d(item_2),move_to(?target=kitting_table_0),0.0,0.5,0.498,0.0
nofold/s20_on,91,d(item_2),move_to(?target=kitting_table_0),0.0,0.909091,0.9055,20.0
nofold/s20_on,92,d(item_2),move_to(?target=kitting_table_0),0.0,0.909091,0.9055,40.0
nofold/s20_on,93,d(item_2),move_to(?target=kitting_table_0),0.0,0.909091,0.9055,60.0
nofold/s20_on,94,d(item_2),move_to(?target=kitting_table_0),0.0,0.909091,0.9055,80.0
nofold/s20_on,95,d(item_2),move_to(?target=kitting_table_0),0.0,0.909091,0.9055,100.0
nofold/s20_on,96,d(item_2),move_to(?target=kitting_table_0),0.0,0.909091,0.9055,120.0
nofold/s20_on,97,d(item_2),move_to(?target=kitting_table_0),0.0,0.909091,0.9055,140.0
nofold/s20_on,98,d(item_2),move_to(?target=kitting_table_0),0.0,0.909091,0.9055,160.0
nofold/s20_on,99,d(item_2),move_to(?target=kitting_table_0),0.0,0.909091,0.9055,180.0
nofold/s20_on,100,d(item_2),move_to(?target=kitting_table_0),0.0,0.909091,0.9055,200.0
nofold/s20_on,101,d(item_2),move_to(?target=kitting_table_0),0.0,0.909091,0.9055,220.0
nofold/s20_on,102,d(item_2),move_to(?target=kitting_table_0),0.0,0.909091,0.9055,240.0
nofold/s20_on,103,d(item_2),move_to(?target=kitting_table_0),0.0,0.909091,0.9055,260.0
nofold/s20_on,104,d(item_2),move_to(?target=kitting_table_0),0.0,0.909091,0.9055,280.0
nofold/s20_on,105,d(item_2),move_to(?target=kitting_table_0),0.0,0.909091,0.9055,300.0
nofold/s20_on,106,d(item_2),move_to(?target=kitting_table_0),0.0,0.909091,0.9055,320.0
nofold/s20_on,107,d(item_2),move_to(?target=kitting_table_0),0.0,0.909091,0.9055,340.0
nofold/s20_on,108,d(item_2),move_to(?target=kitting_table_0),0.0,0.909091,0.9055,360.0
nofold/s20_on,109,d(item_2),move_to(?target=kitting_table_0),0.0,0.909091,0.9055,380.0
nofold/s20_on,110,d(item_2),move_to(?target=kitting_table_0),0.0,0.909091,0.9055,400.0
nofold/s20_on,111,d(item_2),move_to(?target=kitting_table_0),0.0,0.909091,0.9055,420.0
nofold/s20_on,112,d(item_2),move_to(?target=kitting_table_0),0.0,0.909091,0.9055,440.0
nofold/s20_on,113,d(item_2),move_to(?target=kitting_table_0),0.0,0.909091,0.9055,460.0
nofold/s20_on,114,d(item_2),move_to(?target=kitting_table_0),0.0,0.909091,0.9055,480.0
nofold/s20_on,115,d(item_2),move_to(?target=kitting_table_0),0.0,0.909091,0.9055,500.0
nofold/s20_on,116,d(item_2),move_to(?target=kitting_table_0),0.0,0.909091,0.9055,520.0
nofold/s20_on,117,d(item_2),move_to(?target=kitting_table_0),0.0,0.909091,0.9055,540.0
nofold/s20_on,118,d(item_2),move_to(?target=kitting_table_0),0.0,0.909091,0.9055,560.0
nofold/s20_on,119,d(item_2),move_to(?target=kitting_table_0),0.0,0.909091,0.9055,580.0
nofold/s20_on,120,d(item_2),"place(?item=item_2,?target=kitting_table_0)",,0.909091,0.9055,0.0
nofold/s20_on,121,d(item_2),"place(?item=item_2,?target=kitting_table_0)",,0.909091,0.9055,0.0
nofold/s30_off,0,d(item_2),move_to(?target=item_2),7.1,0.200756,0.1936,20.0
nofold/s30_off,0,d(item_3),move_to(?target=item_3),-0.0,0.200756,0.2008,20.0
nofold/s30_off,0,d(item_4),move_to(?target=item_4),2.8,0.200756,0.1979,20.0
nofold/s30_off,0,d(item_6),move_to(?target=item_6),8.5,0.200756,0.1922,20.0
nofold/s30_off,0,d(item_7),move_to(?target=item_7),5.3,0.200756,0.1955,20.0
nofold/s30_off,1,d(item_2),move_to(?target=item_2),14.7,0.205975,0.1909,40.0
nofold/s30_off,1,d(item_3),move_to(?target=item_3),0.0,0.205975,0.206,40.0
nofold/s30_off,1,d(item_4),move_to(?target=item_4),5.8,0.205975,0.2,40.0
nofold/s30_off,1,d(item_6),move_to(?target=item_6),17.7,0.205975,0.1878,40.0
nofold/s30_off,1,d(item_7),move_to(?target=item_7),10.8,0.205975,0.1948,40.0
nofold/s30_off,2,d(item_2),move_to(?target=item_2),22.7,0.211811,0.1879,60.0
nofold/s30_off,2,d(item_3),move_to(?target=item_3),-0.0,0.211811,0.2118,60.0
nofold/s30_off,2,d(item_4),move_to(?target=item_4),9.0,0.211811,0.2022,60.0
nofold/s30_off,2,d(item_6),move_to(?target=item_6),27.7,0.211811,0.1827,60.0
nofold/s30_off,2,d(item_7),move_to(?target=item_7),16.7,0.211811,0.1942,60.0
nofold/s30_off,3,d(item_2),move_to(?target=item_2),31.1,0.218346,0.1847,80.0
nofold/s30_off,3,d(item_3),move_to(?target=item_3),0.0,0.218346,0.2183,80.0
nofold/s30_off,3,d(item_4),move_to(?target=item_4),12.5,0.218346,0.2047,80.0
nofold/s30_off,3,d(item_6),move_to(?target=item_6),38.5,0.218346,0.1769,80.0
nofold/s30_off,3,d(item_7),move_to(?target=item_7),22.8,0.218346,0.1935,80.0
nofold/s30_off,4,d(item_2),move_to(?target=item_2),40.0,0.225672,0.1811,100.0
nofold/s30_off,4,d(item_3),move_to(?target=item_3),-0.0,0.225672,0.2257,100.0
nofold/s30_off,4,d(item_4),move_to(?target=item_4),16.1,0.225672,0.2075,100.0
nofold/s30_off,4,d(item_6),move_to(?target=item_6),50.1,0.225672,0.1703,100.0
nofold/s30_off,4,d(item_7),move_to(?target=item_7),29.3,0.225672,0.1928,100.0
nofold/s30_off,5,d(item_2),move_to(?target=item_2),49.4,0.233888,0.1772,120.0
nofold/s30_off,5,d(item_3),move_to(?target=item_3),-0.0,0.233888,0.2339,120.0
nofold/s30_off,5,d(item_4),move_to(?target=item_4),20.1,0.233888,0.2105,120.0
nofold/s30_off,5,d(item_6),move_to(?target=item_6),62.7,0.233888,0.1629,120.0
nofold/s30_off,5,d(item_7),move_to(?target=item_7),36.1,0.233888,0.1921,120.0
nofold/s30_off,6,d(item_2),move_to(?target=item_2),59.4,0.243099,0.1729,140.0
nofold/s30_off,6,d(item_3),move_to(?target=item_3),0.0,0.243099,0.2431,140.0
nofold/s30_off,6,d(item_4),move_to(?target=item_4),24.3,0.243099,0.2137,140.0
nofold/s30_off,6,d(item_6),move_to(?target=item_6),76.2,0.243099,0.1547,140.0
nofold/s30_off,6,d(item_7),move_to(?target=item_7),43.3,0.243099,0.1913,140.0
nofold/s30_off,7,d(item_2),move_to(?target=item_2),70.0,0.253413,0.1682,160.0
nofold/s30_off,7,d(item_3),move_to(?target=item_3),0.0,0.253413,0.2534,160.0
nofold/s30_off,7,d(item_4),move_to(?target=item_4),28.8,0.253413,0.2172,160.0
nofold/s30_off,7,d(item_6),move_to(?target=item_6),90.8,0.253413,0.1456,160.0
nofold/s30_off,7,d(item_7),move_to(?target=item_7),50.9,0.253413,0.1903,160.0
nofold/s30_off,8,d(item_2),move_to(?target=item_2),81.1,0.264937,0.163,180.0
nofold/s30_off,8,d(item_3),move_to(?target=item_3),0.0,0.264937,0.2649,180.0
nofold/s30_off,8,d(item_4),move_to(?target=item_4),33.7,0.264937,0.2207,180.0
nofold/s30_off,8,d(item_6),move_to(?target=item_6),106.5,0.264937,0.1358,180.0
nofold/s30_off,8,d(item_7),move_to(?target=item_7),58.9,0.264937,0.1891,180.0
nofold/s30_off,9,d(item_2),move_to(?target=item_2),93.0,0.277776,0.1572,200.0
nofold/s30_off,9,d(item_3),move_to(?target=item_3),-0.0,0.277776,0.2778,200.0
nofold/s30_off,9,d(item_4),move_to(?target=item_4),39.0,0.277776,0.2243,200.0
nofold/s30_off,9,d(item_6),move_to(?target=item_6),123.4,0.277776,0.1253,200.0
nofold/s30_off,9,d(item_7),move_to(?target=item_7),67.4,0.277776,0.1876,200.0
nofold/s30_off,10,d(item_2),move_to(?target=item_2),105.4,0.292023,0.1509,220.0
nofold/s30_off,10,d(item_3),move_to(?target=item_3),0.0,0.292023,0.292,220.0
nofold/s30_off,10,d(item_4),move_to(?target=item_4),44.6,0.292023,0.2279,220.0
nofold/s30_off,10,d(item_6),move_to(?target=item_6),141.4,0.292023,0.1142,220.0
nofold/s30_off,10,d(item_7),move_to(?target=item_7),76.3,0.292023,0.1857,220.0
nofold/s30_off,11,d(item_2),move_to(?target=item_2),118.6,0.307761,0.144,240.0
nofold/s30_off,11,d(item_3),move_to(?target=item_3),0.0,0.307761,0.3078,240.0
nofold/s30_off,11,d(item_4),move_to(?target=item_4),50.8,0.307761,0.2312,240.0
nofold/s30_off,11,d(item_6),move_to(?target=item_6),160.6,0.307761,0.1029,240.0
nofold/s30_off,11,d(item_7),move_to(?target=item_7),85.7,0.307761,0.1834,240.0
nofold/s30_off,12,d(item_2),move_to(?target=item_2),132.6,0.325058,0.1365,260.0
nofold/s30_off,12,d(item_3),move_to(?target=item_3),0.0,0.325058,0.3251,260.0
nofold/s30_off,12,d(item_4),move_to(?target=item_4),57.5,0.325058,0.2341,260.0
nofold/s30_off,12,d(item_6),move_to(?target=item_6),181.0,0.325058,0.0914,260.0
nofold/s30_off,12,d(item_7),move_to(?target=item_7),95.7,0.325058,0.1804,260.0
nofold/s30_off,13,d(item_2),move_to(?target=item_2),147.3,0.343965,0.1283,280.0
nofold/s30_off,13,d(item_3),move_to(?target=item_3),0.0,0.343965,0.344,280.0
nofold/s30_off,13,d(item_4),move_to(?target=item_4),64.7,0.343965,0.2364,280.0
nofold/s30_off,13,d(item_6),move_to(?target=item_6),202.6,0.343965,0.0801,280.0
nofold/s30_off,13,d(item_7),move_to(?target=item_7),106.2,0.343965,0.1767,280.0
nofold/s30_off,14,d(item_2),move_to(?target=item_2),162.7,0.364522,0.1197,300.0
nofold/s30_off,14,d(item_3),move_to(?target=item_3),0.0,0.364522,0.3645,300.0
nofold/s30_off,14,d(item_4),move_to(?target=item_4),72.6,0.364522,0.2378,300.0
nofold/s30_off,14,d(item_6),move_to(?target=item_6),225.4,0.364522,0.0693,300.0
nofold/s30_off,14,d(item_7),move_to(?target=item_7),117.3,0.364522,0.1722,300.0
nofold/s30_off,15,d(item_2),move_to(?target=item_2),179.0,0.386751,0.1106,320.0
nofold/s30_off,15,d(item_3),move_to(?target=item_3),0.0,0.386751,0.3868,320.0
nofold/s30_off,15,d(item_4),move_to(?target=item_4),81.1,0.386751,0.238,320.0
nofold/s30_off,15,d(item_6),move_to(?target=item_6),249.3,0.386751,0.059,320.0
nofold/s30_off,15,d(item_7),move_to(?target=item_7),129.1,0.386751,0.1669,320.0
nofold/s30_off,16,d(item_2),move_to(?target=item_2),196.2,0.410663,0.1013,340.0
nofold/s30_off,16,d(item_3),move_to(?target=item_3),0.0,0.410663,0.4107,340.0
nofold/s30_off,16,d(item_4),move_to(?target=item_4),90.4,0.410663,0.2368,340.0
nofold/s30_off,16,d(item_6),move_to(?target=item_6),274.4,0.410663,0.0497,340.0
nofold/s30_off,16,d(item_7),move_to(?target=item_7),141.5,0.410663,0.1606,340.0
nofold/s30_off,17,d(item_2),move_to(?target=item_2),214.1,0.436253,0.0917,360.0
nofold/s30_off,17,d(item_3),move_to(?target=item_3),0.0,0.436253,0.4363,360.0
nofold/s30_off,17,d(item_4),move_to(?target=item_4),100.5,0.436253,0.2338,360.0
nofold/s30_off,17,d(item_6),move_to(?target=item_6),300.5,0.436253,0.0412,360.0
nofold/s30_off,17,d(item_7),move_to(?target=item_7),154.5,0.436253,0.1534,360.0
nofold/s30_off,18,d(item_2),move_to(?target=item_2),233.0,0.463493,0.0822,380.0
nofold/s30_off,18,d(item_3),move_to(?target=item_3),0.0,0.463493,0.4635,380.0
nofold/s30_off,18,d(item_4),move_to(?target=item_4),111.5,0.463493,0.2289,380.0
nofold/s30_off,18,d(item_6),move_to(?target=item_6),327.6,0.463493,0.0338,380.0
nofold/s30_off,18,d(item_7),move_to(?target=item_7),168.3,0.463493,0.1452,380.0
nofold/s30_off,19,d(item_2),move_to(?target=item_2),252.7,0.492318,0.0729,400.0
nofold/s30_off,19,d(item_3),move_to(?target=item_3),0.0,0.492318,0.4923,400.0
nofold/s30_off,19,d(item_4),move_to(?target=item_4),123.4,0.492318,0.2219,400.0
nofold/s30_off,19,d(item_6),move_to(?target=item_6),355.6,0.492318,0.0273,400.0
nofold/s30_off,19,d(item_7),move_to(?target=item_7),182.8,0.492318,0.1363,400.0
nofold/s30_off,20,d(item_2),move_to(?target=item_2),273.2,0.522612,0.0639,420.0
nofold/s30_off,20,d(item_3),move_to(?target=item_3),0.0,0.522612,0.5226,420.0
nofold/s30_off,20,d(item_4),move_to(?target=item_4),136.4,0.522612,0.2127,420.0
nofold/s30_off,20,d(item_6),move_to(?target=item_6),384.6,0.522612,0.0219,420.0
nofold/s30_off,20,d(item_7),move_to(?target=item_7),198.1,0.522612,0.1267,420.0
nofold/s30_off,21,d(item_2),move_to(?target=item_2),294.7,0.554183,0.0553,440.0
nofold/s30_off,21,d(item_3),move_to(?target=item_3),0.0,0.554183,0.5542,440.0
nofold/s30_off,21,d(item_4),move_to(?target=item_4),150.5,0.554183,0.2013,440.0
nofold/s30_off,21,d(item_6),move_to(?target=item_6),414.4,0.554183,0.0173,440.0
nofold/s30_off,21,d(item_7),move_to(?target=item_7),214.2,0.554183,0.1165,440.0
nofold/s30_off,22,d(item_2),move_to(?target=item_2),317.0,0.586746,0.0473,460.0
nofold/s30_off,22,d(item_3),move_to(?target=item_3),0.0,0.586746,0.5867,460.0
nofold/s30_off,22,d(item_4),move_to(?target=item_4),165.8,0.586746,0.1878,460.0
nofold/s30_off,22,d(item_6),move_to(?target=item_6),444.9,0.586746,0.0136,460.0
nofold/s30_off,22,d(item_7),move_to(?target=item_7),231.1,0.586746,0.1059,460.0
nofold/s30_off,23,d(item_2),move_to(?target=item_2),340.1,0.619904,0.04,480.0
nofold/s30_off,23,d(item_3),move_to(?target=item_3),0.0,0.619904,0.6199,480.0
nofold/s30_off,23,d(item_4),move_to(?target=item_4),182.3,0.619904,0.1725,480.0
nofold/s30_off,23,d(item_6),move_to(?target=item_6),476.2,0.619904,0.0105,480.0
nofold/s30_off,23,d(item_7),move_to(?target=item_7),248.8,0.619904,0.0951,480.0
nofold/s30_off,24,d(item_2),move_to(?target=item_2),364.0,0.653152,0.0334,500.0
nofold/s30_off,24,d(item_3),move_to(?target=item_3),0.0,0.653152,0.6532,500.0
nofold/s30_off,24,d(item_4),move_to(?target=item_4),200.0,0.653152,0.1557,500.0
nofold/s30_off,24,d(item_6),move_to(?target=item_6),508.1,0.653152,0.0081,500.0
nofold/s30_off,24,d(item_7),move_to(?target=item_7),267.3,0.653152,0.0844,500.0
nofold/s30_off,25,d(item_2),move_to(?target=item_2),388.8,0.68589,0.0275,520.0
nofold/s30_off,25,d(item_3),move_to(?target=item_3),0.0,0.68589,0.6859,520.0
nofold/s30_off,25,d(item_4),move_to(?target=item_4),219.1,0.68589,0.138,520.0
nofold/s30_off,25,d(item_6),move_to(?target=item_6),540.6,0.68589,0.0061,520.0
nofold/s30_off,25,d(item_7),move_to(?target=item_7),286.7,0.68589,0.0738,520.0
nofold/s30_off,26,d(item_2),move_to(?target=item_2),414.4,0.717464,0.0224,540.0
nofold/s30_off,26,d(item_3),move_to(?target=item_3),0.0,0.717464,0.7175,540.0
nofold/s30_off,26,d(item_4),move_to(?target=item_4),239.4,0.717464,0.12,540.0
nofold/s30_off,26,d(item_6),move_to(?target=item_6),573.6,0.717464,0.0046,540.0
nofold/s30_off,26,d(item_7),move_to(?target=item_7),306.9,0.717464,0.0637,540.0
nofold/s30_off,27,d(item_2),move_to(?target=item_2),440.7,0.747232,0.018,560.0
nofold/s30_off,27,d(item_3),move_to(?target=item_3),0.0,0.747232,0.7472,560.0
nofold/s30_off,27,d(item_4),move_to(?target=item_4),261.0,0.747232,0.1024,560.0
nofold/s30_off,27,d(item_6),move_to(?target=item_6),607.2,0.747232,0.0034,560.0
nofold/s30_off,27,d(item_7),move_to(?target=item_7),327.9,0.747232,0.0542,560.0
nofold/s30_off,28,d(item_2),move_to(?target=item_2),467.7,0.774622,0.0143,580.0
nofold/s30_off,28,d(item_3),move_to(?target=item_3),0.0,0.774622,0.7746,580.0
nofold/s30_off,28,d(item_4),move_to(?target=item_4),283.9,0.774622,0.0856,580.0
nofold/s30_off,28,d(item_6),move_to(?target=item_6),641.2,0.774622,0.0025,580.0
nofold/s30_off,28,d(item_7),move_to(?target=item_7),349.8,0.774622,0.0455,580.0
nofold/s30_off,29,d(item_2),move_to(?target=item_2),495.4,0.799201,0.0112,600.0
nofold/s30_off,29,d(item_3),move_to(?target=item_3),0.0,0.799201,0.7992,600.0
nofold/s30_off,29,d(item_4),move_to(?target=item_4),308.0,0.799201,0.0702,600.0
nofold/s30_off,29,d(item_6),move_to(?target=item_6),675.6,0.799201,0.0019,600.0
nofold/s30_off,29,d(item_7),move_to(?target=item_7),372.5,0.799201,0.0376,600.0
nofold/s30_off,30,d(item_2),move_to(?target=item_2),523.8,0.820711,0.0087,620.0
nofold/s30_off,30,d(item_3),move_to(?target=item_3),0.0,0.820711,0.8207,620.0
nofold/s30_off,30,d(item_4),move_to(?target=item_4),333.4,0.820711,0.0565,620.0
nofold/s30_off,30,d(item_6),move_to(?target=item_6),710.4,0.820711,0.0013,620.0
nofold/s30_off,30,d(item_7),move_to(?target=item_7),396.1,0.820711,0.0307,620.0
nofold/s30_off,31,d(item_2),move_to(?target=item_2),552.8,0.839083,0.0066,640.0
nofold/s30_off,31,d(item_3),move_to(?target=item_3),0.0,0.839083,0.8391,640.0
nofold/s30_off,31,d(item_4),move_to(?target=item_4),359.8,0.839083,0.0447,640.0
nofold/s30_off,31,d(item_6),move_to(?target=item_6),745.6,0.839083,0.001,640.0
nofold/s30_off,31,d(item_7),move_to(?target=item_7),420.4,0.839083,0.0247,640.0
nofold/s30_off,32,d(item_2),move_to(?target=item_2),582.5,0.854418,0.005,660.0
nofold/s30_off,32,d(item_3),move_to(?target=item_3),0.0,0.854418,0.8542,660.0
nofold/s30_off,32,d(item_4),move_to(?target=item_4),387.4,0.854418,0.0348,660.0
nofold/s30_off,32,d(item_6),move_to(?target=item_6),781.1,0.854418,0.001,660.0
nofold/s30_off,32,d(item_7),move_to(?target=item_7),445.5,0.854418,0.0196,660.0
nofold/s30_off,33,d(item_2),move_to(?target=item_2),612.6,0.866947,0.0038,680.0
nofold/s30_off,33,d(item_3),move_to(?target=item_3),0.0,0.866947,0.8665,680.0
nofold/s30_off,33,d(item_4),move_to(?target=item_4),415.9,0.866947,0.0267,680.0
nofold/s30_off,33,d(item_6),move_to(?target=item_6),816.8,0.866947,0.001,680.0
nofold/s30_off,33,d(item_7),move_to(?target=item_7),471.4,0.866947,0.0154,680.0
nofold/s30_off,34,d(item_2),move_to(?target=item_2),643.4,0.876987,0.0028,700.0
nofold/s30_off,34,d(item_3),move_to(?target=item_3),0.0,0.876987,0.8764,700.0
nofold/s30_off,34,d(item_4),move_to(?target=item_4),445.4,0.876987,0.0202,700.0
nofold/s30_off,34,d(item_6),move_to(?target=item_6),852.9,0.876987,0.001,700.0
nofold/s30_off,34,d(item_7),move_to(?target=item_7),497.9,0.876987,0.012,700.0
nofold/s30_off,35,d(item_2),move_to(?target=item_2),674.6,0.884893,0.0021,720.0
nofold/s30_off,35,d(item_3),move_to(?target=item_3),0.0,0.884893,0.8842,720.0
nofold/s30_off,35,d(item_4),move_to(?target=item_4),475.7,0.884893,0.0151,720.0
nofold/s30_off,35,d(item_6),move_to(?target=item_6),889.1,0.884893,0.001,720.0
nofold/s30_off,35,d(item_7),move_to(?target=item_7),525.2,0.884893,0.0092,720.0
nofold/s30_off,36,d(item_2),move_to(?target=item_2),706.3,0.891025,0.0015,740.0
nofold/s30_off,36,d(item_3),move_to(?target=item_3),0.0,0.891025,0.8903,740.0
nofold/s30_off,36,d(item_4),move_to(?target=item_4),506.8,0.891025,0.0111,740.0
nofold/s30_off,36,d(item_6),move_to(?target=item_6),925.7,0.891025,0.001,740.0
nofold/s30_off,36,d(item_7),move_to(?target=item_7),553.2,0.891025,0.007,740.0
nofold/s30_off,37,d(item_2),move_to(?target=item_2),738.5,0.895717,0.0011,760.0
nofold/s30_off,37,d(item_3),pick_up(?item=item_3),,0.895717,0.8949,0.0
nofold/s30_off,37,d(item_4),move_to(?target=item_4),538.6,0.895717,0.0082,760.0
nofold/s30_off,37,d(item_6),move_to(?target=item_6),962.4,0.895717,0.001,760.0
nofold/s30_off,37,d(item_7),move_to(?target=item_7),581.7,0.895717,0.0053,760.0
nofold/s30_off,38,d(item_2),move_to(?target=item_2),738.5,0.895717,0.0011,760.0
nofold/s30_off,38,d(item_3),pick_up(?item=item_3),,0.895717,0.8949,0.0
nofold/s30_off,38,d(item_4),move_to(?target=item_4),538.6,0.895717,0.0082,760.0
nofold/s30_off,38,d(item_6),move_to(?target=item_6),962.4,0.895717,0.001,760.0
nofold/s30_off,38,d(item_7),move_to(?target=item_7),581.7,0.895717,0.0053,760.0
nofold/s30_off,39,d(item_2),"place(?item=item_3,?target=shelf_3)",,0.001111,0.0011,0.0
nofold/s30_off,39,d(item_3),move_to(?target=kitting_table_0),0.0,0.895717,0.8949,0.0
nofold/s30_off,39,d(item_4),"place(?item=item_3,?target=shelf_3)",,0.008168,0.0082,0.0
nofold/s30_off,39,d(item_6),"place(?item=item_3,?target=shelf_3)",,0.000118,0.001,0.0
nofold/s30_off,39,d(item_7),"place(?item=item_3,?target=shelf_3)",,0.005315,0.0053,0.0
nofold/s30_off,40,d(item_2),"place(?item=item_3,?target=shelf_3)",,0.001111,0.0011,0.0
nofold/s30_off,40,d(item_3),move_to(?target=kitting_table_0),0.0,0.895717,0.8949,0.0
nofold/s30_off,40,d(item_4),"place(?item=item_3,?target=shelf_3)",,0.008168,0.0082,0.0
nofold/s30_off,40,d(item_6),"place(?item=item_3,?target=shelf_3)",,0.000118,0.001,0.0
nofold/s30_off,40,d(item_7),"place(?item=item_3,?target=shelf_3)",,0.005315,0.0053,0.0
nofold/s30_off,41,d(item_2),move_to(?target=shelf_3),0.0,0.001111,0.0011,0.0
nofold/s30_off,41,d(item_3),move_to(?target=kitting_table_0),-0.0,0.895717,0.8949,20.0
nofold/s30_off,41,d(item_4),move_to(?target=shelf_3),0.0,0.008168,0.0082,0.0
nofold/s30_off,41,d(item_6),move_to(?target=shelf_3),0.0,0.000118,0.001,0.0
nofold/s30_off,41,d(item_7),move_to(?target=shelf_3),0.0,0.005315,0.0053,0.0
nofold/s30_off,42,d(item_2),move_to(?target=shelf_3),39.7,0.001114,0.001,20.0
nofold/s30_off,42,d(item_3),move_to(?target=kitting_table_0),-0.0,0.898306,0.8974,40.0
nofold/s30_off,42,d(item_4),move_to(?target=shelf_3),39.7,0.008191,0.0066,20.0
nofold/s30_off,42,d(item_6),move_to(?target=shelf_3),39.7,0.000119,0.001,20.0
nofold/s30_off,42,d(item_7),move_to(?target=shelf_3),39.7,0.00533,0.0043,20.0
nofold/s30_off,43,d(item_2),move_to(?target=shelf_3),79.6,0.001117,0.001,40.0
nofold/s30_off,43,d(item_3),move_to(?target=kitting_table_0),-0.0,0.900726,0.8996,60.0
nofold/s30_off,43,d(item_4),move_to(?target=shelf_3),79.6,0.008213,0.0051,40.0
nofold/s30_off,43,d(item_6),move_to(?target=shelf_3),79.6,0.000119,0.001,40.0
nofold/s30_off,43,d(item_7),move_to(?target=shelf_3),79.6,0.005344,0.0033,40.0
nofold/s30_off,44,d(item_2),move_to(?target=shelf_3),119.5,0.00112,0.001,60.0
nofold/s30_off,44,d(item_3),move_to(?target=kitting_table_0),-0.0,0.902825,0.9015,80.0
nofold/s30_off,44,d(item_4),move_to(?target=shelf_3),119.5,0.008233,0.0038,60.0
nofold/s30_off,44,d(item_6),move_to(?target=shelf_3),119.5,0.000119,0.001,60.0
nofold/s30_off,44,d(item_7),move_to(?target=shelf_3),119.5,0.005357,0.0025,60.0
nofold/s30_off,45,d(item_2),move_to(?target=shelf_3),159.4,0.001122,0.001,80.0
nofold/s30_off,45,d(item_3),move_to(?target=kitting_table_0),-0.0,0.904531,0.9031,100.0
nofold/s30_off,45,d(item_4),move_to(?target=shelf_3),159.4,0.008248,0.0028,80.0
nofold/s30_off,45,d(item_6),move_to(?target=shelf_3),159.4,0.00012,0.001,80.0
nofold/s30_off,45,d(item_7),move_to(?target=shelf_3),159.4,0.005367,0.0018,80.0
nofold/s30_off,46,d(item_2),move_to(?target=shelf_3),199.4,0.001124,0.001,100.0
nofold/s30_off,46,d(item_3),move_to(?target=kitting_table_0),-0.0,0.905848,0.9043,120.0
nofold/s30_off,46,d(item_4),move_to(?target=shelf_3),199.4,0.00826,0.002,100.0
nofold/s30_off,46,d(item_6),move_to(?target=shelf_3),199.4,0.00012,0.001,100.0
nofold/s30_off,46,d(item_7),move_to(?target=shelf_3),199.4,0.005375,0.0013,100.0
nofold/s30_off,47,d(item_2),move_to(?target=shelf_3),239.3,0.001125,0.001,120.0
nofold/s30_off,47,d(item_3),move_to(?target=kitting_table_0),-0.0,0.906825,0.9051,140.0
nofold/s30_off,47,d(item_4),move_to(?target=shelf_3),239.3,0.008269,0.0014,120.0
nofold/s30_off,47,d(item_6),move_to(?target=shelf_3),239.3,0.00012,0.001,120.0
nofold/s30_off,47,d(item_7),move_to(?target=shelf_3),239.3,0.00538,0.001,120.0
nofold/s30_off,48,d(item_2),move_to(?target=shelf_3),279.3,0.001126,0.001,140.0
nofold/s30_off,48,d(item_3),move_to(?target=kitting_table_0),-0.0,0.907527,0.9055,160.0
nofold/s30_off,48,d(item_4),move_to(?target=shelf_3),279.3,0.008275,0.001,140.0
nofold/s30_off,48,d(item_6),move_to(?target=shelf_3),279.3,0.00012,0.001,140.0
nofold/s30_off,48,d(item_7),move_to(?target=shelf_3),279.3,0.005385,0.001,140.0
nofold/s30_off,49,d(item_2),move_to(?target=shelf_3),319.3,0.001126,0.001,160.0
nofold/s30_off,49,d(item_3),move_to(?target=kitting_table_0),-0.0,0.908022,0.9055,180.0
nofold/s30_off,49,d(item_4),move_to(?target=shelf_3),319.3,0.00828,0.001,160.0
nofold/s30_off,49,d(item_6),move_to(?target=shelf_3),319.3,0.00012,0.001,160.0
nofold/s30_off,49,d(item_7),move_to(?target=shelf_3),319.3,0.005388,0.001,160.0
nofold/s30_off,50,d(item_2),move_to(?target=shelf_3),359.3,0.001127,0.001,180.0
nofold/s30_off,50,d(item_3),move_to(?target=kitting_table_0),0.0,0.908364,0.9055,200.0
nofold/s30_off,50,d(item_4),move_to(?target=shelf_3),359.3,0.008283,0.001,180.0
nofold/s30_off,50,d(item_6),move_to(?target=shelf_3),359.3,0.00012,0.001,180.0
nofold/s30_off,50,d(item_7),move_to(?target=shelf_3),359.3,0.00539,0.001,180.0
nofold/s30_off,51,d(item_2),move_to(?target=shelf_3),399.3,0.001127,0.001,200.0
nofold/s30_off,51,d(item_3),move_to(?target=kitting_table_0),0.0,0.908599,0.9055,220.0
nofold/s30_off,51,d(item_4),move_to(?target=shelf_3),399.3,0.008285,0.001,200.0
nofold/s30_off,51,d(item_6),move_to(?target=shelf_3),399.3,0.00012,0.001,200.0
nofold/s30_off,51,d(item_7),move_to(?target=shelf_3),399.3,0.005391,0.001,200.0
nofold/s30_off,52,d(item_2),move_to(?target=shelf_3),439.3,0.001127,0.001,220.0
nofold/s30_off,52,d(item_3),move_to(?target=kitting_table_0),0.0,0.908759,0.9055,240.0
nofold/s30_off,52,d(item_4),move_to(?target=shelf_3),439.3,0.008287,0.001,220.0
nofold/s30_off,52,d(item_6),move_to(?target=shelf_3),439.3,0.00012,0.001,220.0
nofold/s30_off,52,d(item_7),move_to(?target=shelf_3),439.3,0.005392,0.001,220.0
nofold/s30_off,53,d(item_2),move_to(?target=shelf_3),479.2,0.001127,0.001,240.0
nofold/s30_off,53,d(item_3),move_to(?target=kitting_table_0),0.0,0.908868,0.9055,260.0
nofold/s30_off,53,d(item_4),move_to(?target=shelf_3),479.2,0.008288,0.001,240.0
nofold/s30_off,53,d(item_6),move_to(?target=shelf_3),479.2,0.00012,0.001,240.0
nofold/s30_off,53,d(item_7),move_to(?target=shelf_3),479.2,0.005393,0.001,240.0
nofold/s30_off,54,d(item_2),move_to(?target=shelf_3),519.2,0.001127,0.001,260.0
nofold/s30_off,54,d(item_3),move_to(?target=kitting_table_0),-0.0,0.908941,0.9055,280.0
nofold/s30_off,54,d(item_4),move_to(?target=shelf_3),519.2,0.008288,0.001,260.0
nofold/s30_off,54,d(item_6),move_to(?target=shelf_3),519.2,0.00012,0.001,260.0
nofold/s30_off,54,d(item_7),move_to(?target=shelf_3),519.2,0.005393,0.001,260.0
nofold/s30_off,55,d(item_2),move_to(?target=shelf_3),559.2,0.001127,0.001,280.0
nofold/s30_off,55,d(item_3),move_to(?target=kitting_table_0),-0.0,0.90899,0.9055,300.0
nofold/s30_off,55,d(item_4),move_to(?target=shelf_3),559.2,0.008289,0.001,280.0
nofold/s30_off,55,d(item_6),move_to(?target=shelf_3),559.2,0.00012,0.001,280.0
nofold/s30_off,55,d(item_7),move_to(?target=shelf_3),559.2,0.005393,0.001,280.0
nofold/s30_off,56,d(item_2),move_to(?target=shelf_3),599.2,0.001128,0.001,300.0
nofold/s30_off,56,d(item_3),move_to(?target=kitting_table_0),-0.0,0.909023,0.9055,320.0
nofold/s30_off,56,d(item_4),move_to(?target=shelf_3),599.2,0.008289,0.001,300.0
nofold/s30_off,56,d(item_6),move_to(?target=shelf_3),599.2,0.00012,0.001,300.0
nofold/s30_off,56,d(item_7),move_to(?target=shelf_3),599.2,0.005393,0.001,300.0
nofold/s30_off,57,d(item_2),move_to(?target=shelf_3),639.2,0.001128,0.001,320.0
nofold/s30_off,57,d(item_3),move_to(?target=kitting_table_0),0.0,0.909046,0.9055,340.0
nofold/s30_off,57,d(item_4),move_to(?target=shelf_3),639.2,0.008289,0.001,320.0
nofold/s30_off,57,d(item_6),move_to(?target=shelf_3),639.2,0.00012,0.001,320.0
nofold/s30_off,57,d(item_7),move_to(?target=shelf_3),639.2,0.005394,0.001,320.0
nofold/s30_off,58,d(item_2),move_to(?target=shelf_3),679.2,0.001128,0.001,340.0
nofold/s30_off,58,d(item_3),move_to(?target=kitting_table_0),-0.0,0.90906,0.9055,360.0
nofold/s30_off,58,d(item_4),move_to(?target=shelf_3),679.2,0.008289,0.001,340.0
nofold/s30_off,58,d(item_6),move_to(?target=shelf_3),679.2,0.00012,0.001,340.0
nofold/s30_off,58,d(item_7),move_to(?target=shelf_3),679.2,0.005394,0.001,340.0
nofold/s30_off,59,d(item_2),move_to(?target=shelf_3),719.2,0.001128,0.001,360.0
nofold/s30_off,59,d(item_3),move_to(?target=kitting_table_0),-0.0,0.90907,0.9055,380.0
nofold/s30_off,59,d(item_4),move_to(?target=shelf_3),719.2,0.008289,0.001,360.0
nofold/s30_off,59,d(item_6),move_to(?target=shelf_3),719.2,0.00012,0.001,360.0
nofold/s30_off,59,d(item_7),move_to(?target=shelf_3),719.2,0.005394,0.001,360.0
nofold/s30_off,60,d(item_2),move_to(?target=shelf_3),759.2,0.001128,0.001,380.0
nofold/s30_off,60,d(item_3),move_to(?target=kitting_table_0),0.0,0.909077,0.9055,400.0
nofold/s30_off,60,d(item_4),move_to(?target=shelf_3),759.2,0.00829,0.001,380.0
nofold/s30_off,60,d(item_6),move_to(?target=shelf_3),759.2,0.00012,0.001,380.0
nofold/s30_off,60,d(item_7),move_to(?target=shelf_3),759.2,0.005394,0.001,380.0
nofold/s30_off,61,d(item_2),move_to(?target=shelf_3),799.2,0.001128,0.001,400.0
nofold/s30_off,61,d(item_3),move_to(?target=kitting_table_0),-0.0,0.909082,0.9055,420.0
nofold/s30_off,61,d(item_4),move_to(?target=shelf_3),799.2,0.00829,0.001,400.0
nofold/s30_off,61,d(item_6),move_to(?target=shelf_3),799.2,0.00012,0.001,400.0
nofold/s30_off,61,d(item_7),move_to(?target=shelf_3),799.2,0.005394,0.001,400.0
nofold/s30_off,62,d(item_2),move_to(?target=shelf_3),839.2,0.001128,0.001,420.0
nofold/s30_off,62,d(item_3),move_to(?target=kitting_table_0),-0.0,0.909085,0.9055,440.0
nofold/s30_off,62,d(item_4),move_to(?target=shelf_3),839.2,0.00829,0.001,420.0
nofold/s30_off,62,d(item_6),move_to(?target=shelf_3),839.2,0.00012,0.001,420.0
nofold/s30_off,62,d(item_7),move_to(?target=shelf_3),839.2,0.005394,0.001,420.0
nofold/s30_off,63,d(item_2),move_to(?target=shelf_3),879.2,0.001128,0.001,440.0
nofold/s30_off,63,d(item_3),move_to(?target=kitting_table_0),0.0,0.909087,0.9055,460.0
nofold/s30_off,63,d(item_4),move_to(?target=shelf_3),879.2,0.00829,0.001,440.0
nofold/s30_off,63,d(item_6),move_to(?target=shelf_3),879.2,0.00012,0.001,440.0
nofold/s30_off,63,d(item_7),move_to(?target=shelf_3),879.2,0.005394,0.001,440.0
nofold/s30_off,64,d(item_2),move_to(?target=shelf_3),919.2,0.001128,0.001,460.0
nofold/s30_off,64,d(item_3),move_to(?target=kitting_table_0),-0.0,0.909088,0.9055,480.0
nofold/s30_off,64,d(item_4),move_to(?target=shelf_3),919.2,0.00829,0.001,460.0
nofold/s30_off,64,d(item_6),move_to(?target=shelf_3),919.2,0.00012,0.001,460.0
nofold/s30_off,64,d(item_7),move_to(?target=shelf_3),919.2,0.005394,0.001,460.0
nofold/s30_off,65,d(item_2),move_to(?target=shelf_3),959.2,0.001128,0.001,480.0
nofold/s30_off,65,d(item_3),move_to(?target=kitting_table_0),-0.0,0.909089,0.9055,500.0
nofold/s30_off,65,d(item_4),move_to(?target=shelf_3),959.2,0.00829,0.001,480.0
nofold/s30_off,65,d(item_6),move_to(?target=shelf_3),959.2,0.00012,0.001,480.0
nofold/s30_off,65,d(item_7),move_to(?target=shelf_3),959.2,0.005394,0.001,480.0
nofold/s30_off,66,d(item_2),move_to(?target=shelf_3),999.2,0.001128,0.001,500.0
nofold/s30_off,66,d(item_3),move_to(?target=kitting_table_0),-0.0,0.90909,0.9055,520.0
nofold/s30_off,66,d(item_4),move_to(?target=shelf_3),999.2,0.00829,0.001,500.0
nofold/s30_off,66,d(item_6),move_to(?target=shelf_3),999.2,0.00012,0.001,500.0
nofold/s30_off,66,d(item_7),move_to(?target=shelf_3),999.2,0.005394,0.001,500.0
nofold/s30_off,67,d(item_2),move_to(?target=shelf_3),1039.2,0.001128,0.001,520.0
nofold/s30_off,67,d(item_3),move_to(?target=kitting_table_0),-0.0,0.90909,0.9055,540.0
nofold/s30_off,67,d(item_4),move_to(?target=shelf_3),1039.2,0.00829,0.001,520.0
nofold/s30_off,67,d(item_6),move_to(?target=shelf_3),1039.2,0.00012,0.001,520.0
nofold/s30_off,67,d(item_7),move_to(?target=shelf_3),1039.2,0.005394,0.001,520.0
nofold/s30_off,68,d(item_2),move_to(?target=shelf_3),1079.2,0.001128,0.001,540.0
nofold/s30_off,68,d(item_3),move_to(?target=kitting_table_0),-0.0,0.90909,0.9055,560.0
nofold/s30_off,68,d(item_4),move_to(?target=shelf_3),1079.2,0.00829,0.001,540.0
nofold/s30_off,68,d(item_6),move_to(?target=shelf_3),1079.2,0.00012,0.001,540.0
nofold/s30_off,68,d(item_7),move_to(?target=shelf_3),1079.2,0.005394,0.001,540.0
nofold/s30_off,69,d(item_2),move_to(?target=shelf_3),1119.2,0.001128,0.001,560.0
nofold/s30_off,69,d(item_3),move_to(?target=kitting_table_0),-0.0,0.909091,0.9055,580.0
nofold/s30_off,69,d(item_4),move_to(?target=shelf_3),1119.2,0.00829,0.001,560.0
nofold/s30_off,69,d(item_6),move_to(?target=shelf_3),1119.2,0.00012,0.001,560.0
nofold/s30_off,69,d(item_7),move_to(?target=shelf_3),1119.2,0.005394,0.001,560.0
nofold/s30_off,70,d(item_2),move_to(?target=shelf_3),1159.2,0.001128,0.001,580.0
nofold/s30_off,70,d(item_3),move_to(?target=kitting_table_0),-0.0,0.909091,0.9055,600.0
nofold/s30_off,70,d(item_4),move_to(?target=shelf_3),1159.2,0.00829,0.001,580.0
nofold/s30_off,70,d(item_6),move_to(?target=shelf_3),1159.2,0.00012,0.001,580.0
nofold/s30_off,70,d(item_7),move_to(?target=shelf_3),1159.2,0.005394,0.001,580.0
nofold/s30_off,71,d(item_2),move_to(?target=shelf_3),1199.2,0.001128,0.001,600.0
nofold/s30_off,71,d(item_3),move_to(?target=kitting_table_0),-0.0,0.909091,0.9055,620.0
nofold/s30_off,71,d(item_4),move_to(?target=shelf_3),1199.2,0.00829,0.001,600.0
nofold/s30_off,71,d(item_6),move_to(?target=shelf_3),1199.2,0.00012,0.001,600.0
nofold/s30_off,71,d(item_7),move_to(?target=shelf_3),1199.2,0.005394,0.001,600.0
nofold/s30_off,72,d(item_2),move_to(?target=shelf_3),1239.2,0.001128,0.001,620.0
nofold/s30_off,72,d(item_3),"place(?item=item_3,?target=kitting_table_0)",,0.909091,0.9055,0.0
nofold/s30_off,72,d(item_4),move_to(?target=shelf_3),1239.2,0.00829,0.001,620.0
nofold/s30_off,72,d(item_6),move_to(?target=shelf_3),1239.2,0.00012,0.001,620.0
nofold/s30_off,72,d(item_7),move_to(?target=shelf_3),1239.2,0.005394,0.001,620.0
nofold/s30_off,73,d(item_2),move_to(?target=shelf_3),1239.2,0.001128,0.001,620.0
nofold/s30_off,73,d(item_3),"place(?item=item_3,?target=kitting_table_0)",,0.909091,0.9055,0.0
nofold/s30_off,73,d(item_4),move_to(?target=shelf_3),1239.2,0.00829,0.001,620.0
nofold/s30_off,73,d(item_6),move_to(?target=shelf_3),1239.2,0.00012,0.001,620.0
nofold/s30_off,73,d(item_7),move_to(?target=shelf_3),1239.2,0.005394,0.001,620.0
nofold/s30_off,74,d(item_2),move_to(?target=item_2),0.0,0.2,0.1998,0.0
nofold/s30_off,74,d(item_4),move_to(?target=item_4),0.0,0.2,0.1998,0.0
nofold/s30_off,74,d(item_6),move_to(?target=item_6),0.0,0.2,0.1998,0.0
nofold/s30_off,74,d(item_7),move_to(?target=item_7),0.0,0.2,0.1998,0.0
nofold/s30_off,75,d(item_2),move_to(?target=item_2),0.0,0.2,0.1998,0.0
nofold/s30_off,75,d(item_4),move_to(?target=item_4),0.0,0.2,0.1998,0.0
nofold/s30_off,75,d(item_6),move_to(?target=item_6),0.0,0.2,0.1998,0.0
nofold/s30_off,75,d(item_7),move_to(?target=item_7),0.0,0.2,0.1998,0.0
nofold/s30_off,76,d(item_2),move_to(?target=item_2),0.0,0.2,0.1998,0.0
nofold/s30_off,76,d(item_4),move_to(?target=item_4),0.0,0.2,0.1998,0.0
nofold/s30_off,76,d(item_6),move_to(?target=item_6),0.0,0.2,0.1998,0.0
nofold/s30_off,76,d(item_7),move_to(?target=item_7),0.0,0.2,0.1998,0.0
nofold/s30_off,77,d(item_2),move_to(?target=item_2),27.4,0.268796,0.232,20.0
nofold/s30_off,77,d(item_4),move_to(?target=item_4),20.2,0.268796,0.2414,20.0
nofold/s30_off,77,d(item_6),move_to(?target=item_6),28.7,0.268796,0.2302,20.0
nofold/s30_off,77,d(item_7),move_to(?target=item_7),0.0,0.268796,0.2685,20.0
nofold/s30_off,78,d(item_2),move_to(?target=item_2),57.9,0.299994,0.2152,40.0
nofold/s30_off,78,d(item_4),move_to(?target=item_4),41.1,0.299994,0.239,40.0
nofold/s30_off,78,d(item_6),move_to(?target=item_6),58.0,0.299994,0.2151,40.0
nofold/s30_off,78,d(item_7),move_to(?target=item_7),0.0,0.299994,0.2997,40.0
nofold/s30_off,79,d(item_2),move_to(?target=item_2),92.2,0.338594,0.1925,60.0
nofold/s30_off,79,d(item_4),move_to(?target=item_4),62.5,0.338594,0.2358,60.0
nofold/s30_off,79,d(item_6),move_to(?target=item_6),87.8,0.338594,0.1986,60.0
nofold/s30_off,79,d(item_7),move_to(?target=item_7),0.0,0.338594,0.3383,60.0
nofold/s30_off,80,d(item_2),move_to(?target=item_2),130.7,0.385114,0.1639,80.0
nofold/s30_off,80,d(item_4),move_to(?target=item_4),84.6,0.385114,0.2311,80.0
nofold/s30_off,80,d(item_6),move_to(?target=item_6),118.1,0.385114,0.1808,80.0
nofold/s30_off,80,d(item_7),move_to(?target=item_7),0.0,0.385114,0.3847,80.0
nofold/s30_off,81,d(item_2),move_to(?target=item_2),173.3,0.438826,0.1317,100.0
nofold/s30_off,81,d(item_4),move_to(?target=item_4),107.2,0.438826,0.2236,100.0
nofold/s30_off,81,d(item_6),move_to(?target=item_6),148.8,0.438826,0.1615,100.0
nofold/s30_off,81,d(item_7),move_to(?target=item_7),0.0,0.438826,0.4384,100.0
nofold/s30_off,82,d(item_2),move_to(?target=item_2),219.8,0.497388,0.0993,120.0
nofold/s30_off,82,d(item_4),move_to(?target=item_4),130.4,0.497388,0.2122,120.0
nofold/s30_off,82,d(item_6),move_to(?target=item_6),180.0,0.497388,0.141,120.0
nofold/s30_off,82,d(item_7),move_to(?target=item_7),0.0,0.497388,0.4969,120.0
nofold/s30_off,83,d(item_2),move_to(?target=item_2),269.2,0.557241,0.0706,140.0
nofold/s30_off,83,d(item_4),move_to(?target=item_4),154.2,0.557241,0.1962,140.0
nofold/s30_off,83,d(item_6),move_to(?target=item_6),211.6,0.557241,0.1198,140.0
nofold/s30_off,83,d(item_7),move_to(?target=item_7),0.0,0.557241,0.5567,140.0
nofold/s30_off,84,d(item_2),move_to(?target=item_2),318.6,0.614375,0.0487,160.0
nofold/s30_off,84,d(item_4),move_to(?target=item_4),178.6,0.614375,0.1763,160.0
nofold/s30_off,84,d(item_6),move_to(?target=item_6),243.5,0.614375,0.0988,160.0
nofold/s30_off,84,d(item_7),move_to(?target=item_7),0.0,0.614375,0.6138,160.0
nofold/s30_off,85,d(item_2),move_to(?target=item_2),358.6,0.664744,0.0358,180.0
nofold/s30_off,85,d(item_4),move_to(?target=item_4),203.5,0.664744,0.1536,180.0
nofold/s30_off,85,d(item_6),move_to(?target=item_6),275.9,0.664744,0.0791,180.0
nofold/s30_off,85,d(item_7),move_to(?target=item_7),0.0,0.664744,0.6641,180.0
nofold/s30_off,86,d(item_4),move_to(?target=item_4),228.9,0.729168,0.1339,200.0
nofold/s30_off,86,d(item_6),move_to(?target=item_6),308.6,0.729168,0.0636,200.0
nofold/s30_off,86,d(item_7),move_to(?target=item_7),0.0,0.729168,0.7277,200.0
nofold/s30_off,87,d(item_4),move_to(?target=item_4),254.9,0.764199,0.1106,220.0
nofold/s30_off,87,d(item_6),move_to(?target=item_6),341.6,0.764199,0.0485,220.0
nofold/s30_off,87,d(item_7),move_to(?target=item_7),0.0,0.764199,0.7627,220.0
nofold/s30_off,88,d(item_4),move_to(?target=item_4),281.4,0.79422,0.0897,240.0
nofold/s30_off,88,d(item_6),move_to(?target=item_6),375.0,0.79422,0.0364,240.0
nofold/s30_off,88,d(item_7),move_to(?target=item_7),0.0,0.79422,0.7926,240.0
nofold/s30_off,89,d(item_4),move_to(?target=item_4),308.4,0.819286,0.0716,260.0
nofold/s30_off,89,d(item_6),move_to(?target=item_6),408.6,0.819286,0.027,260.0
nofold/s30_off,89,d(item_7),move_to(?target=item_7),0.0,0.819286,0.8176,260.0
nofold/s30_off,90,d(item_4),move_to(?target=item_4),335.9,0.839741,0.0563,280.0
nofold/s30_off,90,d(item_6),move_to(?target=item_6),442.6,0.839741,0.0198,280.0
nofold/s30_off,90,d(item_7),move_to(?target=item_7),0.0,0.839741,0.8381,280.0
nofold/s30_off,91,d(item_4),move_to(?target=item_4),363.9,0.856108,0.0438,300.0
nofold/s30_off,91,d(item_6),move_to(?target=item_6),476.8,0.856108,0.0144,300.0
nofold/s30_off,91,d(item_7),move_to(?target=item_7),0.0,0.856108,0.8544,300.0
nofold/s30_off,92,d(item_4),move_to(?target=item_4),392.3,0.868987,0.0336,320.0
nofold/s30_off,92,d(item_6),move_to(?target=item_6),511.2,0.868987,0.0104,320.0
nofold/s30_off,92,d(item_7),move_to(?target=item_7),0.0,0.868987,0.8672,320.0
nofold/s30_off,93,d(item_4),move_to(?target=item_4),421.2,0.878978,0.0256,340.0
nofold/s30_off,93,d(item_6),move_to(?target=item_6),545.9,0.878978,0.0074,340.0
nofold/s30_off,93,d(item_7),move_to(?target=item_7),0.0,0.878978,0.8772,340.0
nofold/s30_off,94,d(item_4),move_to(?target=item_4),450.5,0.886637,0.0194,360.0
nofold/s30_off,94,d(item_6),move_to(?target=item_6),580.9,0.886637,0.0053,360.0
nofold/s30_off,94,d(item_7),move_to(?target=item_7),0.0,0.886637,0.8849,360.0
nofold/s30_off,95,d(item_4),move_to(?target=item_4),480.2,0.892449,0.0145,380.0
nofold/s30_off,95,d(item_6),move_to(?target=item_6),616.0,0.892449,0.0038,380.0
nofold/s30_off,95,d(item_7),move_to(?target=item_7),0.0,0.892449,0.8907,380.0
nofold/s30_off,96,d(item_4),move_to(?target=item_4),510.3,0.896822,0.0108,400.0
nofold/s30_off,96,d(item_6),move_to(?target=item_6),651.3,0.896822,0.0027,400.0
nofold/s30_off,96,d(item_7),pick_up(?item=item_7),,0.896822,0.895,0.0
nofold/s30_off,97,d(item_4),move_to(?target=item_4),510.3,0.896822,0.0108,400.0
nofold/s30_off,97,d(item_6),move_to(?target=item_6),651.3,0.896822,0.0027,400.0
nofold/s30_off,97,d(item_7),pick_up(?item=item_7),,0.896822,0.895,0.0
nofold/s30_off,98,d(item_4),"place(?item=item_7,?target=shelf_7)",,0.01084,0.0108,0.0
nofold/s30_off,98,d(item_6),"place(?item=item_7,?target=shelf_7)",,0.002657,0.0027,0.0
nofold/s30_off,98,d(item_7),move_to(?target=kitting_table_0),0.0,0.896822,0.895,0.0
nofold/s30_off,99,d(item_4),"place(?item=item_7,?target=shelf_7)",,0.01084,0.0108,0.0
nofold/s30_off,99,d(item_6),"place(?item=item_7,?target=shelf_7)",,0.002657,0.0027,0.0
nofold/s30_off,99,d(item_7),move_to(?target=kitting_table_0),0.0,0.896822,0.895,0.0
nofold/s30_off,100,d(item_4),move_to(?target=shelf_7),0.0,0.01084,0.0108,0.0
nofold/s30_off,100,d(item_6),move_to(?target=shelf_7),0.0,0.002657,0.0027,0.0
nofold/s30_off,100,d(item_7),move_to(?target=kitting_table_0),0.0,0.896822,0.895,20.0
nofold/s30_off,101,d(item_4),move_to(?target=shelf_7),40.0,0.010869,0.0087,20.0
nofold/s30_off,101,d(item_6),move_to(?target=shelf_7),40.0,0.002664,0.0021,20.0
nofold/s30_off,101,d(item_7),move_to(?target=kitting_table_0),-0.0,0.899217,0.8974,40.0
nofold/s30_off,102,d(item_4),move_to(?target=shelf_7),80.0,0.010895,0.0067,40.0
nofold/s30_off,102,d(item_6),move_to(?target=shelf_7),80.0,0.00267,0.0017,40.0
nofold/s30_off,102,d(item_7),move_to(?target=kitting_table_0),0.0,0.901444,0.8996,60.0
nofold/s30_off,103,d(item_4),move_to(?target=shelf_7),120.0,0.010919,0.005,60.0
nofold/s30_off,103,d(item_6),move_to(?target=shelf_7),120.0,0.002676,0.0012,60.0
nofold/s30_off,103,d(item_7),move_to(?target=kitting_table_0),0.0,0.903369,0.9016,80.0
nofold/s30_off,104,d(item_4),move_to(?target=shelf_7),160.0,0.010938,0.0037,80.0
nofold/s30_off,104,d(item_6),move_to(?target=shelf_7),160.0,0.002681,0.001,80.0
nofold/s30_off,104,d(item_7),move_to(?target=kitting_table_0),-0.0,0.904931,0.903,100.0
nofold/s30_off,105,d(item_4),move_to(?target=shelf_7),200.0,0.010952,0.0026,100.0
nofold/s30_off,105,d(item_6),move_to(?target=shelf_7),200.0,0.002684,0.001,100.0
nofold/s30_off,105,d(item_7),move_to(?target=kitting_table_0),0.0,0.906135,0.904,120.0
nofold/s30_off,106,d(item_4),move_to(?target=shelf_7),240.0,0.010963,0.0018,120.0
nofold/s30_off,106,d(item_6),move_to(?target=shelf_7),240.0,0.002687,0.001,120.0
nofold/s30_off,106,d(item_7),move_to(?target=kitting_table_0),0.0,0.907027,0.9047,140.0
nofold/s30_off,107,d(item_4),move_to(?target=shelf_7),280.0,0.010971,0.0013,140.0
nofold/s30_off,107,d(item_6),move_to(?target=shelf_7),280.0,0.002689,0.001,140.0
nofold/s30_off,107,d(item_7),move_to(?target=kitting_table_0),-0.0,0.907667,0.9052,160.0
nofold/s30_off,108,d(item_4),move_to(?target=shelf_7),320.0,0.010976,0.001,160.0
nofold/s30_off,108,d(item_6),move_to(?target=shelf_7),320.0,0.00269,0.001,160.0
nofold/s30_off,108,d(item_7),move_to(?target=kitting_table_0),0.0,0.908118,0.9055,180.0
nofold/s30_off,109,d(item_4),move_to(?target=shelf_7),360.0,0.01098,0.001,180.0
nofold/s30_off,109,d(item_6),move_to(?target=shelf_7),360.0,0.002691,0.001,180.0
nofold/s30_off,109,d(item_7),move_to(?target=kitting_table_0),0.0,0.90843,0.9055,200.0
nofold/s30_off,110,d(item_4),move_to(?target=shelf_7),400.0,0.010983,0.001,200.0
nofold/s30_off,110,d(item_6),move_to(?target=shelf_7),400.0,0.002692,0.001,200.0
nofold/s30_off,110,d(item_7),move_to(?target=kitting_table_0),0.0,0.908644,0.9055,220.0
nofold/s30_off,111,d(item_4),move_to(?target=shelf_7),440.0,0.010984,0.001,220.0
nofold/s30_off,111,d(item_6),move_to(?target=shelf_7),440.0,0.002692,0.001,220.0
nofold/s30_off,111,d(item_7),move_to(?target=kitting_table_0),-0.0,0.908789,0.9055,240.0
nofold/s30_off,112,d(item_4),move_to(?target=shelf_7),480.0,0.010985,0.001,240.0
nofold/s30_off,112,d(item_6),move_to(?target=shelf_7),480.0,0.002692,0.001,240.0
nofold/s30_off,112,d(item_7),move_to(?target=kitting_table_0),0.0,0.908888,0.9055,260.0
nofold/s30_off,113,d(item_4),move_to(?target=shelf_7),520.0,0.010986,0.001,260.0
nofold/s30_off,113,d(item_6),move_to(?target=shelf_7),520.0,0.002693,0.001,260.0
nofold/s30_off,113,d(item_7),move_to(?target=kitting_table_0),0.0,0.908954,0.9055,280.0
nofold/s30_off,114,d(item_4),move_to(?target=shelf_7),560.0,0.010987,0.001,280.0
nofold/s30_off,114,d(item_6),move_to(?target=shelf_7),560.0,0.002693,0.001,280.0
nofold/s30_off,114,d(item_7),move_to(?target=kitting_table_0),0.0,0.908999,0.9055,300.0
nofold/s30_off,115,d(item_4),move_to(?target=shelf_7),600.0,0.010987,0.001,300.0
nofold/s30_off,115,d(item_6),move_to(?target=shelf_7),600.0,0.002693,0.001,300.0
nofold/s30_off,115,d(item_7),move_to(?target=kitting_table_0),0.0,0.909029,0.9055,320.0
nofold/s30_off,116,d(item_4),move_to(?target=shelf_7),640.0,0.010987,0.001,320.0
nofold/s30_off,116,d(item_6),move_to(?target=shelf_7),640.0,0.002693,0.001,320.0
nofold/s30_off,116,d(item_7),move_to(?target=kitting_table_0),-0.0,0.90905,0.9055,340.0
nofold/s30_off,117,d(item_4),move_to(?target=shelf_7),680.0,0.010988,0.001,340.0
nofold/s30_off,117,d(item_6),move_to(?target=shelf_7),680.0,0.002693,0.001,340.0
nofold/s30_off,117,d(item_7),move_to(?target=kitting_table_0),0.0,0.909063,0.9055,360.0
nofold/s30_off,118,d(item_4),move_to(?target=shelf_7),720.0,0.010988,0.001,360.0
nofold/s30_off,118,d(item_6),move_to(?target=shelf_7),720.0,0.002693,0.001,360.0
nofold/s30_off,118,d(item_7),move_to(?target=kitting_table_0),0.0,0.909072,0.9055,380.0
nofold/s30_off,119,d(item_4),move_to(?target=shelf_7),760.0,0.010988,0.001,380.0
nofold/s30_off,119,d(item_6),move_to(?target=shelf_7),760.0,0.002693,0.001,380.0
nofold/s30_off,119,d(item_7),"place(?item=item_7,?target=kitting_table_0)",,0.909078,0.9055,0.0
nofold/s30_off,120,d(item_4),move_to(?target=shelf_7),760.0,0.010988,0.001,380.0
nofold/s30_off,120,d(item_6),move_to(?target=shelf_7),760.0,0.002693,0.001,380.0
nofold/s30_off,120,d(item_7),"place(?item=item_7,?target=kitting_table_0)",,0.909078,0.9055,0.0
nofold/s30_off,121,d(item_4),move_to(?target=item_4),0.0,0.333333,0.3323,0.0
nofold/s30_off,121,d(item_6),move_to(?target=item_6),0.0,0.333333,0.3323,0.0
nofold/s30_off,122,d(item_4),move_to(?target=item_4),0.0,0.333333,0.3323,0.0
nofold/s30_off,122,d(item_6),move_to(?target=item_6),0.0,0.333333,0.3323,0.0
nofold/s30_off,123,d(item_4),move_to(?target=item_4),0.0,0.333333,0.3323,0.0
nofold/s30_off,123,d(item_6),move_to(?target=item_6),0.0,0.333333,0.3323,0.0
nofold/s30_off,124,d(item_4),move_to(?target=item_4),0.0,0.333333,0.3323,0.0
nofold/s30_off,124,d(item_6),move_to(?target=item_6),0.0,0.333333,0.3323,0.0
nofold/s30_off,125,d(item_4),move_to(?target=item_4),0.0,0.333333,0.3323,0.0
nofold/s30_off,125,d(item_6),move_to(?target=item_6),0.0,0.333333,0.3323,0.0
nofold/s30_off,126,d(item_4),move_to(?target=item_4),0.0,0.333333,0.3323,0.0
nofold/s30_off,126,d(item_6),move_to(?target=item_6),0.0,0.333333,0.3323,0.0
nofold/s30_off,127,d(item_4),move_to(?target=item_4),0.0,0.333333,0.3323,0.0
nofold/s30_off,127,d(item_6),move_to(?target=item_6),0.0,0.333333,0.3323,0.0
nofold/s30_off,128,d(item_4),move_to(?target=item_4),0.0,0.333333,0.3323,0.0
nofold/s30_off,128,d(item_6),move_to(?target=item_6),0.0,0.333333,0.3323,0.0
nofold/s30_off,129,d(item_4),move_to(?target=item_4),0.0,0.333333,0.3323,0.0
nofold/s30_off,129,d(item_6),move_to(?target=item_6),0.0,0.333333,0.3323,0.0
nofold/s30_off,130,d(item_4),move_to(?target=item_4),0.0,0.333333,0.3323,0.0
nofold/s30_off,130,d(item_6),move_to(?target=item_6),0.0,0.333333,0.3323,0.0
nofold/s30_off,131,d(item_4),move_to(?target=item_4),0.0,0.333333,0.3323,0.0
nofold/s30_off,131,d(item_6),move_to(?target=item_6),0.0,0.333333,0.3323,0.0
nofold/s30_off,132,d(item_4),move_to(?target=item_4),0.0,0.333333,0.3323,0.0
nofold/s30_off,132,d(item_6),move_to(?target=item_6),0.0,0.333333,0.3323,0.0
nofold/s30_off,133,d(item_4),move_to(?target=item_4),0.0,0.333333,0.3323,0.0
nofold/s30_off,133,d(item_6),move_to(?target=item_6),0.0,0.333333,0.3323,0.0
nofold/s30_off,134,d(item_4),move_to(?target=item_4),0.0,0.333333,0.3323,0.0
nofold/s30_off,134,d(item_6),move_to(?target=item_6),0.0,0.333333,0.3323,0.0
nofold/s30_off,135,d(item_4),move_to(?target=item_4),0.0,0.333333,0.3323,0.0
nofold/s30_off,135,d(item_6),move_to(?target=item_6),0.0,0.333333,0.3323,0.0
nofold/s30_off,136,d(item_4),move_to(?target=item_4),0.0,0.333333,0.3323,0.0
nofold/s30_off,136,d(item_6),move_to(?target=item_6),0.0,0.333333,0.3323,0.0
nofold/s30_off,137,d(item_4),move_to(?target=item_4),0.0,0.333333,0.3323,0.0
nofold/s30_off,137,d(item_6),move_to(?target=item_6),0.0,0.333333,0.3323,0.0
nofold/s30_off,138,d(item_4),move_to(?target=item_4),0.0,0.333333,0.3323,0.0
nofold/s30_off,138,d(item_6),move_to(?target=item_6),0.0,0.333333,0.3323,0.0
nofold/s30_off,139,d(item_4),move_to(?target=item_4),0.0,0.333333,0.3323,0.0
nofold/s30_off,139,d(item_6),move_to(?target=item_6),0.0,0.333333,0.3323,0.0
nofold/s30_off,140,d(item_4),move_to(?target=item_4),0.0,0.333333,0.3323,0.0
nofold/s30_off,140,d(item_6),move_to(?target=item_6),0.0,0.333333,0.3323,0.0
nofold/s30_off,141,d(item_4),move_to(?target=item_4),0.0,0.333333,0.3323,0.0
nofold/s30_off,141,d(item_6),move_to(?target=item_6),0.0,0.333333,0.3323,0.0
nofold/s30_off,142,d(item_4),move_to(?target=item_4),0.0,0.333333,0.3323,0.0
nofold/s30_off,142,d(item_6),move_to(?target=item_6),0.0,0.333333,0.3323,0.0
nofold/s30_off,143,d(item_4),move_to(?target=item_4),0.0,0.333333,0.3323,0.0
nofold/s30_off,143,d(item_6),move_to(?target=item_6),0.0,0.333333,0.3323,0.0
nofold/s30_off,144,d(item_4),move_to(?target=item_4),0.0,0.333333,0.3323,0.0
nofold/s30_off,144,d(item_6),move_to(?target=item_6),0.0,0.333333,0.3323,0.0
nofold/s30_off,145,d(item_4),move_to(?target=item_4),0.0,0.333333,0.3323,0.0
nofold/s30_off,145,d(item_6),move_to(?target=item_6),0.0,0.333333,0.3323,0.0
nofold/s30_off,146,d(item_4),move_to(?target=item_4),0.0,0.333333,0.3323,0.0
nofold/s30_off,146,d(item_6),move_to(?target=item_6),0.0,0.333333,0.3323,0.0
nofold/s30_off,147,d(item_4),move_to(?target=item_4),0.0,0.333333,0.3323,0.0
nofold/s30_off,147,d(item_6),move_to(?target=item_6),0.0,0.333333,0.3323,0.0
nofold/s30_off,148,d(item_4),move_to(?target=item_4),0.0,0.333333,0.3323,0.0
nofold/s30_off,148,d(item_6),move_to(?target=item_6),0.0,0.333333,0.3323,0.0
nofold/s30_off,149,d(item_4),move_to(?target=item_4),0.0,0.333333,0.3323,0.0
nofold/s30_off,149,d(item_6),move_to(?target=item_6),0.0,0.333333,0.3323,0.0
nofold/s30_off,150,d(item_4),move_to(?target=item_4),0.0,0.333333,0.3323,0.0
nofold/s30_off,150,d(item_6),move_to(?target=item_6),0.0,0.333333,0.3323,0.0
nofold/s30_off,151,d(item_4),move_to(?target=item_4),0.0,0.333333,0.3323,0.0
nofold/s30_off,151,d(item_6),move_to(?target=item_6),0.0,0.333333,0.3323,0.0
nofold/s30_off,152,d(item_4),move_to(?target=item_4),0.0,0.333333,0.3323,0.0
nofold/s30_off,152,d(item_6),move_to(?target=item_6),0.0,0.333333,0.3323,0.0
nofold/s30_off,153,d(item_4),move_to(?target=item_4),0.0,0.333333,0.3323,0.0
nofold/s30_off,153,d(item_6),move_to(?target=item_6),0.0,0.333333,0.3323,0.0
nofold/s30_off,154,d(item_4),move_to(?target=item_4),0.0,0.333333,0.3323,0.0
nofold/s30_off,154,d(item_6),move_to(?target=item_6),0.0,0.333333,0.3323,0.0
nofold/s30_off,155,d(item_4),move_to(?target=item_4),0.0,0.333333,0.3323,0.0
nofold/s30_off,155,d(item_6),move_to(?target=item_6),0.0,0.333333,0.3323,0.0
nofold/s30_off,156,d(item_4),move_to(?target=item_4),0.0,0.333333,0.3323,0.0
nofold/s30_off,156,d(item_6),move_to(?target=item_6),0.0,0.333333,0.3323,0.0
nofold/s30_off,157,d(item_4),move_to(?target=item_4),0.0,0.333333,0.3323,0.0
nofold/s30_off,157,d(item_6),move_to(?target=item_6),0.0,0.333333,0.3323,0.0
nofold/s30_off,158,d(item_4),move_to(?target=item_4),0.0,0.333333,0.3323,0.0
nofold/s30_off,158,d(item_6),move_to(?target=item_6),0.0,0.333333,0.3323,0.0
nofold/s30_off,159,d(item_4),move_to(?target=item_4),0.0,0.333333,0.3323,0.0
nofold/s30_off,159,d(item_6),move_to(?target=item_6),0.0,0.333333,0.3323,0.0
nofold/s30_off,160,d(item_4),move_to(?target=item_4),0.0,0.333333,0.3323,0.0
nofold/s30_off,160,d(item_6),move_to(?target=item_6),0.0,0.333333,0.3323,0.0
nofold/s30_off,161,d(item_6),move_to(?target=item_6),0.0,0.5,0.498,0.0
nofold/s30_off,162,d(item_6),move_to(?target=item_6),0.0,0.5,0.498,0.0
nofold/s30_off,163,d(item_6),move_to(?target=item_6),0.0,0.5,0.498,0.0
nofold/s30_on,0,d(item_3),move_to(?target=item_3),-0.0,0.482254,0.4808,20.0
nofold/s30_on,0,d(item_7),move_to(?target=item_7),5.3,0.482254,0.4681,20.0
nofold/s30_on,1,d(item_3),move_to(?target=item_3),0.0,0.488787,0.4873,40.0
nofold/s30_on,1,d(item_7),move_to(?target=item_7),10.8,0.488787,0.4609,40.0
nofold/s30_on,2,d(item_3),move_to(?target=item_3),-0.0,0.49583,0.4943,60.0
nofold/s30_on,2,d(item_7),move_to(?target=item_7),16.7,0.49583,0.4532,60.0
nofold/s30_on,3,d(item_3),move_to(?target=item_3),0.0,0.503428,0.5019,80.0
nofold/s30_on,3,d(item_7),move_to(?target=item_7),22.8,0.503428,0.4449,80.0
nofold/s30_on,4,d(item_3),move_to(?target=item_3),-0.0,0.511626,0.5101,100.0
nofold/s30_on,4,d(item_7),move_to(?target=item_7),29.3,0.511626,0.4359,100.0
nofold/s30_on,5,d(item_3),move_to(?target=item_3),-0.0,0.520471,0.5189,120.0
nofold/s30_on,5,d(item_7),move_to(?target=item_7),36.1,0.520471,0.4262,120.0
nofold/s30_on,6,d(item_3),move_to(?target=item_3),0.0,0.530011,0.5284,140.0
nofold/s30_on,6,d(item_7),move_to(?target=item_7),43.3,0.530011,0.4157,140.0
nofold/s30_on,7,d(item_3),move_to(?target=item_3),0.0,0.540295,0.5387,160.0
nofold/s30_on,7,d(item_7),move_to(?target=item_7),50.9,0.540295,0.4045,160.0
nofold/s30_on,8,d(item_3),move_to(?target=item_3),0.0,0.551367,0.5497,180.0
nofold/s30_on,8,d(item_7),move_to(?target=item_7),58.9,0.551367,0.3923,180.0
nofold/s30_on,9,d(item_3),move_to(?target=item_3),-0.0,0.563268,0.5616,200.0
nofold/s30_on,9,d(item_7),move_to(?target=item_7),67.4,0.563268,0.3793,200.0
nofold/s30_on,10,d(item_3),move_to(?target=item_3),0.0,0.576033,0.5743,220.0
nofold/s30_on,10,d(item_7),move_to(?target=item_7),76.3,0.576033,0.3653,220.0
nofold/s30_on,11,d(item_3),move_to(?target=item_3),0.0,0.589683,0.5879,240.0
nofold/s30_on,11,d(item_7),move_to(?target=item_7),85.7,0.589683,0.3503,240.0
nofold/s30_on,12,d(item_3),move_to(?target=item_3),0.0,0.604226,0.6024,260.0
nofold/s30_on,12,d(item_7),move_to(?target=item_7),95.7,0.604226,0.3343,260.0
nofold/s30_on,13,d(item_3),move_to(?target=item_3),0.0,0.61965,0.6178,280.0
nofold/s30_on,13,d(item_7),move_to(?target=item_7),106.2,0.61965,0.3174,280.0
nofold/s30_on,14,d(item_3),move_to(?target=item_3),0.0,0.635916,0.634,300.0
nofold/s30_on,14,d(item_7),move_to(?target=item_7),117.3,0.635916,0.2996,300.0
nofold/s30_on,15,d(item_3),move_to(?target=item_3),0.0,0.652958,0.651,320.0
nofold/s30_on,15,d(item_7),move_to(?target=item_7),129.1,0.652958,0.2809,320.0
nofold/s30_on,16,d(item_3),move_to(?target=item_3),0.0,0.670673,0.6687,340.0
nofold/s30_on,16,d(item_7),move_to(?target=item_7),141.5,0.670673,0.2615,340.0
nofold/s30_on,17,d(item_3),move_to(?target=item_3),0.0,0.688921,0.6869,360.0
nofold/s30_on,17,d(item_7),move_to(?target=item_7),154.5,0.688921,0.2415,360.0
nofold/s30_on,18,d(item_3),move_to(?target=item_3),0.0,0.707527,0.7054,380.0
nofold/s30_on,18,d(item_7),move_to(?target=item_7),168.3,0.707527,0.2211,380.0
nofold/s30_on,19,d(item_3),move_to(?target=item_3),0.0,0.72628,0.7241,400.0
nofold/s30_on,19,d(item_7),move_to(?target=item_7),182.8,0.72628,0.2005,400.0
nofold/s30_on,20,d(item_3),move_to(?target=item_3),0.0,0.74494,0.7427,420.0
nofold/s30_on,20,d(item_7),move_to(?target=item_7),198.1,0.74494,0.18,420.0
nofold/s30_on,21,d(item_3),move_to(?target=item_3),0.0,0.763249,0.761,440.0
nofold/s30_on,21,d(item_7),move_to(?target=item_7),214.2,0.763249,0.1599,440.0
nofold/s30_on,22,d(item_3),move_to(?target=item_3),0.0,0.780948,0.7786,460.0
nofold/s30_on,22,d(item_7),move_to(?target=item_7),231.1,0.780948,0.1405,460.0
nofold/s30_on,23,d(item_3),move_to(?target=item_3),0.0,0.797787,0.7954,480.0
nofold/s30_on,23,d(item_7),move_to(?target=item_7),248.8,0.797787,0.1221,480.0
nofold/s30_on,24,d(item_3),move_to(?target=item_3),0.0,0.813546,0.8111,500.0
nofold/s30_on,24,d(item_7),move_to(?target=item_7),267.3,0.813546,0.1048,500.0
nofold/s30_on,25,d(item_3),move_to(?target=item_3),0.0,0.828045,0.8256,520.0
nofold/s30_on,25,d(item_7),move_to(?target=item_7),286.7,0.828045,0.0889,520.0
nofold/s30_on,26,d(item_3),move_to(?target=item_3),0.0,0.84116,0.8386,540.0
nofold/s30_on,26,d(item_7),move_to(?target=item_7),306.9,0.84116,0.0745,540.0
nofold/s30_on,27,d(item_3),move_to(?target=item_3),0.0,0.85282,0.8503,560.0
nofold/s30_on,27,d(item_7),move_to(?target=item_7),327.9,0.85282,0.0617,560.0
nofold/s30_on,28,d(item_3),move_to(?target=item_3),0.0,0.863015,0.8604,580.0
nofold/s30_on,28,d(item_7),move_to(?target=item_7),349.8,0.863015,0.0505,580.0
nofold/s30_on,29,d(item_3),move_to(?target=item_3),0.0,0.871784,0.8692,600.0
nofold/s30_on,29,d(item_7),move_to(?target=item_7),372.5,0.871784,0.0409,600.0
nofold/s30_on,30,d(item_3),move_to(?target=item_3),0.0,0.879208,0.8766,620.0
nofold/s30_on,30,d(item_7),move_to(?target=item_7),396.1,0.879208,0.0328,620.0
nofold/s30_on,31,d(item_3),move_to(?target=item_3),0.0,0.885401,0.8827,640.0
nofold/s30_on,31,d(item_7),move_to(?target=item_7),420.4,0.885401,0.026,640.0
nofold/s30_on,32,d(item_3),move_to(?target=item_3),0.0,0.890493,0.8878,660.0
nofold/s30_on,32,d(item_7),move_to(?target=item_7),445.5,0.890493,0.0204,660.0
nofold/s30_on,33,d(item_3),move_to(?target=item_3),0.0,0.894626,0.8919,680.0
nofold/s30_on,33,d(item_7),move_to(?target=item_7),471.4,0.894626,0.0159,680.0
nofold/s30_on,34,d(item_3),move_to(?target=item_3),0.0,0.897938,0.8952,700.0
nofold/s30_on,34,d(item_7),move_to(?target=item_7),497.9,0.897938,0.0122,700.0
nofold/s30_on,35,d(item_3),move_to(?target=item_3),0.0,0.900562,0.8979,720.0
nofold/s30_on,35,d(item_7),move_to(?target=item_7),525.2,0.900562,0.0094,720.0
nofold/s30_on,36,d(item_3),move_to(?target=item_3),0.0,0.902618,0.8999,740.0
nofold/s30_on,36,d(item_7),move_to(?target=item_7),553.2,0.902618,0.0071,740.0
nofold/s30_on,37,d(item_3),pick_up(?item=item_3),,0.904214,0.9015,0.0
nofold/s30_on,37,d(item_7),move_to(?target=item_7),581.7,0.904214,0.0053,760.0
nofold/s30_on,38,d(item_3),pick_up(?item=item_3),,0.904214,0.9015,0.0
nofold/s30_on,38,d(item_7),move_to(?target=item_7),581.7,0.904214,0.0053,760.0
nofold/s30_on,39,d(item_3),move_to(?target=kitting_table_0),0.0,0.904214,0.9015,0.0
nofold/s30_on,39,d(item_7),"place(?item=item_3,?target=shelf_3)",,0.005365,0.0053,0.0
nofold/s30_on,40,d(item_3),move_to(?target=kitting_table_0),0.0,0.904214,0.9015,0.0
nofold/s30_on,40,d(item_7),"place(?item=item_3,?target=shelf_3)",,0.005365,0.0053,0.0
nofold/s30_on,41,d(item_3),move_to(?target=kitting_table_0),-0.0,0.904214,0.9015,20.0
nofold/s30_on,41,d(item_7),move_to(?target=shelf_3),0.0,0.005365,0.0053,0.0
nofold/s30_on,42,d(item_3),move_to(?target=kitting_table_0),-0.0,0.905165,0.9024,40.0
nofold/s30_on,42,d(item_7),move_to(?target=shelf_3),39.7,0.005371,0.0043,20.0
nofold/s30_on,43,d(item_3),move_to(?target=kitting_table_0),-0.0,0.906051,0.9033,60.0
nofold/s30_on,43,d(item_7),move_to(?target=shelf_3),79.6,0.005376,0.0033,40.0
nofold/s30_on,44,d(item_3),move_to(?target=kitting_table_0),-0.0,0.906817,0.9041,80.0
nofold/s30_on,44,d(item_7),move_to(?target=shelf_3),119.5,0.00538,0.0025,60.0
nofold/s30_on,45,d(item_3),move_to(?target=kitting_table_0),-0.0,0.907438,0.9047,100.0
nofold/s30_on,45,d(item_7),move_to(?target=shelf_3),159.4,0.005384,0.0018,80.0
nofold/s30_on,46,d(item_3),move_to(?target=kitting_table_0),-0.0,0.907917,0.9052,120.0
nofold/s30_on,46,d(item_7),move_to(?target=shelf_3),199.4,0.005387,0.0013,100.0
nofold/s30_on,47,d(item_3),move_to(?target=kitting_table_0),-0.0,0.908271,0.9055,140.0
nofold/s30_on,47,d(item_7),move_to(?target=shelf_3),239.3,0.005389,0.001,120.0
nofold/s30_on,48,d(item_3),move_to(?target=kitting_table_0),-0.0,0.908525,0.9055,160.0
nofold/s30_on,48,d(item_7),move_to(?target=shelf_3),279.3,0.005391,0.001,140.0
nofold/s30_on,49,d(item_3),move_to(?target=kitting_table_0),-0.0,0.908704,0.9055,180.0
nofold/s30_on,49,d(item_7),move_to(?target=shelf_3),319.3,0.005392,0.001,160.0
nofold/s30_on,50,d(item_3),move_to(?target=kitting_table_0),0.0,0.908828,0.9055,200.0
nofold/s30_on,50,d(item_7),move_to(?target=shelf_3),359.3,0.005392,0.001,180.0
nofold/s30_on,51,d(item_3),move_to(?target=kitting_table_0),0.0,0.908913,0.9055,220.0
nofold/s30_on,51,d(item_7),move_to(?target=shelf_3),399.3,0.005393,0.001,200.0
nofold/s30_on,52,d(item_3),move_to(?target=kitting_table_0),0.0,0.908971,0.9055,240.0
nofold/s30_on,52,d(item_7),move_to(?target=shelf_3),439.3,0.005393,0.001,220.0
nofold/s30_on,53,d(item_3),move_to(?target=kitting_table_0),0.0,0.90901,0.9055,260.0
nofold/s30_on,53,d(item_7),move_to(?target=shelf_3),479.2,0.005393,0.001,240.0
nofold/s30_on,54,d(item_3),move_to(?target=kitting_table_0),-0.0,0.909037,0.9055,280.0
nofold/s30_on,54,d(item_7),move_to(?target=shelf_3),519.2,0.005394,0.001,260.0
nofold/s30_on,55,d(item_3),move_to(?target=kitting_table_0),-0.0,0.909055,0.9055,300.0
nofold/s30_on,55,d(item_7),move_to(?target=shelf_3),559.2,0.005394,0.001,280.0
nofold/s30_on,56,d(item_3),move_to(?target=kitting_table_0),-0.0,0.909066,0.9055,320.0
nofold/s30_on,56,d(item_7),move_to(?target=shelf_3),599.2,0.005394,0.001,300.0
nofold/s30_on,57,d(item_3),move_to(?target=kitting_table_0),0.0,0.909075,0.9055,340.0
nofold/s30_on,57,d(item_7),move_to(?target=shelf_3),639.2,0.005394,0.001,320.0
nofold/s30_on,58,d(item_3),move_to(?target=kitting_table_0),-0.0,0.90908,0.9055,360.0
nofold/s30_on,58,d(item_7),move_to(?target=shelf_3),679.2,0.005394,0.001,340.0
nofold/s30_on,59,d(item_3),move_to(?target=kitting_table_0),-0.0,0.909084,0.9055,380.0
nofold/s30_on,59,d(item_7),move_to(?target=shelf_3),719.2,0.005394,0.001,360.0
nofold/s30_on,60,d(item_3),move_to(?target=kitting_table_0),0.0,0.909086,0.9055,400.0
nofold/s30_on,60,d(item_7),move_to(?target=shelf_3),759.2,0.005394,0.001,380.0
nofold/s30_on,61,d(item_3),move_to(?target=kitting_table_0),-0.0,0.909088,0.9055,420.0
nofold/s30_on,61,d(item_7),move_to(?target=shelf_3),799.2,0.005394,0.001,400.0
nofold/s30_on,62,d(item_3),move_to(?target=kitting_table_0),-0.0,0.909089,0.9055,440.0
nofold/s30_on,62,d(item_7),move_to(?target=shelf_3),839.2,0.005394,0.001,420.0
nofold/s30_on,63,d(item_3),move_to(?target=kitting_table_0),0.0,0.909089,0.9055,460.0
nofold/s30_on,63,d(item_7),move_to(?target=shelf_3),879.2,0.005394,0.001,440.0
nofold/s30_on,64,d(item_3),move_to(?target=kitting_table_0),-0.0,0.90909,0.9055,480.0
nofold/s30_on,64,d(item_7),move_to(?target=shelf_3),919.2,0.005394,0.001,460.0
nofold/s30_on,65,d(item_3),move_to(?target=kitting_table_0),-0.0,0.90909,0.9055,500.0
nofold/s30_on,65,d(item_7),move_to(?target=shelf_3),959.2,0.005394,0.001,480.0
nofold/s30_on,66,d(item_3),move_to(?target=kitting_table_0),-0.0,0.90909,0.9055,520.0
nofold/s30_on,66,d(item_7),move_to(?target=shelf_3),999.2,0.005394,0.001,500.0
nofold/s30_on,67,d(item_3),move_to(?target=kitting_table_0),-0.0,0.909091,0.9055,540.0
nofold/s30_on,67,d(item_7),move_to(?target=shelf_3),1039.2,0.005394,0.001,520.0
nofold/s30_on,68,d(item_3),move_to(?target=kitting_table_0),-0.0,0.909091,0.9055,560.0
nofold/s30_on,68,d(item_7),move_to(?target=shelf_3),1079.2,0.005394,0.001,540.0
nofold/s30_on,69,d(item_3),move_to(?target=kitting_table_0),-0.0,0.909091,0.9055,580.0
nofold/s30_on,69,d(item_7),move_to(?target=shelf_3),1119.2,0.005394,0.001,560.0
nofold/s30_on,70,d(item_3),move_to(?target=kitting_table_0),-0.0,0.909091,0.9055,600.0
nofold/s30_on,70,d(item_7),move_to(?target=shelf_3),1159.2,0.005394,0.001,580.0
nofold/s30_on,71,d(item_3),move_to(?target=kitting_table_0),-0.0,0.909091,0.9055,620.0
nofold/s30_on,71,d(item_7),move_to(?target=shelf_3),1199.2,0.005394,0.001,600.0
nofold/s30_on,72,d(item_3),"place(?item=item_3,?target=kitting_table_0)",,0.909091,0.9055,0.0
nofold/s30_on,72,d(item_7),move_to(?target=shelf_3),1239.2,0.005394,0.001,620.0
nofold/s30_on,73,d(item_3),"place(?item=item_3,?target=kitting_table_0)",,0.909091,0.9055,0.0
nofold/s30_on,73,d(item_7),move_to(?target=shelf_3),1239.2,0.005394,0.001,620.0
nofold/s30_on,74,d(item_7),move_to(?target=item_7),0.0,0.5,0.498,0.0
nofold/s30_on,75,d(item_7),move_to(?target=item_7),0.0,0.5,0.498,0.0
nofold/s30_on,76,d(item_7),move_to(?target=item_7),0.0,0.5,0.498,0.0
nofold/s30_on,77,d(item_7),move_to(?target=item_7),0.0,0.909091,0.9055,20.0
nofold/s30_on,78,d(item_7),move_to(?target=item_7),0.0,0.909091,0.9055,40.0
nofold/s30_on,79,d(item_7),move_to(?target=item_7),0.0,0.909091,0.9055,60.0
nofold/s30_on,80,d(item_7),move_to(?target=item_7),0.0,0.909091,0.9055,80.0
nofold/s30_on,81,d(item_7),move_to(?target=item_7),0.0,0.909091,0.9055,100.0
nofold/s30_on,82,d(item_7),move_to(?target=item_7),0.0,0.909091,0.9055,120.0
nofold/s30_on,83,d(item_7),move_to(?target=item_7),0.0,0.909091,0.9055,140.0
nofold/s30_on,84,d(item_7),move_to(?target=item_7),0.0,0.909091,0.9055,160.0
nofold/s30_on,85,d(item_7),move_to(?target=item_7),0.0,0.909091,0.9055,180.0
nofold/s30_on,86,d(item_7),move_to(?target=item_7),0.0,0.909091,0.9055,200.0
nofold/s30_on,87,d(item_7),move_to(?target=item_7),0.0,0.909091,0.9055,220.0
nofold/s30_on,88,d(item_7),move_to(?target=item_7),0.0,0.909091,0.9055,240.0
nofold/s30_on,89,d(item_7),move_to(?target=item_7),0.0,0.909091,0.9055,260.0
nofold/s30_on,90,d(item_7),move_to(?target=item_7),0.0,0.909091,0.9055,280.0
nofold/s30_on,91,d(item_7),move_to(?target=item_7),0.0,0.909091,0.9055,300.0
nofold/s30_on,92,d(item_7),move_to(?target=item_7),0.0,0.909091,0.9055,320.0
nofold/s30_on,93,d(item_7),move_to(?target=item_7),0.0,0.909091,0.9055,340.0
nofold/s30_on,94,d(item_7),move_to(?target=item_7),0.0,0.909091,0.9055,360.0
nofold/s30_on,95,d(item_7),move_to(?target=item_7),0.0,0.909091,0.9055,380.0
nofold/s30_on,96,d(item_7),pick_up(?item=item_7),,0.909091,0.9055,0.0
nofold/s30_on,97,d(item_7),pick_up(?item=item_7),,0.909091,0.9055,0.0
nofold/s30_on,98,d(item_7),move_to(?target=kitting_table_0),0.0,0.5,0.498,0.0
nofold/s30_on,99,d(item_7),move_to(?target=kitting_table_0),0.0,0.5,0.498,0.0
nofold/s30_on,100,d(item_7),move_to(?target=kitting_table_0),0.0,0.909091,0.9055,20.0
nofold/s30_on,101,d(item_7),move_to(?target=kitting_table_0),-0.0,0.909091,0.9055,40.0
nofold/s30_on,102,d(item_7),move_to(?target=kitting_table_0),0.0,0.909091,0.9055,60.0
nofold/s30_on,103,d(item_7),move_to(?target=kitting_table_0),0.0,0.909091,0.9055,80.0
nofold/s30_on,104,d(item_7),move_to(?target=kitting_table_0),-0.0,0.909091,0.9055,100.0
nofold/s30_on,105,d(item_7),move_to(?target=kitting_table_0),0.0,0.909091,0.9055,120.0
nofold/s30_on,106,d(item_7),move_to(?target=kitting_table_0),0.0,0.909091,0.9055,140.0
nofold/s30_on,107,d(item_7),move_to(?target=kitting_table_0),-0.0,0.909091,0.9055,160.0
nofold/s30_on,108,d(item_7),move_to(?target=kitting_table_0),0.0,0.909091,0.9055,180.0
nofold/s30_on,109,d(item_7),move_to(?target=kitting_table_0),0.0,0.909091,0.9055,200.0
nofold/s30_on,110,d(item_7),move_to(?target=kitting_table_0),0.0,0.909091,0.9055,220.0
nofold/s30_on,111,d(item_7),move_to(?target=kitting_table_0),-0.0,0.909091,0.9055,240.0
nofold/s30_on,112,d(item_7),move_to(?target=kitting_table_0),0.0,0.909091,0.9055,260.0
nofold/s30_on,113,d(item_7),move_to(?target=kitting_table_0),0.0,0.909091,0.9055,280.0
nofold/s30_on,114,d(item_7),move_to(?target=kitting_table_0),0.0,0.909091,0.9055,300.0
nofold/s30_on,115,d(item_7),move_to(?target=kitting_table_0),0.0,0.909091,0.9055,320.0
nofold/s30_on,116,d(item_7),move_to(?target=kitting_table_0),-0.0,0.909091,0.9055,340.0
nofold/s30_on,117,d(item_7),move_to(?target=kitting_table_0),0.0,0.909091,0.9055,360.0
nofold/s30_on,118,d(item_7),move_to(?target=kitting_table_0),0.0,0.909091,0.9055,380.0
nofold/s30_on,119,d(item_7),"place(?item=item_7,?target=kitting_table_0)",,0.909091,0.9055,0.0
nofold/s30_on,120,d(item_7),"place(?item=item_7,?target=kitting_table_0)",,0.909091,0.9055,0.0
nofold/s40_off,0,ac,move_to(?target=ac_switch_0),37.5,0.158998,0.1295,20.0
nofold/s40_off,0,coffee,move_to(?target=coffee_machine_0),7.4,0.158998,0.1531,20.0
nofold/s40_off,0,d(item_3),move_to(?target=item_3),0.0,0.158998,0.159,20.0
nofold/s40_off,0,d(item_4),move_to(?target=item_4),30.8,0.158998,0.1347,20.0
nofold/s40_off,0,d(item_5),move_to(?target=item_5),24.3,0.158998,0.1397,20.0
nofold/s40_off,0,d(item_6),move_to(?target=item_6),27.3,0.158998,0.1375,20.0
nofold/s40_off,0,d(item_7),move_to(?target=item_7),36.2,0.158998,0.1306,20.0
nofold/s40_off,1,ac,move_to(?target=ac_switch_0),75.3,0.18149,0.1162,40.0
nofold/s40_off,1,coffee,move_to(?target=coffee_machine_0),15.1,0.18149,0.1678,40.0
nofold/s40_off,1,d(item_3),move_to(?target=item_3),0.0,0.18149,0.1815,40.0
nofold/s40_off,1,d(item_4),move_to(?target=item_4),62.0,0.18149,0.127,40.0
nofold/s40_off,1,d(item_5),move_to(?target=item_5),49.0,0.18149,0.1379,40.0
nofold/s40_off,1,d(item_6),move_to(?target=item_6),54.8,0.18149,0.133,40.0
nofold/s40_off,1,d(item_7),move_to(?target=item_7),72.5,0.18149,0.1184,40.0
nofold/s40_off,2,ac,move_to(?target=ac_switch_0),113.4,0.208559,0.1016,60.0
nofold/s40_off,2,coffee,move_to(?target=coffee_machine_0),23.1,0.208559,0.1846,60.0
nofold/s40_off,2,d(item_3),move_to(?target=item_3),0.0,0.208559,0.2086,60.0
nofold/s40_off,2,d(item_4),move_to(?target=item_4),93.4,0.208559,0.1177,60.0
nofold/s40_off,2,d(item_5),move_to(?target=item_5),73.9,0.208559,0.1348,60.0
nofold/s40_off,2,d(item_6),move_to(?target=item_6),82.7,0.208559,0.1269,60.0
nofold/s40_off,2,d(item_7),move_to(?target=item_7),109.0,0.208559,0.105,60.0
nofold/s40_off,3,ac,move_to(?target=ac_switch_0),151.6,0.240092,0.0865,80.0
nofold/s40_off,3,coffee,move_to(?target=coffee_machine_0),31.4,0.240092,0.2027,80.0
nofold/s40_off,3,d(item_3),move_to(?target=item_3),0.0,0.240092,0.2401,80.0
nofold/s40_off,3,d(item_4),move_to(?target=item_4),125.2,0.240092,0.1068,80.0
nofold/s40_off,3,d(item_5),move_to(?target=item_5),99.1,0.240092,0.13,80.0
nofold/s40_off,3,d(item_6),move_to(?target=item_6),110.9,0.240092,0.1191,80.0
nofold/s40_off,3,d(item_7),move_to(?target=item_7),145.6,0.240092,0.0908,80.0
nofold/s40_off,4,ac,move_to(?target=ac_switch_0),190.0,0.275572,0.0717,100.0
nofold/s40_off,4,coffee,move_to(?target=coffee_machine_0),40.1,0.275572,0.221,100.0
nofold/s40_off,4,d(item_3),move_to(?target=item_3),0.0,0.275572,0.2756,100.0
nofold/s40_off,4,d(item_4),move_to(?target=item_4),157.2,0.275572,0.0947,100.0
nofold/s40_off,4,d(item_5),move_to(?target=item_5),124.6,0.275572,0.1231,100.0
nofold/s40_off,4,d(item_6),move_to(?target=item_6),139.3,0.275572,0.1096,100.0
nofold/s40_off,4,d(item_7),move_to(?target=item_7),182.3,0.275572,0.0766,100.0
nofold/s40_off,5,ac,move_to(?target=ac_switch_0),228.6,0.314113,0.058,120.0
nofold/s40_off,5,coffee,move_to(?target=coffee_machine_0),49.2,0.314113,0.2384,120.0
nofold/s40_off,5,d(item_3),move_to(?target=item_3),0.0,0.314113,0.3141,120.0
nofold/s40_off,5,d(item_4),move_to(?target=item_4),189.5,0.314113,0.0821,120.0
nofold/s40_off,5,d(item_5),move_to(?target=item_5),150.4,0.314113,0.1142,120.0
nofold/s40_off,5,d(item_6),move_to(?target=item_6),168.1,0.314113,0.0986,120.0
nofold/s40_off,5,d(item_7),move_to(?target=item_7),219.2,0.314113,0.0631,120.0
nofold/s40_off,6,ac,move_to(?target=ac_switch_0),267.2,0.354573,0.0458,140.0
nofold/s40_off,6,coffee,move_to(?target=coffee_machine_0),58.6,0.354573,0.2535,140.0
nofold/s40_off,6,d(item_3),move_to(?target=item_3),0.0,0.354573,0.3546,140.0
nofold/s40_off,6,d(item_4),move_to(?target=item_4),222.1,0.354573,0.0694,140.0
nofold/s40_off,6,d(item_5),move_to(?target=item_5),176.5,0.354573,0.1037,140.0
nofold/s40_off,6,d(item_6),move_to(?target=item_6),197.1,0.354573,0.0867,140.0
nofold/s40_off,6,d(item_7),move_to(?target=item_7),256.2,0.354573,0.0508,140.0
nofold/s40_off,7,ac,move_to(?target=ac_switch_0),306.0,0.395738,0.0354,160.0
nofold/s40_off,7,coffee,move_to(?target=coffee_machine_0),68.5,0.395738,0.2653,160.0
nofold/s40_off,7,d(item_3),move_to(?target=item_3),0.0,0.395738,0.3957,160.0
nofold/s40_off,7,d(item_4),move_to(?target=item_4),255.0,0.395738,0.0573,160.0
nofold/s40_off,7,d(item_5),move_to(?target=item_5),202.8,0.395738,0.092,160.0
nofold/s40_off,7,d(item_6),move_to(?target=item_6),226.4,0.395738,0.0745,160.0
nofold/s40_off,7,d(item_7),move_to(?target=item_7),293.3,0.395738,0.04,160.0
nofold/s40_off,8,ac,move_to(?target=ac_switch_0),344.9,0.4365,0.0269,180.0
nofold/s40_off,8,coffee,move_to(?target=coffee_machine_0),78.7,0.4365,0.273,180.0
nofold/s40_off,8,d(item_3),move_to(?target=item_3),0.0,0.4365,0.4365,180.0
nofold/s40_off,8,d(item_4),move_to(?target=item_4),288.1,0.4365,0.0464,180.0
nofold/s40_off,8,d(item_5),move_to(?target=item_5),229.4,0.4365,0.08,180.0
nofold/s40_off,8,d(item_6),move_to(?target=item_6),256.0,0.4365,0.0627,180.0
nofold/s40_off,8,d(item_7),move_to(?target=item_7),330.5,0.4365,0.0309,180.0
nofold/s40_off,9,ac,move_to(?target=ac_switch_0),383.9,0.475991,0.02,200.0
nofold/s40_off,9,coffee,move_to(?target=coffee_machine_0),89.4,0.475991,0.2763,200.0
nofold/s40_off,9,d(item_3),move_to(?target=item_3),0.0,0.475991,0.476,200.0
nofold/s40_off,9,d(item_4),move_to(?target=item_4),321.4,0.475991,0.0368,200.0
nofold/s40_off,9,d(item_5),move_to(?target=item_5),256.3,0.475991,0.0681,200.0
nofold/s40_off,9,d(item_6),move_to(?target=item_6),285.8,0.475991,0.0517,200.0
nofold/s40_off,9,d(item_7),move_to(?target=item_7),367.8,0.475991,0.0235,200.0
nofold/s40_off,10,ac,move_to(?target=ac_switch_0),423.0,0.513641,0.0147,220.0
nofold/s40_off,10,coffee,move_to(?target=coffee_machine_0),100.6,0.513641,0.2751,220.0
nofold/s40_off,10,d(item_3),move_to(?target=item_3),0.0,0.513641,0.5136,220.0
nofold/s40_off,10,d(item_4),move_to(?target=item_4),354.9,0.513641,0.0287,220.0
nofold/s40_off,10,d(item_5),move_to(?target=item_5),283.4,0.513641,0.057,220.0
nofold/s40_off,10,d(item_6),move_to(?target=item_6),315.9,0.513641,0.0419,220.0
nofold/s40_off,10,d(item_7),move_to(?target=item_7),405.2,0.513641,0.0176,220.0
nofold/s40_off,11,ac,move_to(?target=ac_switch_0),462.1,0.54916,0.0107,240.0
nofold/s40_off,11,coffee,move_to(?target=coffee_machine_0),112.2,0.54916,0.2698,240.0
nofold/s40_off,11,d(item_3),move_to(?target=item_3),0.0,0.54916,0.5492,240.0
nofold/s40_off,11,d(item_4),move_to(?target=item_4),388.7,0.54916,0.0221,240.0
nofold/s40_off,11,d(item_5),move_to(?target=item_5),310.8,0.54916,0.047,240.0
nofold/s40_off,11,d(item_6),move_to(?target=item_6),346.2,0.54916,0.0334,240.0
nofold/s40_off,11,d(item_7),move_to(?target=item_7),442.7,0.54916,0.013,240.0
nofold/s40_off,12,ac,move_to(?target=ac_switch_0),501.3,0.582478,0.0077,260.0
nofold/s40_off,12,coffee,move_to(?target=coffee_machine_0),124.3,0.582478,0.2608,260.0
nofold/s40_off,12,d(item_3),move_to(?target=item_3),0.0,0.582478,0.5825,260.0
nofold/s40_off,12,d(item_4),move_to(?target=item_4),422.7,0.582478,0.0168,260.0
nofold/s40_off,12,d(item_5),move_to(?target=item_5),338.5,0.582478,0.0382,260.0
nofold/s40_off,12,d(item_6),move_to(?target=item_6),376.8,0.582478,0.0263,260.0
nofold/s40_off,12,d(item_7),move_to(?target=item_7),480.3,0.582478,0.0095,260.0
nofold/s40_off,13,ac,move_to(?target=ac_switch_0),540.6,0.613663,0.0055,280.0
nofold/s40_off,13,coffee,move_to(?target=coffee_machine_0),136.9,0.613663,0.2488,280.0
nofold/s40_off,13,d(item_3),move_to(?target=item_3),0.0,0.613663,0.6137,280.0
nofold/s40_off,13,d(item_4),move_to(?target=item_4),456.9,0.613663,0.0126,280.0
nofold/s40_off,13,d(item_5),move_to(?target=item_5),366.4,0.613663,0.0307,280.0
nofold/s40_off,13,d(item_6),move_to(?target=item_6),407.6,0.613663,0.0205,280.0
nofold/s40_off,13,d(item_7),move_to(?target=item_7),517.9,0.613663,0.0069,280.0
nofold/s40_off,14,ac,move_to(?target=ac_switch_0),579.9,0.642846,0.0039,300.0
nofold/s40_off,14,coffee,move_to(?target=coffee_machine_0),150.1,0.642846,0.2344,300.0
nofold/s40_off,14,d(item_3),move_to(?target=item_3),0.0,0.642846,0.6428,300.0
nofold/s40_off,14,d(item_4),move_to(?target=item_4),491.2,0.642846,0.0094,300.0
nofold/s40_off,14,d(item_5),move_to(?target=item_5),394.6,0.642846,0.0244,300.0
nofold/s40_off,14,d(item_6),move_to(?target=item_6),438.6,0.642846,0.0158,300.0
nofold/s40_off,14,d(item_7),move_to(?target=item_7),555.7,0.642846,0.0049,300.0
nofold/s40_off,15,ac,move_to(?target=ac_switch_0),619.3,0.670173,0.0027,320.0
nofold/s40_off,15,coffee,move_to(?target=coffee_machine_0),163.7,0.670173,0.2183,320.0
nofold/s40_off,15,d(item_3),move_to(?target=item_3),0.0,0.670173,0.6702,320.0
nofold/s40_off,15,d(item_4),move_to(?target=item_4),525.8,0.670173,0.0069,320.0
nofold/s40_off,15,d(item_5),move_to(?target=item_5),423.0,0.670173,0.0192,320.0
nofold/s40_off,15,d(item_6),move_to(?target=item_6),469.8,0.670173,0.0121,320.0
nofold/s40_off,15,d(item_7),move_to(?target=item_7),593.5,0.670173,0.0035,320.0
nofold/s40_off,16,ac,move_to(?target=ac_switch_0),658.6,0.695764,0.0019,340.0
nofold/s40_off,16,coffee,move_to(?target=coffee_machine_0),178.0,0.695764,0.2009,340.0
nofold/s40_off,16,d(item_3),move_to(?target=item_3),0.0,0.695764,0.6958,340.0
nofold/s40_off,16,d(item_4),move_to(?target=item_4),560.5,0.695764,0.0051,340.0
nofold/s40_off,16,d(item_5),move_to(?target=item_5),451.6,0.695764,0.0151,340.0
nofold/s40_off,16,d(item_6),move_to(?target=item_6),501.3,0.695764,0.0092,340.0
nofold/s40_off,16,d(item_7),move_to(?target=item_7),631.4,0.695764,0.0025,340.0
nofold/s40_off,17,ac,move_to(?target=ac_switch_0),698.1,0.719704,0.0013,360.0
nofold/s40_off,17,coffee,move_to(?target=coffee_machine_0),192.7,0.719704,0.1828,360.0
nofold/s40_off,17,d(item_3),move_to(?target=item_3),0.0,0.719704,0.7197,360.0
nofold/s40_off,17,d(item_4),move_to(?target=item_4),595.4,0.719704,0.0037,360.0
nofold/s40_off,17,d(item_5),move_to(?target=item_5),480.5,0.719704,0.0117,360.0
nofold/s40_off,17,d(item_6),move_to(?target=item_6),533.0,0.719704,0.0069,360.0
nofold/s40_off,17,d(item_7),move_to(?target=item_7),669.4,0.719704,0.0018,360.0
nofold/s40_off,18,ac,move_to(?target=ac_switch_0),737.5,0.742035,0.001,380.0
nofold/s40_off,18,coffee,move_to(?target=coffee_machine_0),208.1,0.742035,0.1646,380.0
nofold/s40_off,18,d(item_3),move_to(?target=item_3),0.0,0.742035,0.742,380.0
nofold/s40_off,18,d(item_4),move_to(?target=item_4),630.4,0.742035,0.0027,380.0
nofold/s40_off,18,d(item_5),move_to(?target=item_5),509.6,0.742035,0.009,380.0
nofold/s40_off,18,d(item_6),move_to(?target=item_6),564.9,0.742035,0.0052,380.0
nofold/s40_off,18,d(item_7),move_to(?target=item_7),707.4,0.742035,0.0013,380.0
nofold/s40_off,19,ac,move_to(?target=ac_switch_0),777.0,0.76277,0.001,400.0
nofold/s40_off,19,coffee,move_to(?target=coffee_machine_0),224.1,0.76277,0.1466,400.0
nofold/s40_off,19,d(item_3),move_to(?target=item_3),0.0,0.76277,0.7624,400.0
nofold/s40_off,19,d(item_4),move_to(?target=item_4),665.7,0.76277,0.002,400.0
nofold/s40_off,19,d(item_5),move_to(?target=item_5),538.9,0.76277,0.0069,400.0
nofold/s40_off,19,d(item_6),move_to(?target=item_6),597.0,0.76277,0.0039,400.0
nofold/s40_off,19,d(item_7),move_to(?target=item_7),745.5,0.76277,0.001,400.0
nofold/s40_off,20,ac,move_to(?target=ac_switch_0),816.6,0.7819,0.001,420.0
nofold/s40_off,20,coffee,move_to(?target=coffee_machine_0),240.7,0.7819,0.1291,420.0
nofold/s40_off,20,d(item_3),move_to(?target=item_3),0.0,0.7819,0.7812,420.0
nofold/s40_off,20,d(item_4),move_to(?target=item_4),701.0,0.7819,0.0014,420.0
nofold/s40_off,20,d(item_5),move_to(?target=item_5),568.4,0.7819,0.0053,420.0
nofold/s40_off,20,d(item_6),move_to(?target=item_6),629.2,0.7819,0.0029,420.0
nofold/s40_off,20,d(item_7),move_to(?target=item_7),783.6,0.7819,0.001,420.0
nofold/s40_off,21,ac,move_to(?target=ac_switch_0),856.1,0.799411,0.001,440.0
nofold/s40_off,21,coffee,move_to(?target=coffee_machine_0),257.9,0.799411,0.1126,440.0
nofold/s40_off,21,d(item_3),move_to(?target=item_3),0.0,0.799411,0.7984,440.0
nofold/s40_off,21,d(item_4),move_to(?target=item_4),736.5,0.799411,0.001,440.0
nofold/s40_off,21,d(item_5),move_to(?target=item_5),598.2,0.799411,0.004,440.0
nofold/s40_off,21,d(item_6),move_to(?target=item_6),661.7,0.799411,0.0021,440.0
nofold/s40_off,21,d(item_7),move_to(?target=item_7),821.8,0.799411,0.001,440.0
nofold/s40_off,22,ac,move_to(?target=ac_switch_0),895.7,0.815293,0.001,460.0
nofold/s40_off,22,coffee,move_to(?target=coffee_machine_0),275.7,0.815293,0.0972,460.0
nofold/s40_off,22,d(item_3),move_to(?target=item_3),0.0,0.815293,0.8139,460.0
nofold/s40_off,22,d(item_4),move_to(?target=item_4),772.2,0.815293,0.001,460.0
nofold/s40_off,22,d(item_5),move_to(?target=item_5),628.1,0.815293,0.003,460.0
nofold/s40_off,22,d(item_6),move_to(?target=item_6),694.4,0.815293,0.0016,460.0
nofold/s40_off,22,d(item_7),move_to(?target=item_7),860.1,0.815293,0.001,460.0
nofold/s40_off,23,ac,move_to(?target=ac_switch_0),935.3,0.829555,0.001,480.0
nofold/s40_off,23,coffee,move_to(?target=coffee_machine_0),294.2,0.829555,0.083,480.0
nofold/s40_off,23,d(item_3),move_to(?target=item_3),0.0,0.829555,0.8278,480.0
nofold/s40_off,23,d(item_4),move_to(?target=item_4),807.9,0.829555,0.001,480.0
nofold/s40_off,23,d(item_5),move_to(?target=item_5),658.3,0.829555,0.0023,480.0
nofold/s40_off,23,d(item_6),move_to(?target=item_6),727.2,0.829555,0.0011,480.0
nofold/s40_off,23,d(item_7),move_to(?target=item_7),898.4,0.829555,0.001,480.0
nofold/s40_off,24,ac,move_to(?target=ac_switch_0),974.9,0.842225,0.001,500.0
nofold/s40_off,24,coffee,move_to(?target=coffee_machine_0),313.3,0.842225,0.0702,500.0
nofold/s40_off,24,d(item_3),move_to(?target=item_3),0.0,0.842225,0.8401,500.0
nofold/s40_off,24,d(item_4),move_to(?target=item_4),843.8,0.842225,0.001,500.0
nofold/s40_off,24,d(item_5),move_to(?target=item_5),688.7,0.842225,0.0017,500.0
nofold/s40_off,24,d(item_6),move_to(?target=item_6),760.2,0.842225,0.001,500.0
nofold/s40_off,24,d(item_7),move_to(?target=item_7),936.8,0.842225,0.001,500.0
nofold/s40_off,25,ac,move_to(?target=ac_switch_0),1014.5,0.853357,0.001,520.0
nofold/s40_off,25,coffee,move_to(?target=coffee_machine_0),333.0,0.853357,0.0588,520.0
nofold/s40_off,25,d(item_3),move_to(?target=item_3),0.0,0.853357,0.8508,520.0
nofold/s40_off,25,d(item_4),move_to(?target=item_4),879.8,0.853357,0.001,520.0
nofold/s40_off,25,d(item_5),move_to(?target=item_5),719.3,0.853357,0.0013,520.0
nofold/s40_off,25,d(item_6),move_to(?target=item_6),793.4,0.853357,0.001,520.0
nofold/s40_off,25,d(item_7),move_to(?target=item_7),975.2,0.853357,0.001,520.0
nofold/s40_off,26,ac,move_to(?target=ac_switch_0),1054.2,0.863029,0.001,540.0
nofold/s40_off,26,coffee,move_to(?target=coffee_machine_0),353.3,0.863029,0.0488,540.0
nofold/s40_off,26,d(item_3),move_to(?target=item_3),0.0,0.863029,0.8602,540.0
nofold/s40_off,26,d(item_4),move_to(?target=item_4),916.0,0.863029,0.001,540.0
nofold/s40_off,26,d(item_5),move_to(?target=item_5),750.0,0.863029,0.001,540.0
nofold/s40_off,26,d(item_6),move_to(?target=item_6),826.7,0.863029,0.001,540.0
nofold/s40_off,26,d(item_7),move_to(?target=item_7),1013.6,0.863029,0.001,540.0
nofold/s40_off,27,ac,move_to(?target=ac_switch_0),1093.9,0.871339,0.001,560.0
nofold/s40_off,27,coffee,move_to(?target=coffee_machine_0),374.4,0.871339,0.0401,560.0
nofold/s40_off,27,d(item_3),move_to(?target=item_3),0.0,0.871339,0.8681,560.0
nofold/s40_off,27,d(item_4),move_to(?target=item_4),952.2,0.871339,0.001,560.0
nofold/s40_off,27,d(item_5),move_to(?target=item_5),781.0,0.871339,0.001,560.0
nofold/s40_off,27,d(item_6),move_to(?target=item_6),860.2,0.871339,0.001,560.0
nofold/s40_off,27,d(item_7),move_to(?target=item_7),1052.1,0.871339,0.001,560.0
nofold/s40_off,28,ac,move_to(?target=ac_switch_0),1133.6,0.878401,0.001,580.0
nofold/s40_off,28,coffee,move_to(?target=coffee_machine_0),396.0,0.878401,0.0327,580.0
nofold/s40_off,28,d(item_3),move_to(?target=item_3),0.0,0.878401,0.8748,580.0
nofold/s40_off,28,d(item_4),move_to(?target=item_4),988.6,0.878401,0.001,580.0
nofold/s40_off,28,d(item_5),move_to(?target=item_5),812.1,0.878401,0.001,580.0
nofold/s40_off,28,d(item_6),move_to(?target=item_6),893.8,0.878401,0.001,580.0
nofold/s40_off,28,d(item_7),move_to(?target=item_7),1090.7,0.878401,0.001,580.0
nofold/s40_off,29,ac,move_to(?target=ac_switch_0),1173.3,0.884339,0.001,600.0
nofold/s40_off,29,coffee,move_to(?target=coffee_machine_0),418.3,0.884339,0.0265,600.0
nofold/s40_off,29,d(item_3),move_to(?target=item_3),0.0,0.884339,0.8805,600.0
nofold/s40_off,29,d(item_4),move_to(?target=item_4),1025.1,0.884339,0.001,600.0
nofold/s40_off,29,d(item_5),move_to(?target=item_5),843.5,0.884339,0.001,600.0
nofold/s40_off,29,d(item_6),move_to(?target=item_6),927.6,0.884339,0.001,600.0
nofold/s40_off,29,d(item_7),move_to(?target=item_7),1129.3,0.884339,0.001,600.0
nofold/s40_off,30,ac,move_to(?target=ac_switch_0),1213.0,0.88928,0.001,620.0
nofold/s40_off,30,coffee,move_to(?target=coffee_machine_0),441.2,0.88928,0.0212,620.0
nofold/s40_off,30,d(item_3),move_to(?target=item_3),0.0,0.88928,0.8853,620.0
nofold/s40_off,30,d(item_4),move_to(?target=item_4),1061.6,0.88928,0.001,620.0
nofold/s40_off,30,d(item_5),move_to(?target=item_5),875.0,0.88928,0.001,620.0
nofold/s40_off,30,d(item_6),move_to(?target=item_6),961.6,0.88928,0.001,620.0
nofold/s40_off,30,d(item_7),move_to(?target=item_7),1167.9,0.88928,0.001,620.0
nofold/s40_off,31,ac,move_to(?target=ac_switch_0),1252.7,0.893351,0.001,640.0
nofold/s40_off,31,coffee,move_to(?target=coffee_machine_0),464.7,0.893351,0.0169,640.0
nofold/s40_off,31,d(item_3),move_to(?target=item_3),0.0,0.893351,0.8892,640.0
nofold/s40_off,31,d(item_4),move_to(?target=item_4),1098.3,0.893351,0.001,640.0
nofold/s40_off,31,d(item_5),move_to(?target=item_5),906.7,0.893351,0.001,640.0
nofold/s40_off,31,d(item_6),move_to(?target=item_6),995.6,0.893351,0.001,640.0
nofold/s40_off,31,d(item_7),move_to(?target=item_7),1206.5,0.893351,0.001,640.0
nofold/s40_off,32,ac,move_to(?target=ac_switch_0),1292.4,0.896675,0.001,660.0
nofold/s40_off,32,coffee,move_to(?target=coffee_machine_0),488.8,0.896675,0.0134,660.0
nofold/s40_off,32,d(item_3),move_to(?target=item_3),0.0,0.896675,0.8924,660.0
nofold/s40_off,32,d(item_4),move_to(?target=item_4),1135.0,0.896675,0.001,660.0
nofold/s40_off,32,d(item_5),move_to(?target=item_5),938.5,0.896675,0.001,660.0
nofold/s40_off,32,d(item_6),move_to(?target=item_6),1029.9,0.896675,0.001,660.0
nofold/s40_off,32,d(item_7),move_to(?target=item_7),1245.2,0.896675,0.001,660.0
nofold/s40_off,33,ac,move_to(?target=ac_switch_0),1332.2,0.899363,0.001,680.0
nofold/s40_off,33,coffee,move_to(?target=coffee_machine_0),513.5,0.899363,0.0105,680.0
nofold/s40_off,33,d(item_3),move_to(?target=item_3),0.0,0.899363,0.895,680.0
nofold/s40_off,33,d(item_4),move_to(?target=item_4),1171.9,0.899363,0.001,680.0
nofold/s40_off,33,d(item_5),move_to(?target=item_5),970.5,0.899363,0.001,680.0
nofold/s40_off,33,d(item_6),move_to(?target=item_6),1064.2,0.899363,0.001,680.0
nofold/s40_off,33,d(item_7),move_to(?target=item_7),1284.0,0.899363,0.001,680.0
nofold/s40_off,34,ac,move_to(?target=ac_switch_0),1371.9,0.901518,0.001,700.0
nofold/s40_off,34,coffee,move_to(?target=coffee_machine_0),538.8,0.901518,0.0082,700.0
nofold/s40_off,34,d(item_3),move_to(?target=item_3),0.0,0.901518,0.8971,700.0
nofold/s40_off,34,d(item_4),move_to(?target=item_4),1208.8,0.901518,0.001,700.0
nofold/s40_off,34,d(item_5),move_to(?target=item_5),1002.7,0.901518,0.001,700.0
nofold/s40_off,34,d(item_6),move_to(?target=item_6),1098.7,0.901518,0.001,700.0
nofold/s40_off,34,d(item_7),move_to(?target=item_7),1322.7,0.901518,0.001,700.0
nofold/s40_off,35,ac,move_to(?target=ac_switch_0),1411.7,0.903233,0.001,720.0
nofold/s40_off,35,coffee,move_to(?target=coffee_machine_0),564.7,0.903233,0.0063,720.0
nofold/s40_off,35,d(item_3),move_to(?target=item_3),0.0,0.903233,0.8988,720.0
nofold/s40_off,35,d(item_4),move_to(?target=item_4),1245.8,0.903233,0.001,720.0
nofold/s40_off,35,d(item_5),move_to(?target=item_5),1035.0,0.903233,0.001,720.0
nofold/s40_off,35,d(item_6),move_to(?target=item_6),1133.3,0.903233,0.001,720.0
nofold/s40_off,35,d(item_7),move_to(?target=item_7),1361.5,0.903233,0.001,720.0
nofold/s40_off,36,ac,move_to(?target=ac_switch_0),1451.5,0.904587,0.001,740.0
nofold/s40_off,36,coffee,move_to(?target=coffee_machine_0),591.1,0.904587,0.0049,740.0
nofold/s40_off,36,d(item_3),move_to(?target=item_3),0.0,0.904587,0.9001,740.0
nofold/s40_off,36,d(item_4),move_to(?target=item_4),1282.9,0.904587,0.001,740.0
nofold/s40_off,36,d(item_5),move_to(?target=item_5),1067.5,0.904587,0.001,740.0
nofold/s40_off,36,d(item_6),move_to(?target=item_6),1168.0,0.904587,0.001,740.0
nofold/s40_off,36,d(item_7),move_to(?target=item_7),1400.4,0.904587,0.001,740.0
nofold/s40_off,37,ac,move_to(?target=ac_switch_0),1491.3,0.905647,0.001,760.0
nofold/s40_off,37,coffee,move_to(?target=coffee_machine_0),618.0,0.905647,0.0037,760.0
nofold/s40_off,37,d(item_3),move_to(?target=item_3),0.0,0.905647,0.9012,760.0
nofold/s40_off,37,d(item_4),move_to(?target=item_4),1320.1,0.905647,0.001,760.0
nofold/s40_off,37,d(item_5),move_to(?target=item_5),1100.2,0.905647,0.001,760.0
nofold/s40_off,37,d(item_6),move_to(?target=item_6),1202.9,0.905647,0.001,760.0
nofold/s40_off,37,d(item_7),move_to(?target=item_7),1439.2,0.905647,0.001,760.0
nofold/s40_off,38,ac,move_to(?target=ac_switch_0),1531.1,0.906473,0.001,780.0
nofold/s40_off,38,coffee,move_to(?target=coffee_machine_0),645.5,0.906473,0.0028,780.0
nofold/s40_off,38,d(item_3),move_to(?target=item_3),0.0,0.906473,0.902,780.0
nofold/s40_off,38,d(item_4),move_to(?target=item_4),1357.3,0.906473,0.001,780.0
nofold/s40_off,38,d(item_5),move_to(?target=item_5),1132.9,0.906473,0.001,780.0
nofold/s40_off,38,d(item_6),move_to(?target=item_6),1237.8,0.906473,0.001,780.0
nofold/s40_off,38,d(item_7),move_to(?target=item_7),1478.1,0.906473,0.001,780.0
nofold/s40_off,39,ac,move_to(?target=ac_switch_0),1570.9,0.907111,0.001,800.0
nofold/s40_off,39,coffee,move_to(?target=coffee_machine_0),673.4,0.907111,0.0021,800.0
nofold/s40_off,39,d(item_3),move_to(?target=item_3),0.0,0.907111,0.9026,800.0
nofold/s40_off,39,d(item_4),move_to(?target=item_4),1394.6,0.907111,0.001,800.0
nofold/s40_off,39,d(item_5),move_to(?target=item_5),1165.9,0.907111,0.001,800.0
nofold/s40_off,39,d(item_6),move_to(?target=item_6),1272.9,0.907111,0.001,800.0
nofold/s40_off,39,d(item_7),move_to(?target=item_7),1517.0,0.907111,0.001,800.0
nofold/s40_off,40,ac,move_to(?target=ac_switch_0),1610.7,0.907601,0.001,820.0
nofold/s40_off,40,coffee,move_to(?target=coffee_machine_0),701.9,0.907601,0.0016,820.0
nofold/s40_off,40,d(item_3),move_to(?target=item_3),0.0,0.907601,0.9031,820.0
nofold/s40_off,40,d(item_4),move_to(?target=item_4),1432.0,0.907601,0.001,820.0
nofold/s40_off,40,d(item_5),move_to(?target=item_5),1199.0,0.907601,0.001,820.0
nofold/s40_off,40,d(item_6),move_to(?target=item_6),1308.1,0.907601,0.001,820.0
nofold/s40_off,40,d(item_7),move_to(?target=item_7),1555.9,0.907601,0.001,820.0
nofold/s40_off,41,ac,move_to(?target=ac_switch_0),1650.5,0.907975,0.001,840.0
nofold/s40_off,41,coffee,move_to(?target=coffee_machine_0),730.8,0.907975,0.0012,840.0
nofold/s40_off,41,d(item_3),move_to(?target=item_3),0.0,0.907975,0.9035,840.0
nofold/s40_off,41,d(item_4),move_to(?target=item_4),1469.4,0.907975,0.001,840.0
nofold/s40_off,41,d(item_5),move_to(?target=item_5),1232.2,0.907975,0.001,840.0
nofold/s40_off,41,d(item_6),move_to(?target=item_6),1343.4,0.907975,0.001,840.0
nofold/s40_off,41,d(item_7),move_to(?target=item_7),1594.9,0.907975,0.001,840.0
nofold/s40_off,42,ac,move_to(?target=ac_switch_0),1690.3,0.908259,0.001,860.0
nofold/s40_off,42,coffee,move_to(?target=coffee_machine_0),760.2,0.908259,0.001,860.0
nofold/s40_off,42,d(item_3),move_to(?target=item_3),0.0,0.908259,0.9037,860.0
nofold/s40_off,42,d(item_4),move_to(?target=item_4),1506.9,0.908259,0.001,860.0
nofold/s40_off,42,d(item_5),move_to(?target=item_5),1265.5,0.908259,0.001,860.0
nofold/s40_off,42,d(item_6),move_to(?target=item_6),1378.8,0.908259,0.001,860.0
nofold/s40_off,42,d(item_7),move_to(?target=item_7),1633.9,0.908259,0.001,860.0
nofold/s40_off,43,ac,move_to(?target=ac_switch_0),1730.1,0.908473,0.001,880.0
nofold/s40_off,43,coffee,move_to(?target=coffee_machine_0),790.0,0.908473,0.001,880.0
nofold/s40_off,43,d(item_3),move_to(?target=item_3),0.0,0.908473,0.9037,880.0
nofold/s40_off,43,d(item_4),move_to(?target=item_4),1544.5,0.908473,0.001,880.0
nofold/s40_off,43,d(item_5),move_to(?target=item_5),1299.0,0.908473,0.001,880.0
nofold/s40_off,43,d(item_6),move_to(?target=item_6),1414.3,0.908473,0.001,880.0
nofold/s40_off,43,d(item_7),move_to(?target=item_7),1672.9,0.908473,0.001,880.0
nofold/s40_off,44,ac,move_to(?target=ac_switch_0),1770.0,0.908634,0.001,900.0
nofold/s40_off,44,coffee,move_to(?target=coffee_machine_0),820.2,0.908634,0.001,900.0
nofold/s40_off,44,d(item_3),move_to(?target=item_3),0.0,0.908634,0.9037,900.0
nofold/s40_off,44,d(item_4),move_to(?target=item_4),1582.1,0.908634,0.001,900.0
nofold/s40_off,44,d(item_5),move_to(?target=item_5),1332.6,0.908634,0.001,900.0
nofold/s40_off,44,d(item_6),move_to(?target=item_6),1449.9,0.908634,0.001,900.0
nofold/s40_off,44,d(item_7),move_to(?target=item_7),1712.0,0.908634,0.001,900.0
nofold/s40_off,45,ac,move_to(?target=ac_switch_0),1809.8,0.908755,0.001,920.0
nofold/s40_off,45,coffee,move_to(?target=coffee_machine_0),850.8,0.908755,0.001,920.0
nofold/s40_off,45,d(item_3),move_to(?target=item_3),0.0,0.908755,0.9037,920.0
nofold/s40_off,45,d(item_4),move_to(?target=item_4),1619.8,0.908755,0.001,920.0
nofold/s40_off,45,d(item_5),move_to(?target=item_5),1366.3,0.908755,0.001,920.0
nofold/s40_off,45,d(item_6),move_to(?target=item_6),1485.5,0.908755,0.001,920.0
nofold/s40_off,45,d(item_7),move_to(?target=item_7),1751.0,0.908755,0.001,920.0
nofold/s40_off,46,ac,move_to(?target=ac_switch_0),1849.7,0.908844,0.001,940.0
nofold/s40_off,46,coffee,move_to(?target=coffee_machine_0),881.8,0.908844,0.001,940.0
nofold/s40_off,46,d(item_3),move_to(?target=item_3),0.0,0.908844,0.9037,940.0
nofold/s40_off,46,d(item_4),move_to(?target=item_4),1657.6,0.908844,0.001,940.0
nofold/s40_off,46,d(item_5),move_to(?target=item_5),1400.2,0.908844,0.001,940.0
nofold/s40_off,46,d(item_6),move_to(?target=item_6),1521.3,0.908844,0.001,940.0
nofold/s40_off,46,d(item_7),move_to(?target=item_7),1790.1,0.908844,0.001,940.0
nofold/s40_off,47,ac,move_to(?target=ac_switch_0),1889.5,0.908911,0.001,960.0
nofold/s40_off,47,coffee,move_to(?target=coffee_machine_0),913.2,0.908911,0.001,960.0
nofold/s40_off,47,d(item_3),move_to(?target=item_3),0.0,0.908911,0.9037,960.0
nofold/s40_off,47,d(item_4),move_to(?target=item_4),1695.4,0.908911,0.001,960.0
nofold/s40_off,47,d(item_5),move_to(?target=item_5),1434.1,0.908911,0.001,960.0
nofold/s40_off,47,d(item_6),move_to(?target=item_6),1557.2,0.908911,0.001,960.0
nofold/s40_off,47,d(item_7),move_to(?target=item_7),1829.2,0.908911,0.001,960.0
nofold/s40_off,48,ac,move_to(?target=ac_switch_0),1929.4,0.90896,0.001,980.0
nofold/s40_off,48,coffee,move_to(?target=coffee_machine_0),944.9,0.90896,0.001,980.0
nofold/s40_off,48,d(item_3),move_to(?target=item_3),0.0,0.90896,0.9037,980.0
nofold/s40_off,48,d(item_4),move_to(?target=item_4),1733.2,0.90896,0.001,980.0
nofold/s40_off,48,d(item_5),move_to(?target=item_5),1468.2,0.90896,0.001,980.0
nofold/s40_off,48,d(item_6),move_to(?target=item_6),1593.1,0.90896,0.001,980.0
nofold/s40_off,48,d(item_7),move_to(?target=item_7),1868.3,0.90896,0.001,980.0
nofold/s40_off,49,ac,move_to(?target=ac_switch_0),1969.2,0.908996,0.001,1000.0
nofold/s40_off,49,coffee,move_to(?target=coffee_machine_0),976.9,0.908996,0.001,1000.0
nofold/s40_off,49,d(item_3),move_to(?target=item_3),0.0,0.908996,0.9037,1000.0
nofold/s40_off,49,d(item_4),move_to(?target=item_4),1771.1,0.908996,0.001,1000.0
nofold/s40_off,49,d(item_5),move_to(?target=item_5),1502.4,0.908996,0.001,1000.0
nofold/s40_off,49,d(item_6),move_to(?target=item_6),1629.2,0.908996,0.001,1000.0
nofold/s40_off,49,d(item_7),move_to(?target=item_7),1907.5,0.908996,0.001,1000.0
nofold/s40_off,50,ac,move_to(?target=ac_switch_0),2009.1,0.909022,0.001,1020.0
nofold/s40_off,50,coffee,move_to(?target=coffee_machine_0),1009.3,0.909022,0.001,1020.0
nofold/s40_off,50,d(item_3),move_to(?target=item_3),0.0,0.909022,0.9037,1020.0
nofold/s40_off,50,d(item_4),move_to(?target=item_4),1809.0,0.909022,0.001,1020.0
nofold/s40_off,50,d(item_5),move_to(?target=item_5),1536.7,0.909022,0.001,1020.0
nofold/s40_off,50,d(item_6),move_to(?target=item_6),1665.3,0.909022,0.001,1020.0
nofold/s40_off,50,d(item_7),move_to(?target=item_7),1946.6,0.909022,0.001,1020.0
nofold/s40_off,51,ac,move_to(?target=ac_switch_0),2049.0,0.909041,0.001,1040.0
nofold/s40_off,51,coffee,move_to(?target=coffee_machine_0),1042.0,0.909041,0.001,1040.0
nofold/s40_off,51,d(item_3),move_to(?target=item_3),0.0,0.909041,0.9037,1040.0
nofold/s40_off,51,d(item_4),move_to(?target=item_4),1847.0,0.909041,0.001,1040.0
nofold/s40_off,51,d(item_5),move_to(?target=item_5),1571.1,0.909041,0.001,1040.0
nofold/s40_off,51,d(item_6),move_to(?target=item_6),1701.5,0.909041,0.001,1040.0
nofold/s40_off,51,d(item_7),move_to(?target=item_7),1985.8,0.909041,0.001,1040.0
nofold/s40_off,52,ac,move_to(?target=ac_switch_0),2088.8,0.909055,0.001,1060.0
nofold/s40_off,52,coffee,move_to(?target=coffee_machine_0),1074.9,0.909055,0.001,1060.0
nofold/s40_off,52,d(item_3),move_to(?target=item_3),0.0,0.909055,0.9037,1060.0
nofold/s40_off,52,d(item_4),move_to(?target=item_4),1885.1,0.909055,0.001,1060.0
nofold/s40_off,52,d(item_5),move_to(?target=item_5),1605.7,0.909055,0.001,1060.0
nofold/s40_off,52,d(item_6),move_to(?target=item_6),1737.7,0.909055,0.001,1060.0
nofold/s40_off,52,d(item_7),move_to(?target=item_7),2025.0,0.909055,0.001,1060.0
nofold/s40_off,53,ac,move_to(?target=ac_switch_0),2128.7,0.909065,0.001,1080.0
nofold/s40_off,53,coffee,move_to(?target=coffee_machine_0),1108.1,0.909065,0.001,1080.0
nofold/s40_off,53,d(item_3),move_to(?target=item_3),0.0,0.909065,0.9037,1080.0
nofold/s40_off,53,d(item_4),move_to(?target=item_4),1923.2,0.909065,0.001,1080.0
nofold/s40_off,53,d(item_5),move_to(?target=item_5),1640.3,0.909065,0.001,1080.0
nofold/s40_off,53,d(item_6),move_to(?target=item_6),1774.1,0.909065,0.001,1080.0
nofold/s40_off,53,d(item_7),move_to(?target=item_7),2064.2,0.909065,0.001,1080.0
nofold/s40_off,54,ac,move_to(?target=ac_switch_0),2168.6,0.909073,0.001,1100.0
nofold/s40_off,54,coffee,move_to(?target=coffee_machine_0),1141.6,0.909073,0.001,1100.0
nofold/s40_off,54,d(item_3),move_to(?target=item_3),0.0,0.909073,0.9037,1100.0
nofold/s40_off,54,d(item_4),move_to(?target=item_4),1961.3,0.909073,0.001,1100.0
nofold/s40_off,54,d(item_5),move_to(?target=item_5),1675.0,0.909073,0.001,1100.0
nofold/s40_off,54,d(item_6),move_to(?target=item_6),1810.5,0.909073,0.001,1100.0
nofold/s40_off,54,d(item_7),move_to(?target=item_7),2103.4,0.909073,0.001,1100.0
nofold/s40_off,55,ac,move_to(?target=ac_switch_0),2208.5,0.909078,0.001,1120.0
nofold/s40_off,55,coffee,move_to(?target=coffee_machine_0),1175.4,0.909078,0.001,1120.0
nofold/s40_off,55,d(item_3),move_to(?target=item_3),0.0,0.909078,0.9037,1120.0
nofold/s40_off,55,d(item_4),move_to(?target=item_4),1999.5,0.909078,0.001,1120.0
nofold/s40_off,55,d(item_5),move_to(?target=item_5),1709.8,0.909078,0.001,1120.0
nofold/s40_off,55,d(item_6),move_to(?target=item_6),1847.0,0.909078,0.001,1120.0
nofold/s40_off,55,d(item_7),move_to(?target=item_7),2142.7,0.909078,0.001,1120.0
nofold/s40_off,56,ac,move_to(?target=ac_switch_0),2248.4,0.909082,0.001,1140.0
nofold/s40_off,56,coffee,move_to(?target=coffee_machine_0),1209.4,0.909082,0.001,1140.0
nofold/s40_off,56,d(item_3),move_to(?target=item_3),0.0,0.909082,0.9037,1140.0
nofold/s40_off,56,d(item_4),move_to(?target=item_4),2037.7,0.909082,0.001,1140.0
nofold/s40_off,56,d(item_5),move_to(?target=item_5),1744.8,0.909082,0.001,1140.0
nofold/s40_off,56,d(item_6),move_to(?target=item_6),1883.6,0.909082,0.001,1140.0
nofold/s40_off,56,d(item_7),move_to(?target=item_7),2181.9,0.909082,0.001,1140.0
nofold/s40_off,57,ac,move_to(?target=ac_switch_0),2288.2,0.909084,0.001,1160.0
nofold/s40_off,57,coffee,move_to(?target=coffee_machine_0),1243.6,0.909084,0.001,1160.0
nofold/s40_off,57,d(item_3),move_to(?target=item_3),0.0,0.909084,0.9037,1160.0
nofold/s40_off,57,d(item_4),move_to(?target=item_4),2075.9,0.909084,0.001,1160.0
nofold/s40_off,57,d(item_5),move_to(?target=item_5),1779.8,0.909084,0.001,1160.0
nofold/s40_off,57,d(item_6),move_to(?target=item_6),1920.2,0.909084,0.001,1160.0
nofold/s40_off,57,d(item_7),move_to(?target=item_7),2221.2,0.909084,0.001,1160.0
nofold/s40_off,58,ac,move_to(?target=ac_switch_0),2328.1,0.909086,0.001,1180.0
nofold/s40_off,58,coffee,move_to(?target=coffee_machine_0),1278.0,0.909086,0.001,1180.0
nofold/s40_off,58,d(item_3),pick_up(?item=item_3),,0.909086,0.9037,0.0
nofold/s40_off,58,d(item_4),move_to(?target=item_4),2114.2,0.909086,0.001,1180.0
nofold/s40_off,58,d(item_5),move_to(?target=item_5),1814.9,0.909086,0.001,1180.0
nofold/s40_off,58,d(item_6),move_to(?target=item_6),1956.9,0.909086,0.001,1180.0
nofold/s40_off,58,d(item_7),move_to(?target=item_7),2260.5,0.909086,0.001,1180.0
nofold/s40_off,59,ac,move_to(?target=ac_switch_0),2328.1,0.909086,0.001,1180.0
nofold/s40_off,59,coffee,move_to(?target=coffee_machine_0),1278.0,0.909086,0.001,1180.0
nofold/s40_off,59,d(item_3),pick_up(?item=item_3),,0.909086,0.9037,0.0
nofold/s40_off,59,d(item_4),move_to(?target=item_4),2114.2,0.909086,0.001,1180.0
nofold/s40_off,59,d(item_5),move_to(?target=item_5),1814.9,0.909086,0.001,1180.0
nofold/s40_off,59,d(item_6),move_to(?target=item_6),1956.9,0.909086,0.001,1180.0
nofold/s40_off,59,d(item_7),move_to(?target=item_7),2260.5,0.909086,0.001,1180.0
nofold/s40_off,60,ac,move_to(?target=ac_switch_0),2328.1,0.909086,0.001,1180.0
nofold/s40_off,60,coffee,move_to(?target=coffee_machine_0),1278.0,0.909086,0.001,1180.0
nofold/s40_off,60,d(item_3),move_to(?target=kitting_table_0),0.0,0.909086,0.9037,0.0
nofold/s40_off,60,d(item_4),"place(?item=item_3,?target=shelf_3)",,0.0,0.001,0.0
nofold/s40_off,60,d(item_5),"place(?item=item_3,?target=shelf_3)",,0.0,0.001,0.0
nofold/s40_off,60,d(item_6),"place(?item=item_3,?target=shelf_3)",,0.0,0.001,0.0
nofold/s40_off,60,d(item_7),"place(?item=item_3,?target=shelf_3)",,0.0,0.001,0.0
nofold/s40_off,61,ac,move_to(?target=ac_switch_0),2328.1,0.909086,0.001,1180.0
nofold/s40_off,61,coffee,move_to(?target=coffee_machine_0),1278.0,0.909086,0.001,1180.0
nofold/s40_off,61,d(item_3),move_to(?target=kitting_table_0),0.0,0.909086,0.9037,0.0
nofold/s40_off,61,d(item_4),"place(?item=item_3,?target=shelf_3)",,0.0,0.001,0.0
nofold/s40_off,61,d(item_5),"place(?item=item_3,?target=shelf_3)",,0.0,0.001,0.0
nofold/s40_off,61,d(item_6),"place(?item=item_3,?target=shelf_3)",,0.0,0.001,0.0
nofold/s40_off,61,d(item_7),"place(?item=item_3,?target=shelf_3)",,0.0,0.001,0.0
nofold/s40_off,62,ac,move_to(?target=ac_switch_0),2328.3,0.909086,0.001,1200.0
nofold/s40_off,62,coffee,move_to(?target=coffee_machine_0),1283.7,0.909086,0.001,1200.0
nofold/s40_off,62,d(item_3),move_to(?target=kitting_table_0),0.0,0.909086,0.9037,20.0
nofold/s40_off,62,d(item_4),move_to(?target=shelf_3),0.0,0.0,0.001,0.0
nofold/s40_off,62,d(item_5),move_to(?target=shelf_3),0.0,0.0,0.001,0.0
nofold/s40_off,62,d(item_6),move_to(?target=shelf_3),0.0,0.0,0.001,0.0
nofold/s40_off,62,d(item_7),move_to(?target=shelf_3),0.0,0.0,0.001,0.0
nofold/s40_off,63,ac,move_to(?target=ac_switch_0),2328.4,0.909087,0.001,1220.0
nofold/s40_off,63,coffee,move_to(?target=coffee_machine_0),1289.5,0.909087,0.001,1220.0
nofold/s40_off,63,d(item_3),move_to(?target=kitting_table_0),0.0,0.909087,0.9037,40.0
nofold/s40_off,63,d(item_4),move_to(?target=shelf_3),40.0,0.0,0.001,20.0
nofold/s40_off,63,d(item_5),move_to(?target=shelf_3),40.0,0.0,0.001,20.0
nofold/s40_off,63,d(item_6),move_to(?target=shelf_3),40.0,0.0,0.001,20.0
nofold/s40_off,63,d(item_7),move_to(?target=shelf_3),40.0,0.0,0.001,20.0
nofold/s40_off,64,ac,move_to(?target=ac_switch_0),2328.5,0.909087,0.001,1240.0
nofold/s40_off,64,coffee,move_to(?target=coffee_machine_0),1295.6,0.909087,0.001,1240.0
nofold/s40_off,64,d(item_3),move_to(?target=kitting_table_0),0.0,0.909087,0.9037,60.0
nofold/s40_off,64,d(item_4),move_to(?target=shelf_3),80.0,0.0,0.001,40.0
nofold/s40_off,64,d(item_5),move_to(?target=shelf_3),80.0,0.0,0.001,40.0
nofold/s40_off,64,d(item_6),move_to(?target=shelf_3),80.0,0.0,0.001,40.0
nofold/s40_off,64,d(item_7),move_to(?target=shelf_3),80.0,0.0,0.001,40.0
nofold/s40_off,65,ac,move_to(?target=ac_switch_0),2328.6,0.909087,0.001,1260.0
nofold/s40_off,65,coffee,move_to(?target=coffee_machine_0),1302.0,0.909087,0.001,1260.0
nofold/s40_off,65,d(item_3),move_to(?target=kitting_table_0),0.0,0.909087,0.9037,80.0
nofold/s40_off,65,d(item_4),move_to(?target=shelf_3),120.0,0.0,0.001,60.0
nofold/s40_off,65,d(item_5),move_to(?target=shelf_3),120.0,0.0,0.001,60.0
nofold/s40_off,65,d(item_6),move_to(?target=shelf_3),120.0,0.0,0.001,60.0
nofold/s40_off,65,d(item_7),move_to(?target=shelf_3),120.0,0.0,0.001,60.0
nofold/s40_off,66,ac,move_to(?target=ac_switch_0),2328.8,0.909087,0.001,1280.0
nofold/s40_off,66,coffee,move_to(?target=coffee_machine_0),1308.6,0.909087,0.001,1280.0
nofold/s40_off,66,d(item_3),move_to(?target=kitting_table_0),0.0,0.909087,0.9037,100.0
nofold/s40_off,66,d(item_4),move_to(?target=shelf_3),160.0,0.0,0.001,80.0
nofold/s40_off,66,d(item_5),move_to(?target=shelf_3),160.0,0.0,0.001,80.0
nofold/s40_off,66,d(item_6),move_to(?target=shelf_3),160.0,0.0,0.001,80.0
nofold/s40_off,66,d(item_7),move_to(?target=shelf_3),160.0,0.0,0.001,80.0
nofold/s40_off,67,ac,move_to(?target=ac_switch_0),2328.9,0.909088,0.001,1300.0
nofold/s40_off,67,coffee,move_to(?target=coffee_machine_0),1315.4,0.909088,0.001,1300.0
nofold/s40_off,67,d(item_3),move_to(?target=kitting_table_0),0.0,0.909088,0.9037,120.0
nofold/s40_off,67,d(item_4),move_to(?target=shelf_3),200.0,0.0,0.001,100.0
nofold/s40_off,67,d(item_5),move_to(?target=shelf_3),200.0,0.0,0.001,100.0
nofold/s40_off,67,d(item_6),move_to(?target=shelf_3),200.0,0.0,0.001,100.0
nofold/s40_off,67,d(item_7),move_to(?target=shelf_3),200.0,0.0,0.001,100.0
nofold/s40_off,68,ac,move_to(?target=ac_switch_0),2329.1,0.909088,0.001,1320.0
nofold/s40_off,68,coffee,move_to(?target=coffee_machine_0),1322.6,0.909088,0.001,1320.0
nofold/s40_off,68,d(item_3),move_to(?target=kitting_table_0),0.0,0.909088,0.9037,140.0
nofold/s40_off,68,d(item_4),move_to(?target=shelf_3),240.0,0.0,0.001,120.0
nofold/s40_off,68,d(item_5),move_to(?target=shelf_3),240.0,0.0,0.001,120.0
nofold/s40_off,68,d(item_6),move_to(?target=shelf_3),240.0,0.0,0.001,120.0
nofold/s40_off,68,d(item_7),move_to(?target=shelf_3),240.0,0.0,0.001,120.0
nofold/s40_off,69,ac,move_to(?target=ac_switch_0),2329.2,0.909088,0.001,1340.0
nofold/s40_off,69,coffee,move_to(?target=coffee_machine_0),1330.0,0.909088,0.001,1340.0
nofold/s40_off,69,d(item_3),move_to(?target=kitting_table_0),0.0,0.909088,0.9037,160.0
nofold/s40_off,69,d(item_4),move_to(?target=shelf_3),280.0,0.0,0.001,140.0
nofold/s40_off,69,d(item_5),move_to(?target=shelf_3),280.0,0.0,0.001,140.0
nofold/s40_off,69,d(item_6),move_to(?target=shelf_3),280.0,0.0,0.001,140.0
nofold/s40_off,69,d(item_7),move_to(?target=shelf_3),280.0,0.0,0.001,140.0
nofold/s40_off,70,ac,move_to(?target=ac_switch_0),2329.4,0.909088,0.001,1360.0
nofold/s40_off,70,coffee,move_to(?target=coffee_machine_0),1337.8,0.909088,0.001,1360.0
nofold/s40_off,70,d(item_3),move_to(?target=kitting_table_0),0.0,0.909088,0.9037,180.0
nofold/s40_off,70,d(item_4),move_to(?target=shelf_3),320.0,0.0,0.001,160.0
nofold/s40_off,70,d(item_5),move_to(?target=shelf_3),320.0,0.0,0.001,160.0
nofold/s40_off,70,d(item_6),move_to(?target=shelf_3),320.0,0.0,0.001,160.0
nofold/s40_off,70,d(item_7),move_to(?target=shelf_3),320.0,0.0,0.001,160.0
nofold/s40_off,71,ac,move_to(?target=ac_switch_0),2329.5,0.909089,0.001,1380.0
nofold/s40_off,71,coffee,move_to(?target=coffee_machine_0),1345.8,0.909089,0.001,1380.0
nofold/s40_off,71,d(item_3),move_to(?target=kitting_table_0),0.0,0.909089,0.9037,200.0
nofold/s40_off,71,d(item_4),move_to(?target=shelf_3),360.0,0.0,0.001,180.0
nofold/s40_off,71,d(item_5),move_to(?target=shelf_3),360.0,0.0,0.001,180.0
nofold/s40_off,71,d(item_6),move_to(?target=shelf_3),360.0,0.0,0.001,180.0
nofold/s40_off,71,d(item_7),move_to(?target=shelf_3),360.0,0.0,0.001,180.0
nofold/s40_off,72,ac,move_to(?target=ac_switch_0),2329.7,0.909089,0.001,1400.0
nofold/s40_off,72,coffee,move_to(?target=coffee_machine_0),1354.2,0.909089,0.001,1400.0
nofold/s40_off,72,d(item_3),move_to(?target=kitting_table_0),0.0,0.909089,0.9037,220.0
nofold/s40_off,72,d(item_4),move_to(?target=shelf_3),400.0,0.0,0.001,200.0
nofold/s40_off,72,d(item_5),move_to(?target=shelf_3),400.0,0.0,0.001,200.0
nofold/s40_off,72,d(item_6),move_to(?target=shelf_3),400.0,0.0,0.001,200.0
nofold/s40_off,72,d(item_7),move_to(?target=shelf_3),400.0,0.0,0.001,200.0
nofold/s40_off,73,ac,move_to(?target=ac_switch_0),2329.8,0.909089,0.001,1420.0
nofold/s40_off,73,coffee,move_to(?target=coffee_machine_0),1363.0,0.909089,0.001,1420.0
nofold/s40_off,73,d(item_3),move_to(?target=kitting_table_0),0.0,0.909089,0.9037,240.0
nofold/s40_off,73,d(item_4),move_to(?target=shelf_3),440.0,0.0,0.001,220.0
nofold/s40_off,73,d(item_5),move_to(?target=shelf_3),440.0,0.0,0.001,220.0
nofold/s40_off,73,d(item_6),move_to(?target=shelf_3),440.0,0.0,0.001,220.0
nofold/s40_off,73,d(item_7),move_to(?target=shelf_3),440.0,0.0,0.001,220.0
nofold/s40_off,74,ac,move_to(?target=ac_switch_0),2330.0,0.909089,0.001,1440.0
nofold/s40_off,74,coffee,move_to(?target=coffee_machine_0),1372.1,0.909089,0.001,1440.0
nofold/s40_off,74,d(item_3),move_to(?target=kitting_table_0),0.0,0.909089,0.9037,260.0
nofold/s40_off,74,d(item_4),move_to(?target=shelf_3),480.0,0.0,0.001,240.0
nofold/s40_off,74,d(item_5),move_to(?target=shelf_3),480.0,0.0,0.001,240.0
nofold/s40_off,74,d(item_6),move_to(?target=shelf_3),480.0,0.0,0.001,240.0
nofold/s40_off,74,d(item_7),move_to(?target=shelf_3),480.0,0.0,0.001,240.0
nofold/s40_off,75,ac,move_to(?target=ac_switch_0),2330.2,0.909089,0.001,1460.0
nofold/s40_off,75,coffee,move_to(?target=coffee_machine_0),1381.6,0.909089,0.001,1460.0
nofold/s40_off,75,d(item_3),move_to(?target=kitting_table_0),0.0,0.909089,0.9037,280.0
nofold/s40_off,75,d(item_4),move_to(?target=shelf_3),520.0,0.0,0.001,260.0
nofold/s40_off,75,d(item_5),move_to(?target=shelf_3),520.0,0.0,0.001,260.0
nofold/s40_off,75,d(item_6),move_to(?target=shelf_3),520.0,0.0,0.001,260.0
nofold/s40_off,75,d(item_7),move_to(?target=shelf_3),520.0,0.0,0.001,260.0
nofold/s40_off,76,ac,move_to(?target=ac_switch_0),2330.4,0.909089,0.001,1480.0
nofold/s40_off,76,coffee,move_to(?target=coffee_machine_0),1391.5,0.909089,0.001,1480.0
nofold/s40_off,76,d(item_3),move_to(?target=kitting_table_0),0.0,0.909089,0.9037,300.0
nofold/s40_off,76,d(item_4),move_to(?target=shelf_3),560.0,0.0,0.001,280.0
nofold/s40_off,76,d(item_5),move_to(?target=shelf_3),560.0,0.0,0.001,280.0
nofold/s40_off,76,d(item_6),move_to(?target=shelf_3),560.0,0.0,0.001,280.0
nofold/s40_off,76,d(item_7),move_to(?target=shelf_3),560.0,0.0,0.001,280.0
nofold/s40_off,77,ac,move_to(?target=ac_switch_0),2330.6,0.90909,0.001,1500.0
nofold/s40_off,77,coffee,move_to(?target=coffee_machine_0),1401.8,0.90909,0.001,1500.0
nofold/s40_off,77,d(item_3),move_to(?target=kitting_table_0),0.0,0.90909,0.9037,320.0
nofold/s40_off,77,d(item_4),move_to(?target=shelf_3),600.0,0.0,0.001,300.0
nofold/s40_off,77,d(item_5),move_to(?target=shelf_3),600.0,0.0,0.001,300.0
nofold/s40_off,77,d(item_6),move_to(?target=shelf_3),600.0,0.0,0.001,300.0
nofold/s40_off,77,d(item_7),move_to(?target=shelf_3),600.0,0.0,0.001,300.0
nofold/s40_off,78,ac,move_to(?target=ac_switch_0),2330.8,0.90909,0.001,1520.0
nofold/s40_off,78,coffee,move_to(?target=coffee_machine_0),1412.6,0.90909,0.001,1520.0
nofold/s40_off,78,d(item_3),move_to(?target=kitting_table_0),0.0,0.90909,0.9037,340.0
nofold/s40_off,78,d(item_4),move_to(?target=shelf_3),640.0,0.0,0.001,320.0
nofold/s40_off,78,d(item_5),move_to(?target=shelf_3),640.0,0.0,0.001,320.0
nofold/s40_off,78,d(item_6),move_to(?target=shelf_3),640.0,0.0,0.001,320.0
nofold/s40_off,78,d(item_7),move_to(?target=shelf_3),640.0,0.0,0.001,320.0
nofold/s40_off,79,ac,move_to(?target=ac_switch_0),2331.0,0.90909,0.001,1540.0
nofold/s40_off,79,coffee,move_to(?target=coffee_machine_0),1423.8,0.90909,0.001,1540.0
nofold/s40_off,79,d(item_3),move_to(?target=kitting_table_0),0.0,0.90909,0.9037,360.0
nofold/s40_off,79,d(item_4),move_to(?target=shelf_3),680.0,0.0,0.001,340.0
nofold/s40_off,79,d(item_5),move_to(?target=shelf_3),680.0,0.0,0.001,340.0
nofold/s40_off,79,d(item_6),move_to(?target=shelf_3),680.0,0.0,0.001,340.0
nofold/s40_off,79,d(item_7),move_to(?target=shelf_3),680.0,0.0,0.001,340.0
nofold/s40_off,80,ac,move_to(?target=ac_switch_0),2331.2,0.90909,0.001,1560.0
nofold/s40_off,80,coffee,move_to(?target=coffee_machine_0),1435.5,0.90909,0.001,1560.0
nofold/s40_off,80,d(item_3),move_to(?target=kitting_table_0),0.0,0.90909,0.9037,380.0
nofold/s40_off,80,d(item_4),move_to(?target=shelf_3),720.0,0.0,0.001,360.0
nofold/s40_off,80,d(item_5),move_to(?target=shelf_3),720.0,0.0,0.001,360.0
nofold/s40_off,80,d(item_6),move_to(?target=shelf_3),720.0,0.0,0.001,360.0
nofold/s40_off,80,d(item_7),move_to(?target=shelf_3),720.0,0.0,0.001,360.0
nofold/s40_off,81,ac,move_to(?target=ac_switch_0),2331.4,0.90909,0.001,1580.0
nofold/s40_off,81,coffee,move_to(?target=coffee_machine_0),1447.6,0.90909,0.001,1580.0
nofold/s40_off,81,d(item_3),move_to(?target=kitting_table_0),0.0,0.90909,0.9037,400.0
nofold/s40_off,81,d(item_4),move_to(?target=shelf_3),760.0,0.0,0.001,380.0
nofold/s40_off,81,d(item_5),move_to(?target=shelf_3),760.0,0.0,0.001,380.0
nofold/s40_off,81,d(item_6),move_to(?target=shelf_3),760.0,0.0,0.001,380.0
nofold/s40_off,81,d(item_7),move_to(?target=shelf_3),760.0,0.0,0.001,380.0
nofold/s40_off,82,ac,move_to(?target=ac_switch_0),2331.6,0.90909,0.001,1600.0
nofold/s40_off,82,coffee,move_to(?target=coffee_machine_0),1460.3,0.90909,0.001,1600.0
nofold/s40_off,82,d(item_3),move_to(?target=kitting_table_0),0.0,0.90909,0.9037,420.0
nofold/s40_off,82,d(item_4),move_to(?target=shelf_3),800.0,0.0,0.001,400.0
nofold/s40_off,82,d(item_5),move_to(?target=shelf_3),800.0,0.0,0.001,400.0
nofold/s40_off,82,d(item_6),move_to(?target=shelf_3),800.0,0.0,0.001,400.0
nofold/s40_off,82,d(item_7),move_to(?target=shelf_3),800.0,0.0,0.001,400.0
nofold/s40_off,83,ac,move_to(?target=ac_switch_0),2331.9,0.90909,0.001,1620.0
nofold/s40_off,83,coffee,move_to(?target=coffee_machine_0),1473.5,0.90909,0.001,1620.0
nofold/s40_off,83,d(item_3),move_to(?target=kitting_table_0),0.0,0.90909,0.9037,440.0
nofold/s40_off,83,d(item_4),move_to(?target=shelf_3),840.0,0.0,0.001,420.0
nofold/s40_off,83,d(item_5),move_to(?target=shelf_3),840.0,0.0,0.001,420.0
nofold/s40_off,83,d(item_6),move_to(?target=shelf_3),840.0,0.0,0.001,420.0
nofold/s40_off,83,d(item_7),move_to(?target=shelf_3),840.0,0.0,0.001,420.0
nofold/s40_off,84,ac,move_to(?target=ac_switch_0),2332.1,0.90909,0.001,1640.0
nofold/s40_off,84,coffee,move_to(?target=coffee_machine_0),1487.2,0.90909,0.001,1640.0
nofold/s40_off,84,d(item_3),move_to(?target=kitting_table_0),0.0,0.90909,0.9037,460.0
nofold/s40_off,84,d(item_4),move_to(?target=shelf_3),880.0,0.0,0.001,440.0
nofold/s40_off,84,d(item_5),move_to(?target=shelf_3),880.0,0.0,0.001,440.0
nofold/s40_off,84,d(item_6),move_to(?target=shelf_3),880.0,0.0,0.001,440.0
nofold/s40_off,84,d(item_7),move_to(?target=shelf_3),880.0,0.0,0.001,440.0
nofold/s40_off,85,ac,move_to(?target=ac_switch_0),2332.4,0.90909,0.001,1660.0
nofold/s40_off,85,coffee,move_to(?target=coffee_machine_0),1501.5,0.90909,0.001,1660.0
nofold/s40_off,85,d(item_3),move_to(?target=kitting_table_0),0.0,0.90909,0.9037,480.0
nofold/s40_off,85,d(item_4),move_to(?target=shelf_3),920.0,0.0,0.001,460.0
nofold/s40_off,85,d(item_5),move_to(?target=shelf_3),920.0,0.0,0.001,460.0
nofold/s40_off,85,d(item_6),move_to(?target=shelf_3),920.0,0.0,0.001,460.0
nofold/s40_off,85,d(item_7),move_to(?target=shelf_3),920.0,0.0,0.001,460.0
nofold/s40_off,86,ac,move_to(?target=ac_switch_0),2332.6,0.90909,0.001,1680.0
nofold/s40_off,86,coffee,move_to(?target=coffee_machine_0),1516.3,0.90909,0.001,1680.0
nofold/s40_off,86,d(item_3),move_to(?target=kitting_table_0),0.0,0.90909,0.9037,500.0
nofold/s40_off,86,d(item_4),move_to(?target=shelf_3),960.0,0.0,0.001,480.0
nofold/s40_off,86,d(item_5),move_to(?target=shelf_3),960.0,0.0,0.001,480.0
nofold/s40_off,86,d(item_6),move_to(?target=shelf_3),960.0,0.0,0.001,480.0
nofold/s40_off,86,d(item_7),move_to(?target=shelf_3),960.0,0.0,0.001,480.0
nofold/s40_off,87,ac,move_to(?target=ac_switch_0),2332.9,0.909091,0.001,1700.0
nofold/s40_off,87,coffee,move_to(?target=coffee_machine_0),1531.7,0.909091,0.001,1700.0
nofold/s40_off,87,d(item_3),move_to(?target=kitting_table_0),0.0,0.909091,0.9037,520.0
nofold/s40_off,87,d(item_4),move_to(?target=shelf_3),1000.0,0.0,0.001,500.0
nofold/s40_off,87,d(item_5),move_to(?target=shelf_3),1000.0,0.0,0.001,500.0
nofold/s40_off,87,d(item_6),move_to(?target=shelf_3),1000.0,0.0,0.001,500.0
nofold/s40_off,87,d(item_7),move_to(?target=shelf_3),1000.0,0.0,0.001,500.0
nofold/s40_off,88,ac,move_to(?target=ac_switch_0),2333.2,0.909091,0.001,1720.0
nofold/s40_off,88,coffee,move_to(?target=coffee_machine_0),1547.8,0.909091,0.001,1720.0
nofold/s40_off,88,d(item_3),move_to(?target=kitting_table_0),0.0,0.909091,0.9037,540.0
nofold/s40_off,88,d(item_4),move_to(?target=shelf_3),1040.0,0.0,0.001,520.0
nofold/s40_off,88,d(item_5),move_to(?target=shelf_3),1040.0,0.0,0.001,520.0
nofold/s40_off,88,d(item_6),move_to(?target=shelf_3),1040.0,0.0,0.001,520.0
nofold/s40_off,88,d(item_7),move_to(?target=shelf_3),1040.0,0.0,0.001,520.0
nofold/s40_off,89,ac,move_to(?target=ac_switch_0),2333.5,0.909091,0.001,1740.0
nofold/s40_off,89,coffee,move_to(?target=coffee_machine_0),1564.4,0.909091,0.001,1740.0
nofold/s40_off,89,d(item_3),move_to(?target=kitting_table_0),0.0,0.909091,0.9037,560.0
nofold/s40_off,89,d(item_4),move_to(?target=shelf_3),1080.0,0.0,0.001,540.0
nofold/s40_off,89,d(item_5),move_to(?target=shelf_3),1080.0,0.0,0.001,540.0
nofold/s40_off,89,d(item_6),move_to(?target=shelf_3),1080.0,0.0,0.001,540.0
nofold/s40_off,89,d(item_7),move_to(?target=shelf_3),1080.0,0.0,0.001,540.0
nofold/s40_off,90,ac,move_to(?target=ac_switch_0),2333.8,0.909091,0.001,1760.0
nofold/s40_off,90,coffee,move_to(?target=coffee_machine_0),1581.6,0.909091,0.001,1760.0
nofold/s40_off,90,d(item_3),move_to(?target=kitting_table_0),0.0,0.909091,0.9037,580.0
nofold/s40_off,90,d(item_4),move_to(?target=shelf_3),1120.0,0.0,0.001,560.0
nofold/s40_off,90,d(item_5),move_to(?target=shelf_3),1120.0,0.0,0.001,560.0
nofold/s40_off,90,d(item_6),move_to(?target=shelf_3),1120.0,0.0,0.001,560.0
nofold/s40_off,90,d(item_7),move_to(?target=shelf_3),1120.0,0.0,0.001,560.0
nofold/s40_off,91,ac,move_to(?target=ac_switch_0),2334.2,0.909091,0.001,1780.0
nofold/s40_off,91,coffee,move_to(?target=coffee_machine_0),1599.5,0.909091,0.001,1780.0
nofold/s40_off,91,d(item_3),move_to(?target=kitting_table_0),0.0,0.909091,0.9037,600.0
nofold/s40_off,91,d(item_4),move_to(?target=shelf_3),1160.0,0.0,0.001,580.0
nofold/s40_off,91,d(item_5),move_to(?target=shelf_3),1160.0,0.0,0.001,580.0
nofold/s40_off,91,d(item_6),move_to(?target=shelf_3),1160.0,0.0,0.001,580.0
nofold/s40_off,91,d(item_7),move_to(?target=shelf_3),1160.0,0.0,0.001,580.0
nofold/s40_off,92,ac,move_to(?target=ac_switch_0),2334.5,0.909091,0.001,1800.0
nofold/s40_off,92,coffee,move_to(?target=coffee_machine_0),1617.9,0.909091,0.001,1800.0
nofold/s40_off,92,d(item_3),move_to(?target=kitting_table_0),0.0,0.909091,0.9037,620.0
nofold/s40_off,92,d(item_4),move_to(?target=shelf_3),1200.0,0.0,0.001,600.0
nofold/s40_off,92,d(item_5),move_to(?target=shelf_3),1200.0,0.0,0.001,600.0
nofold/s40_off,92,d(item_6),move_to(?target=shelf_3),1200.0,0.0,0.001,600.0
nofold/s40_off,92,d(item_7),move_to(?target=shelf_3),1200.0,0.0,0.001,600.0
nofold/s40_off,93,ac,move_to(?target=ac_switch_0),2334.9,0.909091,0.001,1820.0
nofold/s40_off,93,coffee,move_to(?target=coffee_machine_0),1637.1,0.909091,0.001,1820.0
nofold/s40_off,93,d(item_3),move_to(?target=kitting_table_0),0.0,0.909091,0.9037,640.0
nofold/s40_off,93,d(item_4),move_to(?target=shelf_3),1240.0,0.0,0.001,620.0
nofold/s40_off,93,d(item_5),move_to(?target=shelf_3),1240.0,0.0,0.001,620.0
nofold/s40_off,93,d(item_6),move_to(?target=shelf_3),1240.0,0.0,0.001,620.0
nofold/s40_off,93,d(item_7),move_to(?target=shelf_3),1240.0,0.0,0.001,620.0
nofold/s40_off,94,ac,move_to(?target=ac_switch_0),2335.3,0.909091,0.001,1840.0
nofold/s40_off,94,coffee,move_to(?target=coffee_machine_0),1656.8,0.909091,0.001,1840.0
nofold/s40_off,94,d(item_3),move_to(?target=kitting_table_0),0.0,0.909091,0.9037,660.0
nofold/s40_off,94,d(item_4),move_to(?target=shelf_3),1280.0,0.0,0.001,640.0
nofold/s40_off,94,d(item_5),move_to(?target=shelf_3),1280.0,0.0,0.001,640.0
nofold/s40_off,94,d(item_6),move_to(?target=shelf_3),1280.0,0.0,0.001,640.0
nofold/s40_off,94,d(item_7),move_to(?target=shelf_3),1280.0,0.0,0.001,640.0
nofold/s40_off,95,ac,move_to(?target=ac_switch_0),2335.7,0.909091,0.001,1860.0
nofold/s40_off,95,coffee,move_to(?target=coffee_machine_0),1677.2,0.909091,0.001,1860.0
nofold/s40_off,95,d(item_3),move_to(?target=kitting_table_0),0.0,0.909091,0.9037,680.0
nofold/s40_off,95,d(item_4),move_to(?target=shelf_3),1320.0,0.0,0.001,660.0
nofold/s40_off,95,d(item_5),move_to(?target=shelf_3),1320.0,0.0,0.001,660.0
nofold/s40_off,95,d(item_6),move_to(?target=shelf_3),1320.0,0.0,0.001,660.0
nofold/s40_off,95,d(item_7),move_to(?target=shelf_3),1320.0,0.0,0.001,660.0
nofold/s40_off,96,ac,move_to(?target=ac_switch_0),2336.1,0.909091,0.001,1880.0
nofold/s40_off,96,coffee,move_to(?target=coffee_machine_0),1698.2,0.909091,0.001,1880.0
nofold/s40_off,96,d(item_3),move_to(?target=kitting_table_0),0.0,0.909091,0.9037,700.0
nofold/s40_off,96,d(item_4),move_to(?target=shelf_3),1360.0,0.0,0.001,680.0
nofold/s40_off,96,d(item_5),move_to(?target=shelf_3),1360.0,0.0,0.001,680.0
nofold/s40_off,96,d(item_6),move_to(?target=shelf_3),1360.0,0.0,0.001,680.0
nofold/s40_off,96,d(item_7),move_to(?target=shelf_3),1360.0,0.0,0.001,680.0
nofold/s40_off,97,ac,move_to(?target=ac_switch_0),2336.6,0.909091,0.001,1900.0
nofold/s40_off,97,coffee,move_to(?target=coffee_machine_0),1719.9,0.909091,0.001,1900.0
nofold/s40_off,97,d(item_3),move_to(?target=kitting_table_0),0.0,0.909091,0.9037,720.0
nofold/s40_off,97,d(item_4),move_to(?target=shelf_3),1400.0,0.0,0.001,700.0
nofold/s40_off,97,d(item_5),move_to(?target=shelf_3),1400.0,0.0,0.001,700.0
nofold/s40_off,97,d(item_6),move_to(?target=shelf_3),1400.0,0.0,0.001,700.0
nofold/s40_off,97,d(item_7),move_to(?target=shelf_3),1400.0,0.0,0.001,700.0
nofold/s40_off,98,ac,move_to(?target=ac_switch_0),2337.0,0.909091,0.001,1920.0
nofold/s40_off,98,coffee,move_to(?target=coffee_machine_0),1742.1,0.909091,0.001,1920.0
nofold/s40_off,98,d(item_3),move_to(?target=kitting_table_0),0.0,0.909091,0.9037,740.0
nofold/s40_off,98,d(item_4),move_to(?target=shelf_3),1440.0,0.0,0.001,720.0
nofold/s40_off,98,d(item_5),move_to(?target=shelf_3),1440.0,0.0,0.001,720.0
nofold/s40_off,98,d(item_6),move_to(?target=shelf_3),1440.0,0.0,0.001,720.0
nofold/s40_off,98,d(item_7),move_to(?target=shelf_3),1440.0,0.0,0.001,720.0
nofold/s40_off,99,ac,move_to(?target=ac_switch_0),2337.5,0.909091,0.001,1940.0
nofold/s40_off,99,coffee,move_to(?target=coffee_machine_0),1765.0,0.909091,0.001,1940.0
nofold/s40_off,99,d(item_3),move_to(?target=kitting_table_0),0.0,0.909091,0.9037,760.0
nofold/s40_off,99,d(item_4),move_to(?target=shelf_3),1480.0,0.0,0.001,740.0
nofold/s40_off,99,d(item_5),move_to(?target=shelf_3),1480.0,0.0,0.001,740.0
nofold/s40_off,99,d(item_6),move_to(?target=shelf_3),1480.0,0.0,0.001,740.0
nofold/s40_off,99,d(item_7),move_to(?target=shelf_3),1480.0,0.0,0.001,740.0
nofold/s40_off,100,ac,move_to(?target=ac_switch_0),2338.1,0.909091,0.001,1960.0
nofold/s40_off,100,coffee,move_to(?target=coffee_machine_0),1788.5,0.909091,0.001,1960.0
nofold/s40_off,100,d(item_3),move_to(?target=kitting_table_0),0.0,0.909091,0.9037,780.0
nofold/s40_off,100,d(item_4),move_to(?target=shelf_3),1520.0,0.0,0.001,760.0
nofold/s40_off,100,d(item_5),move_to(?target=shelf_3),1520.0,0.0,0.001,760.0
nofold/s40_off,100,d(item_6),move_to(?target=shelf_3),1520.0,0.0,0.001,760.0
nofold/s40_off,100,d(item_7),move_to(?target=shelf_3),1520.0,0.0,0.001,760.0
nofold/s40_off,101,ac,move_to(?target=ac_switch_0),2338.6,0.909091,0.001,1980.0
nofold/s40_off,101,coffee,move_to(?target=coffee_machine_0),1812.7,0.909091,0.001,1980.0
nofold/s40_off,101,d(item_3),move_to(?target=kitting_table_0),0.0,0.909091,0.9037,800.0
nofold/s40_off,101,d(item_4),move_to(?target=shelf_3),1560.0,0.0,0.001,780.0
nofold/s40_off,101,d(item_5),move_to(?target=shelf_3),1560.0,0.0,0.001,780.0
nofold/s40_off,101,d(item_6),move_to(?target=shelf_3),1560.0,0.0,0.001,780.0
nofold/s40_off,101,d(item_7),move_to(?target=shelf_3),1560.0,0.0,0.001,780.0
nofold/s40_off,102,ac,move_to(?target=ac_switch_0),2339.2,0.909091,0.001,2000.0
nofold/s40_off,102,coffee,move_to(?target=coffee_machine_0),1837.4,0.909091,0.001,2000.0
nofold/s40_off,102,d(item_3),move_to(?target=kitting_table_0),0.0,0.909091,0.9037,820.0
nofold/s40_off,102,d(item_4),move_to(?target=shelf_3),1600.0,0.0,0.001,800.0
nofold/s40_off,102,d(item_5),move_to(?target=shelf_3),1600.0,0.0,0.001,800.0
nofold/s40_off,102,d(item_6),move_to(?target=shelf_3),1600.0,0.0,0.001,800.0
nofold/s40_off,102,d(item_7),move_to(?target=shelf_3),1600.0,0.0,0.001,800.0
nofold/s40_off,103,ac,move_to(?target=ac_switch_0),2339.8,0.909091,0.001,2020.0
nofold/s40_off,103,coffee,move_to(?target=coffee_machine_0),1862.6,0.909091,0.001,2020.0
nofold/s40_off,103,d(item_3),move_to(?target=kitting_table_0),0.0,0.909091,0.9037,840.0
nofold/s40_off,103,d(item_4),move_to(?target=shelf_3),1640.0,0.0,0.001,820.0
nofold/s40_off,103,d(item_5),move_to(?target=shelf_3),1640.0,0.0,0.001,820.0
nofold/s40_off,103,d(item_6),move_to(?target=shelf_3),1640.0,0.0,0.001,820.0
nofold/s40_off,103,d(item_7),move_to(?target=shelf_3),1640.0,0.0,0.001,820.0
nofold/s40_off,104,ac,move_to(?target=ac_switch_0),2340.5,0.909091,0.001,2040.0
nofold/s40_off,104,coffee,move_to(?target=coffee_machine_0),1888.5,0.909091,0.001,2040.0
nofold/s40_off,104,d(item_3),move_to(?target=kitting_table_0),0.0,0.909091,0.9037,860.0
nofold/s40_off,104,d(item_4),move_to(?target=shelf_3),1680.0,0.0,0.001,840.0
nofold/s40_off,104,d(item_5),move_to(?target=shelf_3),1680.0,0.0,0.001,840.0
nofold/s40_off,104,d(item_6),move_to(?target=shelf_3),1680.0,0.0,0.001,840.0
nofold/s40_off,104,d(item_7),move_to(?target=shelf_3),1680.0,0.0,0.001,840.0
nofold/s40_off,105,ac,move_to(?target=ac_switch_0),2341.2,0.909091,0.001,2060.0
nofold/s40_off,105,coffee,move_to(?target=coffee_machine_0),1914.9,0.909091,0.001,2060.0
nofold/s40_off,105,d(item_3),move_to(?target=kitting_table_0),-0.0,0.909091,0.9037,880.0
nofold/s40_off,105,d(item_4),move_to(?target=shelf_3),1720.0,0.0,0.001,860.0
nofold/s40_off,105,d(item_5),move_to(?target=shelf_3),1720.0,0.0,0.001,860.0
nofold/s40_off,105,d(item_6),move_to(?target=shelf_3),1720.0,0.0,0.001,860.0
nofold/s40_off,105,d(item_7),move_to(?target=shelf_3),1720.0,0.0,0.001,860.0
nofold/s40_off,106,ac,move_to(?target=ac_switch_0),2342.0,0.909091,0.001,2080.0
nofold/s40_off,106,coffee,move_to(?target=coffee_machine_0),1941.8,0.909091,0.001,2080.0
nofold/s40_off,106,d(item_3),move_to(?target=kitting_table_0),-0.0,0.909091,0.9037,900.0
nofold/s40_off,106,d(item_4),move_to(?target=shelf_3),1760.0,0.0,0.001,880.0
nofold/s40_off,106,d(item_5),move_to(?target=shelf_3),1760.0,0.0,0.001,880.0
nofold/s40_off,106,d(item_6),move_to(?target=shelf_3),1760.0,0.0,0.001,880.0
nofold/s40_off,106,d(item_7),move_to(?target=shelf_3),1760.0,0.0,0.001,880.0
nofold/s40_off,107,ac,move_to(?target=ac_switch_0),2342.8,0.909091,0.001,2100.0
nofold/s40_off,107,coffee,move_to(?target=coffee_machine_0),1969.2,0.909091,0.001,2100.0
nofold/s40_off,107,d(item_3),move_to(?target=kitting_table_0),-0.0,0.909091,0.9037,920.0
nofold/s40_off,107,d(item_4),move_to(?target=shelf_3),1800.0,0.0,0.001,900.0
nofold/s40_off,107,d(item_5),move_to(?target=shelf_3),1800.0,0.0,0.001,900.0
nofold/s40_off,107,d(item_6),move_to(?target=shelf_3),1800.0,0.0,0.001,900.0
nofold/s40_off,107,d(item_7),move_to(?target=shelf_3),1800.0,0.0,0.001,900.0
nofold/s40_off,108,ac,move_to(?target=ac_switch_0),2343.7,0.909091,0.001,2120.0
nofold/s40_off,108,coffee,move_to(?target=coffee_machine_0),1997.2,0.909091,0.001,2120.0
nofold/s40_off,108,d(item_3),move_to(?target=kitting_table_0),-0.0,0.909091,0.9037,940.0
nofold/s40_off,108,d(item_4),move_to(?target=shelf_3),1840.0,0.0,0.001,920.0
nofold/s40_off,108,d(item_5),move_to(?target=shelf_3),1840.0,0.0,0.001,920.0
nofold/s40_off,108,d(item_6),move_to(?target=shelf_3),1840.0,0.0,0.001,920.0
nofold/s40_off,108,d(item_7),move_to(?target=shelf_3),1840.0,0.0,0.001,920.0
nofold/s40_off,109,ac,move_to(?target=ac_switch_0),2344.7,0.909091,0.001,2140.0
nofold/s40_off,109,coffee,move_to(?target=coffee_machine_0),2025.6,0.909091,0.001,2140.0
nofold/s40_off,109,d(item_3),move_to(?target=kitting_table_0),-0.0,0.909091,0.9037,960.0
nofold/s40_off,109,d(item_4),move_to(?target=shelf_3),1880.0,0.0,0.001,940.0
nofold/s40_off,109,d(item_5),move_to(?target=shelf_3),1880.0,0.0,0.001,940.0
nofold/s40_off,109,d(item_6),move_to(?target=shelf_3),1880.0,0.0,0.001,940.0
nofold/s40_off,109,d(item_7),move_to(?target=shelf_3),1880.0,0.0,0.001,940.0
nofold/s40_off,110,ac,move_to(?target=ac_switch_0),2345.7,0.909091,0.001,2160.0
nofold/s40_off,110,coffee,move_to(?target=coffee_machine_0),2054.5,0.909091,0.001,2160.0
nofold/s40_off,110,d(item_3),move_to(?target=kitting_table_0),-0.0,0.909091,0.9037,980.0
nofold/s40_off,110,d(item_4),move_to(?target=shelf_3),1920.0,0.0,0.001,960.0
nofold/s40_off,110,d(item_5),move_to(?target=shelf_3),1920.0,0.0,0.001,960.0
nofold/s40_off,110,d(item_6),move_to(?target=shelf_3),1920.0,0.0,0.001,960.0
nofold/s40_off,110,d(item_7),move_to(?target=shelf_3),1920.0,0.0,0.001,960.0
nofold/s40_off,111,ac,move_to(?target=ac_switch_0),2346.8,0.909091,0.001,2180.0
nofold/s40_off,111,coffee,move_to(?target=coffee_machine_0),2083.8,0.909091,0.001,2180.0
nofold/s40_off,111,d(item_3),move_to(?target=kitting_table_0),-0.0,0.909091,0.9037,1000.0
nofold/s40_off,111,d(item_4),move_to(?target=shelf_3),1960.0,0.0,0.001,980.0
nofold/s40_off,111,d(item_5),move_to(?target=shelf_3),1960.0,0.0,0.001,980.0
nofold/s40_off,111,d(item_6),move_to(?target=shelf_3),1960.0,0.0,0.001,980.0
nofold/s40_off,111,d(item_7),move_to(?target=shelf_3),1960.0,0.0,0.001,980.0
nofold/s40_off,112,ac,move_to(?target=ac_switch_0),2348.1,0.909091,0.001,2200.0
nofold/s40_off,112,coffee,move_to(?target=coffee_machine_0),2113.6,0.909091,0.001,2200.0
nofold/s40_off,112,d(item_3),move_to(?target=kitting_table_0),-0.0,0.909091,0.9037,1020.0
nofold/s40_off,112,d(item_4),move_to(?target=shelf_3),2000.0,0.0,0.001,1000.0
nofold/s40_off,112,d(item_5),move_to(?target=shelf_3),2000.0,0.0,0.001,1000.0
nofold/s40_off,112,d(item_6),move_to(?target=shelf_3),2000.0,0.0,0.001,1000.0
nofold/s40_off,112,d(item_7),move_to(?target=shelf_3),2000.0,0.0,0.001,1000.0
nofold/s40_off,113,ac,move_to(?target=ac_switch_0),2349.4,0.909091,0.001,2220.0
nofold/s40_off,113,coffee,move_to(?target=coffee_machine_0),2143.8,0.909091,0.001,2220.0
nofold/s40_off,113,d(item_3),"place(?item=item_3,?target=kitting_table_0)",,0.909091,0.9037,0.0
nofold/s40_off,113,d(item_4),move_to(?target=shelf_3),2040.0,0.0,0.001,1020.0
nofold/s40_off,113,d(item_5),move_to(?target=shelf_3),2040.0,0.0,0.001,1020.0
nofold/s40_off,113,d(item_6),move_to(?target=shelf_3),2040.0,0.0,0.001,1020.0
nofold/s40_off,113,d(item_7),move_to(?target=shelf_3),2040.0,0.0,0.001,1020.0
nofold/s40_off,114,ac,move_to(?target=ac_switch_0),2349.4,0.909091,0.001,2220.0
nofold/s40_off,114,coffee,move_to(?target=coffee_machine_0),2143.8,0.909091,0.001,2220.0
nofold/s40_off,114,d(item_3),"place(?item=item_3,?target=kitting_table_0)",,0.909091,0.9037,0.0
nofold/s40_off,114,d(item_4),move_to(?target=shelf_3),2040.0,0.0,0.001,1020.0
nofold/s40_off,114,d(item_5),move_to(?target=shelf_3),2040.0,0.0,0.001,1020.0
nofold/s40_off,114,d(item_6),move_to(?target=shelf_3),2040.0,0.0,0.001,1020.0
nofold/s40_off,114,d(item_7),move_to(?target=shelf_3),2040.0,0.0,0.001,1020.0
nofold/s40_off,115,ac,move_to(?target=ac_switch_0),0.0,0.142857,0.1427,0.0
nofold/s40_off,115,coffee,move_to(?target=coffee_machine_0),0.0,0.142857,0.1427,0.0
nofold/s40_off,115,d(item_4),move_to(?target=item_4),0.0,0.142857,0.1427,0.0
nofold/s40_off,115,d(item_5),move_to(?target=item_5),0.0,0.142857,0.1427,0.0
nofold/s40_off,115,d(item_6),move_to(?target=item_6),0.0,0.142857,0.1427,0.0
nofold/s40_off,115,d(item_7),move_to(?target=item_7),0.0,0.142857,0.1427,0.0
nofold/s40_off,116,ac,move_to(?target=ac_switch_0),0.0,0.142857,0.1427,0.0
nofold/s40_off,116,coffee,move_to(?target=coffee_machine_0),0.0,0.142857,0.1427,0.0
nofold/s40_off,116,d(item_4),move_to(?target=item_4),0.0,0.142857,0.1427,0.0
nofold/s40_off,116,d(item_5),move_to(?target=item_5),0.0,0.142857,0.1427,0.0
nofold/s40_off,116,d(item_6),move_to(?target=item_6),0.0,0.142857,0.1427,0.0
nofold/s40_off,116,d(item_7),move_to(?target=item_7),0.0,0.142857,0.1427,0.0
nofold/s40_off,117,ac,move_to(?target=ac_switch_0),0.0,0.142857,0.1427,0.0
nofold/s40_off,117,coffee,move_to(?target=coffee_machine_0),0.0,0.142857,0.1427,0.0
nofold/s40_off,117,d(item_4),move_to(?target=item_4),0.0,0.142857,0.1427,0.0
nofold/s40_off,117,d(item_5),move_to(?target=item_5),0.0,0.142857,0.1427,0.0
nofold/s40_off,117,d(item_6),move_to(?target=item_6),0.0,0.142857,0.1427,0.0
nofold/s40_off,117,d(item_7),move_to(?target=item_7),0.0,0.142857,0.1427,0.0
nofold/s40_off,118,ac,move_to(?target=ac_switch_0),23.9,0.174489,0.1536,20.0
nofold/s40_off,118,coffee,move_to(?target=coffee_machine_0),0.0,0.174489,0.1743,20.0
nofold/s40_off,118,d(item_4),move_to(?target=item_4),13.8,0.174489,0.1623,20.0
nofold/s40_off,118,d(item_5),move_to(?target=item_5),6.9,0.174489,0.1683,20.0
nofold/s40_off,118,d(item_6),move_to(?target=item_6),9.6,0.174489,0.166,20.0
nofold/s40_off,118,d(item_7),move_to(?target=item_7),19.9,0.174489,0.157,20.0
nofold/s40_off,119,ac,move_to(?target=ac_switch_0),48.6,0.186709,0.1421,40.0
nofold/s40_off,119,coffee,move_to(?target=coffee_machine_0),0.0,0.186709,0.1865,40.0
nofold/s40_off,119,d(item_4),move_to(?target=item_4),28.3,0.186709,0.1603,40.0
nofold/s40_off,119,d(item_5),move_to(?target=item_5),14.1,0.186709,0.1734,40.0
nofold/s40_off,119,d(item_6),move_to(?target=item_6),19.4,0.186709,0.1685,40.0
nofold/s40_off,119,d(item_7),move_to(?target=item_7),40.2,0.186709,0.1495,40.0
nofold/s40_off,120,ac,move_to(?target=ac_switch_0),74.2,0.20075,0.1294,60.0
nofold/s40_off,120,coffee,move_to(?target=coffee_machine_0),0.0,0.20075,0.2005,60.0
nofold/s40_off,120,d(item_4),move_to(?target=item_4),43.9,0.20075,0.1573,60.0
nofold/s40_off,120,d(item_5),move_to(?target=item_5),21.4,0.20075,0.1792,60.0
nofold/s40_off,120,d(item_6),move_to(?target=item_6),29.4,0.20075,0.1713,60.0
nofold/s40_off,120,d(item_7),move_to(?target=item_7),60.9,0.20075,0.1413,60.0
nofold/s40_off,121,ac,move_to(?target=ac_switch_0),100.6,0.216743,0.116,80.0
nofold/s40_off,121,coffee,move_to(?target=coffee_machine_0),0.0,0.216743,0.2165,80.0
nofold/s40_off,121,d(item_4),move_to(?target=item_4),60.5,0.216743,0.1529,80.0
nofold/s40_off,121,d(item_5),move_to(?target=item_5),28.9,0.216743,0.1855,80.0
nofold/s40_off,121,d(item_6),move_to(?target=item_6),39.8,0.216743,0.174,80.0
nofold/s40_off,121,d(item_7),move_to(?target=item_7),82.0,0.216743,0.1324,80.0
nofold/s40_off,122,ac,move_to(?target=ac_switch_0),127.8,0.234789,0.1022,100.0
nofold/s40_off,122,coffee,move_to(?target=coffee_machine_0),0.0,0.234789,0.2346,100.0
nofold/s40_off,122,d(item_4),move_to(?target=item_4),78.4,0.234789,0.147,100.0
nofold/s40_off,122,d(item_5),move_to(?target=item_5),36.6,0.234789,0.1921,100.0
nofold/s40_off,122,d(item_6),move_to(?target=item_6),50.4,0.234789,0.1767,100.0
nofold/s40_off,122,d(item_7),move_to(?target=item_7),103.5,0.234789,0.1229,100.0
nofold/s40_off,123,ac,move_to(?target=ac_switch_0),155.7,0.25495,0.0887,120.0
nofold/s40_off,123,coffee,move_to(?target=coffee_machine_0),0.0,0.25495,0.2547,120.0
nofold/s40_off,123,d(item_4),move_to(?target=item_4),97.9,0.25495,0.1391,120.0
nofold/s40_off,123,d(item_5),move_to(?target=item_5),44.5,0.25495,0.199,120.0
nofold/s40_off,123,d(item_6),move_to(?target=item_6),61.3,0.25495,0.179,120.0
nofold/s40_off,123,d(item_7),move_to(?target=item_7),125.5,0.25495,0.113,120.0
nofold/s40_off,124,ac,move_to(?target=ac_switch_0),184.4,0.277244,0.0757,140.0
nofold/s40_off,124,coffee,move_to(?target=coffee_machine_0),0.0,0.277244,0.277,140.0
nofold/s40_off,124,d(item_4),move_to(?target=item_4),119.0,0.277244,0.1292,140.0
nofold/s40_off,124,d(item_5),move_to(?target=item_5),52.6,0.277244,0.2058,140.0
nofold/s40_off,124,d(item_6),move_to(?target=item_6),72.4,0.277244,0.1808,140.0
nofold/s40_off,124,d(item_7),move_to(?target=item_7),147.8,0.277244,0.1029,140.0
nofold/s40_off,125,ac,move_to(?target=ac_switch_0),213.7,0.301626,0.0636,160.0
nofold/s40_off,125,coffee,move_to(?target=coffee_machine_0),0.0,0.301626,0.3013,160.0
nofold/s40_off,125,d(item_4),move_to(?target=item_4),142.2,0.301626,0.1171,160.0
nofold/s40_off,125,d(item_5),move_to(?target=item_5),60.9,0.301626,0.2123,160.0
nofold/s40_off,125,d(item_6),move_to(?target=item_6),83.9,0.301626,0.1818,160.0
nofold/s40_off,125,d(item_7),move_to(?target=item_7),170.6,0.301626,0.0927,160.0
nofold/s40_off,126,ac,move_to(?target=ac_switch_0),243.7,0.32796,0.0527,180.0
nofold/s40_off,126,coffee,move_to(?target=coffee_machine_0),0.0,0.32796,0.3276,180.0
nofold/s40_off,126,d(item_4),move_to(?target=item_4),167.6,0.32796,0.1032,180.0
nofold/s40_off,126,d(item_5),move_to(?target=item_5),69.4,0.32796,0.2183,180.0
nofold/s40_off,126,d(item_6),move_to(?target=item_6),95.7,0.32796,0.1818,180.0
nofold/s40_off,126,d(item_7),move_to(?target=item_7),193.7,0.32796,0.0826,180.0
nofold/s40_off,127,ac,move_to(?target=ac_switch_0),274.2,0.356001,0.0431,200.0
nofold/s40_off,127,coffee,move_to(?target=coffee_machine_0),0.0,0.356001,0.3556,200.0
nofold/s40_off,127,d(item_4),move_to(?target=item_4),195.7,0.356001,0.0881,200.0
nofold/s40_off,127,d(item_5),move_to(?target=item_5),78.2,0.356001,0.2233,200.0
nofold/s40_off,127,d(item_6),move_to(?target=item_6),107.8,0.356001,0.1806,200.0
nofold/s40_off,127,d(item_7),move_to(?target=item_7),217.2,0.356001,0.0728,200.0
nofold/s40_off,128,ac,move_to(?target=ac_switch_0),305.3,0.385366,0.0347,220.0
nofold/s40_off,128,coffee,move_to(?target=coffee_machine_0),0.0,0.385366,0.385,220.0
nofold/s40_off,128,d(item_4),move_to(?target=item_4),226.5,0.385366,0.0724,220.0
nofold/s40_off,128,d(item_5),move_to(?target=item_5),87.2,0.385366,0.2271,220.0
nofold/s40_off,128,d(item_6),move_to(?target=item_6),120.2,0.385366,0.1779,220.0
nofold/s40_off,128,d(item_7),move_to(?target=item_7),241.1,0.385366,0.0634,220.0
nofold/s40_off,129,ac,move_to(?target=ac_switch_0),337.0,0.415563,0.0276,240.0
nofold/s40_off,129,coffee,move_to(?target=coffee_machine_0),0.0,0.415563,0.4151,240.0
nofold/s40_off,129,d(item_4),move_to(?target=item_4),260.5,0.415563,0.0571,240.0
nofold/s40_off,129,d(item_5),move_to(?target=item_5),96.4,0.415563,0.2293,240.0
nofold/s40_off,129,d(item_6),move_to(?target=item_6),132.9,0.415563,0.1737,240.0
nofold/s40_off,129,d(item_7),move_to(?target=item_7),265.4,0.415563,0.0546,240.0
nofold/s40_off,130,ac,move_to(?target=ac_switch_0),369.1,0.446036,0.0217,260.0
nofold/s40_off,130,coffee,move_to(?target=coffee_machine_0),0.0,0.446036,0.4456,260.0
nofold/s40_off,130,d(item_4),move_to(?target=item_4),297.7,0.446036,0.0432,260.0
nofold/s40_off,130,d(item_5),move_to(?target=item_5),105.8,0.446036,0.2296,260.0
nofold/s40_off,130,d(item_6),move_to(?target=item_6),146.0,0.446036,0.168,260.0
nofold/s40_off,130,d(item_7),move_to(?target=item_7),290.1,0.446036,0.0464,260.0
nofold/s40_off,131,ac,move_to(?target=ac_switch_0),401.7,0.47626,0.0168,280.0
nofold/s40_off,131,coffee,move_to(?target=coffee_machine_0),0.0,0.47626,0.4758,280.0
nofold/s40_off,131,d(item_4),move_to(?target=item_4),338.2,0.47626,0.0313,280.0
nofold/s40_off,131,d(item_5),move_to(?target=item_5),115.6,0.47626,0.2279,280.0
nofold/s40_off,131,d(item_6),move_to(?target=item_6),159.4,0.47626,0.1606,280.0
nofold/s40_off,131,d(item_7),move_to(?target=item_7),315.2,0.47626,0.039,280.0
nofold/s40_off,132,ac,move_to(?target=ac_switch_0),434.7,0.505819,0.0129,300.0
nofold/s40_off,132,coffee,move_to(?target=coffee_machine_0),0.0,0.505819,0.5053,300.0
nofold/s40_off,132,d(item_4),move_to(?target=item_4),382.1,0.505819,0.0217,300.0
nofold/s40_off,132,d(item_5),move_to(?target=item_5),125.5,0.505819,0.2241,300.0
nofold/s40_off,132,d(item_6),move_to(?target=item_6),173.2,0.505819,0.152,300.0
nofold/s40_off,132,d(item_7),move_to(?target=item_7),340.6,0.505819,0.0325,300.0
nofold/s40_off,133,ac,move_to(?target=ac_switch_0),468.2,0.534451,0.0098,320.0
nofold/s40_off,133,coffee,move_to(?target=coffee_machine_0),0.0,0.534451,0.5339,320.0
nofold/s40_off,133,d(item_4),move_to(?target=item_4),429.1,0.534451,0.0144,320.0
nofold/s40_off,133,d(item_5),move_to(?target=item_5),135.8,0.534451,0.2185,320.0
nofold/s40_off,133,d(item_6),move_to(?target=item_6),187.2,0.534451,0.1423,320.0
nofold/s40_off,133,d(item_7),move_to(?target=item_7),366.4,0.534451,0.0267,320.0
nofold/s40_off,134,ac,move_to(?target=ac_switch_0),502.0,0.562044,0.0074,340.0
nofold/s40_off,134,coffee,move_to(?target=coffee_machine_0),0.0,0.562044,0.5615,340.0
nofold/s40_off,134,d(item_4),move_to(?target=item_4),479.2,0.562044,0.0092,340.0
nofold/s40_off,134,d(item_5),move_to(?target=item_5),146.3,0.562044,0.2111,340.0
nofold/s40_off,134,d(item_6),move_to(?target=item_6),201.7,0.562044,0.1319,340.0
nofold/s40_off,134,d(item_7),move_to(?target=item_7),392.5,0.562044,0.0217,340.0
nofold/s40_off,135,ac,move_to(?target=ac_switch_0),536.1,0.588583,0.0055,360.0
nofold/s40_off,135,coffee,move_to(?target=coffee_machine_0),0.0,0.588583,0.588,360.0
nofold/s40_off,135,d(item_4),move_to(?target=item_4),531.9,0.588583,0.0057,360.0
nofold/s40_off,135,d(item_5),move_to(?target=item_5),157.1,0.588583,0.2024,360.0
nofold/s40_off,135,d(item_6),move_to(?target=item_6),216.5,0.588583,0.121,360.0
nofold/s40_off,135,d(item_7),move_to(?target=item_7),419.0,0.588583,0.0175,360.0
nofold/s40_off,136,ac,move_to(?target=ac_switch_0),570.6,0.614102,0.0041,380.0
nofold/s40_off,136,coffee,move_to(?target=coffee_machine_0),0.0,0.614102,0.6135,380.0
nofold/s40_off,136,d(item_4),move_to(?target=item_4),587.1,0.614102,0.0034,380.0
nofold/s40_off,136,d(item_5),move_to(?target=item_5),168.2,0.614102,0.1925,380.0
nofold/s40_off,136,d(item_6),move_to(?target=item_6),231.7,0.614102,0.1101,380.0
nofold/s40_off,136,d(item_7),move_to(?target=item_7),445.8,0.614102,0.014,380.0
nofold/s40_off,137,ac,move_to(?target=ac_switch_0),605.3,0.638632,0.003,400.0
nofold/s40_off,137,coffee,move_to(?target=coffee_machine_0),0.0,0.638632,0.638,400.0
nofold/s40_off,137,d(item_4),move_to(?target=item_4),644.5,0.638632,0.002,400.0
nofold/s40_off,137,d(item_5),move_to(?target=item_5),179.5,0.638632,0.1817,400.0
nofold/s40_off,137,d(item_6),move_to(?target=item_6),247.2,0.638632,0.0993,400.0
nofold/s40_off,137,d(item_7),move_to(?target=item_7),473.0,0.638632,0.0112,400.0
nofold/s40_off,138,ac,move_to(?target=ac_switch_0),640.4,0.662182,0.0022,420.0
nofold/s40_off,138,coffee,move_to(?target=coffee_machine_0),0.0,0.662182,0.6615,420.0
nofold/s40_off,138,d(item_4),move_to(?target=item_4),703.7,0.662182,0.0012,420.0
nofold/s40_off,138,d(item_5),move_to(?target=item_5),191.2,0.662182,0.1704,420.0
nofold/s40_off,138,d(item_6),move_to(?target=item_6),263.2,0.662182,0.0888,420.0
nofold/s40_off,138,d(item_7),move_to(?target=item_7),500.5,0.662182,0.0088,420.0
nofold/s40_off,139,ac,move_to(?target=ac_switch_0),675.7,0.684732,0.0016,440.0
nofold/s40_off,139,coffee,move_to(?target=coffee_machine_0),0.0,0.684732,0.6838,440.0
nofold/s40_off,139,d(item_4),move_to(?target=item_4),764.4,0.684732,0.001,440.0
nofold/s40_off,139,d(item_5),move_to(?target=item_5),203.2,0.684732,0.1585,440.0
nofold/s40_off,139,d(item_6),move_to(?target=item_6),279.5,0.684732,0.0788,440.0
nofold/s40_off,139,d(item_7),move_to(?target=item_7),528.3,0.684732,0.0069,440.0
nofold/s40_off,140,ac,move_to(?target=ac_switch_0),711.2,0.706237,0.0011,460.0
nofold/s40_off,140,coffee,move_to(?target=coffee_machine_0),0.0,0.706237,0.7051,460.0
nofold/s40_off,140,d(item_4),move_to(?target=item_4),826.5,0.706237,0.001,460.0
nofold/s40_off,140,d(item_5),move_to(?target=item_5),215.4,0.706237,0.1465,460.0
nofold/s40_off,140,d(item_6),move_to(?target=item_6),296.2,0.706237,0.0693,460.0
nofold/s40_off,140,d(item_7),move_to(?target=item_7),556.5,0.706237,0.0054,460.0
nofold/s40_off,141,ac,move_to(?target=ac_switch_0),747.0,0.726637,0.001,480.0
nofold/s40_off,141,coffee,move_to(?target=coffee_machine_0),0.0,0.726637,0.7252,480.0
nofold/s40_off,141,d(item_4),move_to(?target=item_4),889.4,0.726637,0.001,480.0
nofold/s40_off,141,d(item_5),move_to(?target=item_5),228.1,0.726637,0.1345,480.0
nofold/s40_off,141,d(item_6),move_to(?target=item_6),313.3,0.726637,0.0606,480.0
nofold/s40_off,141,d(item_7),move_to(?target=item_7),584.9,0.726637,0.0042,480.0
nofold/s40_off,142,ac,move_to(?target=ac_switch_0),783.0,0.745867,0.001,500.0
nofold/s40_off,142,coffee,move_to(?target=coffee_machine_0),0.0,0.745867,0.7442,500.0
nofold/s40_off,142,d(item_4),move_to(?target=item_4),952.8,0.745867,0.001,500.0
nofold/s40_off,142,d(item_5),move_to(?target=item_5),241.0,0.745867,0.1227,500.0
nofold/s40_off,142,d(item_6),move_to(?target=item_6),330.8,0.745867,0.0525,500.0
nofold/s40_off,142,d(item_7),move_to(?target=item_7),613.7,0.745867,0.0032,500.0
nofold/s40_off,143,ac,move_to(?target=ac_switch_0),819.2,0.763871,0.001,520.0
nofold/s40_off,143,coffee,move_to(?target=coffee_machine_0),0.0,0.763871,0.762,520.0
nofold/s40_off,143,d(item_4),move_to(?target=item_4),1015.6,0.763871,0.001,520.0
nofold/s40_off,143,d(item_5),move_to(?target=item_5),254.2,0.763871,0.1111,520.0
nofold/s40_off,143,d(item_6),move_to(?target=item_6),348.7,0.763871,0.0453,520.0
nofold/s40_off,143,d(item_7),move_to(?target=item_7),642.7,0.763871,0.0025,520.0
nofold/s40_off,144,ac,move_to(?target=ac_switch_0),855.6,0.780598,0.001,540.0
nofold/s40_off,144,coffee,move_to(?target=coffee_machine_0),-0.0,0.780598,0.7785,540.0
nofold/s40_off,144,d(item_4),move_to(?target=item_4),1055.6,0.780598,0.001,540.0
nofold/s40_off,144,d(item_5),move_to(?target=item_5),267.9,0.780598,0.1,540.0
nofold/s40_off,144,d(item_6),move_to(?target=item_6),366.9,0.780598,0.0387,540.0
nofold/s40_off,144,d(item_7),move_to(?target=item_7),672.1,0.780598,0.0019,540.0
nofold/s40_off,145,ac,move_to(?target=ac_switch_0),892.1,0.796054,0.001,560.0
nofold/s40_off,145,coffee,move_to(?target=coffee_machine_0),0.0,0.796054,0.7938,560.0
nofold/s40_off,145,d(item_5),move_to(?target=item_5),281.8,0.796054,0.0895,560.0
nofold/s40_off,145,d(item_6),move_to(?target=item_6),385.6,0.796054,0.0329,560.0
nofold/s40_off,145,d(item_7),move_to(?target=item_7),701.7,0.796054,0.0014,560.0
nofold/s40_off,146,ac,move_to(?target=ac_switch_0),928.8,0.810178,0.001,580.0
nofold/s40_off,146,coffee,move_to(?target=coffee_machine_0),0.0,0.810178,0.8079,580.0
nofold/s40_off,146,d(item_5),move_to(?target=item_5),296.1,0.810178,0.0795,580.0
nofold/s40_off,146,d(item_6),move_to(?target=item_6),404.7,0.810178,0.0277,580.0
nofold/s40_off,146,d(item_7),move_to(?target=item_7),731.6,0.810178,0.0011,580.0
nofold/s40_off,147,ac,move_to(?target=ac_switch_0),965.7,0.823011,0.001,600.0
nofold/s40_off,147,coffee,move_to(?target=coffee_machine_0),0.0,0.823011,0.8205,600.0
nofold/s40_off,147,d(item_5),move_to(?target=item_5),310.8,0.823011,0.0702,600.0
nofold/s40_off,147,d(item_6),move_to(?target=item_6),424.2,0.823011,0.0233,600.0
nofold/s40_off,147,d(item_7),move_to(?target=item_7),761.7,0.823011,0.001,600.0
nofold/s40_off,148,ac,move_to(?target=ac_switch_0),1002.7,0.834584,0.001,620.0
nofold/s40_off,148,coffee,move_to(?target=coffee_machine_0),0.0,0.834584,0.8318,620.0
nofold/s40_off,148,d(item_5),move_to(?target=item_5),325.8,0.834584,0.0616,620.0
nofold/s40_off,148,d(item_6),move_to(?target=item_6),444.1,0.834584,0.0194,620.0
nofold/s40_off,148,d(item_7),move_to(?target=item_7),792.1,0.834584,0.001,620.0
nofold/s40_off,149,ac,move_to(?target=ac_switch_0),1039.8,0.844944,0.001,640.0
nofold/s40_off,149,coffee,move_to(?target=coffee_machine_0),0.0,0.844944,0.842,640.0
nofold/s40_off,149,d(item_5),move_to(?target=item_5),341.2,0.844944,0.0538,640.0
nofold/s40_off,149,d(item_6),move_to(?target=item_6),464.4,0.844944,0.016,640.0
nofold/s40_off,149,d(item_7),move_to(?target=item_7),822.8,0.844944,0.001,640.0
nofold/s40_off,150,ac,move_to(?target=ac_switch_0),1077.1,0.85415,0.001,660.0
nofold/s40_off,150,coffee,move_to(?target=coffee_machine_0),0.0,0.85415,0.8511,660.0
nofold/s40_off,150,d(item_5),move_to(?target=item_5),356.9,0.85415,0.0466,660.0
nofold/s40_off,150,d(item_6),move_to(?target=item_6),485.1,0.85415,0.0132,660.0
nofold/s40_off,150,d(item_7),move_to(?target=item_7),853.7,0.85415,0.001,660.0
nofold/s40_off,151,ac,move_to(?target=ac_switch_0),1114.4,0.862274,0.001,680.0
nofold/s40_off,151,coffee,move_to(?target=coffee_machine_0),0.0,0.862274,0.8591,680.0
nofold/s40_off,151,d(item_5),move_to(?target=item_5),373.1,0.862274,0.0402,680.0
nofold/s40_off,151,d(item_6),move_to(?target=item_6),506.2,0.862274,0.0108,680.0
nofold/s40_off,151,d(item_7),move_to(?target=item_7),884.9,0.862274,0.001,680.0
nofold/s40_off,152,ac,move_to(?target=ac_switch_0),1151.9,0.869396,0.001,700.0
nofold/s40_off,152,coffee,move_to(?target=coffee_machine_0),0.0,0.869396,0.8661,700.0
nofold/s40_off,152,d(item_5),move_to(?target=item_5),389.6,0.869396,0.0345,700.0
nofold/s40_off,152,d(item_6),move_to(?target=item_6),527.7,0.869396,0.0088,700.0
nofold/s40_off,152,d(item_7),move_to(?target=item_7),916.2,0.869396,0.001,700.0
nofold/s40_off,153,ac,move_to(?target=ac_switch_0),1189.5,0.875598,0.001,720.0
nofold/s40_off,153,coffee,"wait_at(?duration=PT60S,?entity=coffee_machine_0)",,0.875598,0.8722,0.0
nofold/s40_off,153,d(item_5),move_to(?target=item_5),406.5,0.875598,0.0294,720.0
nofold/s40_off,153,d(item_6),move_to(?target=item_6),549.6,0.875598,0.0071,720.0
nofold/s40_off,153,d(item_7),move_to(?target=item_7),947.9,0.875598,0.001,720.0
nofold/s40_off,154,ac,move_to(?target=ac_switch_0),1189.5,0.875598,0.001,720.0
nofold/s40_off,154,coffee,"wait_at(?duration=PT60S,?entity=coffee_machine_0)",,0.875598,0.8722,0.0
nofold/s40_off,154,d(item_5),move_to(?target=item_5),406.5,0.875598,0.0294,720.0
nofold/s40_off,154,d(item_6),move_to(?target=item_6),549.6,0.875598,0.0071,720.0
nofold/s40_off,154,d(item_7),move_to(?target=item_7),947.9,0.875598,0.001,720.0
nofold/s40_off,155,ac,move_to(?target=ac_switch_0),1189.5,0.875598,0.001,720.0
nofold/s40_off,155,coffee,"wait_at(?duration=PT60S,?entity=coffee_machine_0)",,0.875598,0.8722,0.0
nofold/s40_off,155,d(item_5),move_to(?target=item_5),406.5,0.875598,0.0294,720.0
nofold/s40_off,155,d(item_6),move_to(?target=item_6),549.6,0.875598,0.0071,720.0
nofold/s40_off,155,d(item_7),move_to(?target=item_7),947.9,0.875598,0.001,720.0
nofold/s40_off,156,ac,move_to(?target=ac_switch_0),1189.5,0.875598,0.001,720.0
nofold/s40_off,156,coffee,"wait_at(?duration=PT60S,?entity=coffee_machine_0)",,0.875598,0.8722,0.0
nofold/s40_off,156,d(item_5),move_to(?target=item_5),406.5,0.875598,0.0294,720.0
nofold/s40_off,156,d(item_6),move_to(?target=item_6),549.6,0.875598,0.0071,720.0
nofold/s40_off,156,d(item_7),move_to(?target=item_7),947.9,0.875598,0.001,720.0
nofold/s40_off,157,ac,move_to(?target=ac_switch_0),1189.5,0.875598,0.001,720.0
nofold/s40_off,157,coffee,"wait_at(?duration=PT60S,?entity=coffee_machine_0)",,0.875598,0.8722,0.0
nofold/s40_off,157,d(item_5),move_to(?target=item_5),406.5,0.875598,0.0294,720.0
nofold/s40_off,157,d(item_6),move_to(?target=item_6),549.6,0.875598,0.0071,720.0
nofold/s40_off,157,d(item_7),move_to(?target=item_7),947.9,0.875598,0.001,720.0
nofold/s40_off,158,ac,move_to(?target=ac_switch_0),1189.5,0.875598,0.001,720.0
nofold/s40_off,158,coffee,"wait_at(?duration=PT60S,?entity=coffee_machine_0)",,0.875598,0.8722,0.0
nofold/s40_off,158,d(item_5),move_to(?target=item_5),406.5,0.875598,0.0294,720.0
nofold/s40_off,158,d(item_6),move_to(?target=item_6),549.6,0.875598,0.0071,720.0
nofold/s40_off,158,d(item_7),move_to(?target=item_7),947.9,0.875598,0.001,720.0
nofold/s40_off,159,ac,move_to(?target=ac_switch_0),1189.5,0.875598,0.001,720.0
nofold/s40_off,159,coffee,"wait_at(?duration=PT60S,?entity=coffee_machine_0)",,0.875598,0.8722,0.0
nofold/s40_off,159,d(item_5),move_to(?target=item_5),406.5,0.875598,0.0294,720.0
nofold/s40_off,159,d(item_6),move_to(?target=item_6),549.6,0.875598,0.0071,720.0
nofold/s40_off,159,d(item_7),move_to(?target=item_7),947.9,0.875598,0.001,720.0
nofold/s40_off,160,ac,move_to(?target=ac_switch_0),1189.5,0.875598,0.001,720.0
nofold/s40_off,160,coffee,"wait_at(?duration=PT60S,?entity=coffee_machine_0)",,0.875598,0.8722,0.0
nofold/s40_off,160,d(item_5),move_to(?target=item_5),406.5,0.875598,0.0294,720.0
nofold/s40_off,160,d(item_6),move_to(?target=item_6),549.6,0.875598,0.0071,720.0
nofold/s40_off,160,d(item_7),move_to(?target=item_7),947.9,0.875598,0.001,720.0
nofold/s40_off,161,ac,move_to(?target=ac_switch_0),1189.5,0.875598,0.001,720.0
nofold/s40_off,161,coffee,"wait_at(?duration=PT60S,?entity=coffee_machine_0)",,0.875598,0.8722,0.0
nofold/s40_off,161,d(item_5),move_to(?target=item_5),406.5,0.875598,0.0294,720.0
nofold/s40_off,161,d(item_6),move_to(?target=item_6),549.6,0.875598,0.0071,720.0
nofold/s40_off,161,d(item_7),move_to(?target=item_7),947.9,0.875598,0.001,720.0
nofold/s40_off,162,ac,move_to(?target=ac_switch_0),1189.5,0.875598,0.001,720.0
nofold/s40_off,162,coffee,"wait_at(?duration=PT60S,?entity=coffee_machine_0)",,0.875598,0.8722,0.0
nofold/s40_off,162,d(item_5),move_to(?target=item_5),406.5,0.875598,0.0294,720.0
nofold/s40_off,162,d(item_6),move_to(?target=item_6),549.6,0.875598,0.0071,720.0
nofold/s40_off,162,d(item_7),move_to(?target=item_7),947.9,0.875598,0.001,720.0
nofold/s40_off,163,ac,move_to(?target=ac_switch_0),1189.5,0.875598,0.001,720.0
nofold/s40_off,163,coffee,"wait_at(?duration=PT60S,?entity=coffee_machine_0)",,0.875598,0.8722,0.0
nofold/s40_off,163,d(item_5),move_to(?target=item_5),406.5,0.875598,0.0294,720.0
nofold/s40_off,163,d(item_6),move_to(?target=item_6),549.6,0.875598,0.0071,720.0
nofold/s40_off,163,d(item_7),move_to(?target=item_7),947.9,0.875598,0.001,720.0
nofold/s40_off,164,ac,move_to(?target=ac_switch_0),1189.5,0.875598,0.001,720.0
nofold/s40_off,164,coffee,"wait_at(?duration=PT60S,?entity=coffee_machine_0)",,0.875598,0.8722,0.0
nofold/s40_off,164,d(item_5),move_to(?target=item_5),406.5,0.875598,0.0294,720.0
nofold/s40_off,164,d(item_6),move_to(?target=item_6),549.6,0.875598,0.0071,720.0
nofold/s40_off,164,d(item_7),move_to(?target=item_7),947.9,0.875598,0.001,720.0
nofold/s40_off,165,ac,move_to(?target=ac_switch_0),1189.5,0.875598,0.001,720.0
nofold/s40_off,165,coffee,"wait_at(?duration=PT60S,?entity=coffee_machine_0)",,0.875598,0.8722,0.0
nofold/s40_off,165,d(item_5),move_to(?target=item_5),406.5,0.875598,0.0294,720.0
nofold/s40_off,165,d(item_6),move_to(?target=item_6),549.6,0.875598,0.0071,720.0
nofold/s40_off,165,d(item_7),move_to(?target=item_7),947.9,0.875598,0.001,720.0
nofold/s40_off,166,ac,move_to(?target=ac_switch_0),1189.5,0.875598,0.001,720.0
nofold/s40_off,166,coffee,"wait_at(?duration=PT60S,?entity=coffee_machine_0)",,0.875598,0.8722,0.0
nofold/s40_off,166,d(item_5),move_to(?target=item_5),406.5,0.875598,0.0294,720.0
nofold/s40_off,166,d(item_6),move_to(?target=item_6),549.6,0.875598,0.0071,720.0
nofold/s40_off,166,d(item_7),move_to(?target=item_7),947.9,0.875598,0.001,720.0
nofold/s40_off,167,ac,move_to(?target=ac_switch_0),1189.5,0.875598,0.001,720.0
nofold/s40_off,167,coffee,"wait_at(?duration=PT60S,?entity=coffee_machine_0)",,0.875598,0.8722,0.0
nofold/s40_off,167,d(item_5),move_to(?target=item_5),406.5,0.875598,0.0294,720.0
nofold/s40_off,167,d(item_6),move_to(?target=item_6),549.6,0.875598,0.0071,720.0
nofold/s40_off,167,d(item_7),move_to(?target=item_7),947.9,0.875598,0.001,720.0
nofold/s40_off,168,ac,move_to(?target=ac_switch_0),1189.5,0.875598,0.001,720.0
nofold/s40_off,168,coffee,"wait_at(?duration=PT60S,?entity=coffee_machine_0)",,0.875598,0.8722,0.0
nofold/s40_off,168,d(item_5),move_to(?target=item_5),406.5,0.875598,0.0294,720.0
nofold/s40_off,168,d(item_6),move_to(?target=item_6),549.6,0.875598,0.0071,720.0
nofold/s40_off,168,d(item_7),move_to(?target=item_7),947.9,0.875598,0.001,720.0
nofold/s40_off,169,ac,move_to(?target=ac_switch_0),1189.5,0.875598,0.001,720.0
nofold/s40_off,169,coffee,"wait_at(?duration=PT60S,?entity=coffee_machine_0)",,0.875598,0.8722,0.0
nofold/s40_off,169,d(item_5),move_to(?target=item_5),406.5,0.875598,0.0294,720.0
nofold/s40_off,169,d(item_6),move_to(?target=item_6),549.6,0.875598,0.0071,720.0
nofold/s40_off,169,d(item_7),move_to(?target=item_7),947.9,0.875598,0.001,720.0
nofold/s40_off,170,ac,move_to(?target=ac_switch_0),1189.5,0.875598,0.001,720.0
nofold/s40_off,170,coffee,"wait_at(?duration=PT60S,?entity=coffee_machine_0)",,0.875598,0.8722,0.0
nofold/s40_off,170,d(item_5),move_to(?target=item_5),406.5,0.875598,0.0294,720.0
nofold/s40_off,170,d(item_6),move_to(?target=item_6),549.6,0.875598,0.0071,720.0
nofold/s40_off,170,d(item_7),move_to(?target=item_7),947.9,0.875598,0.001,720.0
nofold/s40_off,171,ac,move_to(?target=ac_switch_0),1189.5,0.875598,0.001,720.0
nofold/s40_off,171,coffee,"wait_at(?duration=PT60S,?entity=coffee_machine_0)",,0.875598,0.8722,0.0
nofold/s40_off,171,d(item_5),move_to(?target=item_5),406.5,0.875598,0.0294,720.0
nofold/s40_off,171,d(item_6),move_to(?target=item_6),549.6,0.875598,0.0071,720.0
nofold/s40_off,171,d(item_7),move_to(?target=item_7),947.9,0.875598,0.001,720.0
nofold/s40_off,172,ac,move_to(?target=ac_switch_0),1189.5,0.875598,0.001,720.0
nofold/s40_off,172,coffee,"wait_at(?duration=PT60S,?entity=coffee_machine_0)",,0.875598,0.8722,0.0
nofold/s40_off,172,d(item_5),move_to(?target=item_5),406.5,0.875598,0.0294,720.0
nofold/s40_off,172,d(item_6),move_to(?target=item_6),549.6,0.875598,0.0071,720.0
nofold/s40_off,172,d(item_7),move_to(?target=item_7),947.9,0.875598,0.001,720.0
nofold/s40_off,173,ac,move_to(?target=ac_switch_0),1189.5,0.875598,0.001,720.0
nofold/s40_off,173,coffee,"wait_at(?duration=PT60S,?entity=coffee_machine_0)",,0.875598,0.8722,0.0
nofold/s40_off,173,d(item_5),move_to(?target=item_5),406.5,0.875598,0.0294,720.0
nofold/s40_off,173,d(item_6),move_to(?target=item_6),549.6,0.875598,0.0071,720.0
nofold/s40_off,173,d(item_7),move_to(?target=item_7),947.9,0.875598,0.001,720.0
nofold/s40_off,174,ac,move_to(?target=ac_switch_0),1189.5,0.875598,0.001,720.0
nofold/s40_off,174,coffee,"wait_at(?duration=PT60S,?entity=coffee_machine_0)",,0.875598,0.8722,0.0
nofold/s40_off,174,d(item_5),move_to(?target=item_5),406.5,0.875598,0.0294,720.0
nofold/s40_off,174,d(item_6),move_to(?target=item_6),549.6,0.875598,0.0071,720.0
nofold/s40_off,174,d(item_7),move_to(?target=item_7),947.9,0.875598,0.001,720.0
nofold/s40_off,175,ac,move_to(?target=ac_switch_0),1189.5,0.875598,0.001,720.0
nofold/s40_off,175,coffee,"wait_at(?duration=PT60S,?entity=coffee_machine_0)",,0.875598,0.8722,0.0
nofold/s40_off,175,d(item_5),move_to(?target=item_5),406.5,0.875598,0.0294,720.0
nofold/s40_off,175,d(item_6),move_to(?target=item_6),549.6,0.875598,0.0071,720.0
nofold/s40_off,175,d(item_7),move_to(?target=item_7),947.9,0.875598,0.001,720.0
nofold/s40_off,176,ac,move_to(?target=ac_switch_0),1189.5,0.875598,0.001,720.0
nofold/s40_off,176,coffee,"wait_at(?duration=PT60S,?entity=coffee_machine_0)",,0.875598,0.8722,0.0
nofold/s40_off,176,d(item_5),move_to(?target=item_5),406.5,0.875598,0.0294,720.0
nofold/s40_off,176,d(item_6),move_to(?target=item_6),549.6,0.875598,0.0071,720.0
nofold/s40_off,176,d(item_7),move_to(?target=item_7),947.9,0.875598,0.001,720.0
nofold/s40_off,177,ac,move_to(?target=ac_switch_0),1189.5,0.875598,0.001,720.0
nofold/s40_off,177,coffee,"wait_at(?duration=PT60S,?entity=coffee_machine_0)",,0.875598,0.8722,0.0
nofold/s40_off,177,d(item_5),move_to(?target=item_5),406.5,0.875598,0.0294,720.0
nofold/s40_off,177,d(item_6),move_to(?target=item_6),549.6,0.875598,0.0071,720.0
nofold/s40_off,177,d(item_7),move_to(?target=item_7),947.9,0.875598,0.001,720.0
nofold/s40_off,178,ac,move_to(?target=ac_switch_0),1189.5,0.875598,0.001,720.0
nofold/s40_off,178,coffee,"wait_at(?duration=PT60S,?entity=coffee_machine_0)",,0.875598,0.8722,0.0
nofold/s40_off,178,d(item_5),move_to(?target=item_5),406.5,0.875598,0.0294,720.0
nofold/s40_off,178,d(item_6),move_to(?target=item_6),549.6,0.875598,0.0071,720.0
nofold/s40_off,178,d(item_7),move_to(?target=item_7),947.9,0.875598,0.001,720.0
nofold/s40_off,179,ac,move_to(?target=ac_switch_0),1189.5,0.875598,0.001,720.0
nofold/s40_off,179,coffee,"wait_at(?duration=PT60S,?entity=coffee_machine_0)",,0.875598,0.8722,0.0
nofold/s40_off,179,d(item_5),move_to(?target=item_5),406.5,0.875598,0.0294,720.0
nofold/s40_off,179,d(item_6),move_to(?target=item_6),549.6,0.875598,0.0071,720.0
nofold/s40_off,179,d(item_7),move_to(?target=item_7),947.9,0.875598,0.001,720.0
nofold/s40_off,180,ac,move_to(?target=ac_switch_0),1189.5,0.875598,0.001,720.0
nofold/s40_off,180,coffee,"wait_at(?duration=PT60S,?entity=coffee_machine_0)",,0.875598,0.8722,0.0
nofold/s40_off,180,d(item_5),move_to(?target=item_5),406.5,0.875598,0.0294,720.0
nofold/s40_off,180,d(item_6),move_to(?target=item_6),549.6,0.875598,0.0071,720.0
nofold/s40_off,180,d(item_7),move_to(?target=item_7),947.9,0.875598,0.001,720.0
nofold/s40_off,181,ac,move_to(?target=ac_switch_0),1189.5,0.875598,0.001,720.0
nofold/s40_off,181,coffee,"wait_at(?duration=PT60S,?entity=coffee_machine_0)",,0.875598,0.8722,0.0
nofold/s40_off,181,d(item_5),move_to(?target=item_5),406.5,0.875598,0.0294,720.0
nofold/s40_off,181,d(item_6),move_to(?target=item_6),549.6,0.875598,0.0071,720.0
nofold/s40_off,181,d(item_7),move_to(?target=item_7),947.9,0.875598,0.001,720.0
nofold/s40_off,182,ac,move_to(?target=ac_switch_0),1189.5,0.875598,0.001,720.0
nofold/s40_off,182,coffee,"wait_at(?duration=PT60S,?entity=coffee_machine_0)",,0.875598,0.8722,0.0
nofold/s40_off,182,d(item_5),move_to(?target=item_5),406.5,0.875598,0.0294,720.0
nofold/s40_off,182,d(item_6),move_to(?target=item_6),549.6,0.875598,0.0071,720.0
nofold/s40_off,182,d(item_7),move_to(?target=item_7),947.9,0.875598,0.001,720.0
nofold/s40_off,183,ac,move_to(?target=ac_switch_0),1189.5,0.875598,0.001,720.0
nofold/s40_off,183,coffee,"wait_at(?duration=PT60S,?entity=coffee_machine_0)",,0.875598,0.8722,0.0
nofold/s40_off,183,d(item_5),move_to(?target=item_5),406.5,0.875598,0.0294,720.0
nofold/s40_off,183,d(item_6),move_to(?target=item_6),549.6,0.875598,0.0071,720.0
nofold/s40_off,183,d(item_7),move_to(?target=item_7),947.9,0.875598,0.001,720.0
nofold/s40_off,184,ac,move_to(?target=ac_switch_0),0.0,0.2,0.1994,0.0
nofold/s40_off,184,d(item_5),move_to(?target=item_5),0.0,0.2,0.1994,0.0
nofold/s40_off,184,d(item_6),move_to(?target=item_6),0.0,0.2,0.1994,0.0
nofold/s40_off,184,d(item_7),move_to(?target=item_7),0.0,0.2,0.1994,0.0
nofold/s40_off,185,ac,move_to(?target=ac_switch_0),0.0,0.2,0.1994,0.0
nofold/s40_off,185,d(item_5),move_to(?target=item_5),0.0,0.2,0.1994,0.0
nofold/s40_off,185,d(item_6),move_to(?target=item_6),0.0,0.2,0.1994,0.0
nofold/s40_off,185,d(item_7),move_to(?target=item_7),0.0,0.2,0.1994,0.0
nofold/s40_off,186,ac,move_to(?target=ac_switch_0),0.0,0.2,0.1994,0.0
nofold/s40_off,186,d(item_5),move_to(?target=item_5),0.0,0.2,0.1994,0.0
nofold/s40_off,186,d(item_6),move_to(?target=item_6),0.0,0.2,0.1994,0.0
nofold/s40_off,186,d(item_7),move_to(?target=item_7),0.0,0.2,0.1994,0.0
nofold/s40_off,187,ac,move_to(?target=ac_switch_0),9.3,0.247767,0.2355,20.0
nofold/s40_off,187,d(item_5),move_to(?target=item_5),0.5,0.247767,0.2464,20.0
nofold/s40_off,187,d(item_6),move_to(?target=item_6),0.0,0.247767,0.247,20.0
nofold/s40_off,187,d(item_7),move_to(?target=item_7),2.9,0.247767,0.2434,20.0
nofold/s40_off,188,ac,move_to(?target=ac_switch_0),19.0,0.251882,0.2273,40.0
nofold/s40_off,188,d(item_5),move_to(?target=item_5),1.1,0.251882,0.2498,40.0
nofold/s40_off,188,d(item_6),move_to(?target=item_6),0.0,0.251882,0.2511,40.0
nofold/s40_off,188,d(item_7),move_to(?target=item_7),6.0,0.251882,0.2436,40.0
nofold/s40_off,189,ac,move_to(?target=ac_switch_0),29.0,0.256254,0.2187,60.0
nofold/s40_off,189,d(item_5),move_to(?target=item_5),1.6,0.256254,0.2534,60.0
nofold/s40_off,189,d(item_6),move_to(?target=item_6),0.0,0.256254,0.2555,60.0
nofold/s40_off,189,d(item_7),move_to(?target=item_7),9.1,0.256254,0.2439,60.0
nofold/s40_off,190,ac,move_to(?target=ac_switch_0),39.3,0.260888,0.2096,80.0
nofold/s40_off,190,d(item_5),move_to(?target=item_5),2.2,0.260888,0.2572,80.0
nofold/s40_off,190,d(item_6),move_to(?target=item_6),0.0,0.260888,0.2601,80.0
nofold/s40_off,190,d(item_7),move_to(?target=item_7),12.3,0.260888,0.2441,80.0
nofold/s40_off,191,ac,move_to(?target=ac_switch_0),50.1,0.265787,0.2,100.0
nofold/s40_off,191,d(item_5),move_to(?target=item_5),2.8,0.265787,0.2612,100.0
nofold/s40_off,191,d(item_6),move_to(?target=item_6),0.0,0.265787,0.2649,100.0
nofold/s40_off,191,d(item_7),move_to(?target=item_7),15.6,0.265787,0.2443,100.0
nofold/s40_off,192,ac,move_to(?target=ac_switch_0),61.1,0.270948,0.19,120.0
nofold/s40_off,192,d(item_5),move_to(?target=item_5),3.5,0.270948,0.2654,120.0
nofold/s40_off,192,d(item_6),move_to(?target=item_6),0.0,0.270948,0.2701,120.0
nofold/s40_off,192,d(item_7),move_to(?target=item_7),19.1,0.270948,0.2444,120.0
nofold/s40_off,193,ac,move_to(?target=ac_switch_0),72.6,0.276368,0.1797,140.0
nofold/s40_off,193,d(item_5),move_to(?target=item_5),4.2,0.276368,0.2698,140.0
nofold/s40_off,193,d(item_6),move_to(?target=item_6),0.0,0.276368,0.2755,140.0
nofold/s40_off,193,d(item_7),move_to(?target=item_7),22.6,0.276368,0.2445,140.0
nofold/s40_off,194,ac,move_to(?target=ac_switch_0),84.5,0.282036,0.169,160.0
nofold/s40_off,194,d(item_5),move_to(?target=item_5),4.9,0.282036,0.2744,160.0
nofold/s40_off,194,d(item_6),move_to(?target=item_6),0.1,0.282036,0.2811,160.0
nofold/s40_off,194,d(item_7),move_to(?target=item_7),26.3,0.282036,0.2444,160.0
nofold/s40_off,195,ac,move_to(?target=ac_switch_0),96.8,0.288434,0.1584,180.0
nofold/s40_off,195,d(item_5),move_to(?target=item_5),5.6,0.288434,0.2795,180.0
nofold/s40_off,195,d(item_6),move_to(?target=item_6),0.1,0.288434,0.2875,180.0
nofold/s40_off,195,d(item_7),move_to(?target=item_7),31.3,0.288434,0.2429,180.0
nofold/s40_off,196,ac,move_to(?target=ac_switch_0),109.5,0.29523,0.1476,200.0
nofold/s40_off,196,d(item_5),move_to(?target=item_5),6.4,0.29523,0.285,200.0
nofold/s40_off,196,d(item_6),move_to(?target=item_6),0.1,0.29523,0.2942,200.0
nofold/s40_off,196,d(item_7),move_to(?target=item_7),36.8,0.29523,0.2407,200.0
nofold/s40_off,197,ac,move_to(?target=ac_switch_0),122.6,0.302459,0.1368,220.0
nofold/s40_off,197,d(item_5),move_to(?target=item_5),7.2,0.302459,0.2907,220.0
nofold/s40_off,197,d(item_6),move_to(?target=item_6),0.1,0.302459,0.3014,220.0
nofold/s40_off,197,d(item_7),move_to(?target=item_7),42.9,0.302459,0.2379,220.0
nofold/s40_off,198,ac,move_to(?target=ac_switch_0),136.2,0.31014,0.1261,240.0
nofold/s40_off,198,d(item_5),move_to(?target=item_5),8.0,0.31014,0.2968,240.0
nofold/s40_off,198,d(item_6),move_to(?target=item_6),0.1,0.31014,0.3091,240.0
nofold/s40_off,198,d(item_7),move_to(?target=item_7),49.6,0.31014,0.2341,240.0
nofold/s40_off,199,ac,move_to(?target=ac_switch_0),150.2,0.318296,0.1156,260.0
nofold/s40_off,199,d(item_5),move_to(?target=item_5),8.9,0.318296,0.3032,260.0
nofold/s40_off,199,d(item_6),move_to(?target=item_6),0.1,0.318296,0.3172,260.0
nofold/s40_off,199,d(item_7),move_to(?target=item_7),57.0,0.318296,0.2293,260.0
nofold/s40_off,200,ac,move_to(?target=ac_switch_0),164.7,0.326949,0.1053,280.0
nofold/s40_off,200,d(item_5),move_to(?target=item_5),9.9,0.326949,0.3099,280.0
nofold/s40_off,200,d(item_6),move_to(?target=item_6),0.1,0.326949,0.3258,280.0
nofold/s40_off,200,d(item_7),move_to(?target=item_7),65.1,0.326949,0.2234,280.0
nofold/s40_off,201,ac,move_to(?target=ac_switch_0),179.7,0.336123,0.0954,300.0
nofold/s40_off,201,d(item_5),move_to(?target=item_5),10.9,0.336123,0.3169,300.0
nofold/s40_off,201,d(item_6),move_to(?target=item_6),0.1,0.336123,0.3349,300.0
nofold/s40_off,201,d(item_7),move_to(?target=item_7),74.1,0.336123,0.2163,300.0
nofold/s40_off,202,ac,move_to(?target=ac_switch_0),195.1,0.345839,0.0858,320.0
nofold/s40_off,202,d(item_5),move_to(?target=item_5),11.9,0.345839,0.3242,320.0
nofold/s40_off,202,d(item_6),move_to(?target=item_6),0.1,0.345839,0.3446,320.0
nofold/s40_off,202,d(item_7),move_to(?target=item_7),84.0,0.345839,0.2079,320.0
nofold/s40_off,203,ac,move_to(?target=ac_switch_0),211.1,0.356111,0.0767,340.0
nofold/s40_off,203,d(item_5),move_to(?target=item_5),13.0,0.356111,0.3319,340.0
nofold/s40_off,203,d(item_6),move_to(?target=item_6),0.1,0.356111,0.3548,340.0
nofold/s40_off,203,d(item_7),move_to(?target=item_7),95.0,0.356111,0.1981,340.0
nofold/s40_off,204,ac,move_to(?target=ac_switch_0),227.5,0.366942,0.0682,360.0
nofold/s40_off,204,d(item_5),move_to(?target=item_5),14.2,0.366942,0.3399,360.0
nofold/s40_off,204,d(item_6),move_to(?target=item_6),0.2,0.366942,0.3655,360.0
nofold/s40_off,204,d(item_7),move_to(?target=item_7),107.0,0.366942,0.1868,360.0
nofold/s40_off,205,ac,move_to(?target=ac_switch_0),244.5,0.378316,0.0602,380.0
nofold/s40_off,205,d(item_5),move_to(?target=item_5),15.5,0.378316,0.348,380.0
nofold/s40_off,205,d(item_6),move_to(?target=item_6),0.2,0.378316,0.3768,380.0
nofold/s40_off,205,d(item_7),move_to(?target=item_7),120.3,0.378316,0.1742,380.0
nofold/s40_off,206,ac,move_to(?target=ac_switch_0),244.5,0.380895,0.0606,380.0
nofold/s40_off,206,d(item_5),move_to(?target=item_5),15.5,0.380895,0.3504,380.0
nofold/s40_off,206,d(item_6),move_to(?target=item_6),0.2,0.380895,0.3794,380.0
nofold/s40_off,206,d(item_7),move_to(?target=item_7),125.4,0.380895,0.1686,380.0
nofold/s40_off,207,ac,move_to(?target=ac_switch_0),244.5,0.383545,0.0611,380.0
nofold/s40_off,207,d(item_5),move_to(?target=item_5),15.5,0.383545,0.3529,380.0
nofold/s40_off,207,d(item_6),move_to(?target=item_6),0.2,0.383545,0.3821,380.0
nofold/s40_off,207,d(item_7),move_to(?target=item_7),130.8,0.383545,0.1628,380.0
nofold/s40_off,208,ac,move_to(?target=ac_switch_0),244.5,0.38626,0.0615,380.0
nofold/s40_off,208,d(item_5),move_to(?target=item_5),15.5,0.38626,0.3554,380.0
nofold/s40_off,208,d(item_6),move_to(?target=item_6),0.2,0.38626,0.3848,380.0
nofold/s40_off,208,d(item_7),move_to(?target=item_7),136.3,0.38626,0.1569,380.0
nofold/s40_off,209,ac,move_to(?target=ac_switch_0),244.5,0.389033,0.0619,380.0
nofold/s40_off,209,d(item_5),move_to(?target=item_5),15.5,0.389033,0.3579,380.0
nofold/s40_off,209,d(item_6),move_to(?target=item_6),0.2,0.389033,0.3875,380.0
nofold/s40_off,209,d(item_7),move_to(?target=item_7),142.1,0.389033,0.1509,380.0
nofold/s40_off,210,ac,move_to(?target=ac_switch_0),283.9,0.463941,0.0511,400.0
nofold/s40_off,210,d(item_5),move_to(?target=item_5),36.0,0.463941,0.3801,400.0
nofold/s40_off,210,d(item_6),move_to(?target=item_6),28.5,0.463941,0.3972,400.0
nofold/s40_off,210,d(item_7),move_to(?target=item_7),188.1,0.463941,0.1224,400.0
nofold/s40_off,211,ac,move_to(?target=ac_switch_0),323.4,0.557535,0.0421,420.0
nofold/s40_off,211,d(item_5),move_to(?target=item_5),57.2,0.557535,0.401,420.0
nofold/s40_off,211,d(item_6),move_to(?target=item_6),57.3,0.557535,0.4009,420.0
nofold/s40_off,211,d(item_7),move_to(?target=item_7),234.3,0.557535,0.0974,420.0
nofold/s40_off,212,ac,move_to(?target=ac_switch_0),362.9,0.674863,0.0348,440.0
nofold/s40_off,212,d(item_5),move_to(?target=item_5),79.0,0.674863,0.42,440.0
nofold/s40_off,212,d(item_6),move_to(?target=item_6),86.6,0.674863,0.3985,440.0
nofold/s40_off,212,d(item_7),move_to(?target=item_7),280.9,0.674863,0.0765,440.0
nofold/s40_off,213,ac,move_to(?target=ac_switch_0),402.5,0.822406,0.0288,460.0
nofold/s40_off,213,d(item_5),move_to(?target=item_5),101.5,0.822406,0.4363,460.0
nofold/s40_off,213,d(item_6),move_to(?target=item_6),116.4,0.822406,0.3902,460.0
nofold/s40_off,213,d(item_7),move_to(?target=item_7),327.7,0.822406,0.0597,460.0
nofold/s40_off,214,ac,move_to(?target=ac_switch_0),442.1,1.008072,0.0239,480.0
nofold/s40_off,214,d(item_5),move_to(?target=item_5),124.5,1.008072,0.4494,480.0
nofold/s40_off,214,d(item_6),move_to(?target=item_6),146.6,1.008072,0.3769,480.0
nofold/s40_off,214,d(item_7),move_to(?target=item_7),374.7,1.008072,0.0463,480.0
nofold/s40_off,215,ac,move_to(?target=ac_switch_0),481.6,1.241023,0.0199,500.0
nofold/s40_off,215,d(item_5),move_to(?target=item_5),148.1,1.241023,0.4584,500.0
nofold/s40_off,215,d(item_6),move_to(?target=item_6),177.3,1.241023,0.3591,500.0
nofold/s40_off,215,d(item_7),move_to(?target=item_7),421.8,1.241023,0.0359,500.0
nofold/s40_off,216,ac,move_to(?target=ac_switch_0),521.2,1.531227,0.0165,520.0
nofold/s40_off,216,d(item_5),move_to(?target=item_5),172.3,1.531227,0.4624,520.0
nofold/s40_off,216,d(item_6),move_to(?target=item_6),208.5,1.531227,0.3377,520.0
nofold/s40_off,216,d(item_7),move_to(?target=item_7),469.2,1.531227,0.0278,520.0
nofold/s40_off,217,ac,move_to(?target=ac_switch_0),560.9,1.888563,0.0138,540.0
nofold/s40_off,217,d(item_5),move_to(?target=item_5),197.1,1.888563,0.4603,540.0
nofold/s40_off,217,d(item_6),move_to(?target=item_6),240.0,1.888563,0.3133,540.0
nofold/s40_off,217,d(item_7),move_to(?target=item_7),516.6,1.888563,0.0214,540.0
nofold/s40_off,218,ac,move_to(?target=ac_switch_0),600.5,2.321338,0.0114,560.0
nofold/s40_off,218,d(item_5),move_to(?target=item_5),222.5,2.321338,0.4514,560.0
nofold/s40_off,218,d(item_6),move_to(?target=item_6),271.9,2.321338,0.2864,560.0
nofold/s40_off,218,d(item_7),move_to(?target=item_7),564.1,2.321338,0.0164,560.0
nofold/s40_off,219,ac,move_to(?target=ac_switch_0),640.1,2.83415,0.0094,580.0
nofold/s40_off,219,d(item_5),move_to(?target=item_5),248.4,2.83415,0.435,580.0
nofold/s40_off,219,d(item_6),move_to(?target=item_6),304.1,2.83415,0.2577,580.0
nofold/s40_off,219,d(item_7),move_to(?target=item_7),611.6,2.83415,0.0125,580.0
nofold/s40_off,220,ac,move_to(?target=ac_switch_0),679.8,3.425378,0.0076,600.0
nofold/s40_off,220,d(item_5),move_to(?target=item_5),274.9,3.425378,0.4108,600.0
nofold/s40_off,220,d(item_6),move_to(?target=item_6),336.7,3.425378,0.2277,600.0
nofold/s40_off,220,d(item_7),move_to(?target=item_7),659.1,3.425378,0.0094,600.0
nofold/s40_off,221,ac,move_to(?target=ac_switch_0),719.5,4.08493,0.0061,620.0
nofold/s40_off,221,d(item_5),move_to(?target=item_5),301.9,4.08493,0.3795,620.0
nofold/s40_off,221,d(item_6),move_to(?target=item_6),369.7,4.08493,0.1972,620.0
nofold/s40_off,221,d(item_7),move_to(?target=item_7),706.6,4.08493,0.0069,620.0
nofold/s40_off,222,ac,move_to(?target=ac_switch_0),759.2,4.7933,0.0048,640.0
nofold/s40_off,222,d(item_5),move_to(?target=item_5),329.4,4.7933,0.3421,640.0
nofold/s40_off,222,d(item_6),move_to(?target=item_6),402.9,4.7933,0.1671,640.0
nofold/s40_off,222,d(item_7),move_to(?target=item_7),754.0,4.7933,0.0051,640.0
nofold/s40_off,223,ac,move_to(?target=ac_switch_0),798.9,5.522879,0.0037,660.0
nofold/s40_off,223,d(item_5),move_to(?target=item_5),357.3,5.522879,0.3006,660.0
nofold/s40_off,223,d(item_6),move_to(?target=item_6),436.4,5.522879,0.1384,660.0
nofold/s40_off,223,d(item_7),move_to(?target=item_7),801.3,5.522879,0.0036,660.0
nofold/s40_off,224,ac,move_to(?target=ac_switch_0),838.6,6.24177,0.0028,680.0
nofold/s40_off,224,d(item_5),move_to(?target=item_5),385.8,6.24177,0.2573,680.0
nofold/s40_off,224,d(item_6),move_to(?target=item_6),470.2,6.24177,0.1119,680.0
nofold/s40_off,224,d(item_7),move_to(?target=item_7),848.6,6.24177,0.0026,680.0
nofold/s40_off,225,ac,move_to(?target=ac_switch_0),878.3,6.919173,0.0021,700.0
nofold/s40_off,225,d(item_5),move_to(?target=item_5),414.7,6.919173,0.2148,700.0
nofold/s40_off,225,d(item_6),move_to(?target=item_6),504.3,6.919173,0.0885,700.0
nofold/s40_off,225,d(item_7),move_to(?target=item_7),895.6,6.919173,0.0018,700.0
nofold/s40_off,226,ac,move_to(?target=ac_switch_0),918.1,7.530514,0.0015,720.0
nofold/s40_off,226,d(item_5),move_to(?target=item_5),444.0,7.530514,0.175,720.0
nofold/s40_off,226,d(item_6),move_to(?target=item_6),538.6,7.530514,0.0685,720.0
nofold/s40_off,226,d(item_7),move_to(?target=item_7),942.6,7.530514,0.0012,720.0
nofold/s40_off,227,ac,move_to(?target=ac_switch_0),918.1,7.531163,0.0015,720.0
nofold/s40_off,227,d(item_5),move_to(?target=item_5),444.0,7.531163,0.175,720.0
nofold/s40_off,227,d(item_6),move_to(?target=item_6),538.6,7.531163,0.0685,720.0
nofold/s40_off,227,d(item_7),move_to(?target=item_7),949.9,7.531163,0.0011,720.0
nofold/s40_off,228,ac,move_to(?target=ac_switch_0),918.1,7.531763,0.0015,720.0
nofold/s40_off,228,d(item_5),move_to(?target=item_5),444.0,7.531763,0.175,720.0
nofold/s40_off,228,d(item_6),move_to(?target=item_6),538.6,7.531763,0.0685,720.0
nofold/s40_off,228,d(item_7),move_to(?target=item_7),957.2,7.531763,0.001,720.0
nofold/s40_off,229,ac,move_to(?target=ac_switch_0),918.1,7.532317,0.0015,720.0
nofold/s40_off,229,d(item_5),move_to(?target=item_5),444.0,7.532317,0.175,720.0
nofold/s40_off,229,d(item_6),move_to(?target=item_6),538.6,7.532317,0.0685,720.0
nofold/s40_off,229,d(item_7),move_to(?target=item_7),964.5,7.532317,0.001,720.0
nofold/s40_off,230,ac,move_to(?target=ac_switch_0),918.1,7.532826,0.0015,720.0
nofold/s40_off,230,d(item_5),move_to(?target=item_5),444.0,7.532826,0.175,720.0
nofold/s40_off,230,d(item_6),move_to(?target=item_6),538.6,7.532826,0.0685,720.0
nofold/s40_off,230,d(item_7),move_to(?target=item_7),971.7,7.532826,0.001,720.0
nofold/s40_off,231,ac,move_to(?target=ac_switch_0),926.2,7.547442,0.0014,740.0
nofold/s40_off,231,d(item_5),move_to(?target=item_5),445.0,7.547442,0.1737,740.0
nofold/s40_off,231,d(item_6),move_to(?target=item_6),538.6,7.547442,0.0686,740.0
nofold/s40_off,231,d(item_7),move_to(?target=item_7),989.9,7.547442,0.001,740.0
nofold/s40_off,232,ac,move_to(?target=ac_switch_0),934.5,7.562507,0.0013,760.0
nofold/s40_off,232,d(item_5),move_to(?target=item_5),446.0,7.562507,0.1722,760.0
nofold/s40_off,232,d(item_6),move_to(?target=item_6),538.6,7.562507,0.0687,760.0
nofold/s40_off,232,d(item_7),move_to(?target=item_7),1009.1,7.562507,0.001,760.0
nofold/s40_off,233,ac,move_to(?target=ac_switch_0),943.1,7.578075,0.0012,780.0
nofold/s40_off,233,d(item_5),move_to(?target=item_5),447.1,7.578075,0.1708,780.0
nofold/s40_off,233,d(item_6),move_to(?target=item_6),538.6,7.578075,0.0689,780.0
nofold/s40_off,233,d(item_7),move_to(?target=item_7),1029.2,7.578075,0.001,780.0
nofold/s40_off,234,ac,move_to(?target=ac_switch_0),951.9,7.594208,0.0011,800.0
nofold/s40_off,234,d(item_5),move_to(?target=item_5),448.2,7.594208,0.1692,800.0
nofold/s40_off,234,d(item_6),move_to(?target=item_6),538.6,7.594208,0.069,800.0
nofold/s40_off,234,d(item_7),move_to(?target=item_7),1050.2,7.594208,0.001,800.0
nofold/s40_off,235,ac,move_to(?target=ac_switch_0),961.1,7.610971,0.001,820.0
nofold/s40_off,235,d(item_5),move_to(?target=item_5),449.5,7.610971,0.1675,820.0
nofold/s40_off,235,d(item_6),move_to(?target=item_6),538.6,7.610971,0.0692,820.0
nofold/s40_off,235,d(item_7),move_to(?target=item_7),1072.3,7.610971,0.001,820.0
nofold/s40_off,236,ac,move_to(?target=ac_switch_0),970.4,7.628436,0.001,840.0
nofold/s40_off,236,d(item_5),move_to(?target=item_5),450.8,7.628436,0.1658,840.0
nofold/s40_off,236,d(item_6),move_to(?target=item_6),538.6,7.628436,0.0693,840.0
nofold/s40_off,236,d(item_7),move_to(?target=item_7),1095.3,7.628436,0.001,840.0
nofold/s40_off,237,ac,move_to(?target=ac_switch_0),980.1,7.646681,0.001,860.0
nofold/s40_off,237,d(item_5),move_to(?target=item_5),452.1,7.646681,0.1639,860.0
nofold/s40_off,237,d(item_6),move_to(?target=item_6),538.6,7.646681,0.0695,860.0
nofold/s40_off,237,d(item_7),move_to(?target=item_7),1119.2,7.646681,0.001,860.0
nofold/s40_off,238,ac,move_to(?target=ac_switch_0),990.1,7.665791,0.001,880.0
nofold/s40_off,238,d(item_5),move_to(?target=item_5),453.6,7.665791,0.1619,880.0
nofold/s40_off,238,d(item_6),move_to(?target=item_6),538.6,7.665791,0.0696,880.0
nofold/s40_off,238,d(item_7),move_to(?target=item_7),1144.1,7.665791,0.001,880.0
nofold/s40_off,239,ac,move_to(?target=ac_switch_0),1000.3,7.685858,0.001,900.0
nofold/s40_off,239,d(item_5),move_to(?target=item_5),455.2,7.685858,0.1598,900.0
nofold/s40_off,239,d(item_6),move_to(?target=item_6),538.6,7.685858,0.0698,900.0
nofold/s40_off,239,d(item_7),move_to(?target=item_7),1170.0,7.685858,0.001,900.0
nofold/s40_off,240,ac,move_to(?target=ac_switch_0),1010.9,7.70698,0.001,920.0
nofold/s40_off,240,d(item_5),move_to(?target=item_5),456.8,7.70698,0.1576,920.0
nofold/s40_off,240,d(item_6),move_to(?target=item_6),538.6,7.70698,0.07,920.0
nofold/s40_off,240,d(item_7),move_to(?target=item_7),1196.7,7.70698,0.001,920.0
nofold/s40_off,241,ac,move_to(?target=ac_switch_0),1021.8,7.729263,0.001,940.0
nofold/s40_off,241,d(item_5),move_to(?target=item_5),458.6,7.729263,0.1553,940.0
nofold/s40_off,241,d(item_6),move_to(?target=item_6),538.6,7.729263,0.0702,940.0
nofold/s40_off,241,d(item_7),move_to(?target=item_7),1224.3,7.729263,0.001,940.0
nofold/s40_off,242,ac,move_to(?target=ac_switch_0),1033.0,7.752778,0.001,960.0
nofold/s40_off,242,d(item_5),move_to(?target=item_5),460.6,7.752778,0.1528,960.0
nofold/s40_off,242,d(item_6),move_to(?target=item_6),538.6,7.752778,0.0704,960.0
nofold/s40_off,242,d(item_7),move_to(?target=item_7),1243.1,7.752778,0.001,960.0
nofold/s40_off,243,ac,move_to(?target=ac_switch_0),1044.6,7.778108,0.001,980.0
nofold/s40_off,243,d(item_5),move_to(?target=item_5),462.7,7.778108,0.1501,980.0
nofold/s40_off,243,d(item_6),move_to(?target=item_6),538.6,7.778108,0.0706,980.0
nofold/s40_off,244,ac,move_to(?target=ac_switch_0),1056.4,7.804517,0.001,1000.0
nofold/s40_off,244,d(item_5),move_to(?target=item_5),464.9,7.804517,0.1473,1000.0
nofold/s40_off,244,d(item_6),move_to(?target=item_6),538.6,7.804517,0.0708,1000.0
nofold/s40_off,245,ac,move_to(?target=ac_switch_0),1068.7,7.832622,0.001,1020.0
nofold/s40_off,245,d(item_5),move_to(?target=item_5),467.4,7.832622,0.1443,1020.0
nofold/s40_off,245,d(item_6),move_to(?target=item_6),538.6,7.832622,0.0711,1020.0
nofold/s40_off,246,ac,move_to(?target=ac_switch_0),1081.3,7.862573,0.001,1040.0
nofold/s40_off,246,d(item_5),move_to(?target=item_5),470.0,7.862573,0.1411,1040.0
nofold/s40_off,246,d(item_6),move_to(?target=item_6),538.6,7.862573,0.0714,1040.0
nofold/s40_off,247,ac,move_to(?target=ac_switch_0),1094.3,7.894533,0.001,1060.0
nofold/s40_off,247,d(item_5),move_to(?target=item_5),472.9,7.894533,0.1376,1060.0
nofold/s40_off,247,d(item_6),move_to(?target=item_6),538.6,7.894533,0.0717,1060.0
nofold/s40_off,248,ac,move_to(?target=ac_switch_0),1107.6,7.928674,0.001,1080.0
nofold/s40_off,248,d(item_5),move_to(?target=item_5),476.1,7.928674,0.1339,1080.0
nofold/s40_off,248,d(item_6),move_to(?target=item_6),538.6,7.928674,0.072,1080.0
nofold/s40_off,249,ac,move_to(?target=ac_switch_0),1121.4,7.965177,0.001,1100.0
nofold/s40_off,249,d(item_5),move_to(?target=item_5),479.5,7.965177,0.13,1100.0
nofold/s40_off,249,d(item_6),move_to(?target=item_6),538.6,7.965177,0.0723,1100.0
nofold/s40_off,250,ac,move_to(?target=ac_switch_0),1135.5,8.004232,0.001,1120.0
nofold/s40_off,250,d(item_5),move_to(?target=item_5),483.4,8.004232,0.1258,1120.0
nofold/s40_off,250,d(item_6),move_to(?target=item_6),538.6,8.004232,0.0726,1120.0
nofold/s40_off,251,ac,move_to(?target=ac_switch_0),1150.0,8.04603,0.001,1140.0
nofold/s40_off,251,d(item_5),move_to(?target=item_5),487.6,8.04603,0.1213,1140.0
nofold/s40_off,251,d(item_6),move_to(?target=item_6),538.6,8.04603,0.073,1140.0
nofold/s40_off,252,ac,move_to(?target=ac_switch_0),1165.0,8.090754,0.001,1160.0
nofold/s40_off,252,d(item_5),move_to(?target=item_5),492.2,8.090754,0.1164,1160.0
nofold/s40_off,252,d(item_6),move_to(?target=item_6),538.6,8.090754,0.0734,1160.0
nofold/s40_off,253,ac,move_to(?target=ac_switch_0),1180.4,8.138574,0.001,1180.0
nofold/s40_off,253,d(item_5),move_to(?target=item_5),497.4,8.138574,0.1113,1180.0
nofold/s40_off,253,d(item_6),move_to(?target=item_6),538.6,8.138574,0.0739,1180.0
nofold/s40_off,254,ac,move_to(?target=ac_switch_0),1196.1,8.189625,0.001,1200.0
nofold/s40_off,254,d(item_5),move_to(?target=item_5),503.2,8.189625,0.1057,1200.0
nofold/s40_off,254,d(item_6),move_to(?target=item_6),538.6,8.189625,0.0743,1200.0
nofold/s40_off,255,ac,move_to(?target=ac_switch_0),1212.4,8.243989,0.001,1220.0
nofold/s40_off,255,d(item_5),move_to(?target=item_5),509.6,8.243989,0.0998,1220.0
nofold/s40_off,255,d(item_6),move_to(?target=item_6),538.6,8.243989,0.0748,1220.0
nofold/s40_off,256,ac,move_to(?target=ac_switch_0),1229.0,8.301665,0.001,1240.0
nofold/s40_off,256,d(item_5),move_to(?target=item_5),516.8,8.301665,0.0936,1240.0
nofold/s40_off,256,d(item_6),move_to(?target=item_6),538.6,8.301665,0.0753,1240.0
nofold/s40_off,257,ac,move_to(?target=ac_switch_0),1246.1,8.362535,0.001,1260.0
nofold/s40_off,257,d(item_5),move_to(?target=item_5),524.9,8.362535,0.087,1260.0
nofold/s40_off,257,d(item_6),move_to(?target=item_6),538.6,8.362535,0.0759,1260.0
nofold/s40_off,258,ac,move_to(?target=ac_switch_0),1263.6,8.426322,0.001,1280.0
nofold/s40_off,258,d(item_5),move_to(?target=item_5),534.0,8.426322,0.0801,1280.0
nofold/s40_off,258,d(item_6),move_to(?target=item_6),538.6,8.426322,0.0765,1280.0
nofold/s40_off,259,ac,move_to(?target=ac_switch_0),1281.6,8.492545,0.001,1300.0
nofold/s40_off,259,d(item_5),move_to(?target=item_5),544.2,8.492545,0.0729,1300.0
nofold/s40_off,259,d(item_6),move_to(?target=item_6),538.6,8.492545,0.0771,1300.0
nofold/s40_off,260,ac,move_to(?target=ac_switch_0),1300.1,8.560488,0.001,1320.0
nofold/s40_off,260,d(item_5),move_to(?target=item_5),555.7,8.560488,0.0655,1320.0
nofold/s40_off,260,d(item_6),move_to(?target=item_6),538.6,8.560488,0.0777,1320.0
nofold/s40_off,261,ac,move_to(?target=ac_switch_0),1318.9,8.629176,0.001,1340.0
nofold/s40_off,261,d(item_5),move_to(?target=item_5),568.6,8.629176,0.0581,1340.0
nofold/s40_off,261,d(item_6),move_to(?target=item_6),538.6,8.629176,0.0783,1340.0
nofold/s40_off,262,ac,move_to(?target=ac_switch_0),1338.3,8.697397,0.001,1360.0
nofold/s40_off,262,d(item_5),move_to(?target=item_5),583.1,8.697397,0.0507,1360.0
nofold/s40_off,262,d(item_6),move_to(?target=item_6),538.6,8.697397,0.0789,1360.0
nofold/s40_off,263,ac,move_to(?target=ac_switch_0),1358.1,8.76376,0.001,1380.0
nofold/s40_off,263,d(item_5),move_to(?target=item_5),599.2,8.76376,0.0435,1380.0
nofold/s40_off,263,d(item_6),move_to(?target=item_6),538.6,8.76376,0.0795,1380.0
nofold/s40_off,264,ac,move_to(?target=ac_switch_0),1378.3,8.826809,0.001,1400.0
nofold/s40_off,264,d(item_5),move_to(?target=item_5),617.1,8.826809,0.0366,1400.0
nofold/s40_off,264,d(item_6),move_to(?target=item_6),538.6,8.826809,0.0801,1400.0
nofold/s40_off,265,ac,move_to(?target=ac_switch_0),1399.0,8.885182,0.001,1420.0
nofold/s40_off,265,d(item_5),move_to(?target=item_5),636.8,8.885182,0.0303,1420.0
nofold/s40_off,265,d(item_6),move_to(?target=item_6),538.6,8.885182,0.0806,1420.0
nofold/s40_off,266,ac,move_to(?target=ac_switch_0),1420.2,8.937761,0.001,1440.0
nofold/s40_off,266,d(item_5),move_to(?target=item_5),658.3,8.937761,0.0246,1440.0
nofold/s40_off,266,d(item_6),move_to(?target=item_6),538.6,8.937761,0.0811,1440.0
nofold/s40_off,267,ac,move_to(?target=ac_switch_0),1441.8,8.983809,0.001,1460.0
nofold/s40_off,267,d(item_5),move_to(?target=item_5),681.6,8.983809,0.0196,1460.0
nofold/s40_off,267,d(item_6),move_to(?target=item_6),538.6,8.983809,0.0815,1460.0
nofold/s40_off,268,ac,move_to(?target=ac_switch_0),1463.9,9.023031,0.001,1480.0
nofold/s40_off,268,d(item_5),move_to(?target=item_5),706.6,9.023031,0.0153,1480.0
nofold/s40_off,268,d(item_6),move_to(?target=item_6),538.6,9.023031,0.0819,1480.0
nofold/s40_off,269,ac,move_to(?target=ac_switch_0),1486.4,9.055557,0.001,1500.0
nofold/s40_off,269,d(item_5),move_to(?target=item_5),733.1,9.055557,0.0118,1500.0
nofold/s40_off,269,d(item_6),move_to(?target=item_6),538.6,9.055557,0.0822,1500.0
nofold/s40_off,270,ac,move_to(?target=ac_switch_0),1509.3,9.081865,0.001,1520.0
nofold/s40_off,270,d(item_5),move_to(?target=item_5),761.1,9.081865,0.0089,1520.0
nofold/s40_off,270,d(item_6),pick_up(?item=item_6),,0.082826,0.0824,0.0
nofold/s40_off,271,ac,move_to(?target=ac_switch_0),1509.3,9.081865,0.001,1520.0
nofold/s40_off,271,d(item_5),move_to(?target=item_5),761.1,9.081865,0.0089,1520.0
nofold/s40_off,271,d(item_6),pick_up(?item=item_6),,0.082826,0.0824,0.0
nofold/s40_off,272,ac,move_to(?target=ac_switch_0),1509.3,9.081865,0.001,1520.0
nofold/s40_off,272,d(item_5),"place(?item=item_6,?target=shelf_6)",,0.008982,0.0089,0.0
nofold/s40_off,272,d(item_6),move_to(?target=kitting_table_0),0.0,0.082826,0.0824,0.0
nofold/s40_off,273,ac,move_to(?target=ac_switch_0),1509.3,9.081865,0.001,1520.0
nofold/s40_off,273,d(item_5),"place(?item=item_6,?target=shelf_6)",,0.008982,0.0089,0.0
nofold/s40_off,273,d(item_6),move_to(?target=kitting_table_0),0.0,0.082826,0.0824,0.0
nofold/s40_off,274,ac,move_to(?target=ac_switch_0),1510.3,9.081866,0.001,1540.0
nofold/s40_off,274,d(item_5),"place(?item=item_6,?target=shelf_6)",,0.008982,0.0089,20.0
nofold/s40_off,274,d(item_6),move_to(?target=kitting_table_0),0.0,0.082826,0.0824,20.0
nofold/s40_off,275,ac,move_to(?target=ac_switch_0),1511.3,9.081866,0.001,1560.0
nofold/s40_off,275,d(item_5),move_to(?target=shelf_6),0.0,0.008982,0.0089,0.0
nofold/s40_off,275,d(item_6),move_to(?target=kitting_table_0),0.0,0.082826,0.0824,40.0
nofold/s40_off,276,ac,move_to(?target=ac_switch_0),1512.4,9.097853,0.001,1580.0
nofold/s40_off,276,d(item_5),move_to(?target=shelf_6),39.6,0.008998,0.0072,20.0
nofold/s40_off,276,d(item_6),move_to(?target=kitting_table_0),0.0,0.082972,0.0826,60.0
nofold/s40_off,277,ac,move_to(?target=ac_switch_0),1513.5,9.11277,0.001,1600.0
nofold/s40_off,277,d(item_5),move_to(?target=shelf_6),79.4,0.009013,0.0056,40.0
nofold/s40_off,277,d(item_6),move_to(?target=kitting_table_0),0.0,0.083108,0.0827,80.0
nofold/s40_off,278,ac,move_to(?target=ac_switch_0),1514.7,9.125689,0.001,1620.0
nofold/s40_off,278,d(item_5),move_to(?target=shelf_6),119.3,0.009025,0.0042,60.0
nofold/s40_off,278,d(item_6),move_to(?target=kitting_table_0),0.0,0.083226,0.0828,100.0
nofold/s40_off,279,ac,move_to(?target=ac_switch_0),1515.9,9.136184,0.001,1640.0
nofold/s40_off,279,d(item_5),move_to(?target=shelf_6),159.2,0.009036,0.003,80.0
nofold/s40_off,279,d(item_6),move_to(?target=kitting_table_0),0.0,0.083322,0.0829,120.0
nofold/s40_off,280,ac,move_to(?target=ac_switch_0),1517.2,9.144279,0.001,1660.0
nofold/s40_off,280,d(item_5),move_to(?target=shelf_6),199.2,0.009044,0.0022,100.0
nofold/s40_off,280,d(item_6),move_to(?target=kitting_table_0),0.0,0.083395,0.083,140.0
nofold/s40_off,281,ac,move_to(?target=ac_switch_0),1518.5,9.150277,0.001,1680.0
nofold/s40_off,281,d(item_5),move_to(?target=shelf_6),239.1,0.00905,0.0015,120.0
nofold/s40_off,281,d(item_6),move_to(?target=kitting_table_0),0.0,0.08345,0.083,160.0
nofold/s40_off,282,ac,move_to(?target=ac_switch_0),1519.9,9.154589,0.001,1700.0
nofold/s40_off,282,d(item_5),move_to(?target=shelf_6),279.1,0.009054,0.001,140.0
nofold/s40_off,282,d(item_6),move_to(?target=kitting_table_0),0.0,0.08349,0.0831,180.0
nofold/s40_off,283,ac,move_to(?target=ac_switch_0),1521.4,9.157624,0.001,1720.0
nofold/s40_off,283,d(item_5),move_to(?target=shelf_6),319.1,0.009057,0.001,160.0
nofold/s40_off,283,d(item_6),move_to(?target=kitting_table_0),0.0,0.083517,0.0831,200.0
nofold/s40_off,284,ac,move_to(?target=ac_switch_0),1523.0,9.159727,0.001,1740.0
nofold/s40_off,284,d(item_5),move_to(?target=shelf_6),359.0,0.009059,0.001,180.0
nofold/s40_off,284,d(item_6),move_to(?target=kitting_table_0),0.0,0.083536,0.0831,220.0
nofold/s40_off,285,ac,move_to(?target=ac_switch_0),1524.7,9.16117,0.001,1760.0
nofold/s40_off,285,d(item_5),move_to(?target=shelf_6),399.0,0.009061,0.001,200.0
nofold/s40_off,285,d(item_6),move_to(?target=kitting_table_0),0.0,0.08355,0.0831,240.0
nofold/s40_off,286,ac,move_to(?target=ac_switch_0),1526.5,9.162152,0.001,1780.0
nofold/s40_off,286,d(item_5),move_to(?target=shelf_6),439.0,0.009062,0.001,220.0
nofold/s40_off,286,d(item_6),move_to(?target=kitting_table_0),0.0,0.083558,0.0831,260.0
nofold/s40_off,287,ac,move_to(?target=ac_switch_0),1528.4,9.162818,0.001,1800.0
nofold/s40_off,287,d(item_5),move_to(?target=shelf_6),479.0,0.009062,0.001,240.0
nofold/s40_off,287,d(item_6),move_to(?target=kitting_table_0),0.0,0.083565,0.0831,280.0
nofold/s40_off,288,ac,move_to(?target=ac_switch_0),1530.4,9.163267,0.001,1820.0
nofold/s40_off,288,d(item_5),move_to(?target=shelf_6),519.0,0.009063,0.001,260.0
nofold/s40_off,288,d(item_6),move_to(?target=kitting_table_0),0.0,0.083569,0.0831,300.0
nofold/s40_off,289,ac,move_to(?target=ac_switch_0),1532.5,9.16357,0.001,1840.0
nofold/s40_off,289,d(item_5),move_to(?target=shelf_6),559.0,0.009063,0.001,280.0
nofold/s40_off,289,d(item_6),move_to(?target=kitting_table_0),0.0,0.083571,0.0831,320.0
nofold/s40_off,290,ac,move_to(?target=ac_switch_0),1534.8,9.163775,0.001,1860.0
nofold/s40_off,290,d(item_5),move_to(?target=shelf_6),599.0,0.009063,0.001,300.0
nofold/s40_off,290,d(item_6),move_to(?target=kitting_table_0),0.0,0.083573,0.0831,340.0
nofold/s40_off,291,ac,move_to(?target=ac_switch_0),1537.2,9.163912,0.001,1880.0
nofold/s40_off,291,d(item_5),move_to(?target=shelf_6),638.9,0.009063,0.001,320.0
nofold/s40_off,291,d(item_6),move_to(?target=kitting_table_0),0.0,0.083575,0.0831,360.0
nofold/s40_off,292,ac,move_to(?target=ac_switch_0),1539.8,9.164005,0.001,1900.0
nofold/s40_off,292,d(item_5),move_to(?target=shelf_6),678.9,0.009063,0.001,340.0
nofold/s40_off,292,d(item_6),move_to(?target=kitting_table_0),0.0,0.083575,0.0831,380.0
nofold/s40_off,293,ac,move_to(?target=ac_switch_0),1542.6,9.164067,0.001,1920.0
nofold/s40_off,293,d(item_5),move_to(?target=shelf_6),718.9,0.009063,0.001,360.0
nofold/s40_off,293,d(item_6),move_to(?target=kitting_table_0),0.0,0.083576,0.0831,400.0
nofold/s40_off,294,ac,move_to(?target=ac_switch_0),1545.6,9.164109,0.001,1940.0
nofold/s40_off,294,d(item_5),move_to(?target=shelf_6),758.9,0.009063,0.001,380.0
nofold/s40_off,294,d(item_6),move_to(?target=kitting_table_0),0.0,0.083576,0.0831,420.0
nofold/s40_off,295,ac,move_to(?target=ac_switch_0),1548.8,9.164138,0.001,1960.0
nofold/s40_off,295,d(item_5),move_to(?target=shelf_6),798.9,0.009064,0.001,400.0
nofold/s40_off,295,d(item_6),move_to(?target=kitting_table_0),0.0,0.083577,0.0831,440.0
nofold/s40_off,296,ac,move_to(?target=ac_switch_0),1552.3,9.164158,0.001,1980.0
nofold/s40_off,296,d(item_5),move_to(?target=shelf_6),838.9,0.009064,0.001,420.0
nofold/s40_off,296,d(item_6),move_to(?target=kitting_table_0),0.0,0.083577,0.0831,460.0
nofold/s40_off,297,ac,move_to(?target=ac_switch_0),1556.0,9.164171,0.001,2000.0
nofold/s40_off,297,d(item_5),move_to(?target=shelf_6),878.9,0.009064,0.001,440.0
nofold/s40_off,297,d(item_6),move_to(?target=kitting_table_0),0.0,0.083577,0.0831,480.0
nofold/s40_off,298,ac,move_to(?target=ac_switch_0),1560.1,9.164181,0.001,2020.0
nofold/s40_off,298,d(item_5),move_to(?target=shelf_6),918.9,0.009064,0.001,460.0
nofold/s40_off,298,d(item_6),move_to(?target=kitting_table_0),0.0,0.083577,0.0831,500.0
nofold/s40_off,299,ac,move_to(?target=ac_switch_0),1564.5,9.164188,0.001,2040.0
nofold/s40_off,299,d(item_5),move_to(?target=shelf_6),958.9,0.009064,0.001,480.0
nofold/s40_off,299,d(item_6),move_to(?target=kitting_table_0),0.0,0.083577,0.0831,520.0
nofold/s40_off,300,ac,move_to(?target=ac_switch_0),1569.3,9.164193,0.001,2060.0
nofold/s40_off,300,d(item_5),move_to(?target=shelf_6),998.9,0.009064,0.001,500.0
nofold/s40_off,300,d(item_6),move_to(?target=kitting_table_0),0.0,0.083577,0.0831,540.0
nofold/s40_off,301,ac,move_to(?target=ac_switch_0),1574.5,9.164196,0.001,2080.0
nofold/s40_off,301,d(item_5),move_to(?target=shelf_6),1038.9,0.009064,0.001,520.0
nofold/s40_off,301,d(item_6),move_to(?target=kitting_table_0),0.0,0.083577,0.0831,560.0
nofold/s40_off,302,ac,move_to(?target=ac_switch_0),1580.2,9.164199,0.001,2100.0
nofold/s40_off,302,d(item_5),move_to(?target=shelf_6),1078.9,0.009064,0.001,540.0
nofold/s40_off,302,d(item_6),move_to(?target=kitting_table_0),0.0,0.083577,0.0831,580.0
nofold/s40_off,303,ac,move_to(?target=ac_switch_0),1586.4,9.164202,0.001,2120.0
nofold/s40_off,303,d(item_5),move_to(?target=shelf_6),1118.9,0.009064,0.001,560.0
nofold/s40_off,303,d(item_6),move_to(?target=kitting_table_0),0.0,0.083577,0.0831,600.0
nofold/s40_off,304,ac,move_to(?target=ac_switch_0),1593.3,9.164204,0.001,2140.0
nofold/s40_off,304,d(item_5),move_to(?target=shelf_6),1158.9,0.009064,0.001,580.0
nofold/s40_off,304,d(item_6),move_to(?target=kitting_table_0),0.0,0.083577,0.0831,620.0
nofold/s40_off,305,ac,move_to(?target=ac_switch_0),1600.8,9.164206,0.001,2160.0
nofold/s40_off,305,d(item_5),move_to(?target=shelf_6),1198.9,0.009064,0.001,600.0
nofold/s40_off,305,d(item_6),move_to(?target=kitting_table_0),0.0,0.083577,0.0831,640.0
nofold/s40_off,306,ac,move_to(?target=ac_switch_0),1609.0,9.164208,0.001,2180.0
nofold/s40_off,306,d(item_5),move_to(?target=shelf_6),1238.9,0.009064,0.001,620.0
nofold/s40_off,306,d(item_6),move_to(?target=kitting_table_0),0.0,0.083577,0.0831,660.0
nofold/s40_off,307,ac,move_to(?target=ac_switch_0),1618.1,9.16421,0.001,2200.0
nofold/s40_off,307,d(item_5),move_to(?target=shelf_6),1278.9,0.009064,0.001,640.0
nofold/s40_off,307,d(item_6),move_to(?target=kitting_table_0),0.0,0.083577,0.0831,680.0
nofold/s40_off,308,ac,move_to(?target=ac_switch_0),1628.1,9.164211,0.001,2220.0
nofold/s40_off,308,d(item_5),move_to(?target=shelf_6),1318.9,0.009064,0.001,660.0
nofold/s40_off,308,d(item_6),move_to(?target=kitting_table_0),0.0,0.083577,0.0831,700.0
nofold/s40_off,309,ac,move_to(?target=ac_switch_0),1639.0,9.164213,0.001,2240.0
nofold/s40_off,309,d(item_5),move_to(?target=shelf_6),1358.9,0.009064,0.001,680.0
nofold/s40_off,309,d(item_6),move_to(?target=kitting_table_0),0.0,0.083577,0.0831,720.0
nofold/s40_off,310,ac,move_to(?target=ac_switch_0),1651.1,9.164214,0.001,2260.0
nofold/s40_off,310,d(item_5),move_to(?target=shelf_6),1398.9,0.009064,0.001,700.0
nofold/s40_off,310,d(item_6),move_to(?target=kitting_table_0),0.0,0.083577,0.0831,740.0
nofold/s40_off,311,ac,move_to(?target=ac_switch_0),1664.4,9.164216,0.001,2280.0
nofold/s40_off,311,d(item_5),move_to(?target=shelf_6),1438.9,0.009064,0.001,720.0
nofold/s40_off,311,d(item_6),move_to(?target=kitting_table_0),0.0,0.083577,0.0831,760.0
nofold/s40_off,312,ac,move_to(?target=ac_switch_0),1679.0,9.164217,0.001,2300.0
nofold/s40_off,312,d(item_5),move_to(?target=shelf_6),1478.9,0.009064,0.001,740.0
nofold/s40_off,312,d(item_6),move_to(?target=kitting_table_0),0.0,0.083577,0.0831,780.0
nofold/s40_off,313,ac,move_to(?target=ac_switch_0),1694.9,9.164219,0.001,2320.0
nofold/s40_off,313,d(item_5),move_to(?target=shelf_6),1518.9,0.009064,0.001,760.0
nofold/s40_off,313,d(item_6),move_to(?target=kitting_table_0),0.0,0.083577,0.0831,800.0
nofold/s40_off,314,ac,move_to(?target=ac_switch_0),1712.2,9.16422,0.001,2340.0
nofold/s40_off,314,d(item_5),move_to(?target=shelf_6),1558.9,0.009064,0.001,780.0
nofold/s40_off,314,d(item_6),move_to(?target=kitting_table_0),0.0,0.083577,0.0831,820.0
nofold/s40_off,315,ac,move_to(?target=ac_switch_0),1731.0,9.164221,0.001,2360.0
nofold/s40_off,315,d(item_5),move_to(?target=shelf_6),1598.9,0.009064,0.001,800.0
nofold/s40_off,315,d(item_6),move_to(?target=kitting_table_0),0.0,0.083577,0.0831,840.0
nofold/s40_off,316,ac,move_to(?target=ac_switch_0),1751.3,9.164222,0.001,2380.0
nofold/s40_off,316,d(item_5),move_to(?target=shelf_6),1638.9,0.009064,0.001,820.0
nofold/s40_off,316,d(item_6),move_to(?target=kitting_table_0),0.0,0.083577,0.0831,860.0
nofold/s40_off,317,ac,move_to(?target=ac_switch_0),1773.1,9.164223,0.001,2400.0
nofold/s40_off,317,d(item_5),move_to(?target=shelf_6),1678.9,0.009064,0.001,840.0
nofold/s40_off,317,d(item_6),move_to(?target=kitting_table_0),0.0,0.083577,0.0831,880.0
nofold/s40_off,318,ac,move_to(?target=ac_switch_0),1796.3,9.164223,0.001,2420.0
nofold/s40_off,318,d(item_5),move_to(?target=shelf_6),1718.9,0.009064,0.001,860.0
nofold/s40_off,318,d(item_6),move_to(?target=kitting_table_0),0.0,0.083577,0.0831,900.0
nofold/s40_off,319,ac,move_to(?target=ac_switch_0),1820.9,9.164224,0.001,2440.0
nofold/s40_off,319,d(item_5),move_to(?target=shelf_6),1758.8,0.009064,0.001,880.0
nofold/s40_off,319,d(item_6),move_to(?target=kitting_table_0),0.0,0.083577,0.0831,920.0
nofold/s40_off,320,ac,move_to(?target=ac_switch_0),1846.8,9.164224,0.001,2460.0
nofold/s40_off,320,d(item_5),move_to(?target=shelf_6),1798.8,0.009064,0.001,900.0
nofold/s40_off,320,d(item_6),move_to(?target=kitting_table_0),0.0,0.083577,0.0831,940.0
nofold/s40_off,321,ac,move_to(?target=ac_switch_0),1873.9,9.164225,0.001,2480.0
nofold/s40_off,321,d(item_5),move_to(?target=shelf_6),1838.8,0.009064,0.001,920.0
nofold/s40_off,321,d(item_6),move_to(?target=kitting_table_0),0.0,0.083577,0.0831,960.0
nofold/s40_off,322,ac,move_to(?target=ac_switch_0),1902.3,9.164225,0.001,2500.0
nofold/s40_off,322,d(item_5),move_to(?target=shelf_6),1878.8,0.009064,0.001,940.0
nofold/s40_off,322,d(item_6),move_to(?target=kitting_table_0),0.0,0.083577,0.0831,980.0
nofold/s40_off,323,ac,move_to(?target=ac_switch_0),1931.7,9.164225,0.001,2520.0
nofold/s40_off,323,d(item_5),move_to(?target=shelf_6),1918.8,0.009064,0.001,960.0
nofold/s40_off,323,d(item_6),move_to(?target=kitting_table_0),0.0,0.083577,0.0831,1000.0
nofold/s40_off,324,ac,move_to(?target=ac_switch_0),1962.0,9.164225,0.001,2540.0
nofold/s40_off,324,d(item_5),move_to(?target=shelf_6),1958.8,0.009064,0.001,980.0
nofold/s40_off,324,d(item_6),move_to(?target=kitting_table_0),0.0,0.083577,0.0831,1020.0
nofold/s40_off,325,ac,move_to(?target=ac_switch_0),1993.3,9.164226,0.001,2560.0
nofold/s40_off,325,d(item_5),move_to(?target=shelf_6),1998.8,0.009064,0.001,1000.0
nofold/s40_off,325,d(item_6),move_to(?target=kitting_table_0),0.0,0.083577,0.0831,1040.0
nofold/s40_off,326,ac,move_to(?target=ac_switch_0),2025.3,9.164226,0.001,2580.0
nofold/s40_off,326,d(item_5),move_to(?target=shelf_6),2038.8,0.009064,0.001,1020.0
nofold/s40_off,326,d(item_6),move_to(?target=kitting_table_0),0.0,0.083577,0.0831,1060.0
nofold/s40_off,327,ac,move_to(?target=ac_switch_0),2058.1,9.164226,0.001,2600.0
nofold/s40_off,327,d(item_5),move_to(?target=shelf_6),2078.8,0.009064,0.001,1040.0
nofold/s40_off,327,d(item_6),move_to(?target=kitting_table_0),0.0,0.083577,0.0831,1080.0
nofold/s40_off,328,ac,move_to(?target=ac_switch_0),2091.5,9.164226,0.001,2620.0
nofold/s40_off,328,d(item_5),move_to(?target=shelf_6),2118.8,0.009064,0.001,1060.0
nofold/s40_off,328,d(item_6),move_to(?target=kitting_table_0),0.0,0.083577,0.0831,1100.0
nofold/s40_off,329,ac,move_to(?target=ac_switch_0),2125.5,9.164226,0.001,2640.0
nofold/s40_off,329,d(item_5),move_to(?target=shelf_6),2158.8,0.009064,0.001,1080.0
nofold/s40_off,329,d(item_6),"place(?item=item_6,?target=kitting_table_0)",,0.083577,0.0831,0.0
nofold/s40_off,330,ac,move_to(?target=ac_switch_0),2125.5,9.164226,0.001,2640.0
nofold/s40_off,330,d(item_5),move_to(?target=shelf_6),2158.8,0.009064,0.001,1080.0
nofold/s40_off,330,d(item_6),"place(?item=item_6,?target=kitting_table_0)",,0.083577,0.0831,0.0
nofold/s40_off,331,ac,move_to(?target=ac_switch_0),0.0,0.333333,0.3317,0.0
nofold/s40_off,331,d(item_5),move_to(?target=item_5),0.0,0.333333,0.3317,0.0
nofold/s40_off,332,ac,move_to(?target=ac_switch_0),0.0,0.333333,0.3317,0.0
nofold/s40_off,332,d(item_5),move_to(?target=item_5),0.0,0.333333,0.3317,0.0
nofold/s40_off,333,ac,move_to(?target=ac_switch_0),0.0,0.333333,0.3317,0.0
nofold/s40_off,333,d(item_5),move_to(?target=item_5),0.0,0.333333,0.3317,0.0
nofold/s40_off,334,ac,move_to(?target=ac_switch_0),0.0,0.333333,0.3317,0.0
nofold/s40_off,334,d(item_5),move_to(?target=item_5),0.0,0.333333,0.3317,0.0
nofold/s40_off,335,ac,move_to(?target=ac_switch_0),0.0,0.333333,0.3317,0.0
nofold/s40_off,335,d(item_5),move_to(?target=item_5),0.0,0.333333,0.3317,0.0
nofold/s40_off,336,ac,move_to(?target=ac_switch_0),0.0,0.333333,0.3317,0.0
nofold/s40_off,336,d(item_5),move_to(?target=item_5),0.0,0.333333,0.3317,0.0
nofold/s40_off,337,ac,move_to(?target=ac_switch_0),0.0,0.333333,0.3317,0.0
nofold/s40_off,337,d(item_5),move_to(?target=item_5),0.0,0.333333,0.3317,0.0
nofold/s40_off,338,ac,move_to(?target=ac_switch_0),0.0,0.333333,0.3317,0.0
nofold/s40_off,338,d(item_5),move_to(?target=item_5),0.0,0.333333,0.3317,0.0
nofold/s40_off,339,ac,move_to(?target=ac_switch_0),0.0,0.333333,0.3317,0.0
nofold/s40_off,339,d(item_5),move_to(?target=item_5),0.0,0.333333,0.3317,0.0
nofold/s40_off,340,ac,move_to(?target=ac_switch_0),0.0,0.333333,0.3317,0.0
nofold/s40_off,340,d(item_5),move_to(?target=item_5),0.0,0.333333,0.3317,0.0
nofold/s40_off,341,ac,move_to(?target=ac_switch_0),0.0,0.333333,0.3317,0.0
nofold/s40_off,341,d(item_5),move_to(?target=item_5),0.0,0.333333,0.3317,0.0
nofold/s40_off,342,ac,move_to(?target=ac_switch_0),0.0,0.333333,0.3317,0.0
nofold/s40_off,342,d(item_5),move_to(?target=item_5),0.0,0.333333,0.3317,0.0
nofold/s40_off,343,ac,move_to(?target=ac_switch_0),0.0,0.333333,0.3317,0.0
nofold/s40_off,343,d(item_5),move_to(?target=item_5),0.0,0.333333,0.3317,0.0
nofold/s40_off,344,ac,move_to(?target=ac_switch_0),0.0,0.333333,0.3317,0.0
nofold/s40_off,344,d(item_5),move_to(?target=item_5),0.0,0.333333,0.3317,0.0
nofold/s40_off,345,ac,move_to(?target=ac_switch_0),0.0,0.333333,0.3317,0.0
nofold/s40_off,345,d(item_5),move_to(?target=item_5),0.0,0.333333,0.3317,0.0
nofold/s40_off,346,ac,move_to(?target=ac_switch_0),0.0,0.333333,0.3317,0.0
nofold/s40_off,346,d(item_5),move_to(?target=item_5),0.0,0.333333,0.3317,0.0
nofold/s40_off,347,ac,move_to(?target=ac_switch_0),0.0,0.333333,0.3317,0.0
nofold/s40_off,347,d(item_5),move_to(?target=item_5),0.0,0.333333,0.3317,0.0
nofold/s40_off,348,ac,move_to(?target=ac_switch_0),0.0,0.333333,0.3317,0.0
nofold/s40_off,348,d(item_5),move_to(?target=item_5),0.0,0.333333,0.3317,0.0
nofold/s40_off,349,ac,move_to(?target=ac_switch_0),0.0,0.333333,0.3317,0.0
nofold/s40_off,349,d(item_5),move_to(?target=item_5),0.0,0.333333,0.3317,0.0
nofold/s40_off,350,ac,move_to(?target=ac_switch_0),0.0,0.333333,0.3317,0.0
nofold/s40_off,350,d(item_5),move_to(?target=item_5),0.0,0.333333,0.3317,0.0
nofold/s40_off,351,ac,move_to(?target=ac_switch_0),0.0,0.333333,0.3317,0.0
nofold/s40_off,351,d(item_5),move_to(?target=item_5),0.0,0.333333,0.3317,0.0
nofold/s40_off,352,ac,move_to(?target=ac_switch_0),0.0,0.333333,0.3317,0.0
nofold/s40_off,352,d(item_5),move_to(?target=item_5),0.0,0.333333,0.3317,0.0
nofold/s40_off,353,ac,move_to(?target=ac_switch_0),0.0,0.333333,0.3317,0.0
nofold/s40_off,353,d(item_5),move_to(?target=item_5),0.0,0.333333,0.3317,0.0
nofold/s40_off,354,ac,move_to(?target=ac_switch_0),0.0,0.333333,0.3317,0.0
nofold/s40_off,354,d(item_5),move_to(?target=item_5),0.0,0.333333,0.3317,0.0
nofold/s40_off,355,ac,move_to(?target=ac_switch_0),0.0,0.333333,0.3317,0.0
nofold/s40_off,355,d(item_5),move_to(?target=item_5),0.0,0.333333,0.3317,0.0
nofold/s40_off,356,ac,move_to(?target=ac_switch_0),0.0,0.333333,0.3317,0.0
nofold/s40_off,356,d(item_5),move_to(?target=item_5),0.0,0.333333,0.3317,0.0
nofold/s40_off,357,ac,move_to(?target=ac_switch_0),0.0,0.333333,0.3317,0.0
nofold/s40_off,357,d(item_5),move_to(?target=item_5),0.0,0.333333,0.3317,0.0
nofold/s40_off,358,ac,move_to(?target=ac_switch_0),0.0,0.333333,0.3317,0.0
nofold/s40_off,358,d(item_5),move_to(?target=item_5),0.0,0.333333,0.3317,0.0
nofold/s40_off,359,ac,move_to(?target=ac_switch_0),0.0,0.333333,0.3317,0.0
nofold/s40_off,359,d(item_5),move_to(?target=item_5),0.0,0.333333,0.3317,0.0
nofold/s40_off,360,ac,move_to(?target=ac_switch_0),0.0,0.333333,0.3317,0.0
nofold/s40_off,360,d(item_5),move_to(?target=item_5),0.0,0.333333,0.3317,0.0
nofold/s40_off,361,ac,move_to(?target=ac_switch_0),0.0,0.333333,0.3317,0.0
nofold/s40_off,361,d(item_5),move_to(?target=item_5),0.0,0.333333,0.3317,0.0
nofold/s40_off,362,ac,move_to(?target=ac_switch_0),0.0,0.333333,0.3317,0.0
nofold/s40_off,362,d(item_5),move_to(?target=item_5),0.0,0.333333,0.3317,0.0
nofold/s40_off,363,ac,move_to(?target=ac_switch_0),0.0,0.333333,0.3317,0.0
nofold/s40_off,363,d(item_5),move_to(?target=item_5),0.0,0.333333,0.3317,0.0
nofold/s40_off,364,ac,move_to(?target=ac_switch_0),0.0,0.333333,0.3317,0.0
nofold/s40_off,364,d(item_5),move_to(?target=item_5),0.0,0.333333,0.3317,0.0
nofold/s40_off,365,ac,move_to(?target=ac_switch_0),0.0,0.333333,0.3317,0.0
nofold/s40_off,365,d(item_5),move_to(?target=item_5),0.0,0.333333,0.3317,0.0
nofold/s40_off,366,ac,move_to(?target=ac_switch_0),0.0,0.333333,0.3317,0.0
nofold/s40_off,366,d(item_5),move_to(?target=item_5),0.0,0.333333,0.3317,0.0
nofold/s40_off,367,ac,move_to(?target=ac_switch_0),0.0,0.333333,0.3317,0.0
nofold/s40_off,367,d(item_5),move_to(?target=item_5),0.0,0.333333,0.3317,0.0
nofold/s40_off,368,ac,move_to(?target=ac_switch_0),0.0,0.333333,0.3317,0.0
nofold/s40_off,368,d(item_5),move_to(?target=item_5),0.0,0.333333,0.3317,0.0
nofold/s40_off,369,ac,move_to(?target=ac_switch_0),0.0,0.333333,0.3317,0.0
nofold/s40_off,369,d(item_5),move_to(?target=item_5),0.0,0.333333,0.3317,0.0
nofold/s40_off,370,ac,move_to(?target=ac_switch_0),0.0,0.333333,0.3317,0.0
nofold/s40_off,370,d(item_5),move_to(?target=item_5),0.0,0.333333,0.3317,0.0
nofold/s40_off,371,ac,move_to(?target=ac_switch_0),0.0,0.333333,0.3317,0.0
nofold/s40_off,371,d(item_5),move_to(?target=item_5),0.0,0.333333,0.3317,0.0
nofold/s40_off,372,ac,move_to(?target=ac_switch_0),0.0,0.333333,0.3317,0.0
nofold/s40_off,372,d(item_5),move_to(?target=item_5),0.0,0.333333,0.3317,0.0
nofold/s40_off,373,ac,move_to(?target=ac_switch_0),0.0,0.333333,0.3317,0.0
nofold/s40_off,373,d(item_5),move_to(?target=item_5),0.0,0.333333,0.3317,0.0
nofold/s40_off,374,ac,move_to(?target=ac_switch_0),0.0,0.333333,0.3317,0.0
nofold/s40_off,374,d(item_5),move_to(?target=item_5),0.0,0.333333,0.3317,0.0
nofold/s40_off,375,ac,move_to(?target=ac_switch_0),0.0,0.333333,0.3317,0.0
nofold/s40_off,375,d(item_5),move_to(?target=item_5),0.0,0.333333,0.3317,0.0
nofold/s40_off,376,ac,move_to(?target=ac_switch_0),0.0,0.5,0.497,0.0
nofold/s40_off,377,ac,move_to(?target=ac_switch_0),0.0,0.5,0.497,0.0
nofold/s40_off,378,ac,move_to(?target=ac_switch_0),0.0,0.5,0.497,0.0
nofold/s40_on,0,ac,move_to(?target=ac_switch_0),37.5,0.267219,0.217,20.0
nofold/s40_on,0,coffee,move_to(?target=coffee_machine_0),7.4,0.267219,0.2566,20.0
nofold/s40_on,0,d(item_3),move_to(?target=item_3),0.0,0.267219,0.2664,20.0
nofold/s40_on,0,d(item_6),move_to(?target=item_6),27.3,0.267219,0.2303,20.0
nofold/s40_on,1,ac,move_to(?target=ac_switch_0),75.3,0.294323,0.1879,40.0
nofold/s40_on,1,coffee,move_to(?target=coffee_machine_0),15.1,0.294323,0.2714,40.0
nofold/s40_on,1,d(item_3),move_to(?target=item_3),0.0,0.294323,0.2934,40.0
nofold/s40_on,1,d(item_6),move_to(?target=item_6),54.8,0.294323,0.215,40.0
nofold/s40_on,2,ac,move_to(?target=ac_switch_0),113.4,0.324594,0.1576,60.0
nofold/s40_on,2,coffee,move_to(?target=coffee_machine_0),23.1,0.324594,0.2864,60.0
nofold/s40_on,2,d(item_3),move_to(?target=item_3),0.0,0.324594,0.3236,60.0
nofold/s40_on,2,d(item_6),move_to(?target=item_6),82.7,0.324594,0.197,60.0
nofold/s40_on,3,ac,move_to(?target=ac_switch_0),151.6,0.357065,0.1282,80.0
nofold/s40_on,3,coffee,move_to(?target=coffee_machine_0),31.4,0.357065,0.3005,80.0
nofold/s40_on,3,d(item_3),move_to(?target=item_3),0.0,0.357065,0.356,80.0
nofold/s40_on,3,d(item_6),move_to(?target=item_6),110.9,0.357065,0.1767,80.0
nofold/s40_on,4,ac,move_to(?target=ac_switch_0),190.0,0.390607,0.1013,100.0
nofold/s40_on,4,coffee,move_to(?target=coffee_machine_0),40.1,0.390607,0.3124,100.0
nofold/s40_on,4,d(item_3),move_to(?target=item_3),0.0,0.390607,0.3894,100.0
nofold/s40_on,4,d(item_6),move_to(?target=item_6),139.3,0.390607,0.1549,100.0
nofold/s40_on,5,ac,move_to(?target=ac_switch_0),228.6,0.424151,0.0781,120.0
nofold/s40_on,5,coffee,move_to(?target=coffee_machine_0),49.2,0.424151,0.321,120.0
nofold/s40_on,5,d(item_3),move_to(?target=item_3),0.0,0.424151,0.4229,120.0
nofold/s40_on,5,d(item_6),move_to(?target=item_6),168.1,0.424151,0.1328,120.0
nofold/s40_on,6,ac,move_to(?target=ac_switch_0),267.2,0.45686,0.0589,140.0
nofold/s40_on,6,coffee,move_to(?target=coffee_machine_0),58.6,0.45686,0.3257,140.0
nofold/s40_on,6,d(item_3),move_to(?target=item_3),0.0,0.45686,0.4555,140.0
nofold/s40_on,6,d(item_6),move_to(?target=item_6),197.1,0.45686,0.1114,140.0
nofold/s40_on,7,ac,move_to(?target=ac_switch_0),306.0,0.488206,0.0436,160.0
nofold/s40_on,7,coffee,move_to(?target=coffee_machine_0),68.5,0.488206,0.3263,160.0
nofold/s40_on,7,d(item_3),move_to(?target=item_3),0.0,0.488206,0.4867,160.0
nofold/s40_on,7,d(item_6),move_to(?target=item_6),226.4,0.488206,0.0917,160.0
nofold/s40_on,8,ac,move_to(?target=ac_switch_0),344.9,0.517956,0.0318,180.0
nofold/s40_on,8,coffee,move_to(?target=coffee_machine_0),78.7,0.517956,0.323,180.0
nofold/s40_on,8,d(item_3),move_to(?target=item_3),0.0,0.517956,0.5164,180.0
nofold/s40_on,8,d(item_6),move_to(?target=item_6),256.0,0.517956,0.0741,180.0
nofold/s40_on,9,ac,move_to(?target=ac_switch_0),383.9,0.546107,0.0229,200.0
nofold/s40_on,9,coffee,move_to(?target=coffee_machine_0),89.4,0.546107,0.3161,200.0
nofold/s40_on,9,d(item_3),move_to(?target=item_3),0.0,0.546107,0.5445,200.0
nofold/s40_on,9,d(item_6),move_to(?target=item_6),285.8,0.546107,0.0591,200.0
nofold/s40_on,10,ac,move_to(?target=ac_switch_0),423.0,0.572795,0.0164,220.0
nofold/s40_on,10,coffee,move_to(?target=coffee_machine_0),100.6,0.572795,0.3059,220.0
nofold/s40_on,10,d(item_3),move_to(?target=item_3),0.0,0.572795,0.5711,220.0
nofold/s40_on,10,d(item_6),move_to(?target=item_6),315.9,0.572795,0.0465,220.0
nofold/s40_on,11,ac,move_to(?target=ac_switch_0),462.1,0.598221,0.0116,240.0
nofold/s40_on,11,coffee,move_to(?target=coffee_machine_0),112.2,0.598221,0.293,240.0
nofold/s40_on,11,d(item_3),move_to(?target=item_3),0.0,0.598221,0.5964,240.0
nofold/s40_on,11,d(item_6),move_to(?target=item_6),346.2,0.598221,0.0363,240.0
nofold/s40_on,12,ac,move_to(?target=ac_switch_0),501.3,0.622587,0.0082,260.0
nofold/s40_on,12,coffee,move_to(?target=coffee_machine_0),124.3,0.622587,0.278,260.0
nofold/s40_on,12,d(item_3),move_to(?target=item_3),0.0,0.622587,0.6207,260.0
nofold/s40_on,12,d(item_6),move_to(?target=item_6),376.8,0.622587,0.028,260.0
nofold/s40_on,13,ac,move_to(?target=ac_switch_0),540.6,0.646059,0.0058,280.0
nofold/s40_on,13,coffee,move_to(?target=coffee_machine_0),136.9,0.646059,0.2612,280.0
nofold/s40_on,13,d(item_3),move_to(?target=item_3),0.0,0.646059,0.6441,280.0
nofold/s40_on,13,d(item_6),move_to(?target=item_6),407.6,0.646059,0.0215,280.0
nofold/s40_on,14,ac,move_to(?target=ac_switch_0),579.9,0.668746,0.004,300.0
nofold/s40_on,14,coffee,move_to(?target=coffee_machine_0),150.1,0.668746,0.2432,300.0
nofold/s40_on,14,d(item_3),move_to(?target=item_3),0.0,0.668746,0.6667,300.0
nofold/s40_on,14,d(item_6),move_to(?target=item_6),438.6,0.668746,0.0164,300.0
nofold/s40_on,15,ac,move_to(?target=ac_switch_0),619.3,0.690697,0.0028,320.0
nofold/s40_on,15,coffee,move_to(?target=coffee_machine_0),163.7,0.690697,0.2243,320.0
nofold/s40_on,15,d(item_3),move_to(?target=item_3),0.0,0.690697,0.6886,320.0
nofold/s40_on,15,d(item_6),move_to(?target=item_6),469.8,0.690697,0.0124,320.0
nofold/s40_on,16,ac,move_to(?target=ac_switch_0),658.6,0.711902,0.002,340.0
nofold/s40_on,16,coffee,move_to(?target=coffee_machine_0),178.0,0.711902,0.2049,340.0
nofold/s40_on,16,d(item_3),move_to(?target=item_3),0.0,0.711902,0.7098,340.0
nofold/s40_on,16,d(item_6),move_to(?target=item_6),501.3,0.711902,0.0094,340.0
nofold/s40_on,17,ac,move_to(?target=ac_switch_0),698.1,0.732303,0.0014,360.0
nofold/s40_on,17,coffee,move_to(?target=coffee_machine_0),192.7,0.732303,0.1855,360.0
nofold/s40_on,17,d(item_3),move_to(?target=item_3),0.0,0.732303,0.7301,360.0
nofold/s40_on,17,d(item_6),move_to(?target=item_6),533.0,0.732303,0.007,360.0
nofold/s40_on,18,ac,move_to(?target=ac_switch_0),737.5,0.751807,0.001,380.0
nofold/s40_on,18,coffee,move_to(?target=coffee_machine_0),208.1,0.751807,0.1663,380.0
nofold/s40_on,18,d(item_3),move_to(?target=item_3),0.0,0.751807,0.7495,380.0
nofold/s40_on,18,d(item_6),move_to(?target=item_6),564.9,0.751807,0.0053,380.0
nofold/s40_on,19,ac,move_to(?target=ac_switch_0),777.0,0.770302,0.001,400.0
nofold/s40_on,19,coffee,move_to(?target=coffee_machine_0),224.1,0.770302,0.1476,400.0
nofold/s40_on,19,d(item_3),move_to(?target=item_3),0.0,0.770302,0.7677,400.0
nofold/s40_on,19,d(item_6),move_to(?target=item_6),597.0,0.770302,0.0039,400.0
nofold/s40_on,20,ac,move_to(?target=ac_switch_0),816.6,0.787671,0.001,420.0
nofold/s40_on,20,coffee,move_to(?target=coffee_machine_0),240.7,0.787671,0.1297,420.0
nofold/s40_on,20,d(item_3),move_to(?target=item_3),0.0,0.787671,0.7849,420.0
nofold/s40_on,20,d(item_6),move_to(?target=item_6),629.2,0.787671,0.0029,420.0
nofold/s40_on,21,ac,move_to(?target=ac_switch_0),856.1,0.803806,0.001,440.0
nofold/s40_on,21,coffee,move_to(?target=coffee_machine_0),257.9,0.803806,0.1129,440.0
nofold/s40_on,21,d(item_3),move_to(?target=item_3),0.0,0.803806,0.8008,440.0
nofold/s40_on,21,d(item_6),move_to(?target=item_6),661.7,0.803806,0.0021,440.0
nofold/s40_on,22,ac,move_to(?target=ac_switch_0),895.7,0.818622,0.001,460.0
nofold/s40_on,22,coffee,move_to(?target=coffee_machine_0),275.7,0.818622,0.0974,460.0
nofold/s40_on,22,d(item_3),move_to(?target=item_3),0.0,0.818622,0.8155,460.0
nofold/s40_on,22,d(item_6),move_to(?target=item_6),694.4,0.818622,0.0016,460.0
nofold/s40_on,23,ac,move_to(?target=ac_switch_0),935.3,0.832063,0.001,480.0
nofold/s40_on,23,coffee,move_to(?target=coffee_machine_0),294.2,0.832063,0.0831,480.0
nofold/s40_on,23,d(item_3),move_to(?target=item_3),0.0,0.832063,0.8289,480.0
nofold/s40_on,23,d(item_6),move_to(?target=item_6),727.2,0.832063,0.0012,480.0
nofold/s40_on,24,ac,move_to(?target=ac_switch_0),974.9,0.844104,0.001,500.0
nofold/s40_on,24,coffee,move_to(?target=coffee_machine_0),313.3,0.844104,0.0703,500.0
nofold/s40_on,24,d(item_3),move_to(?target=item_3),0.0,0.844104,0.8407,500.0
nofold/s40_on,24,d(item_6),move_to(?target=item_6),760.2,0.844104,0.001,500.0
nofold/s40_on,25,ac,move_to(?target=ac_switch_0),1014.5,0.854758,0.001,520.0
nofold/s40_on,25,coffee,move_to(?target=coffee_machine_0),333.0,0.854758,0.0588,520.0
nofold/s40_on,25,d(item_3),move_to(?target=item_3),0.0,0.854758,0.8511,520.0
nofold/s40_on,25,d(item_6),move_to(?target=item_6),793.4,0.854758,0.001,520.0
nofold/s40_on,26,ac,move_to(?target=ac_switch_0),1054.2,0.864069,0.001,540.0
nofold/s40_on,26,coffee,move_to(?target=coffee_machine_0),353.3,0.864069,0.0488,540.0
nofold/s40_on,26,d(item_3),move_to(?target=item_3),0.0,0.864069,0.8602,540.0
nofold/s40_on,26,d(item_6),move_to(?target=item_6),826.7,0.864069,0.001,540.0
nofold/s40_on,27,ac,move_to(?target=ac_switch_0),1093.9,0.872107,0.001,560.0
nofold/s40_on,27,coffee,move_to(?target=coffee_machine_0),374.4,0.872107,0.0401,560.0
nofold/s40_on,27,d(item_3),move_to(?target=item_3),0.0,0.872107,0.8681,560.0
nofold/s40_on,27,d(item_6),move_to(?target=item_6),860.2,0.872107,0.001,560.0
nofold/s40_on,28,ac,move_to(?target=ac_switch_0),1133.6,0.878966,0.001,580.0
nofold/s40_on,28,coffee,move_to(?target=coffee_machine_0),396.0,0.878966,0.0327,580.0
nofold/s40_on,28,d(item_3),move_to(?target=item_3),0.0,0.878966,0.8748,580.0
nofold/s40_on,28,d(item_6),move_to(?target=item_6),893.8,0.878966,0.001,580.0
nofold/s40_on,29,ac,move_to(?target=ac_switch_0),1173.3,0.884753,0.001,600.0
nofold/s40_on,29,coffee,move_to(?target=coffee_machine_0),418.3,0.884753,0.0265,600.0
nofold/s40_on,29,d(item_3),move_to(?target=item_3),0.0,0.884753,0.8805,600.0
nofold/s40_on,29,d(item_6),move_to(?target=item_6),927.6,0.884753,0.001,600.0
nofold/s40_on,30,ac,move_to(?target=ac_switch_0),1213.0,0.889583,0.001,620.0
nofold/s40_on,30,coffee,move_to(?target=coffee_machine_0),441.2,0.889583,0.0212,620.0
nofold/s40_on,30,d(item_3),move_to(?target=item_3),0.0,0.889583,0.8853,620.0
nofold/s40_on,30,d(item_6),move_to(?target=item_6),961.6,0.889583,0.001,620.0
nofold/s40_on,31,ac,move_to(?target=ac_switch_0),1252.7,0.893572,0.001,640.0
nofold/s40_on,31,coffee,move_to(?target=coffee_machine_0),464.7,0.893572,0.0169,640.0
nofold/s40_on,31,d(item_3),move_to(?target=item_3),0.0,0.893572,0.8892,640.0
nofold/s40_on,31,d(item_6),move_to(?target=item_6),995.6,0.893572,0.001,640.0
nofold/s40_on,32,ac,move_to(?target=ac_switch_0),1292.4,0.896835,0.001,660.0
nofold/s40_on,32,coffee,move_to(?target=coffee_machine_0),488.8,0.896835,0.0134,660.0
nofold/s40_on,32,d(item_3),move_to(?target=item_3),0.0,0.896835,0.8924,660.0
nofold/s40_on,32,d(item_6),move_to(?target=item_6),1029.9,0.896835,0.001,660.0
nofold/s40_on,33,ac,move_to(?target=ac_switch_0),1332.2,0.899479,0.001,680.0
nofold/s40_on,33,coffee,move_to(?target=coffee_machine_0),513.5,0.899479,0.0105,680.0
nofold/s40_on,33,d(item_3),move_to(?target=item_3),0.0,0.899479,0.895,680.0
nofold/s40_on,33,d(item_6),move_to(?target=item_6),1064.2,0.899479,0.001,680.0
nofold/s40_on,34,ac,move_to(?target=ac_switch_0),1371.9,0.901602,0.001,700.0
nofold/s40_on,34,coffee,move_to(?target=coffee_machine_0),538.8,0.901602,0.0082,700.0
nofold/s40_on,34,d(item_3),move_to(?target=item_3),0.0,0.901602,0.8971,700.0
nofold/s40_on,34,d(item_6),move_to(?target=item_6),1098.7,0.901602,0.001,700.0
nofold/s40_on,35,ac,move_to(?target=ac_switch_0),1411.7,0.903294,0.001,720.0
nofold/s40_on,35,coffee,move_to(?target=coffee_machine_0),564.7,0.903294,0.0063,720.0
nofold/s40_on,35,d(item_3),move_to(?target=item_3),0.0,0.903294,0.8988,720.0
nofold/s40_on,35,d(item_6),move_to(?target=item_6),1133.3,0.903294,0.001,720.0
nofold/s40_on,36,ac,move_to(?target=ac_switch_0),1451.5,0.90463,0.001,740.0
nofold/s40_on,36,coffee,move_to(?target=coffee_machine_0),591.1,0.90463,0.0049,740.0
nofold/s40_on,36,d(item_3),move_to(?target=item_3),0.0,0.90463,0.9001,740.0
nofold/s40_on,36,d(item_6),move_to(?target=item_6),1168.0,0.90463,0.001,740.0
nofold/s40_on,37,ac,move_to(?target=ac_switch_0),1491.3,0.905679,0.001,760.0
nofold/s40_on,37,coffee,move_to(?target=coffee_machine_0),618.0,0.905679,0.0037,760.0
nofold/s40_on,37,d(item_3),move_to(?target=item_3),0.0,0.905679,0.9012,760.0
nofold/s40_on,37,d(item_6),move_to(?target=item_6),1202.9,0.905679,0.001,760.0
nofold/s40_on,38,ac,move_to(?target=ac_switch_0),1531.1,0.906495,0.001,780.0
nofold/s40_on,38,coffee,move_to(?target=coffee_machine_0),645.5,0.906495,0.0028,780.0
nofold/s40_on,38,d(item_3),move_to(?target=item_3),0.0,0.906495,0.902,780.0
nofold/s40_on,38,d(item_6),move_to(?target=item_6),1237.8,0.906495,0.001,780.0
nofold/s40_on,39,ac,move_to(?target=ac_switch_0),1570.9,0.907127,0.001,800.0
nofold/s40_on,39,coffee,move_to(?target=coffee_machine_0),673.4,0.907127,0.0021,800.0
nofold/s40_on,39,d(item_3),move_to(?target=item_3),0.0,0.907127,0.9026,800.0
nofold/s40_on,39,d(item_6),move_to(?target=item_6),1272.9,0.907127,0.001,800.0
nofold/s40_on,40,ac,move_to(?target=ac_switch_0),1610.7,0.907612,0.001,820.0
nofold/s40_on,40,coffee,move_to(?target=coffee_machine_0),701.9,0.907612,0.0016,820.0
nofold/s40_on,40,d(item_3),move_to(?target=item_3),0.0,0.907612,0.9031,820.0
nofold/s40_on,40,d(item_6),move_to(?target=item_6),1308.1,0.907612,0.001,820.0
nofold/s40_on,41,ac,move_to(?target=ac_switch_0),1650.5,0.907983,0.001,840.0
nofold/s40_on,41,coffee,move_to(?target=coffee_machine_0),730.8,0.907983,0.0012,840.0
nofold/s40_on,41,d(item_3),move_to(?target=item_3),0.0,0.907983,0.9035,840.0
nofold/s40_on,41,d(item_6),move_to(?target=item_6),1343.4,0.907983,0.001,840.0
nofold/s40_on,42,ac,move_to(?target=ac_switch_0),1690.3,0.908265,0.001,860.0
nofold/s40_on,42,coffee,move_to(?target=coffee_machine_0),760.2,0.908265,0.001,860.0
nofold/s40_on,42,d(item_3),move_to(?target=item_3),0.0,0.908265,0.9037,860.0
nofold/s40_on,42,d(item_6),move_to(?target=item_6),1378.8,0.908265,0.001,860.0
nofold/s40_on,43,ac,move_to(?target=ac_switch_0),1730.1,0.908477,0.001,880.0
nofold/s40_on,43,coffee,move_to(?target=coffee_machine_0),790.0,0.908477,0.001,880.0
nofold/s40_on,43,d(item_3),move_to(?target=item_3),0.0,0.908477,0.9037,880.0
nofold/s40_on,43,d(item_6),move_to(?target=item_6),1414.3,0.908477,0.001,880.0
nofold/s40_on,44,ac,move_to(?target=ac_switch_0),1770.0,0.908637,0.001,900.0
nofold/s40_on,44,coffee,move_to(?target=coffee_machine_0),820.2,0.908637,0.001,900.0
nofold/s40_on,44,d(item_3),move_to(?target=item_3),0.0,0.908637,0.9037,900.0
nofold/s40_on,44,d(item_6),move_to(?target=item_6),1449.9,0.908637,0.001,900.0
nofold/s40_on,45,ac,move_to(?target=ac_switch_0),1809.8,0.908757,0.001,920.0
nofold/s40_on,45,coffee,move_to(?target=coffee_machine_0),850.8,0.908757,0.001,920.0
nofold/s40_on,45,d(item_3),move_to(?target=item_3),0.0,0.908757,0.9037,920.0
nofold/s40_on,45,d(item_6),move_to(?target=item_6),1485.5,0.908757,0.001,920.0
nofold/s40_on,46,ac,move_to(?target=ac_switch_0),1849.7,0.908846,0.001,940.0
nofold/s40_on,46,coffee,move_to(?target=coffee_machine_0),881.8,0.908846,0.001,940.0
nofold/s40_on,46,d(item_3),move_to(?target=item_3),0.0,0.908846,0.9037,940.0
nofold/s40_on,46,d(item_6),move_to(?target=item_6),1521.3,0.908846,0.001,940.0
nofold/s40_on,47,ac,move_to(?target=ac_switch_0),1889.5,0.908912,0.001,960.0
nofold/s40_on,47,coffee,move_to(?target=coffee_machine_0),913.2,0.908912,0.001,960.0
nofold/s40_on,47,d(item_3),move_to(?target=item_3),0.0,0.908912,0.9037,960.0
nofold/s40_on,47,d(item_6),move_to(?target=item_6),1557.2,0.908912,0.001,960.0
nofold/s40_on,48,ac,move_to(?target=ac_switch_0),1929.4,0.908961,0.001,980.0
nofold/s40_on,48,coffee,move_to(?target=coffee_machine_0),944.9,0.908961,0.001,980.0
nofold/s40_on,48,d(item_3),move_to(?target=item_3),0.0,0.908961,0.9037,980.0
nofold/s40_on,48,d(item_6),move_to(?target=item_6),1593.1,0.908961,0.001,980.0
nofold/s40_on,49,ac,move_to(?target=ac_switch_0),1969.2,0.908996,0.001,1000.0
nofold/s40_on,49,coffee,move_to(?target=coffee_machine_0),976.9,0.908996,0.001,1000.0
nofold/s40_on,49,d(item_3),move_to(?target=item_3),0.0,0.908996,0.9037,1000.0
nofold/s40_on,49,d(item_6),move_to(?target=item_6),1629.2,0.908996,0.001,1000.0
nofold/s40_on,50,ac,move_to(?target=ac_switch_0),2009.1,0.909022,0.001,1020.0
nofold/s40_on,50,coffee,move_to(?target=coffee_machine_0),1009.3,0.909022,0.001,1020.0
nofold/s40_on,50,d(item_3),move_to(?target=item_3),0.0,0.909022,0.9037,1020.0
nofold/s40_on,50,d(item_6),move_to(?target=item_6),1665.3,0.909022,0.001,1020.0
nofold/s40_on,51,ac,move_to(?target=ac_switch_0),2049.0,0.909042,0.001,1040.0
nofold/s40_on,51,coffee,move_to(?target=coffee_machine_0),1042.0,0.909042,0.001,1040.0
nofold/s40_on,51,d(item_3),move_to(?target=item_3),0.0,0.909042,0.9037,1040.0
nofold/s40_on,51,d(item_6),move_to(?target=item_6),1701.5,0.909042,0.001,1040.0
nofold/s40_on,52,ac,move_to(?target=ac_switch_0),2088.8,0.909055,0.001,1060.0
nofold/s40_on,52,coffee,move_to(?target=coffee_machine_0),1074.9,0.909055,0.001,1060.0
nofold/s40_on,52,d(item_3),move_to(?target=item_3),0.0,0.909055,0.9037,1060.0
nofold/s40_on,52,d(item_6),move_to(?target=item_6),1737.7,0.909055,0.001,1060.0
nofold/s40_on,53,ac,move_to(?target=ac_switch_0),2128.7,0.909065,0.001,1080.0
nofold/s40_on,53,coffee,move_to(?target=coffee_machine_0),1108.1,0.909065,0.001,1080.0
nofold/s40_on,53,d(item_3),move_to(?target=item_3),0.0,0.909065,0.9037,1080.0
nofold/s40_on,53,d(item_6),move_to(?target=item_6),1774.1,0.909065,0.001,1080.0
nofold/s40_on,54,ac,move_to(?target=ac_switch_0),2168.6,0.909073,0.001,1100.0
nofold/s40_on,54,coffee,move_to(?target=coffee_machine_0),1141.6,0.909073,0.001,1100.0
nofold/s40_on,54,d(item_3),move_to(?target=item_3),0.0,0.909073,0.9037,1100.0
nofold/s40_on,54,d(item_6),move_to(?target=item_6),1810.5,0.909073,0.001,1100.0
nofold/s40_on,55,ac,move_to(?target=ac_switch_0),2208.5,0.909078,0.001,1120.0
nofold/s40_on,55,coffee,move_to(?target=coffee_machine_0),1175.4,0.909078,0.001,1120.0
nofold/s40_on,55,d(item_3),move_to(?target=item_3),0.0,0.909078,0.9037,1120.0
nofold/s40_on,55,d(item_6),move_to(?target=item_6),1847.0,0.909078,0.001,1120.0
nofold/s40_on,56,ac,move_to(?target=ac_switch_0),2248.4,0.909082,0.001,1140.0
nofold/s40_on,56,coffee,move_to(?target=coffee_machine_0),1209.4,0.909082,0.001,1140.0
nofold/s40_on,56,d(item_3),move_to(?target=item_3),0.0,0.909082,0.9037,1140.0
nofold/s40_on,56,d(item_6),move_to(?target=item_6),1883.6,0.909082,0.001,1140.0
nofold/s40_on,57,ac,move_to(?target=ac_switch_0),2288.2,0.909084,0.001,1160.0
nofold/s40_on,57,coffee,move_to(?target=coffee_machine_0),1243.6,0.909084,0.001,1160.0
nofold/s40_on,57,d(item_3),move_to(?target=item_3),0.0,0.909084,0.9037,1160.0
nofold/s40_on,57,d(item_6),move_to(?target=item_6),1920.2,0.909084,0.001,1160.0
nofold/s40_on,58,ac,move_to(?target=ac_switch_0),2328.1,0.909086,0.001,1180.0
nofold/s40_on,58,coffee,move_to(?target=coffee_machine_0),1278.0,0.909086,0.001,1180.0
nofold/s40_on,58,d(item_3),pick_up(?item=item_3),,0.909086,0.9037,0.0
nofold/s40_on,58,d(item_6),move_to(?target=item_6),1956.9,0.909086,0.001,1180.0
nofold/s40_on,59,ac,move_to(?target=ac_switch_0),2328.1,0.909086,0.001,1180.0
nofold/s40_on,59,coffee,move_to(?target=coffee_machine_0),1278.0,0.909086,0.001,1180.0
nofold/s40_on,59,d(item_3),pick_up(?item=item_3),,0.909086,0.9037,0.0
nofold/s40_on,59,d(item_6),move_to(?target=item_6),1956.9,0.909086,0.001,1180.0
nofold/s40_on,60,ac,move_to(?target=ac_switch_0),2328.1,0.909086,0.001,1180.0
nofold/s40_on,60,coffee,move_to(?target=coffee_machine_0),1278.0,0.909086,0.001,1180.0
nofold/s40_on,60,d(item_3),move_to(?target=kitting_table_0),0.0,0.909086,0.9037,0.0
nofold/s40_on,60,d(item_6),"place(?item=item_3,?target=shelf_3)",,0.0,0.001,0.0
nofold/s40_on,61,ac,move_to(?target=ac_switch_0),2328.1,0.909086,0.001,1180.0
nofold/s40_on,61,coffee,move_to(?target=coffee_machine_0),1278.0,0.909086,0.001,1180.0
nofold/s40_on,61,d(item_3),move_to(?target=kitting_table_0),0.0,0.909086,0.9037,0.0
nofold/s40_on,61,d(item_6),"place(?item=item_3,?target=shelf_3)",,0.0,0.001,0.0
nofold/s40_on,62,ac,move_to(?target=ac_switch_0),2328.3,0.909087,0.001,1200.0
nofold/s40_on,62,coffee,move_to(?target=coffee_machine_0),1283.7,0.909087,0.001,1200.0
nofold/s40_on,62,d(item_3),move_to(?target=kitting_table_0),0.0,0.909087,0.9037,20.0
nofold/s40_on,62,d(item_6),move_to(?target=shelf_3),0.0,0.0,0.001,0.0
nofold/s40_on,63,ac,move_to(?target=ac_switch_0),2328.4,0.909087,0.001,1220.0
nofold/s40_on,63,coffee,move_to(?target=coffee_machine_0),1289.5,0.909087,0.001,1220.0
nofold/s40_on,63,d(item_3),move_to(?target=kitting_table_0),0.0,0.909087,0.9037,40.0
nofold/s40_on,63,d(item_6),move_to(?target=shelf_3),40.0,0.0,0.001,20.0
nofold/s40_on,64,ac,move_to(?target=ac_switch_0),2328.5,0.909087,0.001,1240.0
nofold/s40_on,64,coffee,move_to(?target=coffee_machine_0),1295.6,0.909087,0.001,1240.0
nofold/s40_on,64,d(item_3),move_to(?target=kitting_table_0),0.0,0.909087,0.9037,60.0
nofold/s40_on,64,d(item_6),move_to(?target=shelf_3),80.0,0.0,0.001,40.0
nofold/s40_on,65,ac,move_to(?target=ac_switch_0),2328.6,0.909087,0.001,1260.0
nofold/s40_on,65,coffee,move_to(?target=coffee_machine_0),1302.0,0.909087,0.001,1260.0
nofold/s40_on,65,d(item_3),move_to(?target=kitting_table_0),0.0,0.909087,0.9037,80.0
nofold/s40_on,65,d(item_6),move_to(?target=shelf_3),120.0,0.0,0.001,60.0
nofold/s40_on,66,ac,move_to(?target=ac_switch_0),2328.8,0.909087,0.001,1280.0
nofold/s40_on,66,coffee,move_to(?target=coffee_machine_0),1308.6,0.909087,0.001,1280.0
nofold/s40_on,66,d(item_3),move_to(?target=kitting_table_0),0.0,0.909087,0.9037,100.0
nofold/s40_on,66,d(item_6),move_to(?target=shelf_3),160.0,0.0,0.001,80.0
nofold/s40_on,67,ac,move_to(?target=ac_switch_0),2328.9,0.909088,0.001,1300.0
nofold/s40_on,67,coffee,move_to(?target=coffee_machine_0),1315.4,0.909088,0.001,1300.0
nofold/s40_on,67,d(item_3),move_to(?target=kitting_table_0),0.0,0.909088,0.9037,120.0
nofold/s40_on,67,d(item_6),move_to(?target=shelf_3),200.0,0.0,0.001,100.0
nofold/s40_on,68,ac,move_to(?target=ac_switch_0),2329.1,0.909088,0.001,1320.0
nofold/s40_on,68,coffee,move_to(?target=coffee_machine_0),1322.6,0.909088,0.001,1320.0
nofold/s40_on,68,d(item_3),move_to(?target=kitting_table_0),0.0,0.909088,0.9037,140.0
nofold/s40_on,68,d(item_6),move_to(?target=shelf_3),240.0,0.0,0.001,120.0
nofold/s40_on,69,ac,move_to(?target=ac_switch_0),2329.2,0.909088,0.001,1340.0
nofold/s40_on,69,coffee,move_to(?target=coffee_machine_0),1330.0,0.909088,0.001,1340.0
nofold/s40_on,69,d(item_3),move_to(?target=kitting_table_0),0.0,0.909088,0.9037,160.0
nofold/s40_on,69,d(item_6),move_to(?target=shelf_3),280.0,0.0,0.001,140.0
nofold/s40_on,70,ac,move_to(?target=ac_switch_0),2329.4,0.909088,0.001,1360.0
nofold/s40_on,70,coffee,move_to(?target=coffee_machine_0),1337.8,0.909088,0.001,1360.0
nofold/s40_on,70,d(item_3),move_to(?target=kitting_table_0),0.0,0.909088,0.9037,180.0
nofold/s40_on,70,d(item_6),move_to(?target=shelf_3),320.0,0.0,0.001,160.0
nofold/s40_on,71,ac,move_to(?target=ac_switch_0),2329.5,0.909089,0.001,1380.0
nofold/s40_on,71,coffee,move_to(?target=coffee_machine_0),1345.8,0.909089,0.001,1380.0
nofold/s40_on,71,d(item_3),move_to(?target=kitting_table_0),0.0,0.909089,0.9037,200.0
nofold/s40_on,71,d(item_6),move_to(?target=shelf_3),360.0,0.0,0.001,180.0
nofold/s40_on,72,ac,move_to(?target=ac_switch_0),2329.7,0.909089,0.001,1400.0
nofold/s40_on,72,coffee,move_to(?target=coffee_machine_0),1354.2,0.909089,0.001,1400.0
nofold/s40_on,72,d(item_3),move_to(?target=kitting_table_0),0.0,0.909089,0.9037,220.0
nofold/s40_on,72,d(item_6),move_to(?target=shelf_3),400.0,0.0,0.001,200.0
nofold/s40_on,73,ac,move_to(?target=ac_switch_0),2329.8,0.909089,0.001,1420.0
nofold/s40_on,73,coffee,move_to(?target=coffee_machine_0),1363.0,0.909089,0.001,1420.0
nofold/s40_on,73,d(item_3),move_to(?target=kitting_table_0),0.0,0.909089,0.9037,240.0
nofold/s40_on,73,d(item_6),move_to(?target=shelf_3),440.0,0.0,0.001,220.0
nofold/s40_on,74,ac,move_to(?target=ac_switch_0),2330.0,0.909089,0.001,1440.0
nofold/s40_on,74,coffee,move_to(?target=coffee_machine_0),1372.1,0.909089,0.001,1440.0
nofold/s40_on,74,d(item_3),move_to(?target=kitting_table_0),0.0,0.909089,0.9037,260.0
nofold/s40_on,74,d(item_6),move_to(?target=shelf_3),480.0,0.0,0.001,240.0
nofold/s40_on,75,ac,move_to(?target=ac_switch_0),2330.2,0.909089,0.001,1460.0
nofold/s40_on,75,coffee,move_to(?target=coffee_machine_0),1381.6,0.909089,0.001,1460.0
nofold/s40_on,75,d(item_3),move_to(?target=kitting_table_0),0.0,0.909089,0.9037,280.0
nofold/s40_on,75,d(item_6),move_to(?target=shelf_3),520.0,0.0,0.001,260.0
nofold/s40_on,76,ac,move_to(?target=ac_switch_0),2330.4,0.909089,0.001,1480.0
nofold/s40_on,76,coffee,move_to(?target=coffee_machine_0),1391.5,0.909089,0.001,1480.0
nofold/s40_on,76,d(item_3),move_to(?target=kitting_table_0),0.0,0.909089,0.9037,300.0
nofold/s40_on,76,d(item_6),move_to(?target=shelf_3),560.0,0.0,0.001,280.0
nofold/s40_on,77,ac,move_to(?target=ac_switch_0),2330.6,0.90909,0.001,1500.0
nofold/s40_on,77,coffee,move_to(?target=coffee_machine_0),1401.8,0.90909,0.001,1500.0
nofold/s40_on,77,d(item_3),move_to(?target=kitting_table_0),0.0,0.90909,0.9037,320.0
nofold/s40_on,77,d(item_6),move_to(?target=shelf_3),600.0,0.0,0.001,300.0
nofold/s40_on,78,ac,move_to(?target=ac_switch_0),2330.8,0.90909,0.001,1520.0
nofold/s40_on,78,coffee,move_to(?target=coffee_machine_0),1412.6,0.90909,0.001,1520.0
nofold/s40_on,78,d(item_3),move_to(?target=kitting_table_0),0.0,0.90909,0.9037,340.0
nofold/s40_on,78,d(item_6),move_to(?target=shelf_3),640.0,0.0,0.001,320.0
nofold/s40_on,79,ac,move_to(?target=ac_switch_0),2331.0,0.90909,0.001,1540.0
nofold/s40_on,79,coffee,move_to(?target=coffee_machine_0),1423.8,0.90909,0.001,1540.0
nofold/s40_on,79,d(item_3),move_to(?target=kitting_table_0),0.0,0.90909,0.9037,360.0
nofold/s40_on,79,d(item_6),move_to(?target=shelf_3),680.0,0.0,0.001,340.0
nofold/s40_on,80,ac,move_to(?target=ac_switch_0),2331.2,0.90909,0.001,1560.0
nofold/s40_on,80,coffee,move_to(?target=coffee_machine_0),1435.5,0.90909,0.001,1560.0
nofold/s40_on,80,d(item_3),move_to(?target=kitting_table_0),0.0,0.90909,0.9037,380.0
nofold/s40_on,80,d(item_6),move_to(?target=shelf_3),720.0,0.0,0.001,360.0
nofold/s40_on,81,ac,move_to(?target=ac_switch_0),2331.4,0.90909,0.001,1580.0
nofold/s40_on,81,coffee,move_to(?target=coffee_machine_0),1447.6,0.90909,0.001,1580.0
nofold/s40_on,81,d(item_3),move_to(?target=kitting_table_0),0.0,0.90909,0.9037,400.0
nofold/s40_on,81,d(item_6),move_to(?target=shelf_3),760.0,0.0,0.001,380.0
nofold/s40_on,82,ac,move_to(?target=ac_switch_0),2331.6,0.90909,0.001,1600.0
nofold/s40_on,82,coffee,move_to(?target=coffee_machine_0),1460.3,0.90909,0.001,1600.0
nofold/s40_on,82,d(item_3),move_to(?target=kitting_table_0),0.0,0.90909,0.9037,420.0
nofold/s40_on,82,d(item_6),move_to(?target=shelf_3),800.0,0.0,0.001,400.0
nofold/s40_on,83,ac,move_to(?target=ac_switch_0),2331.9,0.90909,0.001,1620.0
nofold/s40_on,83,coffee,move_to(?target=coffee_machine_0),1473.5,0.90909,0.001,1620.0
nofold/s40_on,83,d(item_3),move_to(?target=kitting_table_0),0.0,0.90909,0.9037,440.0
nofold/s40_on,83,d(item_6),move_to(?target=shelf_3),840.0,0.0,0.001,420.0
nofold/s40_on,84,ac,move_to(?target=ac_switch_0),2332.1,0.90909,0.001,1640.0
nofold/s40_on,84,coffee,move_to(?target=coffee_machine_0),1487.2,0.90909,0.001,1640.0
nofold/s40_on,84,d(item_3),move_to(?target=kitting_table_0),0.0,0.90909,0.9037,460.0
nofold/s40_on,84,d(item_6),move_to(?target=shelf_3),880.0,0.0,0.001,440.0
nofold/s40_on,85,ac,move_to(?target=ac_switch_0),2332.4,0.90909,0.001,1660.0
nofold/s40_on,85,coffee,move_to(?target=coffee_machine_0),1501.5,0.90909,0.001,1660.0
nofold/s40_on,85,d(item_3),move_to(?target=kitting_table_0),0.0,0.90909,0.9037,480.0
nofold/s40_on,85,d(item_6),move_to(?target=shelf_3),920.0,0.0,0.001,460.0
nofold/s40_on,86,ac,move_to(?target=ac_switch_0),2332.6,0.90909,0.001,1680.0
nofold/s40_on,86,coffee,move_to(?target=coffee_machine_0),1516.3,0.90909,0.001,1680.0
nofold/s40_on,86,d(item_3),move_to(?target=kitting_table_0),0.0,0.90909,0.9037,500.0
nofold/s40_on,86,d(item_6),move_to(?target=shelf_3),960.0,0.0,0.001,480.0
nofold/s40_on,87,ac,move_to(?target=ac_switch_0),2332.9,0.909091,0.001,1700.0
nofold/s40_on,87,coffee,move_to(?target=coffee_machine_0),1531.7,0.909091,0.001,1700.0
nofold/s40_on,87,d(item_3),move_to(?target=kitting_table_0),0.0,0.909091,0.9037,520.0
nofold/s40_on,87,d(item_6),move_to(?target=shelf_3),1000.0,0.0,0.001,500.0
nofold/s40_on,88,ac,move_to(?target=ac_switch_0),2333.2,0.909091,0.001,1720.0
nofold/s40_on,88,coffee,move_to(?target=coffee_machine_0),1547.8,0.909091,0.001,1720.0
nofold/s40_on,88,d(item_3),move_to(?target=kitting_table_0),0.0,0.909091,0.9037,540.0
nofold/s40_on,88,d(item_6),move_to(?target=shelf_3),1040.0,0.0,0.001,520.0
nofold/s40_on,89,ac,move_to(?target=ac_switch_0),2333.5,0.909091,0.001,1740.0
nofold/s40_on,89,coffee,move_to(?target=coffee_machine_0),1564.4,0.909091,0.001,1740.0
nofold/s40_on,89,d(item_3),move_to(?target=kitting_table_0),0.0,0.909091,0.9037,560.0
nofold/s40_on,89,d(item_6),move_to(?target=shelf_3),1080.0,0.0,0.001,540.0
nofold/s40_on,90,ac,move_to(?target=ac_switch_0),2333.8,0.909091,0.001,1760.0
nofold/s40_on,90,coffee,move_to(?target=coffee_machine_0),1581.6,0.909091,0.001,1760.0
nofold/s40_on,90,d(item_3),move_to(?target=kitting_table_0),0.0,0.909091,0.9037,580.0
nofold/s40_on,90,d(item_6),move_to(?target=shelf_3),1120.0,0.0,0.001,560.0
nofold/s40_on,91,ac,move_to(?target=ac_switch_0),2334.2,0.909091,0.001,1780.0
nofold/s40_on,91,coffee,move_to(?target=coffee_machine_0),1599.5,0.909091,0.001,1780.0
nofold/s40_on,91,d(item_3),move_to(?target=kitting_table_0),0.0,0.909091,0.9037,600.0
nofold/s40_on,91,d(item_6),move_to(?target=shelf_3),1160.0,0.0,0.001,580.0
nofold/s40_on,92,ac,move_to(?target=ac_switch_0),2334.5,0.909091,0.001,1800.0
nofold/s40_on,92,coffee,move_to(?target=coffee_machine_0),1617.9,0.909091,0.001,1800.0
nofold/s40_on,92,d(item_3),move_to(?target=kitting_table_0),0.0,0.909091,0.9037,620.0
nofold/s40_on,92,d(item_6),move_to(?target=shelf_3),1200.0,0.0,0.001,600.0
nofold/s40_on,93,ac,move_to(?target=ac_switch_0),2334.9,0.909091,0.001,1820.0
nofold/s40_on,93,coffee,move_to(?target=coffee_machine_0),1637.1,0.909091,0.001,1820.0
nofold/s40_on,93,d(item_3),move_to(?target=kitting_table_0),0.0,0.909091,0.9037,640.0
nofold/s40_on,93,d(item_6),move_to(?target=shelf_3),1240.0,0.0,0.001,620.0
nofold/s40_on,94,ac,move_to(?target=ac_switch_0),2335.3,0.909091,0.001,1840.0
nofold/s40_on,94,coffee,move_to(?target=coffee_machine_0),1656.8,0.909091,0.001,1840.0
nofold/s40_on,94,d(item_3),move_to(?target=kitting_table_0),0.0,0.909091,0.9037,660.0
nofold/s40_on,94,d(item_6),move_to(?target=shelf_3),1280.0,0.0,0.001,640.0
nofold/s40_on,95,ac,move_to(?target=ac_switch_0),2335.7,0.909091,0.001,1860.0
nofold/s40_on,95,coffee,move_to(?target=coffee_machine_0),1677.2,0.909091,0.001,1860.0
nofold/s40_on,95,d(item_3),move_to(?target=kitting_table_0),0.0,0.909091,0.9037,680.0
nofold/s40_on,95,d(item_6),move_to(?target=shelf_3),1320.0,0.0,0.001,660.0
nofold/s40_on,96,ac,move_to(?target=ac_switch_0),2336.1,0.909091,0.001,1880.0
nofold/s40_on,96,coffee,move_to(?target=coffee_machine_0),1698.2,0.909091,0.001,1880.0
nofold/s40_on,96,d(item_3),move_to(?target=kitting_table_0),0.0,0.909091,0.9037,700.0
nofold/s40_on,96,d(item_6),move_to(?target=shelf_3),1360.0,0.0,0.001,680.0
nofold/s40_on,97,ac,move_to(?target=ac_switch_0),2336.6,0.909091,0.001,1900.0
nofold/s40_on,97,coffee,move_to(?target=coffee_machine_0),1719.9,0.909091,0.001,1900.0
nofold/s40_on,97,d(item_3),move_to(?target=kitting_table_0),0.0,0.909091,0.9037,720.0
nofold/s40_on,97,d(item_6),move_to(?target=shelf_3),1400.0,0.0,0.001,700.0
nofold/s40_on,98,ac,move_to(?target=ac_switch_0),2337.0,0.909091,0.001,1920.0
nofold/s40_on,98,coffee,move_to(?target=coffee_machine_0),1742.1,0.909091,0.001,1920.0
nofold/s40_on,98,d(item_3),move_to(?target=kitting_table_0),0.0,0.909091,0.9037,740.0
nofold/s40_on,98,d(item_6),move_to(?target=shelf_3),1440.0,0.0,0.001,720.0
nofold/s40_on,99,ac,move_to(?target=ac_switch_0),2337.5,0.909091,0.001,1940.0
nofold/s40_on,99,coffee,move_to(?target=coffee_machine_0),1765.0,0.909091,0.001,1940.0
nofold/s40_on,99,d(item_3),move_to(?target=kitting_table_0),0.0,0.909091,0.9037,760.0
nofold/s40_on,99,d(item_6),move_to(?target=shelf_3),1480.0,0.0,0.001,740.0
nofold/s40_on,100,ac,move_to(?target=ac_switch_0),2338.1,0.909091,0.001,1960.0
nofold/s40_on,100,coffee,move_to(?target=coffee_machine_0),1788.5,0.909091,0.001,1960.0
nofold/s40_on,100,d(item_3),move_to(?target=kitting_table_0),0.0,0.909091,0.9037,780.0
nofold/s40_on,100,d(item_6),move_to(?target=shelf_3),1520.0,0.0,0.001,760.0
nofold/s40_on,101,ac,move_to(?target=ac_switch_0),2338.6,0.909091,0.001,1980.0
nofold/s40_on,101,coffee,move_to(?target=coffee_machine_0),1812.7,0.909091,0.001,1980.0
nofold/s40_on,101,d(item_3),move_to(?target=kitting_table_0),0.0,0.909091,0.9037,800.0
nofold/s40_on,101,d(item_6),move_to(?target=shelf_3),1560.0,0.0,0.001,780.0
nofold/s40_on,102,ac,move_to(?target=ac_switch_0),2339.2,0.909091,0.001,2000.0
nofold/s40_on,102,coffee,move_to(?target=coffee_machine_0),1837.4,0.909091,0.001,2000.0
nofold/s40_on,102,d(item_3),move_to(?target=kitting_table_0),0.0,0.909091,0.9037,820.0
nofold/s40_on,102,d(item_6),move_to(?target=shelf_3),1600.0,0.0,0.001,800.0
nofold/s40_on,103,ac,move_to(?target=ac_switch_0),2339.8,0.909091,0.001,2020.0
nofold/s40_on,103,coffee,move_to(?target=coffee_machine_0),1862.6,0.909091,0.001,2020.0
nofold/s40_on,103,d(item_3),move_to(?target=kitting_table_0),0.0,0.909091,0.9037,840.0
nofold/s40_on,103,d(item_6),move_to(?target=shelf_3),1640.0,0.0,0.001,820.0
nofold/s40_on,104,ac,move_to(?target=ac_switch_0),2340.5,0.909091,0.001,2040.0
nofold/s40_on,104,coffee,move_to(?target=coffee_machine_0),1888.5,0.909091,0.001,2040.0
nofold/s40_on,104,d(item_3),move_to(?target=kitting_table_0),0.0,0.909091,0.9037,860.0
nofold/s40_on,104,d(item_6),move_to(?target=shelf_3),1680.0,0.0,0.001,840.0
nofold/s40_on,105,ac,move_to(?target=ac_switch_0),2341.2,0.909091,0.001,2060.0
nofold/s40_on,105,coffee,move_to(?target=coffee_machine_0),1914.9,0.909091,0.001,2060.0
nofold/s40_on,105,d(item_3),move_to(?target=kitting_table_0),-0.0,0.909091,0.9037,880.0
nofold/s40_on,105,d(item_6),move_to(?target=shelf_3),1720.0,0.0,0.001,860.0
nofold/s40_on,106,ac,move_to(?target=ac_switch_0),2342.0,0.909091,0.001,2080.0
nofold/s40_on,106,coffee,move_to(?target=coffee_machine_0),1941.8,0.909091,0.001,2080.0
nofold/s40_on,106,d(item_3),move_to(?target=kitting_table_0),-0.0,0.909091,0.9037,900.0
nofold/s40_on,106,d(item_6),move_to(?target=shelf_3),1760.0,0.0,0.001,880.0
nofold/s40_on,107,ac,move_to(?target=ac_switch_0),2342.8,0.909091,0.001,2100.0
nofold/s40_on,107,coffee,move_to(?target=coffee_machine_0),1969.2,0.909091,0.001,2100.0
nofold/s40_on,107,d(item_3),move_to(?target=kitting_table_0),-0.0,0.909091,0.9037,920.0
nofold/s40_on,107,d(item_6),move_to(?target=shelf_3),1800.0,0.0,0.001,900.0
nofold/s40_on,108,ac,move_to(?target=ac_switch_0),2343.7,0.909091,0.001,2120.0
nofold/s40_on,108,coffee,move_to(?target=coffee_machine_0),1997.2,0.909091,0.001,2120.0
nofold/s40_on,108,d(item_3),move_to(?target=kitting_table_0),-0.0,0.909091,0.9037,940.0
nofold/s40_on,108,d(item_6),move_to(?target=shelf_3),1840.0,0.0,0.001,920.0
nofold/s40_on,109,ac,move_to(?target=ac_switch_0),2344.7,0.909091,0.001,2140.0
nofold/s40_on,109,coffee,move_to(?target=coffee_machine_0),2025.6,0.909091,0.001,2140.0
nofold/s40_on,109,d(item_3),move_to(?target=kitting_table_0),-0.0,0.909091,0.9037,960.0
nofold/s40_on,109,d(item_6),move_to(?target=shelf_3),1880.0,0.0,0.001,940.0
nofold/s40_on,110,ac,move_to(?target=ac_switch_0),2345.7,0.909091,0.001,2160.0
nofold/s40_on,110,coffee,move_to(?target=coffee_machine_0),2054.5,0.909091,0.001,2160.0
nofold/s40_on,110,d(item_3),move_to(?target=kitting_table_0),-0.0,0.909091,0.9037,980.0
nofold/s40_on,110,d(item_6),move_to(?target=shelf_3),1920.0,0.0,0.001,960.0
nofold/s40_on,111,ac,move_to(?target=ac_switch_0),2346.8,0.909091,0.001,2180.0
nofold/s40_on,111,coffee,move_to(?target=coffee_machine_0),2083.8,0.909091,0.001,2180.0
nofold/s40_on,111,d(item_3),move_to(?target=kitting_table_0),-0.0,0.909091,0.9037,1000.0
nofold/s40_on,111,d(item_6),move_to(?target=shelf_3),1960.0,0.0,0.001,980.0
nofold/s40_on,112,ac,move_to(?target=ac_switch_0),2348.1,0.909091,0.001,2200.0
nofold/s40_on,112,coffee,move_to(?target=coffee_machine_0),2113.6,0.909091,0.001,2200.0
nofold/s40_on,112,d(item_3),move_to(?target=kitting_table_0),-0.0,0.909091,0.9037,1020.0
nofold/s40_on,112,d(item_6),move_to(?target=shelf_3),2000.0,0.0,0.001,1000.0
nofold/s40_on,113,ac,move_to(?target=ac_switch_0),2349.4,0.909091,0.001,2220.0
nofold/s40_on,113,coffee,move_to(?target=coffee_machine_0),2143.8,0.909091,0.001,2220.0
nofold/s40_on,113,d(item_3),"place(?item=item_3,?target=kitting_table_0)",,0.909091,0.9037,0.0
nofold/s40_on,113,d(item_6),move_to(?target=shelf_3),2040.0,0.0,0.001,1020.0
nofold/s40_on,114,ac,move_to(?target=ac_switch_0),2349.4,0.909091,0.001,2220.0
nofold/s40_on,114,coffee,move_to(?target=coffee_machine_0),2143.8,0.909091,0.001,2220.0
nofold/s40_on,114,d(item_3),"place(?item=item_3,?target=kitting_table_0)",,0.909091,0.9037,0.0
nofold/s40_on,114,d(item_6),move_to(?target=shelf_3),2040.0,0.0,0.001,1020.0
nofold/s40_on,115,ac,move_to(?target=ac_switch_0),0.0,0.25,0.249,0.0
nofold/s40_on,115,coffee,move_to(?target=coffee_machine_0),0.0,0.25,0.249,0.0
nofold/s40_on,115,d(item_6),move_to(?target=item_6),0.0,0.25,0.249,0.0
nofold/s40_on,116,ac,move_to(?target=ac_switch_0),0.0,0.25,0.249,0.0
nofold/s40_on,116,coffee,move_to(?target=coffee_machine_0),0.0,0.25,0.249,0.0
nofold/s40_on,116,d(item_6),move_to(?target=item_6),0.0,0.25,0.249,0.0
nofold/s40_on,117,ac,move_to(?target=ac_switch_0),0.0,0.25,0.249,0.0
nofold/s40_on,117,coffee,move_to(?target=coffee_machine_0),0.0,0.25,0.249,0.0
nofold/s40_on,117,d(item_6),move_to(?target=item_6),0.0,0.25,0.249,0.0
nofold/s40_on,118,ac,move_to(?target=ac_switch_0),23.9,0.340881,0.2992,20.0
nofold/s40_on,118,coffee,move_to(?target=coffee_machine_0),0.0,0.340881,0.3395,20.0
nofold/s40_on,118,d(item_6),move_to(?target=item_6),9.6,0.340881,0.3233,20.0
nofold/s40_on,119,ac,move_to(?target=ac_switch_0),48.6,0.361632,0.2744,40.0
nofold/s40_on,119,coffee,move_to(?target=coffee_machine_0),0.0,0.361632,0.3602,40.0
nofold/s40_on,119,d(item_6),move_to(?target=item_6),19.4,0.361632,0.3254,40.0
nofold/s40_on,120,ac,move_to(?target=ac_switch_0),74.2,0.384737,0.2473,60.0
nofold/s40_on,120,coffee,move_to(?target=coffee_machine_0),0.0,0.384737,0.3832,60.0
nofold/s40_on,120,d(item_6),move_to(?target=item_6),29.4,0.384737,0.3272,60.0
nofold/s40_on,121,ac,move_to(?target=ac_switch_0),100.6,0.40994,0.2187,80.0
nofold/s40_on,121,coffee,move_to(?target=coffee_machine_0),0.0,0.40994,0.4083,80.0
nofold/s40_on,121,d(item_6),move_to(?target=item_6),39.8,0.40994,0.3282,80.0
nofold/s40_on,122,ac,move_to(?target=ac_switch_0),127.8,0.43683,0.1896,100.0
nofold/s40_on,122,coffee,move_to(?target=coffee_machine_0),0.0,0.43683,0.4351,100.0
nofold/s40_on,122,d(item_6),move_to(?target=item_6),50.4,0.43683,0.3278,100.0
nofold/s40_on,123,ac,move_to(?target=ac_switch_0),155.7,0.464893,0.1612,120.0
nofold/s40_on,123,coffee,move_to(?target=coffee_machine_0),0.0,0.464893,0.463,120.0
nofold/s40_on,123,d(item_6),move_to(?target=item_6),61.3,0.464893,0.3255,120.0
nofold/s40_on,124,ac,move_to(?target=ac_switch_0),184.4,0.493568,0.1343,140.0
nofold/s40_on,124,coffee,move_to(?target=coffee_machine_0),0.0,0.493568,0.4916,140.0
nofold/s40_on,124,d(item_6),move_to(?target=item_6),72.4,0.493568,0.3209,140.0
nofold/s40_on,125,ac,move_to(?target=ac_switch_0),213.7,0.522327,0.1098,160.0
nofold/s40_on,125,coffee,move_to(?target=coffee_machine_0),0.0,0.522327,0.5202,160.0
nofold/s40_on,125,d(item_6),move_to(?target=item_6),83.9,0.522327,0.3139,160.0
nofold/s40_on,126,ac,move_to(?target=ac_switch_0),243.7,0.550724,0.0882,180.0
nofold/s40_on,126,coffee,move_to(?target=coffee_machine_0),0.0,0.550724,0.5485,180.0
nofold/s40_on,126,d(item_6),move_to(?target=item_6),95.7,0.550724,0.3044,180.0
nofold/s40_on,127,ac,move_to(?target=ac_switch_0),274.2,0.578421,0.0697,200.0
nofold/s40_on,127,coffee,move_to(?target=coffee_machine_0),0.0,0.578421,0.5761,200.0
nofold/s40_on,127,d(item_6),move_to(?target=item_6),107.8,0.578421,0.2925,200.0
nofold/s40_on,128,ac,move_to(?target=ac_switch_0),305.3,0.605194,0.0543,220.0
nofold/s40_on,128,coffee,move_to(?target=coffee_machine_0),0.0,0.605194,0.6028,220.0
nofold/s40_on,128,d(item_6),move_to(?target=item_6),120.2,0.605194,0.2786,220.0
nofold/s40_on,129,ac,move_to(?target=ac_switch_0),337.0,0.630905,0.0418,240.0
nofold/s40_on,129,coffee,move_to(?target=coffee_machine_0),0.0,0.630905,0.6284,240.0
nofold/s40_on,129,d(item_6),move_to(?target=item_6),132.9,0.630905,0.263,240.0
nofold/s40_on,130,ac,move_to(?target=ac_switch_0),369.1,0.655482,0.0318,260.0
nofold/s40_on,130,coffee,move_to(?target=coffee_machine_0),0.0,0.655482,0.6529,260.0
nofold/s40_on,130,d(item_6),move_to(?target=item_6),146.0,0.655482,0.2461,260.0
nofold/s40_on,131,ac,move_to(?target=ac_switch_0),401.7,0.678886,0.0239,280.0
nofold/s40_on,131,coffee,move_to(?target=coffee_machine_0),0.0,0.678886,0.6762,280.0
nofold/s40_on,131,d(item_6),move_to(?target=item_6),159.4,0.678886,0.2283,280.0
nofold/s40_on,132,ac,move_to(?target=ac_switch_0),434.7,0.701095,0.0178,300.0
nofold/s40_on,132,coffee,move_to(?target=coffee_machine_0),0.0,0.701095,0.6983,300.0
nofold/s40_on,132,d(item_6),move_to(?target=item_6),173.2,0.701095,0.21,300.0
nofold/s40_on,133,ac,move_to(?target=ac_switch_0),468.2,0.722088,0.0132,320.0
nofold/s40_on,133,coffee,move_to(?target=coffee_machine_0),0.0,0.722088,0.7192,320.0
nofold/s40_on,133,d(item_6),move_to(?target=item_6),187.2,0.722088,0.1917,320.0
nofold/s40_on,134,ac,move_to(?target=ac_switch_0),502.0,0.741845,0.0097,340.0
nofold/s40_on,134,coffee,move_to(?target=coffee_machine_0),0.0,0.741845,0.7389,340.0
nofold/s40_on,134,d(item_6),move_to(?target=item_6),201.7,0.741845,0.1735,340.0
nofold/s40_on,135,ac,move_to(?target=ac_switch_0),536.1,0.760339,0.0071,360.0
nofold/s40_on,135,coffee,move_to(?target=coffee_machine_0),0.0,0.760339,0.7573,360.0
nofold/s40_on,135,d(item_6),move_to(?target=item_6),216.5,0.760339,0.1559,360.0
nofold/s40_on,136,ac,move_to(?target=ac_switch_0),570.6,0.777549,0.0051,380.0
nofold/s40_on,136,coffee,move_to(?target=coffee_machine_0),0.0,0.777549,0.7744,380.0
nofold/s40_on,136,d(item_6),move_to(?target=item_6),231.7,0.777549,0.139,380.0
nofold/s40_on,137,ac,move_to(?target=ac_switch_0),605.3,0.793456,0.0037,400.0
nofold/s40_on,137,coffee,move_to(?target=coffee_machine_0),0.0,0.793456,0.7903,400.0
nofold/s40_on,137,d(item_6),move_to(?target=item_6),247.2,0.793456,0.123,400.0
nofold/s40_on,138,ac,move_to(?target=ac_switch_0),640.4,0.808051,0.0027,420.0
nofold/s40_on,138,coffee,move_to(?target=coffee_machine_0),0.0,0.808051,0.8048,420.0
nofold/s40_on,138,d(item_6),move_to(?target=item_6),263.2,0.808051,0.108,420.0
nofold/s40_on,139,ac,move_to(?target=ac_switch_0),675.7,0.821342,0.0019,440.0
nofold/s40_on,139,coffee,move_to(?target=coffee_machine_0),0.0,0.821342,0.8181,440.0
nofold/s40_on,139,d(item_6),move_to(?target=item_6),279.5,0.821342,0.0942,440.0
nofold/s40_on,140,ac,move_to(?target=ac_switch_0),711.2,0.833348,0.0014,460.0
nofold/s40_on,140,coffee,move_to(?target=coffee_machine_0),0.0,0.833348,0.83,460.0
nofold/s40_on,140,d(item_6),move_to(?target=item_6),296.2,0.833348,0.0816,460.0
nofold/s40_on,141,ac,move_to(?target=ac_switch_0),747.0,0.844108,0.001,480.0
nofold/s40_on,141,coffee,move_to(?target=coffee_machine_0),0.0,0.844108,0.8407,480.0
nofold/s40_on,141,d(item_6),move_to(?target=item_6),313.3,0.844108,0.0702,480.0
nofold/s40_on,142,ac,move_to(?target=ac_switch_0),783.0,0.853672,0.001,500.0
nofold/s40_on,142,coffee,move_to(?target=coffee_machine_0),0.0,0.853672,0.85,500.0
nofold/s40_on,142,d(item_6),move_to(?target=item_6),330.8,0.853672,0.06,500.0
nofold/s40_on,143,ac,move_to(?target=ac_switch_0),819.2,0.862107,0.001,520.0
nofold/s40_on,143,coffee,move_to(?target=coffee_machine_0),0.0,0.862107,0.8582,520.0
nofold/s40_on,143,d(item_6),move_to(?target=item_6),348.7,0.862107,0.051,520.0
nofold/s40_on,144,ac,move_to(?target=ac_switch_0),855.6,0.869487,0.001,540.0
nofold/s40_on,144,coffee,move_to(?target=coffee_machine_0),-0.0,0.869487,0.8654,540.0
nofold/s40_on,144,d(item_6),move_to(?target=item_6),366.9,0.869487,0.043,540.0
nofold/s40_on,145,ac,move_to(?target=ac_switch_0),892.1,0.875896,0.001,560.0
nofold/s40_on,145,coffee,move_to(?target=coffee_machine_0),0.0,0.875896,0.8717,560.0
nofold/s40_on,145,d(item_6),move_to(?target=item_6),385.6,0.875896,0.0361,560.0
nofold/s40_on,146,ac,move_to(?target=ac_switch_0),928.8,0.88142,0.001,580.0
nofold/s40_on,146,coffee,move_to(?target=coffee_machine_0),0.0,0.88142,0.8772,580.0
nofold/s40_on,146,d(item_6),move_to(?target=item_6),404.7,0.88142,0.0301,580.0
nofold/s40_on,147,ac,move_to(?target=ac_switch_0),965.7,0.886148,0.001,600.0
nofold/s40_on,147,coffee,move_to(?target=coffee_machine_0),0.0,0.886148,0.8818,600.0
nofold/s40_on,147,d(item_6),move_to(?target=item_6),424.2,0.886148,0.025,600.0
nofold/s40_on,148,ac,move_to(?target=ac_switch_0),1002.7,0.890167,0.001,620.0
nofold/s40_on,148,coffee,move_to(?target=coffee_machine_0),0.0,0.890167,0.8858,620.0
nofold/s40_on,148,d(item_6),move_to(?target=item_6),444.1,0.890167,0.0206,620.0
nofold/s40_on,149,ac,move_to(?target=ac_switch_0),1039.8,0.893561,0.001,640.0
nofold/s40_on,149,coffee,move_to(?target=coffee_machine_0),0.0,0.893561,0.8891,640.0
nofold/s40_on,149,d(item_6),move_to(?target=item_6),464.4,0.893561,0.0169,640.0
nofold/s40_on,150,ac,move_to(?target=ac_switch_0),1077.1,0.896408,0.001,660.0
nofold/s40_on,150,coffee,move_to(?target=coffee_machine_0),0.0,0.896408,0.892,660.0
nofold/s40_on,150,d(item_6),move_to(?target=item_6),485.1,0.896408,0.0138,660.0
nofold/s40_on,151,ac,move_to(?target=ac_switch_0),1114.4,0.898784,0.001,680.0
nofold/s40_on,151,coffee,move_to(?target=coffee_machine_0),0.0,0.898784,0.8943,680.0
nofold/s40_on,151,d(item_6),move_to(?target=item_6),506.2,0.898784,0.0113,680.0
nofold/s40_on,152,ac,move_to(?target=ac_switch_0),1151.9,0.900753,0.001,700.0
nofold/s40_on,152,coffee,move_to(?target=coffee_machine_0),0.0,0.900753,0.8963,700.0
nofold/s40_on,152,d(item_6),move_to(?target=item_6),527.7,0.900753,0.0091,700.0
nofold/s40_on,153,ac,move_to(?target=ac_switch_0),1189.5,0.902377,0.001,720.0
nofold/s40_on,153,coffee,"wait_at(?duration=PT60S,?entity=coffee_machine_0)",,0.902377,0.8979,0.0
nofold/s40_on,153,d(item_6),move_to(?target=item_6),549.6,0.902377,0.0073,720.0
nofold/s40_on,154,ac,move_to(?target=ac_switch_0),1189.5,0.902377,0.001,720.0
nofold/s40_on,154,coffee,"wait_at(?duration=PT60S,?entity=coffee_machine_0)",,0.902377,0.8979,0.0
nofold/s40_on,154,d(item_6),move_to(?target=item_6),549.6,0.902377,0.0073,720.0
nofold/s40_on,155,ac,move_to(?target=ac_switch_0),1189.5,0.902377,0.001,720.0
nofold/s40_on,155,coffee,"wait_at(?duration=PT60S,?entity=coffee_machine_0)",,0.902377,0.8979,0.0
nofold/s40_on,155,d(item_6),move_to(?target=item_6),549.6,0.902377,0.0073,720.0
nofold/s40_on,156,ac,move_to(?target=ac_switch_0),1189.5,0.902377,0.001,720.0
nofold/s40_on,156,coffee,"wait_at(?duration=PT60S,?entity=coffee_machine_0)",,0.902377,0.8979,0.0
nofold/s40_on,156,d(item_6),move_to(?target=item_6),549.6,0.902377,0.0073,720.0
nofold/s40_on,157,ac,move_to(?target=ac_switch_0),1189.5,0.902377,0.001,720.0
nofold/s40_on,157,coffee,"wait_at(?duration=PT60S,?entity=coffee_machine_0)",,0.902377,0.8979,0.0
nofold/s40_on,157,d(item_6),move_to(?target=item_6),549.6,0.902377,0.0073,720.0
nofold/s40_on,158,ac,move_to(?target=ac_switch_0),1189.5,0.902377,0.001,720.0
nofold/s40_on,158,coffee,"wait_at(?duration=PT60S,?entity=coffee_machine_0)",,0.902377,0.8979,0.0
nofold/s40_on,158,d(item_6),move_to(?target=item_6),549.6,0.902377,0.0073,720.0
nofold/s40_on,159,ac,move_to(?target=ac_switch_0),1189.5,0.902377,0.001,720.0
nofold/s40_on,159,coffee,"wait_at(?duration=PT60S,?entity=coffee_machine_0)",,0.902377,0.8979,0.0
nofold/s40_on,159,d(item_6),move_to(?target=item_6),549.6,0.902377,0.0073,720.0
nofold/s40_on,160,ac,move_to(?target=ac_switch_0),1189.5,0.902377,0.001,720.0
nofold/s40_on,160,coffee,"wait_at(?duration=PT60S,?entity=coffee_machine_0)",,0.902377,0.8979,0.0
nofold/s40_on,160,d(item_6),move_to(?target=item_6),549.6,0.902377,0.0073,720.0
nofold/s40_on,161,ac,move_to(?target=ac_switch_0),1189.5,0.902377,0.001,720.0
nofold/s40_on,161,coffee,"wait_at(?duration=PT60S,?entity=coffee_machine_0)",,0.902377,0.8979,0.0
nofold/s40_on,161,d(item_6),move_to(?target=item_6),549.6,0.902377,0.0073,720.0
nofold/s40_on,162,ac,move_to(?target=ac_switch_0),1189.5,0.902377,0.001,720.0
nofold/s40_on,162,coffee,"wait_at(?duration=PT60S,?entity=coffee_machine_0)",,0.902377,0.8979,0.0
nofold/s40_on,162,d(item_6),move_to(?target=item_6),549.6,0.902377,0.0073,720.0
nofold/s40_on,163,ac,move_to(?target=ac_switch_0),1189.5,0.902377,0.001,720.0
nofold/s40_on,163,coffee,"wait_at(?duration=PT60S,?entity=coffee_machine_0)",,0.902377,0.8979,0.0
nofold/s40_on,163,d(item_6),move_to(?target=item_6),549.6,0.902377,0.0073,720.0
nofold/s40_on,164,ac,move_to(?target=ac_switch_0),1189.5,0.902377,0.001,720.0
nofold/s40_on,164,coffee,"wait_at(?duration=PT60S,?entity=coffee_machine_0)",,0.902377,0.8979,0.0
nofold/s40_on,164,d(item_6),move_to(?target=item_6),549.6,0.902377,0.0073,720.0
nofold/s40_on,165,ac,move_to(?target=ac_switch_0),1189.5,0.902377,0.001,720.0
nofold/s40_on,165,coffee,"wait_at(?duration=PT60S,?entity=coffee_machine_0)",,0.902377,0.8979,0.0
nofold/s40_on,165,d(item_6),move_to(?target=item_6),549.6,0.902377,0.0073,720.0
nofold/s40_on,166,ac,move_to(?target=ac_switch_0),1189.5,0.902377,0.001,720.0
nofold/s40_on,166,coffee,"wait_at(?duration=PT60S,?entity=coffee_machine_0)",,0.902377,0.8979,0.0
nofold/s40_on,166,d(item_6),move_to(?target=item_6),549.6,0.902377,0.0073,720.0
nofold/s40_on,167,ac,move_to(?target=ac_switch_0),1189.5,0.902377,0.001,720.0
nofold/s40_on,167,coffee,"wait_at(?duration=PT60S,?entity=coffee_machine_0)",,0.902377,0.8979,0.0
nofold/s40_on,167,d(item_6),move_to(?target=item_6),549.6,0.902377,0.0073,720.0
nofold/s40_on,168,ac,move_to(?target=ac_switch_0),1189.5,0.902377,0.001,720.0
nofold/s40_on,168,coffee,"wait_at(?duration=PT60S,?entity=coffee_machine_0)",,0.902377,0.8979,0.0
nofold/s40_on,168,d(item_6),move_to(?target=item_6),549.6,0.902377,0.0073,720.0
nofold/s40_on,169,ac,move_to(?target=ac_switch_0),1189.5,0.902377,0.001,720.0
nofold/s40_on,169,coffee,"wait_at(?duration=PT60S,?entity=coffee_machine_0)",,0.902377,0.8979,0.0
nofold/s40_on,169,d(item_6),move_to(?target=item_6),549.6,0.902377,0.0073,720.0
nofold/s40_on,170,ac,move_to(?target=ac_switch_0),1189.5,0.902377,0.001,720.0
nofold/s40_on,170,coffee,"wait_at(?duration=PT60S,?entity=coffee_machine_0)",,0.902377,0.8979,0.0
nofold/s40_on,170,d(item_6),move_to(?target=item_6),549.6,0.902377,0.0073,720.0
nofold/s40_on,171,ac,move_to(?target=ac_switch_0),1189.5,0.902377,0.001,720.0
nofold/s40_on,171,coffee,"wait_at(?duration=PT60S,?entity=coffee_machine_0)",,0.902377,0.8979,0.0
nofold/s40_on,171,d(item_6),move_to(?target=item_6),549.6,0.902377,0.0073,720.0
nofold/s40_on,172,ac,move_to(?target=ac_switch_0),1189.5,0.902377,0.001,720.0
nofold/s40_on,172,coffee,"wait_at(?duration=PT60S,?entity=coffee_machine_0)",,0.902377,0.8979,0.0
nofold/s40_on,172,d(item_6),move_to(?target=item_6),549.6,0.902377,0.0073,720.0
nofold/s40_on,173,ac,move_to(?target=ac_switch_0),1189.5,0.902377,0.001,720.0
nofold/s40_on,173,coffee,"wait_at(?duration=PT60S,?entity=coffee_machine_0)",,0.902377,0.8979,0.0
nofold/s40_on,173,d(item_6),move_to(?target=item_6),549.6,0.902377,0.0073,720.0
nofold/s40_on,174,ac,move_to(?target=ac_switch_0),1189.5,0.902377,0.001,720.0
nofold/s40_on,174,coffee,"wait_at(?duration=PT60S,?entity=coffee_machine_0)",,0.902377,0.8979,0.0
nofold/s40_on,174,d(item_6),move_to(?target=item_6),549.6,0.902377,0.0073,720.0
nofold/s40_on,175,ac,move_to(?target=ac_switch_0),1189.5,0.902377,0.001,720.0
nofold/s40_on,175,coffee,"wait_at(?duration=PT60S,?entity=coffee_machine_0)",,0.902377,0.8979,0.0
nofold/s40_on,175,d(item_6),move_to(?target=item_6),549.6,0.902377,0.0073,720.0
nofold/s40_on,176,ac,move_to(?target=ac_switch_0),1189.5,0.902377,0.001,720.0
nofold/s40_on,176,coffee,"wait_at(?duration=PT60S,?entity=coffee_machine_0)",,0.902377,0.8979,0.0
nofold/s40_on,176,d(item_6),move_to(?target=item_6),549.6,0.902377,0.0073,720.0
nofold/s40_on,177,ac,move_to(?target=ac_switch_0),1189.5,0.902377,0.001,720.0
nofold/s40_on,177,coffee,"wait_at(?duration=PT60S,?entity=coffee_machine_0)",,0.902377,0.8979,0.0
nofold/s40_on,177,d(item_6),move_to(?target=item_6),549.6,0.902377,0.0073,720.0
nofold/s40_on,178,ac,move_to(?target=ac_switch_0),1189.5,0.902377,0.001,720.0
nofold/s40_on,178,coffee,"wait_at(?duration=PT60S,?entity=coffee_machine_0)",,0.902377,0.8979,0.0
nofold/s40_on,178,d(item_6),move_to(?target=item_6),549.6,0.902377,0.0073,720.0
nofold/s40_on,179,ac,move_to(?target=ac_switch_0),1189.5,0.902377,0.001,720.0
nofold/s40_on,179,coffee,"wait_at(?duration=PT60S,?entity=coffee_machine_0)",,0.902377,0.8979,0.0
nofold/s40_on,179,d(item_6),move_to(?target=item_6),549.6,0.902377,0.0073,720.0
nofold/s40_on,180,ac,move_to(?target=ac_switch_0),1189.5,0.902377,0.001,720.0
nofold/s40_on,180,coffee,"wait_at(?duration=PT60S,?entity=coffee_machine_0)",,0.902377,0.8979,0.0
nofold/s40_on,180,d(item_6),move_to(?target=item_6),549.6,0.902377,0.0073,720.0
nofold/s40_on,181,ac,move_to(?target=ac_switch_0),1189.5,0.902377,0.001,720.0
nofold/s40_on,181,coffee,"wait_at(?duration=PT60S,?entity=coffee_machine_0)",,0.902377,0.8979,0.0
nofold/s40_on,181,d(item_6),move_to(?target=item_6),549.6,0.902377,0.0073,720.0
nofold/s40_on,182,ac,move_to(?target=ac_switch_0),1189.5,0.902377,0.001,720.0
nofold/s40_on,182,coffee,"wait_at(?duration=PT60S,?entity=coffee_machine_0)",,0.902377,0.8979,0.0
nofold/s40_on,182,d(item_6),move_to(?target=item_6),549.6,0.902377,0.0073,720.0
nofold/s40_on,183,ac,move_to(?target=ac_switch_0),1189.5,0.902377,0.001,720.0
nofold/s40_on,183,coffee,"wait_at(?duration=PT60S,?entity=coffee_machine_0)",,0.902377,0.8979,0.0
nofold/s40_on,183,d(item_6),move_to(?target=item_6),549.6,0.902377,0.0073,720.0
nofold/s40_on,184,ac,move_to(?target=ac_switch_0),0.0,0.333333,0.3317,0.0
nofold/s40_on,184,d(item_6),move_to(?target=item_6),0.0,0.333333,0.3317,0.0
nofold/s40_on,185,ac,move_to(?target=ac_switch_0),0.0,0.333333,0.3317,0.0
nofold/s40_on,185,d(item_6),move_to(?target=item_6),0.0,0.333333,0.3317,0.0
nofold/s40_on,186,ac,move_to(?target=ac_switch_0),0.0,0.333333,0.3317,0.0
nofold/s40_on,186,d(item_6),move_to(?target=item_6),0.0,0.333333,0.3317,0.0
nofold/s40_on,187,ac,move_to(?target=ac_switch_0),9.3,0.487015,0.462,20.0
nofold/s40_on,187,d(item_6),move_to(?target=item_6),0.0,0.487015,0.4846,20.0
nofold/s40_on,188,ac,move_to(?target=ac_switch_0),19.0,0.498695,0.4492,40.0
nofold/s40_on,188,d(item_6),move_to(?target=item_6),0.0,0.498695,0.4962,40.0
nofold/s40_on,189,ac,move_to(?target=ac_switch_0),29.0,0.511267,0.4355,60.0
nofold/s40_on,189,d(item_6),move_to(?target=item_6),0.0,0.511267,0.5087,60.0
nofold/s40_on,190,ac,move_to(?target=ac_switch_0),39.3,0.52476,0.4207,80.0
nofold/s40_on,190,d(item_6),move_to(?target=item_6),0.0,0.52476,0.5221,80.0
nofold/s40_on,191,ac,move_to(?target=ac_switch_0),50.1,0.539187,0.4049,100.0
nofold/s40_on,191,d(item_6),move_to(?target=item_6),0.0,0.539187,0.5364,100.0
nofold/s40_on,192,ac,move_to(?target=ac_switch_0),61.1,0.554549,0.3882,120.0
nofold/s40_on,192,d(item_6),move_to(?target=item_6),0.0,0.554549,0.5517,120.0
nofold/s40_on,193,ac,move_to(?target=ac_switch_0),72.6,0.570825,0.3704,140.0
nofold/s40_on,193,d(item_6),move_to(?target=item_6),0.0,0.570825,0.5678,140.0
nofold/s40_on,194,ac,move_to(?target=ac_switch_0),84.5,0.58797,0.3516,160.0
nofold/s40_on,194,d(item_6),move_to(?target=item_6),0.1,0.58797,0.5849,160.0
nofold/s40_on,195,ac,move_to(?target=ac_switch_0),96.8,0.605912,0.332,180.0
nofold/s40_on,195,d(item_6),move_to(?target=item_6),0.1,0.605912,0.6027,180.0
nofold/s40_on,196,ac,move_to(?target=ac_switch_0),109.5,0.624549,0.3117,200.0
nofold/s40_on,196,d(item_6),move_to(?target=item_6),0.1,0.624549,0.6212,200.0
nofold/s40_on,197,ac,move_to(?target=ac_switch_0),122.6,0.64375,0.2907,220.0
nofold/s40_on,197,d(item_6),move_to(?target=item_6),0.1,0.64375,0.6403,220.0
nofold/s40_on,198,ac,move_to(?target=ac_switch_0),136.2,0.663352,0.2693,240.0
nofold/s40_on,198,d(item_6),move_to(?target=item_6),0.1,0.663352,0.6597,240.0
nofold/s40_on,199,ac,move_to(?target=ac_switch_0),150.2,0.683167,0.2476,260.0
nofold/s40_on,199,d(item_6),move_to(?target=item_6),0.1,0.683167,0.6794,260.0
nofold/s40_on,200,ac,move_to(?target=ac_switch_0),164.7,0.702986,0.226,280.0
nofold/s40_on,200,d(item_6),move_to(?target=item_6),0.1,0.702986,0.6991,280.0
nofold/s40_on,201,ac,move_to(?target=ac_switch_0),179.7,0.722585,0.2046,300.0
nofold/s40_on,201,d(item_6),move_to(?target=item_6),0.1,0.722585,0.7185,300.0
nofold/s40_on,202,ac,move_to(?target=ac_switch_0),195.1,0.741737,0.1837,320.0
nofold/s40_on,202,d(item_6),move_to(?target=item_6),0.1,0.741737,0.7375,320.0
nofold/s40_on,203,ac,move_to(?target=ac_switch_0),211.1,0.760223,0.1635,340.0
nofold/s40_on,203,d(item_6),move_to(?target=item_6),0.1,0.760223,0.7559,340.0
nofold/s40_on,204,ac,move_to(?target=ac_switch_0),227.5,0.777841,0.1443,360.0
nofold/s40_on,204,d(item_6),move_to(?target=item_6),0.2,0.777841,0.7733,360.0
nofold/s40_on,205,ac,move_to(?target=ac_switch_0),244.5,0.794417,0.1262,380.0
nofold/s40_on,205,d(item_6),move_to(?target=item_6),0.2,0.794417,0.7897,380.0
nofold/s40_on,206,ac,move_to(?target=ac_switch_0),244.5,0.794417,0.1262,380.0
nofold/s40_on,206,d(item_6),move_to(?target=item_6),0.2,0.794417,0.7897,380.0
nofold/s40_on,207,ac,move_to(?target=ac_switch_0),244.5,0.794417,0.1262,380.0
nofold/s40_on,207,d(item_6),move_to(?target=item_6),0.2,0.794417,0.7897,380.0
nofold/s40_on,208,ac,move_to(?target=ac_switch_0),244.5,0.794417,0.1262,380.0
nofold/s40_on,208,d(item_6),move_to(?target=item_6),0.2,0.794417,0.7897,380.0
nofold/s40_on,209,ac,move_to(?target=ac_switch_0),244.5,0.794417,0.1262,380.0
nofold/s40_on,209,d(item_6),move_to(?target=item_6),0.2,0.794417,0.7897,380.0
nofold/s40_on,210,ac,move_to(?target=ac_switch_0),283.9,0.935356,0.1028,400.0
nofold/s40_on,210,d(item_6),move_to(?target=item_6),28.5,0.935356,0.7991,400.0
nofold/s40_on,211,ac,move_to(?target=ac_switch_0),323.4,1.114828,0.0841,420.0
nofold/s40_on,211,d(item_6),move_to(?target=item_6),57.3,1.114828,0.8,420.0
nofold/s40_on,212,ac,move_to(?target=ac_switch_0),362.9,1.34426,0.0691,440.0
nofold/s40_on,212,d(item_6),move_to(?target=item_6),86.6,1.34426,0.7921,440.0
nofold/s40_on,213,ac,move_to(?target=ac_switch_0),402.5,1.636588,0.0572,460.0
nofold/s40_on,213,d(item_6),move_to(?target=item_6),116.4,1.636588,0.775,460.0
nofold/s40_on,214,ac,move_to(?target=ac_switch_0),442.1,2.005102,0.0474,480.0
nofold/s40_on,214,d(item_6),move_to(?target=item_6),146.6,2.005102,0.7481,480.0
nofold/s40_on,215,ac,move_to(?target=ac_switch_0),481.6,2.461314,0.0393,500.0
nofold/s40_on,215,d(item_6),move_to(?target=item_6),177.3,2.461314,0.7108,500.0
nofold/s40_on,216,ac,move_to(?target=ac_switch_0),521.2,3.011719,0.0325,520.0
nofold/s40_on,216,d(item_6),move_to(?target=item_6),208.5,3.011719,0.6629,520.0
nofold/s40_on,217,ac,move_to(?target=ac_switch_0),560.9,3.653883,0.0266,540.0
nofold/s40_on,217,d(item_6),move_to(?target=item_6),240.0,3.653883,0.6049,540.0
nofold/s40_on,218,ac,move_to(?target=ac_switch_0),600.5,4.373077,0.0214,560.0
nofold/s40_on,218,d(item_6),move_to(?target=item_6),271.9,4.373077,0.5385,560.0
nofold/s40_on,219,ac,move_to(?target=ac_switch_0),640.1,5.141382,0.0169,580.0
nofold/s40_on,219,d(item_6),move_to(?target=item_6),304.1,5.141382,0.4665,580.0
nofold/s40_on,220,ac,move_to(?target=ac_switch_0),679.8,5.920823,0.0131,600.0
nofold/s40_on,220,d(item_6),move_to(?target=item_6),336.7,5.920823,0.3927,600.0
nofold/s40_on,221,ac,move_to(?target=ac_switch_0),719.5,6.670353,0.01,620.0
nofold/s40_on,221,d(item_6),move_to(?target=item_6),369.7,6.670353,0.3213,620.0
nofold/s40_on,222,ac,move_to(?target=ac_switch_0),759.2,7.354244,0.0074,640.0
nofold/s40_on,222,d(item_6),move_to(?target=item_6),402.9,7.354244,0.2559,640.0
nofold/s40_on,223,ac,move_to(?target=ac_switch_0),798.9,7.948439,0.0054,660.0
nofold/s40_on,223,d(item_6),move_to(?target=item_6),436.4,7.948439,0.1988,660.0
nofold/s40_on,224,ac,move_to(?target=ac_switch_0),838.6,8.442728,0.0038,680.0
nofold/s40_on,224,d(item_6),move_to(?target=item_6),470.2,8.442728,0.1511,680.0
nofold/s40_on,225,ac,move_to(?target=ac_switch_0),878.3,8.838934,0.0027,700.0
nofold/s40_on,225,d(item_6),move_to(?target=item_6),504.3,8.838934,0.1128,700.0
nofold/s40_on,226,ac,move_to(?target=ac_switch_0),918.1,9.146955,0.0019,720.0
nofold/s40_on,226,d(item_6),move_to(?target=item_6),538.6,9.146955,0.083,720.0
nofold/s40_on,227,ac,move_to(?target=ac_switch_0),918.1,9.146955,0.0019,720.0
nofold/s40_on,227,d(item_6),move_to(?target=item_6),538.6,9.146955,0.083,720.0
nofold/s40_on,228,ac,move_to(?target=ac_switch_0),918.1,9.146955,0.0019,720.0
nofold/s40_on,228,d(item_6),move_to(?target=item_6),538.6,9.146955,0.083,720.0
nofold/s40_on,229,ac,move_to(?target=ac_switch_0),918.1,9.146955,0.0019,720.0
nofold/s40_on,229,d(item_6),move_to(?target=item_6),538.6,9.146955,0.083,720.0
nofold/s40_on,230,ac,move_to(?target=ac_switch_0),918.1,9.146955,0.0019,720.0
nofold/s40_on,230,d(item_6),move_to(?target=item_6),538.6,9.146955,0.083,720.0
nofold/s40_on,231,ac,move_to(?target=ac_switch_0),926.2,9.148297,0.0017,740.0
nofold/s40_on,231,d(item_6),move_to(?target=item_6),538.6,9.148297,0.083,740.0
nofold/s40_on,232,ac,move_to(?target=ac_switch_0),934.5,9.14957,0.0016,760.0
nofold/s40_on,232,d(item_6),move_to(?target=item_6),538.6,9.14957,0.083,760.0
nofold/s40_on,233,ac,move_to(?target=ac_switch_0),943.1,9.150775,0.0015,780.0
nofold/s40_on,233,d(item_6),move_to(?target=item_6),538.6,9.150775,0.083,780.0
nofold/s40_on,234,ac,move_to(?target=ac_switch_0),951.9,9.151913,0.0013,800.0
nofold/s40_on,234,d(item_6),move_to(?target=item_6),538.6,9.151913,0.083,800.0
nofold/s40_on,235,ac,move_to(?target=ac_switch_0),961.1,9.152984,0.0012,820.0
nofold/s40_on,235,d(item_6),move_to(?target=item_6),538.6,9.152984,0.0831,820.0
nofold/s40_on,236,ac,move_to(?target=ac_switch_0),970.4,9.15399,0.0011,840.0
nofold/s40_on,236,d(item_6),move_to(?target=item_6),538.6,9.15399,0.0831,840.0
nofold/s40_on,237,ac,move_to(?target=ac_switch_0),980.1,9.154933,0.001,860.0
nofold/s40_on,237,d(item_6),move_to(?target=item_6),538.6,9.154933,0.0831,860.0
nofold/s40_on,238,ac,move_to(?target=ac_switch_0),990.1,9.155813,0.001,880.0
nofold/s40_on,238,d(item_6),move_to(?target=item_6),538.6,9.155813,0.0831,880.0
nofold/s40_on,239,ac,move_to(?target=ac_switch_0),1000.3,9.156633,0.001,900.0
nofold/s40_on,239,d(item_6),move_to(?target=item_6),538.6,9.156633,0.0831,900.0
nofold/s40_on,240,ac,move_to(?target=ac_switch_0),1010.9,9.157394,0.001,920.0
nofold/s40_on,240,d(item_6),move_to(?target=item_6),538.6,9.157394,0.0831,920.0
nofold/s40_on,241,ac,move_to(?target=ac_switch_0),1021.8,9.158098,0.001,940.0
nofold/s40_on,241,d(item_6),move_to(?target=item_6),538.6,9.158098,0.0831,940.0
nofold/s40_on,242,ac,move_to(?target=ac_switch_0),1033.0,9.158748,0.001,960.0
nofold/s40_on,242,d(item_6),move_to(?target=item_6),538.6,9.158748,0.0831,960.0
nofold/s40_on,243,ac,move_to(?target=ac_switch_0),1044.6,9.159345,0.001,980.0
nofold/s40_on,243,d(item_6),move_to(?target=item_6),538.6,9.159345,0.0831,980.0
nofold/s40_on,244,ac,move_to(?target=ac_switch_0),1056.4,9.159892,0.001,1000.0
nofold/s40_on,244,d(item_6),move_to(?target=item_6),538.6,9.159892,0.0831,1000.0
nofold/s40_on,245,ac,move_to(?target=ac_switch_0),1068.7,9.160391,0.001,1020.0
nofold/s40_on,245,d(item_6),move_to(?target=item_6),538.6,9.160391,0.0831,1020.0
nofold/s40_on,246,ac,move_to(?target=ac_switch_0),1081.3,9.160845,0.001,1040.0
nofold/s40_on,246,d(item_6),move_to(?target=item_6),538.6,9.160845,0.0831,1040.0
nofold/s40_on,247,ac,move_to(?target=ac_switch_0),1094.3,9.161256,0.001,1060.0
nofold/s40_on,247,d(item_6),move_to(?target=item_6),538.6,9.161256,0.0831,1060.0
nofold/s40_on,248,ac,move_to(?target=ac_switch_0),1107.6,9.161628,0.001,1080.0
nofold/s40_on,248,d(item_6),move_to(?target=item_6),538.6,9.161628,0.0831,1080.0
nofold/s40_on,249,ac,move_to(?target=ac_switch_0),1121.4,9.161961,0.001,1100.0
nofold/s40_on,249,d(item_6),move_to(?target=item_6),538.6,9.161961,0.0831,1100.0
nofold/s40_on,250,ac,move_to(?target=ac_switch_0),1135.5,9.16226,0.001,1120.0
nofold/s40_on,250,d(item_6),move_to(?target=item_6),538.6,9.16226,0.0831,1120.0
nofold/s40_on,251,ac,move_to(?target=ac_switch_0),1150.0,9.162526,0.001,1140.0
nofold/s40_on,251,d(item_6),move_to(?target=item_6),538.6,9.162526,0.0831,1140.0
nofold/s40_on,252,ac,move_to(?target=ac_switch_0),1165.0,9.162762,0.001,1160.0
nofold/s40_on,252,d(item_6),move_to(?target=item_6),538.6,9.162762,0.0831,1160.0
nofold/s40_on,253,ac,move_to(?target=ac_switch_0),1180.4,9.16297,0.001,1180.0
nofold/s40_on,253,d(item_6),move_to(?target=item_6),538.6,9.16297,0.0831,1180.0
nofold/s40_on,254,ac,move_to(?target=ac_switch_0),1196.1,9.163154,0.001,1200.0
nofold/s40_on,254,d(item_6),move_to(?target=item_6),538.6,9.163154,0.0831,1200.0
nofold/s40_on,255,ac,move_to(?target=ac_switch_0),1212.4,9.163314,0.001,1220.0
nofold/s40_on,255,d(item_6),move_to(?target=item_6),538.6,9.163314,0.0831,1220.0
nofold/s40_on,256,ac,move_to(?target=ac_switch_0),1229.0,9.163454,0.001,1240.0
nofold/s40_on,256,d(item_6),move_to(?target=item_6),538.6,9.163454,0.0831,1240.0
nofold/s40_on,257,ac,move_to(?target=ac_switch_0),1246.1,9.163575,0.001,1260.0
nofold/s40_on,257,d(item_6),move_to(?target=item_6),538.6,9.163575,0.0831,1260.0
nofold/s40_on,258,ac,move_to(?target=ac_switch_0),1263.6,9.16368,0.001,1280.0
nofold/s40_on,258,d(item_6),move_to(?target=item_6),538.6,9.16368,0.0831,1280.0
nofold/s40_on,259,ac,move_to(?target=ac_switch_0),1281.6,9.16377,0.001,1300.0
nofold/s40_on,259,d(item_6),move_to(?target=item_6),538.6,9.16377,0.0831,1300.0
nofold/s40_on,260,ac,move_to(?target=ac_switch_0),1300.1,9.163847,0.001,1320.0
nofold/s40_on,260,d(item_6),move_to(?target=item_6),538.6,9.163847,0.0831,1320.0
nofold/s40_on,261,ac,move_to(?target=ac_switch_0),1318.9,9.163912,0.001,1340.0
nofold/s40_on,261,d(item_6),move_to(?target=item_6),538.6,9.163912,0.0831,1340.0
nofold/s40_on,262,ac,move_to(?target=ac_switch_0),1338.3,9.163967,0.001,1360.0
nofold/s40_on,262,d(item_6),move_to(?target=item_6),538.6,9.163967,0.0831,1360.0
nofold/s40_on,263,ac,move_to(?target=ac_switch_0),1358.1,9.164014,0.001,1380.0
nofold/s40_on,263,d(item_6),move_to(?target=item_6),538.6,9.164014,0.0831,1380.0
nofold/s40_on,264,ac,move_to(?target=ac_switch_0),1378.3,9.164052,0.001,1400.0
nofold/s40_on,264,d(item_6),move_to(?target=item_6),538.6,9.164052,0.0831,1400.0
nofold/s40_on,265,ac,move_to(?target=ac_switch_0),1399.0,9.164085,0.001,1420.0
nofold/s40_on,265,d(item_6),move_to(?target=item_6),538.6,9.164085,0.0831,1420.0
nofold/s40_on,266,ac,move_to(?target=ac_switch_0),1420.2,9.164112,0.001,1440.0
nofold/s40_on,266,d(item_6),move_to(?target=item_6),538.6,9.164112,0.0831,1440.0
nofold/s40_on,267,ac,move_to(?target=ac_switch_0),1441.8,9.164134,0.001,1460.0
nofold/s40_on,267,d(item_6),move_to(?target=item_6),538.6,9.164134,0.0831,1460.0
nofold/s40_on,268,ac,move_to(?target=ac_switch_0),1463.9,9.164152,0.001,1480.0
nofold/s40_on,268,d(item_6),move_to(?target=item_6),538.6,9.164152,0.0831,1480.0
nofold/s40_on,269,ac,move_to(?target=ac_switch_0),1486.4,9.164167,0.001,1500.0
nofold/s40_on,269,d(item_6),move_to(?target=item_6),538.6,9.164167,0.0831,1500.0
nofold/s40_on,270,ac,move_to(?target=ac_switch_0),1509.3,9.164179,0.001,1520.0
nofold/s40_on,270,d(item_6),pick_up(?item=item_6),,0.083577,0.0831,0.0
nofold/s40_on,271,ac,move_to(?target=ac_switch_0),1509.3,9.164179,0.001,1520.0
nofold/s40_on,271,d(item_6),pick_up(?item=item_6),,0.083577,0.0831,0.0
nofold/s40_on,272,ac,move_to(?target=ac_switch_0),1509.3,9.164179,0.001,1520.0
nofold/s40_on,272,d(item_6),move_to(?target=kitting_table_0),0.0,0.083577,0.0831,0.0
nofold/s40_on,273,ac,move_to(?target=ac_switch_0),1509.3,9.164179,0.001,1520.0
nofold/s40_on,273,d(item_6),move_to(?target=kitting_table_0),0.0,0.083577,0.0831,0.0
nofold/s40_on,274,ac,move_to(?target=ac_switch_0),1510.3,9.16418,0.001,1540.0
nofold/s40_on,274,d(item_6),move_to(?target=kitting_table_0),0.0,0.083577,0.0831,20.0
nofold/s40_on,275,ac,move_to(?target=ac_switch_0),1511.3,9.16418,0.001,1560.0
nofold/s40_on,275,d(item_6),move_to(?target=kitting_table_0),0.0,0.083577,0.0831,40.0
nofold/s40_on,276,ac,move_to(?target=ac_switch_0),1512.4,9.164181,0.001,1580.0
nofold/s40_on,276,d(item_6),move_to(?target=kitting_table_0),0.0,0.083577,0.0831,60.0
nofold/s40_on,277,ac,move_to(?target=ac_switch_0),1513.5,9.164181,0.001,1600.0
nofold/s40_on,277,d(item_6),move_to(?target=kitting_table_0),0.0,0.083577,0.0831,80.0
nofold/s40_on,278,ac,move_to(?target=ac_switch_0),1514.7,9.164182,0.001,1620.0
nofold/s40_on,278,d(item_6),move_to(?target=kitting_table_0),0.0,0.083577,0.0831,100.0
nofold/s40_on,279,ac,move_to(?target=ac_switch_0),1515.9,9.164182,0.001,1640.0
nofold/s40_on,279,d(item_6),move_to(?target=kitting_table_0),0.0,0.083577,0.0831,120.0
nofold/s40_on,280,ac,move_to(?target=ac_switch_0),1517.2,9.164183,0.001,1660.0
nofold/s40_on,280,d(item_6),move_to(?target=kitting_table_0),0.0,0.083577,0.0831,140.0
nofold/s40_on,281,ac,move_to(?target=ac_switch_0),1518.5,9.164183,0.001,1680.0
nofold/s40_on,281,d(item_6),move_to(?target=kitting_table_0),0.0,0.083577,0.0831,160.0
nofold/s40_on,282,ac,move_to(?target=ac_switch_0),1519.9,9.164184,0.001,1700.0
nofold/s40_on,282,d(item_6),move_to(?target=kitting_table_0),0.0,0.083577,0.0831,180.0
nofold/s40_on,283,ac,move_to(?target=ac_switch_0),1521.4,9.164184,0.001,1720.0
nofold/s40_on,283,d(item_6),move_to(?target=kitting_table_0),0.0,0.083577,0.0831,200.0
nofold/s40_on,284,ac,move_to(?target=ac_switch_0),1523.0,9.164185,0.001,1740.0
nofold/s40_on,284,d(item_6),move_to(?target=kitting_table_0),0.0,0.083577,0.0831,220.0
nofold/s40_on,285,ac,move_to(?target=ac_switch_0),1524.7,9.164186,0.001,1760.0
nofold/s40_on,285,d(item_6),move_to(?target=kitting_table_0),0.0,0.083577,0.0831,240.0
nofold/s40_on,286,ac,move_to(?target=ac_switch_0),1526.5,9.164187,0.001,1780.0
nofold/s40_on,286,d(item_6),move_to(?target=kitting_table_0),0.0,0.083577,0.0831,260.0
nofold/s40_on,287,ac,move_to(?target=ac_switch_0),1528.4,9.164187,0.001,1800.0
nofold/s40_on,287,d(item_6),move_to(?target=kitting_table_0),0.0,0.083577,0.0831,280.0
nofold/s40_on,288,ac,move_to(?target=ac_switch_0),1530.4,9.164188,0.001,1820.0
nofold/s40_on,288,d(item_6),move_to(?target=kitting_table_0),0.0,0.083577,0.0831,300.0
nofold/s40_on,289,ac,move_to(?target=ac_switch_0),1532.5,9.164189,0.001,1840.0
nofold/s40_on,289,d(item_6),move_to(?target=kitting_table_0),0.0,0.083577,0.0831,320.0
nofold/s40_on,290,ac,move_to(?target=ac_switch_0),1534.8,9.16419,0.001,1860.0
nofold/s40_on,290,d(item_6),move_to(?target=kitting_table_0),0.0,0.083577,0.0831,340.0
nofold/s40_on,291,ac,move_to(?target=ac_switch_0),1537.2,9.164191,0.001,1880.0
nofold/s40_on,291,d(item_6),move_to(?target=kitting_table_0),0.0,0.083577,0.0831,360.0
nofold/s40_on,292,ac,move_to(?target=ac_switch_0),1539.8,9.164191,0.001,1900.0
nofold/s40_on,292,d(item_6),move_to(?target=kitting_table_0),0.0,0.083577,0.0831,380.0
nofold/s40_on,293,ac,move_to(?target=ac_switch_0),1542.6,9.164192,0.001,1920.0
nofold/s40_on,293,d(item_6),move_to(?target=kitting_table_0),0.0,0.083577,0.0831,400.0
nofold/s40_on,294,ac,move_to(?target=ac_switch_0),1545.6,9.164193,0.001,1940.0
nofold/s40_on,294,d(item_6),move_to(?target=kitting_table_0),0.0,0.083577,0.0831,420.0
nofold/s40_on,295,ac,move_to(?target=ac_switch_0),1548.8,9.164194,0.001,1960.0
nofold/s40_on,295,d(item_6),move_to(?target=kitting_table_0),0.0,0.083577,0.0831,440.0
nofold/s40_on,296,ac,move_to(?target=ac_switch_0),1552.3,9.164195,0.001,1980.0
nofold/s40_on,296,d(item_6),move_to(?target=kitting_table_0),0.0,0.083577,0.0831,460.0
nofold/s40_on,297,ac,move_to(?target=ac_switch_0),1556.0,9.164197,0.001,2000.0
nofold/s40_on,297,d(item_6),move_to(?target=kitting_table_0),0.0,0.083577,0.0831,480.0
nofold/s40_on,298,ac,move_to(?target=ac_switch_0),1560.1,9.164198,0.001,2020.0
nofold/s40_on,298,d(item_6),move_to(?target=kitting_table_0),0.0,0.083577,0.0831,500.0
nofold/s40_on,299,ac,move_to(?target=ac_switch_0),1564.5,9.164199,0.001,2040.0
nofold/s40_on,299,d(item_6),move_to(?target=kitting_table_0),0.0,0.083577,0.0831,520.0
nofold/s40_on,300,ac,move_to(?target=ac_switch_0),1569.3,9.1642,0.001,2060.0
nofold/s40_on,300,d(item_6),move_to(?target=kitting_table_0),0.0,0.083577,0.0831,540.0
nofold/s40_on,301,ac,move_to(?target=ac_switch_0),1574.5,9.164202,0.001,2080.0
nofold/s40_on,301,d(item_6),move_to(?target=kitting_table_0),0.0,0.083577,0.0831,560.0
nofold/s40_on,302,ac,move_to(?target=ac_switch_0),1580.2,9.164203,0.001,2100.0
nofold/s40_on,302,d(item_6),move_to(?target=kitting_table_0),0.0,0.083577,0.0831,580.0
nofold/s40_on,303,ac,move_to(?target=ac_switch_0),1586.4,9.164204,0.001,2120.0
nofold/s40_on,303,d(item_6),move_to(?target=kitting_table_0),0.0,0.083577,0.0831,600.0
nofold/s40_on,304,ac,move_to(?target=ac_switch_0),1593.3,9.164206,0.001,2140.0
nofold/s40_on,304,d(item_6),move_to(?target=kitting_table_0),0.0,0.083577,0.0831,620.0
nofold/s40_on,305,ac,move_to(?target=ac_switch_0),1600.8,9.164207,0.001,2160.0
nofold/s40_on,305,d(item_6),move_to(?target=kitting_table_0),0.0,0.083577,0.0831,640.0
nofold/s40_on,306,ac,move_to(?target=ac_switch_0),1609.0,9.164209,0.001,2180.0
nofold/s40_on,306,d(item_6),move_to(?target=kitting_table_0),0.0,0.083577,0.0831,660.0
nofold/s40_on,307,ac,move_to(?target=ac_switch_0),1618.1,9.16421,0.001,2200.0
nofold/s40_on,307,d(item_6),move_to(?target=kitting_table_0),0.0,0.083577,0.0831,680.0
nofold/s40_on,308,ac,move_to(?target=ac_switch_0),1628.1,9.164212,0.001,2220.0
nofold/s40_on,308,d(item_6),move_to(?target=kitting_table_0),0.0,0.083577,0.0831,700.0
nofold/s40_on,309,ac,move_to(?target=ac_switch_0),1639.0,9.164213,0.001,2240.0
nofold/s40_on,309,d(item_6),move_to(?target=kitting_table_0),0.0,0.083577,0.0831,720.0
nofold/s40_on,310,ac,move_to(?target=ac_switch_0),1651.1,9.164215,0.001,2260.0
nofold/s40_on,310,d(item_6),move_to(?target=kitting_table_0),0.0,0.083577,0.0831,740.0
nofold/s40_on,311,ac,move_to(?target=ac_switch_0),1664.4,9.164216,0.001,2280.0
nofold/s40_on,311,d(item_6),move_to(?target=kitting_table_0),0.0,0.083577,0.0831,760.0
nofold/s40_on,312,ac,move_to(?target=ac_switch_0),1679.0,9.164217,0.001,2300.0
nofold/s40_on,312,d(item_6),move_to(?target=kitting_table_0),0.0,0.083577,0.0831,780.0
nofold/s40_on,313,ac,move_to(?target=ac_switch_0),1694.9,9.164219,0.001,2320.0
nofold/s40_on,313,d(item_6),move_to(?target=kitting_table_0),0.0,0.083577,0.0831,800.0
nofold/s40_on,314,ac,move_to(?target=ac_switch_0),1712.2,9.16422,0.001,2340.0
nofold/s40_on,314,d(item_6),move_to(?target=kitting_table_0),0.0,0.083577,0.0831,820.0
nofold/s40_on,315,ac,move_to(?target=ac_switch_0),1731.0,9.164221,0.001,2360.0
nofold/s40_on,315,d(item_6),move_to(?target=kitting_table_0),0.0,0.083577,0.0831,840.0
nofold/s40_on,316,ac,move_to(?target=ac_switch_0),1751.3,9.164222,0.001,2380.0
nofold/s40_on,316,d(item_6),move_to(?target=kitting_table_0),0.0,0.083577,0.0831,860.0
nofold/s40_on,317,ac,move_to(?target=ac_switch_0),1773.1,9.164223,0.001,2400.0
nofold/s40_on,317,d(item_6),move_to(?target=kitting_table_0),0.0,0.083577,0.0831,880.0
nofold/s40_on,318,ac,move_to(?target=ac_switch_0),1796.3,9.164223,0.001,2420.0
nofold/s40_on,318,d(item_6),move_to(?target=kitting_table_0),0.0,0.083577,0.0831,900.0
nofold/s40_on,319,ac,move_to(?target=ac_switch_0),1820.9,9.164224,0.001,2440.0
nofold/s40_on,319,d(item_6),move_to(?target=kitting_table_0),0.0,0.083577,0.0831,920.0
nofold/s40_on,320,ac,move_to(?target=ac_switch_0),1846.8,9.164224,0.001,2460.0
nofold/s40_on,320,d(item_6),move_to(?target=kitting_table_0),0.0,0.083577,0.0831,940.0
nofold/s40_on,321,ac,move_to(?target=ac_switch_0),1873.9,9.164225,0.001,2480.0
nofold/s40_on,321,d(item_6),move_to(?target=kitting_table_0),0.0,0.083577,0.0831,960.0
nofold/s40_on,322,ac,move_to(?target=ac_switch_0),1902.3,9.164225,0.001,2500.0
nofold/s40_on,322,d(item_6),move_to(?target=kitting_table_0),0.0,0.083577,0.0831,980.0
nofold/s40_on,323,ac,move_to(?target=ac_switch_0),1931.7,9.164225,0.001,2520.0
nofold/s40_on,323,d(item_6),move_to(?target=kitting_table_0),0.0,0.083577,0.0831,1000.0
nofold/s40_on,324,ac,move_to(?target=ac_switch_0),1962.0,9.164225,0.001,2540.0
nofold/s40_on,324,d(item_6),move_to(?target=kitting_table_0),0.0,0.083577,0.0831,1020.0
nofold/s40_on,325,ac,move_to(?target=ac_switch_0),1993.3,9.164226,0.001,2560.0
nofold/s40_on,325,d(item_6),move_to(?target=kitting_table_0),0.0,0.083577,0.0831,1040.0
nofold/s40_on,326,ac,move_to(?target=ac_switch_0),2025.3,9.164226,0.001,2580.0
nofold/s40_on,326,d(item_6),move_to(?target=kitting_table_0),0.0,0.083577,0.0831,1060.0
nofold/s40_on,327,ac,move_to(?target=ac_switch_0),2058.1,9.164226,0.001,2600.0
nofold/s40_on,327,d(item_6),move_to(?target=kitting_table_0),0.0,0.083577,0.0831,1080.0
nofold/s40_on,328,ac,move_to(?target=ac_switch_0),2091.5,9.164226,0.001,2620.0
nofold/s40_on,328,d(item_6),move_to(?target=kitting_table_0),0.0,0.083577,0.0831,1100.0
nofold/s40_on,329,ac,move_to(?target=ac_switch_0),2125.5,9.164226,0.001,2640.0
nofold/s40_on,329,d(item_6),"place(?item=item_6,?target=kitting_table_0)",,0.083577,0.0831,0.0
nofold/s40_on,330,ac,move_to(?target=ac_switch_0),2125.5,9.164226,0.001,2640.0
nofold/s40_on,330,d(item_6),"place(?item=item_6,?target=kitting_table_0)",,0.083577,0.0831,0.0
nofold/s40_on,331,ac,move_to(?target=ac_switch_0),0.0,0.5,0.497,0.0
nofold/s40_on,332,ac,move_to(?target=ac_switch_0),0.0,0.5,0.497,0.0
nofold/s40_on,333,ac,move_to(?target=ac_switch_0),0.0,0.5,0.497,0.0
nofold/s40_on,334,ac,move_to(?target=ac_switch_0),0.0,0.5,0.497,0.0
nofold/s40_on,335,ac,move_to(?target=ac_switch_0),0.0,0.5,0.497,0.0
nofold/s40_on,336,ac,move_to(?target=ac_switch_0),0.0,0.5,0.497,0.0
nofold/s40_on,337,ac,move_to(?target=ac_switch_0),0.0,0.5,0.497,0.0
nofold/s40_on,338,ac,move_to(?target=ac_switch_0),0.0,0.5,0.497,0.0
nofold/s40_on,339,ac,move_to(?target=ac_switch_0),0.0,0.5,0.497,0.0
nofold/s40_on,340,ac,move_to(?target=ac_switch_0),0.0,0.5,0.497,0.0
nofold/s40_on,341,ac,move_to(?target=ac_switch_0),0.0,0.5,0.497,0.0
nofold/s40_on,342,ac,move_to(?target=ac_switch_0),0.0,0.5,0.497,0.0
nofold/s40_on,343,ac,move_to(?target=ac_switch_0),0.0,0.5,0.497,0.0
nofold/s40_on,344,ac,move_to(?target=ac_switch_0),0.0,0.5,0.497,0.0
nofold/s40_on,345,ac,move_to(?target=ac_switch_0),0.0,0.5,0.497,0.0
nofold/s40_on,346,ac,move_to(?target=ac_switch_0),0.0,0.5,0.497,0.0
nofold/s40_on,347,ac,move_to(?target=ac_switch_0),0.0,0.5,0.497,0.0
nofold/s40_on,348,ac,move_to(?target=ac_switch_0),0.0,0.5,0.497,0.0
nofold/s40_on,349,ac,move_to(?target=ac_switch_0),0.0,0.5,0.497,0.0
nofold/s40_on,350,ac,move_to(?target=ac_switch_0),0.0,0.5,0.497,0.0
nofold/s40_on,351,ac,move_to(?target=ac_switch_0),0.0,0.5,0.497,0.0
nofold/s40_on,352,ac,move_to(?target=ac_switch_0),0.0,0.5,0.497,0.0
nofold/s40_on,353,ac,move_to(?target=ac_switch_0),0.0,0.5,0.497,0.0
nofold/s40_on,354,ac,move_to(?target=ac_switch_0),0.0,0.5,0.497,0.0
nofold/s40_on,355,ac,move_to(?target=ac_switch_0),0.0,0.5,0.497,0.0
nofold/s40_on,356,ac,move_to(?target=ac_switch_0),0.0,0.5,0.497,0.0
nofold/s40_on,357,ac,move_to(?target=ac_switch_0),0.0,0.5,0.497,0.0
nofold/s40_on,358,ac,move_to(?target=ac_switch_0),0.0,0.5,0.497,0.0
nofold/s40_on,359,ac,move_to(?target=ac_switch_0),0.0,0.5,0.497,0.0
nofold/s40_on,360,ac,move_to(?target=ac_switch_0),0.0,0.5,0.497,0.0
nofold/s40_on,361,ac,move_to(?target=ac_switch_0),0.0,0.5,0.497,0.0
nofold/s40_on,362,ac,move_to(?target=ac_switch_0),0.0,0.5,0.497,0.0
nofold/s40_on,363,ac,move_to(?target=ac_switch_0),0.0,0.5,0.497,0.0
nofold/s40_on,364,ac,move_to(?target=ac_switch_0),0.0,0.5,0.497,0.0
nofold/s40_on,365,ac,move_to(?target=ac_switch_0),0.0,0.5,0.497,0.0
nofold/s40_on,366,ac,move_to(?target=ac_switch_0),0.0,0.5,0.497,0.0
nofold/s40_on,367,ac,move_to(?target=ac_switch_0),0.0,0.5,0.497,0.0
nofold/s40_on,368,ac,move_to(?target=ac_switch_0),0.0,0.5,0.497,0.0
nofold/s40_on,369,ac,move_to(?target=ac_switch_0),0.0,0.5,0.497,0.0
nofold/s40_on,370,ac,move_to(?target=ac_switch_0),0.0,0.5,0.497,0.0
nofold/s40_on,371,ac,move_to(?target=ac_switch_0),0.0,0.5,0.497,0.0
nofold/s40_on,372,ac,move_to(?target=ac_switch_0),0.0,0.5,0.497,0.0
nofold/s40_on,373,ac,move_to(?target=ac_switch_0),0.0,0.5,0.497,0.0
nofold/s40_on,374,ac,move_to(?target=ac_switch_0),0.0,0.5,0.497,0.0
nofold/s40_on,375,ac,move_to(?target=ac_switch_0),0.0,0.5,0.497,0.0
nofold/s40_on,376,ac,move_to(?target=ac_switch_0),0.0,0.5,0.497,0.0
nofold/s40_on,377,ac,move_to(?target=ac_switch_0),0.0,0.5,0.497,0.0
nofold/s40_on,378,ac,move_to(?target=ac_switch_0),0.0,0.5,0.497,0.0
