condition,step,segment,truth,human_action,human_micro,human_holding,most_likely,confidence,dist...
s00_off,0,,d(item_3),move_to,step,,d(item_3),0.2002,0.1891,0.2002,0.1937,0.1995,0.1975,0.02
s00_off,1,,d(item_3),move_to,step,,d(item_3),0.2049,0.1811,0.2049,0.1911,0.2033,0.1991,0.0205
s00_off,2,,d(item_3),move_to,step,,d(item_3),0.2102,0.1719,0.2102,0.1882,0.2076,0.2011,0.021
s00_off,3,,d(item_3),move_to,step,,d(item_3),0.2161,0.1616,0.2161,0.185,0.2125,0.2033,0.0216
s00_off,4,,d(item_3),move_to,step,,d(item_3),0.2226,0.1501,0.2226,0.1814,0.2179,0.2057,0.0223
s00_off,5,,d(item_3),move_to,step,,d(item_3),0.23,0.1376,0.23,0.1772,0.2239,0.2084,0.023
s00_off,6,,d(item_3),move_to,step,,d(item_3),0.238,0.1242,0.238,0.1724,0.2304,0.2112,0.0238
s00_off,7,,d(item_3),move_to,step,,d(item_3),0.2471,0.1104,0.2471,0.167,0.2379,0.2129,0.0247
s00_off,8,,d(item_3),move_to,step,,d(item_3),0.2571,0.0964,0.2571,0.1609,0.2459,0.214,0.0257
s00_off,9,,d(item_3),move_to,step,,d(item_3),0.2679,0.0827,0.2679,0.1539,0.2546,0.2141,0.0268
s00_off,10,,d(item_3),move_to,step,,d(item_3),0.2796,0.0697,0.2796,0.1461,0.2638,0.2128,0.028
s00_off,11,,d(item_3),move_to,step,,d(item_3),0.2922,0.0577,0.2922,0.1374,0.2736,0.2098,0.0292
s00_off,12,,d(item_3),move_to,step,,d(item_3),0.3057,0.0471,0.3057,0.1279,0.284,0.2047,0.0306
s00_off,13,,d(item_3),move_to,step,,d(item_3),0.3204,0.0378,0.3204,0.1179,0.295,0.1969,0.032
s00_off,14,,d(item_3),move_to,step,,d(item_3),0.3363,0.03,0.3363,0.1074,0.3067,0.1861,0.0336
s00_off,15,,d(item_3),move_to,step,,d(item_3),0.3534,0.0235,0.3534,0.0967,0.319,0.172,0.0353
s00_off,16,,d(item_3),move_to,step,,d(item_3),0.3719,0.0182,0.3719,0.0861,0.3319,0.1547,0.0372
s00_off,17,,d(item_3),move_to,step,,d(item_3),0.3916,0.014,0.3916,0.0756,0.3452,0.1345,0.0392
s00_off,18,,d(item_3),move_to,step,,d(item_3),0.4121,0.0106,0.4121,0.0654,0.3584,0.1123,0.0412
s00_off,19,,d(item_3),move_to,step,,d(item_3),0.4327,0.008,0.4327,0.0558,0.3708,0.0894,0.0433
s00_off,20,,d(item_3),move_to,step,,d(item_3),0.4527,0.006,0.4527,0.0468,0.3817,0.0676,0.0453
s00_off,21,,d(item_3),move_to,step,,d(item_3),0.4712,0.0044,0.4712,0.0385,0.3902,0.0485,0.0471
s00_off,22,,d(item_3),move_to,step,,d(item_3),0.4879,0.0032,0.4879,0.0312,0.396,0.033,0.0488
s00_off,23,,d(item_3),move_to,step,,d(item_3),0.5024,0.0023,0.5024,0.0248,0.3988,0.0214,0.0502
s00_off,24,,d(item_3),move_to,step,,d(item_3),0.5152,0.0017,0.5152,0.0195,0.3989,0.0133,0.0515
s00_off,25,,d(item_3),move_to,step,,d(item_3),0.5266,0.0012,0.5266,0.0151,0.3964,0.008,0.0527
s00_off,26,,d(item_3),move_to,step,,d(item_3),0.5373,0.001,0.5373,0.0115,0.3918,0.0047,0.0537
s00_off,27,,d(item_3),move_to,step,,d(item_3),0.5476,0.001,0.5476,0.0088,0.3852,0.0027,0.0548
s00_off,28,,d(item_3),move_to,step,,d(item_3),0.5582,0.001,0.5582,0.0066,0.3769,0.0015,0.0558
s00_off,29,,d(item_3),move_to,step,,d(item_3),0.5694,0.001,0.5694,0.0049,0.3667,0.001,0.0569
s00_off,30,,d(item_3),move_to,step,,d(item_3),0.5814,0.001,0.5814,0.0037,0.3548,0.001,0.0581
s00_off,31,,d(item_3),move_to,step,,d(item_3),0.5948,0.001,0.5948,0.0027,0.341,0.001,0.0595
s00_off,32,,d(item_3),move_to,step,,d(item_3),0.6098,0.001,0.6098,0.002,0.3253,0.001,0.061
s00_off,33,,d(item_3),move_to,step,,d(item_3),0.6265,0.001,0.6265,0.0015,0.3074,0.001,0.0626
s00_off,34,,d(item_3),move_to,step,,d(item_3),0.645,0.001,0.645,0.0011,0.2874,0.001,0.0645
s00_off,35,,d(item_3),move_to,step,,d(item_3),0.6653,0.001,0.6653,0.001,0.2651,0.001,0.0665
s00_off,36,,d(item_3),move_to,step,,d(item_3),0.6873,0.001,0.6873,0.001,0.2409,0.001,0.0687
s00_off,37,,d(item_3),move_to,step,,d(item_3),0.7108,0.001,0.7108,0.001,0.2151,0.001,0.0711
s00_off,38,,d(item_3),move_to,step,,d(item_3),0.7351,0.001,0.7351,0.001,0.1884,0.001,0.0735
s00_off,39,,d(item_3),move_to,step,,d(item_3),0.9668,0.001,0.9668,0.001,0.0206,0.001,0.0097
s00_off,40,,d(item_3),move_to,,,d(item_3),0.9668,0.001,0.9668,0.001,0.0206,0.001,0.0097
s00_off,41,,d(item_3),pick_up,grasp,item_3,d(item_3),0.8154,0.001,0.8154,0.001,0.1734,0.001,0.0082
s00_off,42,,d(item_3),pick_up,,item_3,d(item_3),0.8154,0.001,0.8154,0.001,0.1734,0.001,0.0082
s00_off,43,,d(item_3),move_to,step,item_3,d(item_3),0.9753,0.001,0.9753,0.001,0.0207,0.001,0.001
s00_off,44,,d(item_3),move_to,step,item_3,d(item_3),0.8505,0.001,0.8505,0.001,0.1455,0.001,0.001
s00_off,45,,d(item_3),move_to,step,item_3,d(item_3),0.8795,0.001,0.8795,0.001,0.1165,0.001,0.001
s00_off,46,,d(item_3),move_to,step,item_3,d(item_3),0.9063,0.001,0.9063,0.001,0.0897,0.001,0.001
s00_off,47,,d(item_3),move_to,step,item_3,d(item_3),0.9292,0.001,0.9292,0.001,0.0668,0.001,0.001
s00_off,48,,d(item_3),move_to,step,item_3,d(item_3),0.9476,0.001,0.9476,0.001,0.0484,0.001,0.001
s00_off,49,,d(item_3),move_to,step,item_3,d(item_3),0.9617,0.001,0.9617,0.001,0.0343,0.001,0.001
s00_off,50,,d(item_3),move_to,step,item_3,d(item_3),0.9721,0.001,0.9721,0.001,0.0239,0.001,0.001
s00_off,51,,d(item_3),move_to,step,item_3,d(item_3),0.9795,0.001,0.9795,0.001,0.0165,0.001,0.001
s00_off,52,,d(item_3),move_to,step,item_3,d(item_3),0.9848,0.001,0.9848,0.001,0.0112,0.001,0.001
s00_off,53,,d(item_3),move_to,step,item_3,d(item_3),0.9884,0.001,0.9884,0.001,0.0076,0.001,0.001
s00_off,54,,d(item_3),move_to,step,item_3,d(item_3),0.9908,0.001,0.9908,0.001,0.0052,0.001,0.001
s00_off,55,,d(item_3),move_to,step,item_3,d(item_3),0.9925,0.001,0.9925,0.001,0.0035,0.001,0.001
s00_off,56,,d(item_3),move_to,step,item_3,d(item_3),0.9937,0.001,0.9937,0.001,0.0023,0.001,0.001
s00_off,57,,d(item_3),move_to,step,item_3,d(item_3),0.9944,0.001,0.9944,0.001,0.0016,0.001,0.001
s00_off,58,,d(item_3),move_to,step,item_3,d(item_3),0.995,0.001,0.995,0.001,0.0011,0.001,0.001
s00_off,59,,d(item_3),move_to,step,item_3,d(item_3),0.995,0.001,0.995,0.001,0.001,0.001,0.001
s00_off,60,,d(item_3),move_to,step,item_3,d(item_3),0.995,0.001,0.995,0.001,0.001,0.001,0.001
s00_off,61,,d(item_3),move_to,step,item_3,d(item_3),0.995,0.001,0.995,0.001,0.001,0.001,0.001
s00_off,62,,d(item_3),move_to,step,item_3,d(item_3),0.995,0.001,0.995,0.001,0.001,0.001,0.001
s00_off,63,,d(item_3),move_to,step,item_3,d(item_3),0.995,0.001,0.995,0.001,0.001,0.001,0.001
s00_off,64,,d(item_3),move_to,step,item_3,d(item_3),0.995,0.001,0.995,0.001,0.001,0.001,0.001
s00_off,65,,d(item_3),move_to,step,item_3,d(item_3),0.995,0.001,0.995,0.001,0.001,0.001,0.001
s00_off,66,,d(item_3),move_to,step,item_3,d(item_3),0.995,0.001,0.995,0.001,0.001,0.001,0.001
s00_off,67,,d(item_3),move_to,step,item_3,d(item_3),0.995,0.001,0.995,0.001,0.001,0.001,0.001
s00_off,68,,d(item_3),move_to,step,item_3,d(item_3),0.995,0.001,0.995,0.001,0.001,0.001,0.001
s00_off,69,,d(item_3),move_to,step,item_3,d(item_3),0.995,0.001,0.995,0.001,0.001,0.001,0.001
s00_off,70,,d(item_3),move_to,step,item_3,d(item_3),0.995,0.001,0.995,0.001,0.001,0.001,0.001
s00_off,71,,d(item_3),move_to,step,item_3,d(item_3),0.995,0.001,0.995,0.001,0.001,0.001,0.001
s00_off,72,,d(item_3),move_to,step,item_3,d(item_3),0.995,0.001,0.995,0.001,0.001,0.001,0.001
s00_off,73,,d(item_3),move_to,step,item_3,d(item_3),0.995,0.001,0.995,0.001,0.001,0.001,0.001
s00_off,74,,d(item_3),move_to,step,item_3,d(item_3),0.995,0.001,0.995,0.001,0.001,0.001,0.001
s00_off,75,,d(item_3),move_to,step,item_3,d(item_3),0.995,0.001,0.995,0.001,0.001,0.001,0.001
s00_off,76,,d(item_3),move_to,step,item_3,d(item_3),0.995,0.001,0.995,0.001,0.001,0.001,0.001
s00_off,77,,d(item_3),move_to,,item_3,d(item_3),0.995,0.001,0.995,0.001,0.001,0.001,0.001
s00_off,78,,d(item_3),place,release,,d(item_2),0.2495,0.2495,0.001,0.2495,0.2495,0.001,0.2495
s00_off,79,,d(item_3),place,,,d(item_2),0.2495,0.2495,0.001,0.2495,0.2495,0.001,0.2495
s00_off,80,,d(item_2),,,,d(item_2),0.2495,0.2495,0.001,0.2495,0.2495,0.001,0.2495
s00_off,81,,d(item_2),move_to,step,,d(item_2),0.333,0.333,0.001,0.3314,0.3002,0.001,0.0333
s00_off,82,,d(item_2),move_to,step,,d(item_2),0.3461,0.3461,0.001,0.3428,0.2745,0.001,0.0346
s00_off,83,,d(item_2),move_to,step,,d(item_2),0.3616,0.3616,0.001,0.3562,0.244,0.001,0.0362
s00_off,84,,d(item_2),move_to,step,,d(item_2),0.3797,0.3797,0.001,0.3719,0.2084,0.001,0.038
s00_off,85,,d(item_2),move_to,step,,d(item_2),0.3999,0.3999,0.001,0.3894,0.1687,0.001,0.04
s00_off,86,,d(item_2),move_to,step,,d(item_2),0.421,0.421,0.001,0.4072,0.1277,0.001,0.0421
s00_off,87,,d(item_2),move_to,step,,d(item_2),0.4408,0.4408,0.001,0.4234,0.0897,0.001,0.0441
s00_off,88,,d(item_2),move_to,step,,d(item_2),0.4576,0.4576,0.001,0.4362,0.0585,0.001,0.0458
s00_off,89,,d(item_2),move_to,step,,d(item_2),0.4704,0.4704,0.001,0.4448,0.0358,0.001,0.047
s00_off,90,,d(item_2),move_to,step,,d(item_2),0.4796,0.4796,0.001,0.4496,0.0208,0.001,0.048
s00_off,91,,d(item_2),move_to,step,,d(item_2),0.4861,0.4861,0.001,0.4513,0.0119,0.001,0.0486
s00_off,92,,d(item_2),move_to,step,,d(item_2),0.4903,0.4903,0.001,0.4505,0.0081,0.001,0.049
s00_off,93,,d(item_2),move_to,step,,d(item_2),0.4964,0.4964,0.001,0.451,0.001,0.001,0.0496
s00_off,94,,d(item_2),move_to,step,,d(item_2),0.4992,0.4992,0.001,0.4479,0.001,0.001,0.0499
s00_off,95,,d(item_2),move_to,step,,d(item_2),0.5023,0.5023,0.001,0.4445,0.001,0.001,0.0502
s00_off,96,,d(item_2),move_to,step,,d(item_2),0.5056,0.5056,0.001,0.4408,0.001,0.001,0.0506
s00_off,97,,d(item_2),move_to,step,,d(item_2),0.5094,0.5094,0.001,0.4367,0.001,0.001,0.0509
s00_off,98,,d(item_2),move_to,step,,d(item_2),0.5136,0.5136,0.001,0.4321,0.001,0.001,0.0514
s00_off,99,,d(item_2),move_to,step,,d(item_2),0.5182,0.5182,0.001,0.427,0.001,0.001,0.0518
s00_off,100,,d(item_2),move_to,step,,d(item_2),0.5234,0.5234,0.001,0.4213,0.001,0.001,0.0523
s00_off,101,,d(item_2),move_to,step,,d(item_2),0.5292,0.5292,0.001,0.4148,0.001,0.001,0.0529
s00_off,102,,d(item_2),move_to,step,,d(item_2),0.5358,0.5358,0.001,0.4076,0.001,0.001,0.0536
s00_off,103,,d(item_2),move_to,step,,d(item_2),0.5433,0.5433,0.001,0.3994,0.001,0.001,0.0543
s00_off,104,,d(item_2),move_to,step,,d(item_2),0.5518,0.5518,0.001,0.39,0.001,0.001,0.0552
s00_off,105,,d(item_2),move_to,step,,d(item_2),0.5615,0.5615,0.001,0.3793,0.001,0.001,0.0562
s00_off,106,,d(item_2),move_to,step,,d(item_2),0.5726,0.5726,0.001,0.3672,0.001,0.001,0.0573
s00_off,107,,d(item_2),move_to,step,,d(item_2),0.5853,0.5853,0.001,0.3532,0.001,0.001,0.0585
s00_off,108,,d(item_2),move_to,step,,d(item_2),0.5997,0.5997,0.001,0.3373,0.001,0.001,0.06
s00_off,109,,d(item_2),move_to,step,,d(item_2),0.939,0.939,0.001,0.0486,0.001,0.001,0.0094
s00_off,110,,d(item_2),move_to,,,d(item_2),0.939,0.939,0.001,0.0486,0.001,0.001,0.0094
s00_off,111,,d(item_2),pick_up,grasp,item_2,d(item_2),0.6525,0.6525,0.001,0.338,0.001,0.001,0.0065
s00_off,112,,d(item_2),pick_up,,item_2,d(item_2),0.6525,0.6525,0.001,0.338,0.001,0.001,0.0065
s00_off,113,,d(item_2),move_to,step,item_2,d(item_2),0.9469,0.9469,0.001,0.0491,0.001,0.001,0.001
s00_off,114,,d(item_2),move_to,step,item_2,d(item_2),0.7035,0.7035,0.001,0.2925,0.001,0.001,0.001
s00_off,115,,d(item_2),move_to,step,item_2,d(item_2),0.7538,0.7538,0.001,0.2422,0.001,0.001,0.001
s00_off,116,,d(item_2),move_to,step,item_2,d(item_2),0.8033,0.8033,0.001,0.1927,0.001,0.001,0.001
s00_off,117,,d(item_2),move_to,step,item_2,d(item_2),0.8483,0.8483,0.001,0.1477,0.001,0.001,0.001
s00_off,118,,d(item_2),move_to,step,item_2,d(item_2),0.8865,0.8865,0.001,0.1095,0.001,0.001,0.001
s00_off,119,,d(item_2),move_to,step,item_2,d(item_2),0.917,0.917,0.001,0.079,0.001,0.001,0.001
s00_off,120,,d(item_2),move_to,step,item_2,d(item_2),0.9402,0.9402,0.001,0.0558,0.001,0.001,0.001
s00_off,121,,d(item_2),move_to,step,item_2,d(item_2),0.9572,0.9572,0.001,0.0388,0.001,0.001,0.001
s00_off,122,,d(item_2),move_to,step,item_2,d(item_2),0.9693,0.9693,0.001,0.0267,0.001,0.001,0.001
s00_off,123,,d(item_2),move_to,step,item_2,d(item_2),0.9778,0.9778,0.001,0.0182,0.001,0.001,0.001
s00_off,124,,d(item_2),move_to,step,item_2,d(item_2),0.9836,0.9836,0.001,0.0124,0.001,0.001,0.001
s00_off,125,,d(item_2),move_to,step,item_2,d(item_2),0.9876,0.9876,0.001,0.0084,0.001,0.001,0.001
s00_off,126,,d(item_2),move_to,step,item_2,d(item_2),0.9904,0.9904,0.001,0.0056,0.001,0.001,0.001
s00_off,127,,d(item_2),move_to,step,item_2,d(item_2),0.9922,0.9922,0.001,0.0038,0.001,0.001,0.001
s00_off,128,,d(item_2),move_to,step,item_2,d(item_2),0.9935,0.9935,0.001,0.0025,0.001,0.001,0.001
s00_off,129,,d(item_2),move_to,step,item_2,d(item_2),0.9943,0.9943,0.001,0.0017,0.001,0.001,0.001
s00_off,130,,d(item_2),move_to,step,item_2,d(item_2),0.9949,0.9949,0.001,0.0011,0.001,0.001,0.001
s00_off,131,,d(item_2),move_to,step,item_2,d(item_2),0.995,0.995,0.001,0.001,0.001,0.001,0.001
s00_off,132,,d(item_2),move_to,step,item_2,d(item_2),0.995,0.995,0.001,0.001,0.001,0.001,0.001
s00_off,133,,d(item_2),move_to,step,item_2,d(item_2),0.995,0.995,0.001,0.001,0.001,0.001,0.001
s00_off,134,,d(item_2),move_to,step,item_2,d(item_2),0.995,0.995,0.001,0.001,0.001,0.001,0.001
s00_off,135,,d(item_2),move_to,step,item_2,d(item_2),0.995,0.995,0.001,0.001,0.001,0.001,0.001
s00_off,136,,d(item_2),move_to,step,item_2,d(item_2),0.995,0.995,0.001,0.001,0.001,0.001,0.001
s00_off,137,,d(item_2),move_to,step,item_2,d(item_2),0.995,0.995,0.001,0.001,0.001,0.001,0.001
s00_off,138,,d(item_2),move_to,step,item_2,d(item_2),0.995,0.995,0.001,0.001,0.001,0.001,0.001
s00_off,139,,d(item_2),move_to,step,item_2,d(item_2),0.995,0.995,0.001,0.001,0.001,0.001,0.001
s00_off,140,,d(item_2),move_to,step,item_2,d(item_2),0.995,0.995,0.001,0.001,0.001,0.001,0.001
s00_off,141,,d(item_2),move_to,,item_2,d(item_2),0.995,0.995,0.001,0.001,0.001,0.001,0.001
s00_off,142,,d(item_2),place,release,,d(item_4),0.498,0.001,0.001,0.498,0.001,0.001,0.498
s00_off,143,,d(item_2),place,,,d(item_4),0.498,0.001,0.001,0.498,0.001,0.001,0.498
s00_off,144,,unknown,,,,d(item_4),0.498,0.001,0.001,0.498,0.001,0.001,0.498
s00_off,145,,unknown,,,,d(item_4),0.498,0.001,0.001,0.498,0.001,0.001,0.498
s00_off,146,,unknown,,,,d(item_4),0.498,0.001,0.001,0.498,0.001,0.001,0.498
s00_off,147,,unknown,,,,d(item_4),0.498,0.001,0.001,0.498,0.001,0.001,0.498
s00_off,148,,unknown,,,,d(item_4),0.498,0.001,0.001,0.498,0.001,0.001,0.498
s00_off,149,,unknown,,,,d(item_4),0.498,0.001,0.001,0.498,0.001,0.001,0.498
s00_off,150,,unknown,,,,d(item_4),0.498,0.001,0.001,0.498,0.001,0.001,0.498
s00_off,151,,unknown,,,,d(item_4),0.498,0.001,0.001,0.498,0.001,0.001,0.498
s00_off,152,,unknown,,,,d(item_4),0.498,0.001,0.001,0.498,0.001,0.001,0.498
s00_off,153,,unknown,,,,d(item_4),0.498,0.001,0.001,0.498,0.001,0.001,0.498
s00_off,154,,unknown,,,,d(item_4),0.498,0.001,0.001,0.498,0.001,0.001,0.498
s00_off,155,,unknown,,,,d(item_4),0.498,0.001,0.001,0.498,0.001,0.001,0.498
s00_off,156,,unknown,,,,d(item_4),0.498,0.001,0.001,0.498,0.001,0.001,0.498
s00_off,157,,unknown,,,,d(item_4),0.498,0.001,0.001,0.498,0.001,0.001,0.498
s00_off,158,,unknown,,,,d(item_4),0.498,0.001,0.001,0.498,0.001,0.001,0.498
s00_off,159,,unknown,,,,d(item_4),0.498,0.001,0.001,0.498,0.001,0.001,0.498
s00_off,160,,unknown,,,,d(item_4),0.498,0.001,0.001,0.498,0.001,0.001,0.498
s00_off,161,,unknown,,,,d(item_4),0.498,0.001,0.001,0.498,0.001,0.001,0.498
s00_off,162,,unknown,,,,d(item_4),0.498,0.001,0.001,0.498,0.001,0.001,0.498
s00_off,163,,unknown,,,,d(item_4),0.498,0.001,0.001,0.498,0.001,0.001,0.498
s00_off,164,,unknown,,,,d(item_4),0.498,0.001,0.001,0.498,0.001,0.001,0.498
s00_off,165,,unknown,,,,d(item_4),0.498,0.001,0.001,0.498,0.001,0.001,0.498
s00_off,166,,unknown,,,,unknown,0.995,0.001,0.001,0.001,0.001,0.001,0.995
s00_off,167,,unknown,,,,unknown,0.995,0.001,0.001,0.001,0.001,0.001,0.995
s00_off,168,,unknown,,,,unknown,0.995,0.001,0.001,0.001,0.001,0.001,0.995
s00_off,169,,unknown,,,,unknown,0.995,0.001,0.001,0.001,0.001,0.001,0.995
s00_off,170,,unknown,,,,unknown,0.995,0.001,0.001,0.001,0.001,0.001,0.995
s00_off,171,,unknown,,,,unknown,0.995,0.001,0.001,0.001,0.001,0.001,0.995
s00_off,172,,unknown,,,,unknown,0.995,0.001,0.001,0.001,0.001,0.001,0.995
s00_on,0,,d(item_3),move_to,step,,d(item_3),0.4876,0.4606,0.4876,0.001,0.001,0.001,0.0488
s00_on,1,,d(item_3),move_to,step,,d(item_3),0.5026,0.4442,0.5026,0.001,0.001,0.001,0.0503
s00_on,2,,d(item_3),move_to,step,,d(item_3),0.5198,0.4253,0.5198,0.001,0.001,0.001,0.052
s00_on,3,,d(item_3),move_to,step,,d(item_3),0.5395,0.4036,0.5395,0.001,0.001,0.001,0.0539
s00_on,4,,d(item_3),move_to,step,,d(item_3),0.5619,0.3789,0.5619,0.001,0.001,0.001,0.0562
s00_on,5,,d(item_3),move_to,step,,d(item_3),0.5871,0.3512,0.5871,0.001,0.001,0.001,0.0587
s00_on,6,,d(item_3),move_to,step,,d(item_3),0.6148,0.3207,0.6148,0.001,0.001,0.001,0.0615
s00_on,7,,d(item_3),move_to,step,,d(item_3),0.6446,0.2879,0.6446,0.001,0.001,0.001,0.0645
s00_on,8,,d(item_3),move_to,step,,d(item_3),0.6759,0.2535,0.6759,0.001,0.001,0.001,0.0676
s00_on,9,,d(item_3),move_to,step,,d(item_3),0.7077,0.2185,0.7077,0.001,0.001,0.001,0.0708
s00_on,10,,d(item_3),move_to,step,,d(item_3),0.7389,0.1842,0.7389,0.001,0.001,0.001,0.0739
s00_on,11,,d(item_3),move_to,step,,d(item_3),0.7683,0.1519,0.7683,0.001,0.001,0.001,0.0768
s00_on,12,,d(item_3),move_to,step,,d(item_3),0.7951,0.1224,0.7951,0.001,0.001,0.001,0.0795
s00_on,13,,d(item_3),move_to,step,,d(item_3),0.8186,0.0966,0.8186,0.001,0.001,0.001,0.0819
s00_on,14,,d(item_3),move_to,step,,d(item_3),0.8384,0.0747,0.8384,0.001,0.001,0.001,0.0838
s00_on,15,,d(item_3),move_to,step,,d(item_3),0.8548,0.0568,0.8548,0.001,0.001,0.001,0.0855
s00_on,16,,d(item_3),move_to,step,,d(item_3),0.8677,0.0425,0.8677,0.001,0.001,0.001,0.0868
s00_on,17,,d(item_3),move_to,step,,d(item_3),0.8779,0.0314,0.8779,0.001,0.001,0.001,0.0878
s00_on,18,,d(item_3),move_to,step,,d(item_3),0.8856,0.0229,0.8856,0.001,0.001,0.001,0.0886
s00_on,19,,d(item_3),move_to,step,,d(item_3),0.8913,0.0165,0.8913,0.001,0.001,0.001,0.0891
s00_on,20,,d(item_3),move_to,step,,d(item_3),0.8956,0.0118,0.8956,0.001,0.001,0.001,0.0896
s00_on,21,,d(item_3),move_to,step,,d(item_3),0.8987,0.0084,0.8987,0.001,0.001,0.001,0.0899
s00_on,22,,d(item_3),move_to,step,,d(item_3),0.901,0.006,0.901,0.001,0.001,0.001,0.0901
s00_on,23,,d(item_3),move_to,step,,d(item_3),0.9026,0.0042,0.9026,0.001,0.001,0.001,0.0903
s00_on,24,,d(item_3),move_to,step,,d(item_3),0.9037,0.0029,0.9037,0.001,0.001,0.001,0.0904
s00_on,25,,d(item_3),move_to,step,,d(item_3),0.9045,0.002,0.9045,0.001,0.001,0.001,0.0905
s00_on,26,,d(item_3),move_to,step,,d(item_3),0.9051,0.0014,0.9051,0.001,0.001,0.001,0.0905
s00_on,27,,d(item_3),move_to,step,,d(item_3),0.9055,0.001,0.9055,0.001,0.001,0.001,0.0905
s00_on,28,,d(item_3),move_to,step,,d(item_3),0.9055,0.001,0.9055,0.001,0.001,0.001,0.0905
s00_on,29,,d(item_3),move_to,step,,d(item_3),0.9055,0.001,0.9055,0.001,0.001,0.001,0.0905
s00_on,30,,d(item_3),move_to,step,,d(item_3),0.9055,0.001,0.9055,0.001,0.001,0.001,0.0905
s00_on,31,,d(item_3),move_to,step,,d(item_3),0.9055,0.001,0.9055,0.001,0.001,0.001,0.0905
s00_on,32,,d(item_3),move_to,step,,d(item_3),0.9055,0.001,0.9055,0.001,0.001,0.001,0.0905
s00_on,33,,d(item_3),move_to,step,,d(item_3),0.9055,0.001,0.9055,0.001,0.001,0.001,0.0905
s00_on,34,,d(item_3),move_to,step,,d(item_3),0.9055,0.001,0.9055,0.001,0.001,0.001,0.0905
s00_on,35,,d(item_3),move_to,step,,d(item_3),0.9055,0.001,0.9055,0.001,0.001,0.001,0.0905
s00_on,36,,d(item_3),move_to,step,,d(item_3),0.9055,0.001,0.9055,0.001,0.001,0.001,0.0905
s00_on,37,,d(item_3),move_to,step,,d(item_3),0.9055,0.001,0.9055,0.001,0.001,0.001,0.0905
s00_on,38,,d(item_3),move_to,step,,d(item_3),0.9055,0.001,0.9055,0.001,0.001,0.001,0.0905
s00_on,39,,d(item_3),move_to,step,,d(item_3),0.9861,0.001,0.9861,0.001,0.001,0.001,0.0099
s00_on,40,,d(item_3),move_to,,,d(item_3),0.9861,0.001,0.9861,0.001,0.001,0.001,0.0099
s00_on,41,,d(item_3),pick_up,grasp,item_3,d(item_3),0.9861,0.001,0.9861,0.001,0.001,0.001,0.0099
s00_on,42,,d(item_3),pick_up,,item_3,d(item_3),0.9861,0.001,0.9861,0.001,0.001,0.001,0.0099
s00_on,43,,d(item_3),move_to,step,item_3,d(item_3),0.995,0.001,0.995,0.001,0.001,0.001,0.001
s00_on,44,,d(item_3),move_to,step,item_3,d(item_3),0.995,0.001,0.995,0.001,0.001,0.001,0.001
s00_on,45,,d(item_3),move_to,step,item_3,d(item_3),0.995,0.001,0.995,0.001,0.001,0.001,0.001
s00_on,46,,d(item_3),move_to,step,item_3,d(item_3),0.995,0.001,0.995,0.001,0.001,0.001,0.001
s00_on,47,,d(item_3),move_to,step,item_3,d(item_3),0.995,0.001,0.995,0.001,0.001,0.001,0.001
s00_on,48,,d(item_3),move_to,step,item_3,d(item_3),0.995,0.001,0.995,0.001,0.001,0.001,0.001
s00_on,49,,d(item_3),move_to,step,item_3,d(item_3),0.995,0.001,0.995,0.001,0.001,0.001,0.001
s00_on,50,,d(item_3),move_to,step,item_3,d(item_3),0.995,0.001,0.995,0.001,0.001,0.001,0.001
s00_on,51,,d(item_3),move_to,step,item_3,d(item_3),0.995,0.001,0.995,0.001,0.001,0.001,0.001
s00_on,52,,d(item_3),move_to,step,item_3,d(item_3),0.995,0.001,0.995,0.001,0.001,0.001,0.001
s00_on,53,,d(item_3),move_to,step,item_3,d(item_3),0.995,0.001,0.995,0.001,0.001,0.001,0.001
s00_on,54,,d(item_3),move_to,step,item_3,d(item_3),0.995,0.001,0.995,0.001,0.001,0.001,0.001
s00_on,55,,d(item_3),move_to,step,item_3,d(item_3),0.995,0.001,0.995,0.001,0.001,0.001,0.001
s00_on,56,,d(item_3),move_to,step,item_3,d(item_3),0.995,0.001,0.995,0.001,0.001,0.001,0.001
s00_on,57,,d(item_3),move_to,step,item_3,d(item_3),0.995,0.001,0.995,0.001,0.001,0.001,0.001
s00_on,58,,d(item_3),move_to,step,item_3,d(item_3),0.995,0.001,0.995,0.001,0.001,0.001,0.001
s00_on,59,,d(item_3),move_to,step,item_3,d(item_3),0.995,0.001,0.995,0.001,0.001,0.001,0.001
s00_on,60,,d(item_3),move_to,step,item_3,d(item_3),0.995,0.001,0.995,0.001,0.001,0.001,0.001
s00_on,61,,d(item_3),move_to,step,item_3,d(item_3),0.995,0.001,0.995,0.001,0.001,0.001,0.001
s00_on,62,,d(item_3),move_to,step,item_3,d(item_3),0.995,0.001,0.995,0.001,0.001,0.001,0.001
s00_on,63,,d(item_3),move_to,step,item_3,d(item_3),0.995,0.001,0.995,0.001,0.001,0.001,0.001
s00_on,64,,d(item_3),move_to,step,item_3,d(item_3),0.995,0.001,0.995,0.001,0.001,0.001,0.001
s00_on,65,,d(item_3),move_to,step,item_3,d(item_3),0.995,0.001,0.995,0.001,0.001,0.001,0.001
s00_on,66,,d(item_3),move_to,step,item_3,d(item_3),0.995,0.001,0.995,0.001,0.001,0.001,0.001
s00_on,67,,d(item_3),move_to,step,item_3,d(item_3),0.995,0.001,0.995,0.001,0.001,0.001,0.001
s00_on,68,,d(item_3),move_to,step,item_3,d(item_3),0.995,0.001,0.995,0.001,0.001,0.001,0.001
s00_on,69,,d(item_3),move_to,step,item_3,d(item_3),0.995,0.001,0.995,0.001,0.001,0.001,0.001
s00_on,70,,d(item_3),move_to,step,item_3,d(item_3),0.995,0.001,0.995,0.001,0.001,0.001,0.001
s00_on,71,,d(item_3),move_to,step,item_3,d(item_3),0.995,0.001,0.995,0.001,0.001,0.001,0.001
s00_on,72,,d(item_3),move_to,step,item_3,d(item_3),0.995,0.001,0.995,0.001,0.001,0.001,0.001
s00_on,73,,d(item_3),move_to,step,item_3,d(item_3),0.995,0.001,0.995,0.001,0.001,0.001,0.001
s00_on,74,,d(item_3),move_to,step,item_3,d(item_3),0.995,0.001,0.995,0.001,0.001,0.001,0.001
s00_on,75,,d(item_3),move_to,step,item_3,d(item_3),0.995,0.001,0.995,0.001,0.001,0.001,0.001
s00_on,76,,d(item_3),move_to,step,item_3,d(item_3),0.995,0.001,0.995,0.001,0.001,0.001,0.001
s00_on,77,,d(item_3),move_to,,item_3,d(item_3),0.995,0.001,0.995,0.001,0.001,0.001,0.001
s00_on,78,,d(item_3),place,release,,d(item_2),0.498,0.498,0.001,0.001,0.001,0.001,0.498
s00_on,79,,d(item_3),place,,,d(item_2),0.498,0.498,0.001,0.001,0.001,0.001,0.498
s00_on,80,,d(item_2),,,,d(item_2),0.498,0.498,0.001,0.001,0.001,0.001,0.498
s00_on,81,,d(item_2),move_to,step,,d(item_2),0.9055,0.9055,0.001,0.001,0.001,0.001,0.0905
s00_on,82,,d(item_2),move_to,step,,d(item_2),0.9055,0.9055,0.001,0.001,0.001,0.001,0.0905
s00_on,83,,d(item_2),move_to,step,,d(item_2),0.9055,0.9055,0.001,0.001,0.001,0.001,0.0905
s00_on,84,,d(item_2),move_to,step,,d(item_2),0.9055,0.9055,0.001,0.001,0.001,0.001,0.0905
s00_on,85,,d(item_2),move_to,step,,d(item_2),0.9055,0.9055,0.001,0.001,0.001,0.001,0.0905
s00_on,86,,d(item_2),move_to,step,,d(item_2),0.9055,0.9055,0.001,0.001,0.001,0.001,0.0905
s00_on,87,,d(item_2),move_to,step,,d(item_2),0.9055,0.9055,0.001,0.001,0.001,0.001,0.0905
s00_on,88,,d(item_2),move_to,step,,d(item_2),0.9055,0.9055,0.001,0.001,0.001,0.001,0.0905
s00_on,89,,d(item_2),move_to,step,,d(item_2),0.9055,0.9055,0.001,0.001,0.001,0.001,0.0905
s00_on,90,,d(item_2),move_to,step,,d(item_2),0.9055,0.9055,0.001,0.001,0.001,0.001,0.0905
s00_on,91,,d(item_2),move_to,step,,d(item_2),0.9055,0.9055,0.001,0.001,0.001,0.001,0.0905
s00_on,92,,d(item_2),move_to,step,,d(item_2),0.9055,0.9055,0.001,0.001,0.001,0.001,0.0905
s00_on,93,,d(item_2),move_to,step,,d(item_2),0.9055,0.9055,0.001,0.001,0.001,0.001,0.0905
s00_on,94,,d(item_2),move_to,step,,d(item_2),0.9055,0.9055,0.001,0.001,0.001,0.001,0.0905
s00_on,95,,d(item_2),move_to,step,,d(item_2),0.9055,0.9055,0.001,0.001,0.001,0.001,0.0905
s00_on,96,,d(item_2),move_to,step,,d(item_2),0.9055,0.9055,0.001,0.001,0.001,0.001,0.0905
s00_on,97,,d(item_2),move_to,step,,d(item_2),0.9055,0.9055,0.001,0.001,0.001,0.001,0.0905
s00_on,98,,d(item_2),move_to,step,,d(item_2),0.9055,0.9055,0.001,0.001,0.001,0.001,0.0905
s00_on,99,,d(item_2),move_to,step,,d(item_2),0.9055,0.9055,0.001,0.001,0.001,0.001,0.0905
s00_on,100,,d(item_2),move_to,step,,d(item_2),0.9055,0.9055,0.001,0.001,0.001,0.001,0.0905
s00_on,101,,d(item_2),move_to,step,,d(item_2),0.9055,0.9055,0.001,0.001,0.001,0.001,0.0905
s00_on,102,,d(item_2),move_to,step,,d(item_2),0.9055,0.9055,0.001,0.001,0.001,0.001,0.0905
s00_on,103,,d(item_2),move_to,step,,d(item_2),0.9055,0.9055,0.001,0.001,0.001,0.001,0.0905
s00_on,104,,d(item_2),move_to,step,,d(item_2),0.9055,0.9055,0.001,0.001,0.001,0.001,0.0905
s00_on,105,,d(item_2),move_to,step,,d(item_2),0.9055,0.9055,0.001,0.001,0.001,0.001,0.0905
s00_on,106,,d(item_2),move_to,step,,d(item_2),0.9055,0.9055,0.001,0.001,0.001,0.001,0.0905
s00_on,107,,d(item_2),move_to,step,,d(item_2),0.9055,0.9055,0.001,0.001,0.001,0.001,0.0905
s00_on,108,,d(item_2),move_to,step,,d(item_2),0.9055,0.9055,0.001,0.001,0.001,0.001,0.0905
s00_on,109,,d(item_2),move_to,step,,d(item_2),0.9861,0.9861,0.001,0.001,0.001,0.001,0.0099
s00_on,110,,d(item_2),move_to,,,d(item_2),0.9861,0.9861,0.001,0.001,0.001,0.001,0.0099
s00_on,111,,d(item_2),pick_up,grasp,item_2,d(item_2),0.9861,0.9861,0.001,0.001,0.001,0.001,0.0099
s00_on,112,,d(item_2),pick_up,,item_2,d(item_2),0.9861,0.9861,0.001,0.001,0.001,0.001,0.0099
s00_on,113,,d(item_2),move_to,step,item_2,d(item_2),0.995,0.995,0.001,0.001,0.001,0.001,0.001
s00_on,114,,d(item_2),move_to,step,item_2,d(item_2),0.995,0.995,0.001,0.001,0.001,0.001,0.001
s00_on,115,,d(item_2),move_to,step,item_2,d(item_2),0.995,0.995,0.001,0.001,0.001,0.001,0.001
s00_on,116,,d(item_2),move_to,step,item_2,d(item_2),0.995,0.995,0.001,0.001,0.001,0.001,0.001
s00_on,117,,d(item_2),move_to,step,item_2,d(item_2),0.995,0.995,0.001,0.001,0.001,0.001,0.001
s00_on,118,,d(item_2),move_to,step,item_2,d(item_2),0.995,0.995,0.001,0.001,0.001,0.001,0.001
s00_on,119,,d(item_2),move_to,step,item_2,d(item_2),0.995,0.995,0.001,0.001,0.001,0.001,0.001
s00_on,120,,d(item_2),move_to,step,item_2,d(item_2),0.995,0.995,0.001,0.001,0.001,0.001,0.001
s00_on,121,,d(item_2),move_to,step,item_2,d(item_2),0.995,0.995,0.001,0.001,0.001,0.001,0.001
s00_on,122,,d(item_2),move_to,step,item_2,d(item_2),0.995,0.995,0.001,0.001,0.001,0.001,0.001
s00_on,123,,d(item_2),move_to,step,item_2,d(item_2),0.995,0.995,0.001,0.001,0.001,0.001,0.001
s00_on,124,,d(item_2),move_to,step,item_2,d(item_2),0.995,0.995,0.001,0.001,0.001,0.001,0.001
s00_on,125,,d(item_2),move_to,step,item_2,d(item_2),0.995,0.995,0.001,0.001,0.001,0.001,0.001
s00_on,126,,d(item_2),move_to,step,item_2,d(item_2),0.995,0.995,0.001,0.001,0.001,0.001,0.001
s00_on,127,,d(item_2),move_to,step,item_2,d(item_2),0.995,0.995,0.001,0.001,0.001,0.001,0.001
s00_on,128,,d(item_2),move_to,step,item_2,d(item_2),0.995,0.995,0.001,0.001,0.001,0.001,0.001
s00_on,129,,d(item_2),move_to,step,item_2,d(item_2),0.995,0.995,0.001,0.001,0.001,0.001,0.001
s00_on,130,,d(item_2),move_to,step,item_2,d(item_2),0.995,0.995,0.001,0.001,0.001,0.001,0.001
s00_on,131,,d(item_2),move_to,step,item_2,d(item_2),0.995,0.995,0.001,0.001,0.001,0.001,0.001
s00_on,132,,d(item_2),move_to,step,item_2,d(item_2),0.995,0.995,0.001,0.001,0.001,0.001,0.001
s00_on,133,,d(item_2),move_to,step,item_2,d(item_2),0.995,0.995,0.001,0.001,0.001,0.001,0.001
s00_on,134,,d(item_2),move_to,step,item_2,d(item_2),0.995,0.995,0.001,0.001,0.001,0.001,0.001
s00_on,135,,d(item_2),move_to,step,item_2,d(item_2),0.995,0.995,0.001,0.001,0.001,0.001,0.001
s00_on,136,,d(item_2),move_to,step,item_2,d(item_2),0.995,0.995,0.001,0.001,0.001,0.001,0.001
s00_on,137,,d(item_2),move_to,step,item_2,d(item_2),0.995,0.995,0.001,0.001,0.001,0.001,0.001
s00_on,138,,d(item_2),move_to,step,item_2,d(item_2),0.995,0.995,0.001,0.001,0.001,0.001,0.001
s00_on,139,,d(item_2),move_to,step,item_2,d(item_2),0.995,0.995,0.001,0.001,0.001,0.001,0.001
s00_on,140,,d(item_2),move_to,step,item_2,d(item_2),0.995,0.995,0.001,0.001,0.001,0.001,0.001
s00_on,141,,d(item_2),move_to,,item_2,d(item_2),0.995,0.995,0.001,0.001,0.001,0.001,0.001
s00_on,142,,d(item_2),place,release,,unknown,0.995,0.001,0.001,0.001,0.001,0.001,0.995
s00_on,143,,d(item_2),place,,,unknown,0.995,0.001,0.001,0.001,0.001,0.001,0.995
s00_on,144,,unknown,,,,unknown,0.995,0.001,0.001,0.001,0.001,0.001,0.995
s00_on,145,,unknown,,,,unknown,0.995,0.001,0.001,0.001,0.001,0.001,0.995
s00_on,146,,unknown,,,,unknown,0.995,0.001,0.001,0.001,0.001,0.001,0.995
s00_on,147,,unknown,,,,unknown,0.995,0.001,0.001,0.001,0.001,0.001,0.995
s00_on,148,,unknown,,,,unknown,0.995,0.001,0.001,0.001,0.001,0.001,0.995
s00_on,149,,unknown,,,,unknown,0.995,0.001,0.001,0.001,0.001,0.001,0.995
s00_on,150,,unknown,,,,unknown,0.995,0.001,0.001,0.001,0.001,0.001,0.995
s00_on,151,,unknown,,,,unknown,0.995,0.001,0.001,0.001,0.001,0.001,0.995
s00_on,152,,unknown,,,,unknown,0.995,0.001,0.001,0.001,0.001,0.001,0.995
s00_on,153,,unknown,,,,unknown,0.995,0.001,0.001,0.001,0.001,0.001,0.995
s00_on,154,,unknown,,,,unknown,0.995,0.001,0.001,0.001,0.001,0.001,0.995
s00_on,155,,unknown,,,,unknown,0.995,0.001,0.001,0.001,0.001,0.001,0.995
s00_on,156,,unknown,,,,unknown,0.995,0.001,0.001,0.001,0.001,0.001,0.995
s00_on,157,,unknown,,,,unknown,0.995,0.001,0.001,0.001,0.001,0.001,0.995
s00_on,158,,unknown,,,,unknown,0.995,0.001,0.001,0.001,0.001,0.001,0.995
s00_on,159,,unknown,,,,unknown,0.995,0.001,0.001,0.001,0.001,0.001,0.995
s00_on,160,,unknown,,,,unknown,0.995,0.001,0.001,0.001,0.001,0.001,0.995
s00_on,161,,unknown,,,,unknown,0.995,0.001,0.001,0.001,0.001,0.001,0.995
s00_on,162,,unknown,,,,unknown,0.995,0.001,0.001,0.001,0.001,0.001,0.995
s00_on,163,,unknown,,,,unknown,0.995,0.001,0.001,0.001,0.001,0.001,0.995
s00_on,164,,unknown,,,,unknown,0.995,0.001,0.001,0.001,0.001,0.001,0.995
s00_on,165,,unknown,,,,unknown,0.995,0.001,0.001,0.001,0.001,0.001,0.995
s00_on,166,,unknown,,,,unknown,0.995,0.001,0.001,0.001,0.001,0.001,0.995
s00_on,167,,unknown,,,,unknown,0.995,0.001,0.001,0.001,0.001,0.001,0.995
s00_on,168,,unknown,,,,unknown,0.995,0.001,0.001,0.001,0.001,0.001,0.995
s20_off,0,,d(item_3),move_to,step,,d(item_3),0.206,0.1775,0.206,0.2052,0.2057,0.1851,0.0206
s20_off,1,,d(item_3),move_to,step,,d(item_3),0.217,0.1569,0.217,0.2153,0.2164,0.1726,0.0217
s20_off,2,,d(item_3),move_to,step,,d(item_3),0.229,0.1352,0.229,0.2262,0.2281,0.1586,0.0229
s20_off,3,,d(item_3),move_to,step,,d(item_3),0.2416,0.1133,0.2416,0.2374,0.2402,0.1433,0.0242
s20_off,4,,d(item_3),move_to,step,,d(item_3),0.2543,0.0924,0.2543,0.2485,0.2524,0.127,0.0254
s20_off,5,,d(item_3),move_to,step,,d(item_3),0.2666,0.0734,0.2666,0.259,0.2642,0.1102,0.0267
s20_off,6,,d(item_3),move_to,step,,d(item_3),0.2781,0.0569,0.2781,0.2684,0.2751,0.0937,0.0278
s20_off,7,,d(item_3),move_to,step,,d(item_3),0.2886,0.0432,0.2886,0.2765,0.2849,0.078,0.0289
s20_off,8,,d(item_3),move_to,step,,d(item_3),0.2979,0.0322,0.2979,0.2831,0.2935,0.0636,0.0298
s20_off,9,,d(item_3),move_to,step,,d(item_3),0.306,0.0236,0.306,0.2881,0.3008,0.051,0.0306
s20_off,10,,d(item_3),move_to,step,,d(item_3),0.3129,0.0171,0.3129,0.2916,0.3069,0.0402,0.0313
s20_off,11,,d(item_3),move_to,step,,d(item_3),0.3189,0.0122,0.3189,0.2937,0.312,0.0313,0.0319
s20_off,12,,d(item_3),move_to,step,,d(item_3),0.3242,0.0087,0.3242,0.2945,0.3162,0.024,0.0324
s20_off,13,,d(item_3),move_to,step,,d(item_3),0.3289,0.0061,0.3289,0.2941,0.3198,0.0182,0.0329
s20_off,14,,d(item_3),move_to,step,,d(item_3),0.3332,0.0043,0.3332,0.2925,0.3229,0.0137,0.0333
s20_off,15,,d(item_3),move_to,step,,d(item_3),0.3374,0.003,0.3374,0.2898,0.3258,0.0103,0.0337
s20_off,16,,d(item_3),move_to,step,,d(item_3),0.3416,0.0021,0.3416,0.286,0.3286,0.0076,0.0342
s20_off,17,,d(item_3),move_to,step,,d(item_3),0.346,0.0015,0.346,0.2809,0.3314,0.0056,0.0346
s20_off,18,,d(item_3),move_to,step,,d(item_3),0.3509,0.001,0.3509,0.2743,0.3345,0.0041,0.0351
s20_off,19,,d(item_3),move_to,step,,d(item_3),0.3564,0.001,0.3564,0.266,0.3379,0.003,0.0356
s20_off,20,,d(item_3),move_to,step,,d(item_3),0.8496,0.001,0.8496,0.0599,0.0801,0.001,0.0085
s20_off,21,,d(item_3),move_to,,,d(item_3),0.8496,0.001,0.8496,0.0599,0.0801,0.001,0.0085
s20_off,22,,d(item_3),pick_up,grasp,item_3,d(item_3),0.3751,0.001,0.3751,0.2644,0.3535,0.0023,0.0038
s20_off,23,,d(item_3),pick_up,,item_3,d(item_3),0.3751,0.001,0.3751,0.2644,0.3535,0.0023,0.0038
s20_off,24,,d(item_3),move_to,step,item_3,d(item_3),0.856,0.001,0.856,0.0603,0.0807,0.001,0.001
s20_off,25,,d(item_3),move_to,step,item_3,d(item_3),0.4268,0.001,0.4268,0.2435,0.3255,0.0021,0.001
s20_off,26,,d(item_3),move_to,step,item_3,d(item_3),0.4891,0.001,0.4891,0.217,0.29,0.0019,0.001
s20_off,27,,d(item_3),move_to,step,item_3,d(item_3),0.5604,0.001,0.5604,0.1866,0.2494,0.0016,0.001
s20_off,28,,d(item_3),move_to,step,item_3,d(item_3),0.6361,0.001,0.6361,0.1543,0.2063,0.0013,0.001
s20_off,29,,d(item_3),move_to,step,item_3,d(item_3),0.7102,0.001,0.7102,0.1227,0.164,0.0011,0.001
s20_off,30,,d(item_3),move_to,step,item_3,d(item_3),0.7774,0.001,0.7774,0.094,0.1256,0.001,0.001
s20_off,31,,d(item_3),move_to,step,item_3,d(item_3),0.8343,0.001,0.8343,0.0696,0.0931,0.001,0.001
s20_off,32,,d(item_3),move_to,step,item_3,d(item_3),0.8796,0.001,0.8796,0.0503,0.0672,0.001,0.001
s20_off,33,,d(item_3),move_to,step,item_3,d(item_3),0.914,0.001,0.914,0.0355,0.0475,0.001,0.001
s20_off,34,,d(item_3),move_to,step,item_3,d(item_3),0.9393,0.001,0.9393,0.0247,0.033,0.001,0.001
s20_off,35,,d(item_3),move_to,step,item_3,d(item_3),0.9573,0.001,0.9573,0.017,0.0227,0.001,0.001
s20_off,36,,d(item_3),move_to,step,item_3,d(item_3),0.9699,0.001,0.9699,0.0116,0.0155,0.001,0.001
s20_off,37,,d(item_3),move_to,step,item_3,d(item_3),0.9786,0.001,0.9786,0.0079,0.0105,0.001,0.001
s20_off,38,,d(item_3),move_to,step,item_3,d(item_3),0.9846,0.001,0.9846,0.0053,0.0071,0.001,0.001
s20_off,39,,d(item_3),move_to,step,item_3,d(item_3),0.9886,0.001,0.9886,0.0036,0.0048,0.001,0.001
s20_off,40,,d(item_3),move_to,step,item_3,d(item_3),0.9914,0.001,0.9914,0.0024,0.0032,0.001,0.001
s20_off,41,,d(item_3),move_to,step,item_3,d(item_3),0.9932,0.001,0.9932,0.0016,0.0022,0.001,0.001
s20_off,42,,d(item_3),move_to,step,item_3,d(item_3),0.9945,0.001,0.9945,0.0011,0.0015,0.001,0.001
s20_off,43,,d(item_3),move_to,step,item_3,d(item_3),0.995,0.001,0.995,0.001,0.001,0.001,0.001
s20_off,44,,d(item_3),move_to,step,item_3,d(item_3),0.995,0.001,0.995,0.001,0.001,0.001,0.001
s20_off,45,,d(item_3),move_to,step,item_3,d(item_3),0.995,0.001,0.995,0.001,0.001,0.001,0.001
s20_off,46,,d(item_3),move_to,step,item_3,d(item_3),0.995,0.001,0.995,0.001,0.001,0.001,0.001
s20_off,47,,d(item_3),move_to,step,item_3,d(item_3),0.995,0.001,0.995,0.001,0.001,0.001,0.001
s20_off,48,,d(item_3),move_to,step,item_3,d(item_3),0.995,0.001,0.995,0.001,0.001,0.001,0.001
s20_off,49,,d(item_3),move_to,step,item_3,d(item_3),0.995,0.001,0.995,0.001,0.001,0.001,0.001
s20_off,50,,d(item_3),move_to,step,item_3,d(item_3),0.995,0.001,0.995,0.001,0.001,0.001,0.001
s20_off,51,,d(item_3),move_to,step,item_3,d(item_3),0.995,0.001,0.995,0.001,0.001,0.001,0.001
s20_off,52,,d(item_3),move_to,step,item_3,d(item_3),0.995,0.001,0.995,0.001,0.001,0.001,0.001
s20_off,53,,d(item_3),move_to,,item_3,d(item_3),0.995,0.001,0.995,0.001,0.001,0.001,0.001
s20_off,54,,d(item_3),place,release,,d(item_2),0.1998,0.1998,0.001,0.1998,0.1998,0.1998,0.1998
s20_off,55,,d(item_3),place,,,d(item_2),0.1998,0.1998,0.001,0.1998,0.1998,0.1998,0.1998
s20_off,56,,d(item_2),,,,d(item_2),0.1998,0.1998,0.001,0.1998,0.1998,0.1998,0.1998
s20_off,57,,d(item_2),move_to,step,,d(item_2),0.2569,0.2569,0.001,0.2234,0.2364,0.2566,0.0257
s20_off,58,,d(item_2),move_to,step,,d(item_2),0.2807,0.2807,0.001,0.1747,0.2355,0.2801,0.0281
s20_off,59,,d(item_2),move_to,step,,d(item_2),0.3009,0.3009,0.001,0.1399,0.2281,0.3,0.0301
s20_off,60,,d(item_2),move_to,step,,d(item_2),0.3599,0.3599,0.001,0.001,0.2439,0.3583,0.036
s20_off,61,,d(item_2),move_to,step,,d(item_2),0.3704,0.3704,0.001,0.001,0.2222,0.3684,0.037
s20_off,62,,d(item_2),move_to,step,,d(item_2),0.3812,0.3812,0.001,0.001,0.2002,0.3785,0.0381
s20_off,63,,d(item_2),move_to,step,,d(item_2),0.3918,0.3918,0.001,0.001,0.1784,0.3886,0.0392
s20_off,64,,d(item_2),move_to,step,,d(item_2),0.4023,0.4023,0.001,0.001,0.1571,0.3984,0.0402
s20_off,65,,d(item_2),move_to,step,,d(item_2),0.4123,0.4123,0.001,0.001,0.1367,0.4077,0.0412
s20_off,66,,d(item_2),move_to,step,,d(item_2),0.4218,0.4218,0.001,0.001,0.1176,0.4164,0.0422
s20_off,67,,d(item_2),move_to,step,,d(item_2),0.4306,0.4306,0.001,0.001,0.1,0.4244,0.0431
s20_off,68,,d(item_2),move_to,step,,d(item_2),0.4387,0.4387,0.001,0.001,0.084,0.4315,0.0439
s20_off,69,,d(item_2),move_to,step,,d(item_2),0.4459,0.4459,0.001,0.001,0.0699,0.4377,0.0446
s20_off,70,,d(item_2),move_to,step,,d(item_2),0.4523,0.4523,0.001,0.001,0.0575,0.443,0.0452
s20_off,71,,d(item_2),move_to,step,,d(item_2),0.4579,0.4579,0.001,0.001,0.0469,0.4475,0.0458
s20_off,72,,d(item_2),move_to,step,,d(item_2),0.4627,0.4627,0.001,0.001,0.0379,0.4511,0.0463
s20_off,73,,d(item_2),move_to,step,,d(item_2),0.4669,0.4669,0.001,0.001,0.0303,0.454,0.0467
s20_off,74,,d(item_2),move_to,step,,d(item_2),0.4706,0.4706,0.001,0.001,0.0241,0.4563,0.0471
s20_off,75,,d(item_2),move_to,step,,d(item_2),0.4737,0.4737,0.001,0.001,0.019,0.4579,0.0474
s20_off,76,,d(item_2),move_to,step,,d(item_2),0.4764,0.4764,0.001,0.001,0.0149,0.459,0.0476
s20_off,77,,d(item_2),move_to,step,,d(item_2),0.4788,0.4788,0.001,0.001,0.0116,0.4596,0.0479
s20_off,78,,d(item_2),move_to,step,,d(item_2),0.481,0.481,0.001,0.001,0.009,0.4599,0.0481
s20_off,79,,d(item_2),move_to,step,,d(item_2),0.483,0.483,0.001,0.001,0.007,0.4598,0.0483
s20_off,80,,d(item_2),move_to,step,,d(item_2),0.4849,0.4849,0.001,0.001,0.0053,0.4593,0.0485
s20_off,81,,d(item_2),move_to,step,,d(item_2),0.4867,0.4867,0.001,0.001,0.0041,0.4586,0.0487
s20_off,82,,d(item_2),move_to,step,,d(item_2),0.4885,0.4885,0.001,0.001,0.0031,0.4575,0.0489
s20_off,83,,d(item_2),move_to,step,,d(item_2),0.4904,0.4904,0.001,0.001,0.0023,0.4562,0.049
s20_off,84,,d(item_2),move_to,step,,d(item_2),0.4924,0.4924,0.001,0.001,0.0018,0.4546,0.0492
s20_off,85,,d(item_2),move_to,step,,d(item_2),0.4945,0.4945,0.001,0.001,0.0013,0.4527,0.0495
s20_off,86,,d(item_2),move_to,step,,d(item_2),0.4969,0.4969,0.001,0.001,0.001,0.4504,0.0497
s20_off,87,,d(item_2),move_to,step,,d(item_2),0.9067,0.9067,0.001,0.001,0.001,0.0813,0.0091
s20_off,88,,d(item_2),move_to,,,d(item_2),0.9067,0.9067,0.001,0.001,0.001,0.0813,0.0091
s20_off,89,,d(item_2),pick_up,grasp,item_2,d(item_2),0.523,0.523,0.001,0.001,0.001,0.4687,0.0052
s20_off,90,,d(item_2),pick_up,,item_2,d(item_2),0.523,0.523,0.001,0.001,0.001,0.4687,0.0052
s20_off,91,,d(item_2),move_to,step,item_2,d(item_2),0.9141,0.9141,0.001,0.001,0.001,0.0819,0.001
s20_off,92,,d(item_2),move_to,step,item_2,d(item_2),0.5793,0.5793,0.001,0.001,0.001,0.4167,0.001
s20_off,93,,d(item_2),move_to,step,item_2,d(item_2),0.6402,0.6402,0.001,0.001,0.001,0.3558,0.001
s20_off,94,,d(item_2),move_to,step,item_2,d(item_2),0.704,0.704,0.001,0.001,0.001,0.2921,0.001
s20_off,95,,d(item_2),move_to,step,item_2,d(item_2),0.7655,0.7655,0.001,0.001,0.001,0.2305,0.001
s20_off,96,,d(item_2),move_to,step,item_2,d(item_2),0.8207,0.8207,0.001,0.001,0.001,0.1753,0.001
s20_off,97,,d(item_2),move_to,step,item_2,d(item_2),0.8668,0.8668,0.001,0.001,0.001,0.1292,0.001
s20_off,98,,d(item_2),move_to,step,item_2,d(item_2),0.9032,0.9032,0.001,0.001,0.001,0.0928,0.001
s20_off,99,,d(item_2),move_to,step,item_2,d(item_2),0.9307,0.9307,0.001,0.001,0.001,0.0653,0.001
s20_off,100,,d(item_2),move_to,step,item_2,d(item_2),0.9507,0.9507,0.001,0.001,0.001,0.0453,0.001
s20_off,101,,d(item_2),move_to,step,item_2,d(item_2),0.9649,0.9649,0.001,0.001,0.001,0.0311,0.001
s20_off,102,,d(item_2),move_to,step,item_2,d(item_2),0.9748,0.9748,0.001,0.001,0.001,0.0212,0.001
s20_off,103,,d(item_2),move_to,step,item_2,d(item_2),0.9816,0.9816,0.001,0.001,0.001,0.0144,0.001
s20_off,104,,d(item_2),move_to,step,item_2,d(item_2),0.9863,0.9863,0.001,0.001,0.001,0.0097,0.001
s20_off,105,,d(item_2),move_to,step,item_2,d(item_2),0.9895,0.9895,0.001,0.001,0.001,0.0065,0.001
s20_off,106,,d(item_2),move_to,step,item_2,d(item_2),0.9916,0.9916,0.001,0.001,0.001,0.0044,0.001
s20_off,107,,d(item_2),move_to,step,item_2,d(item_2),0.9931,0.9931,0.001,0.001,0.001,0.003,0.001
s20_off,108,,d(item_2),move_to,step,item_2,d(item_2),0.994,0.994,0.001,0.001,0.001,0.002,0.001
s20_off,109,,d(item_2),move_to,step,item_2,d(item_2),0.9947,0.9947,0.001,0.001,0.001,0.0013,0.001
s20_off,110,,d(item_2),move_to,step,item_2,d(item_2),0.995,0.995,0.001,0.001,0.001,0.001,0.001
s20_off,111,,d(item_2),move_to,step,item_2,d(item_2),0.995,0.995,0.001,0.001,0.001,0.001,0.001
s20_off,112,,d(item_2),move_to,step,item_2,d(item_2),0.995,0.995,0.001,0.001,0.001,0.001,0.001
s20_off,113,,d(item_2),move_to,step,item_2,d(item_2),0.995,0.995,0.001,0.001,0.001,0.001,0.001
s20_off,114,,d(item_2),move_to,step,item_2,d(item_2),0.995,0.995,0.001,0.001,0.001,0.001,0.001
s20_off,115,,d(item_2),move_to,step,item_2,d(item_2),0.995,0.995,0.001,0.001,0.001,0.001,0.001
s20_off,116,,d(item_2),move_to,step,item_2,d(item_2),0.995,0.995,0.001,0.001,0.001,0.001,0.001
s20_off,117,,d(item_2),move_to,step,item_2,d(item_2),0.995,0.995,0.001,0.001,0.001,0.001,0.001
s20_off,118,,d(item_2),move_to,step,item_2,d(item_2),0.995,0.995,0.001,0.001,0.001,0.001,0.001
s20_off,119,,d(item_2),move_to,step,item_2,d(item_2),0.995,0.995,0.001,0.001,0.001,0.001,0.001
s20_off,120,,d(item_2),move_to,step,item_2,d(item_2),0.995,0.995,0.001,0.001,0.001,0.001,0.001
s20_off,121,,d(item_2),move_to,,item_2,d(item_2),0.995,0.995,0.001,0.001,0.001,0.001,0.001
s20_off,122,,d(item_2),place,release,,d(item_6),0.3323,0.001,0.001,0.001,0.3323,0.3323,0.3323
s20_off,123,,d(item_2),place,,,d(item_6),0.3323,0.001,0.001,0.001,0.3323,0.3323,0.3323
s20_off,124,,unknown,,,,d(item_6),0.3323,0.001,0.001,0.001,0.3323,0.3323,0.3323
s20_off,125,,unknown,,,,d(item_6),0.3323,0.001,0.001,0.001,0.3323,0.3323,0.3323
s20_off,126,,unknown,,,,d(item_6),0.3323,0.001,0.001,0.001,0.3323,0.3323,0.3323
s20_off,127,,unknown,,,,d(item_6),0.3323,0.001,0.001,0.001,0.3323,0.3323,0.3323
s20_off,128,,unknown,,,,d(item_6),0.3323,0.001,0.001,0.001,0.3323,0.3323,0.3323
s20_off,129,,unknown,,,,d(item_6),0.3323,0.001,0.001,0.001,0.3323,0.3323,0.3323
s20_off,130,,unknown,,,,d(item_6),0.3323,0.001,0.001,0.001,0.3323,0.3323,0.3323
s20_off,131,,unknown,,,,d(item_6),0.3323,0.001,0.001,0.001,0.3323,0.3323,0.3323
s20_off,132,,unknown,,,,d(item_6),0.3323,0.001,0.001,0.001,0.3323,0.3323,0.3323
s20_off,133,,unknown,,,,d(item_6),0.3323,0.001,0.001,0.001,0.3323,0.3323,0.3323
s20_off,134,,unknown,,,,d(item_6),0.3323,0.001,0.001,0.001,0.3323,0.3323,0.3323
s20_off,135,,unknown,,,,d(item_6),0.3323,0.001,0.001,0.001,0.3323,0.3323,0.3323
s20_off,136,,unknown,,,,d(item_6),0.3323,0.001,0.001,0.001,0.3323,0.3323,0.3323
s20_off,137,,unknown,,,,d(item_6),0.3323,0.001,0.001,0.001,0.3323,0.3323,0.3323
s20_off,138,,unknown,,,,d(item_6),0.3323,0.001,0.001,0.001,0.3323,0.3323,0.3323
s20_off,139,,unknown,,,,d(item_6),0.3323,0.001,0.001,0.001,0.3323,0.3323,0.3323
s20_off,140,,unknown,,,,d(item_6),0.3323,0.001,0.001,0.001,0.3323,0.3323,0.3323
s20_off,141,,unknown,,,,d(item_6),0.3323,0.001,0.001,0.001,0.3323,0.3323,0.3323
s20_off,142,,unknown,,,,d(item_6),0.3323,0.001,0.001,0.001,0.3323,0.3323,0.3323
s20_off,143,,unknown,,,,d(item_6),0.3323,0.001,0.001,0.001,0.3323,0.3323,0.3323
s20_off,144,,unknown,,,,d(item_7),0.498,0.001,0.001,0.001,0.001,0.498,0.498
s20_off,145,,unknown,,,,d(item_7),0.498,0.001,0.001,0.001,0.001,0.498,0.498
s20_off,146,,unknown,,,,d(item_7),0.498,0.001,0.001,0.001,0.001,0.498,0.498
s20_off,147,,unknown,,,,d(item_7),0.498,0.001,0.001,0.001,0.001,0.498,0.498
s20_off,148,,unknown,,,,d(item_7),0.498,0.001,0.001,0.001,0.001,0.498,0.498
s20_off,149,,unknown,,,,d(item_7),0.498,0.001,0.001,0.001,0.001,0.498,0.498
s20_off,150,,unknown,,,,d(item_7),0.498,0.001,0.001,0.001,0.001,0.498,0.498
s20_off,151,,unknown,,,,d(item_7),0.498,0.001,0.001,0.001,0.001,0.498,0.498
s20_off,152,,unknown,,,,d(item_7),0.498,0.001,0.001,0.001,0.001,0.498,0.498
s20_off,153,,unknown,,,,d(item_7),0.498,0.001,0.001,0.001,0.001,0.498,0.498
s20_off,154,,unknown,,,,d(item_7),0.498,0.001,0.001,0.001,0.001,0.498,0.498
s20_off,155,,unknown,,,,d(item_7),0.498,0.001,0.001,0.001,0.001,0.498,0.498
s20_off,156,,unknown,,,,d(item_7),0.498,0.001,0.001,0.001,0.001,0.498,0.498
s20_off,157,,unknown,,,,d(item_7),0.498,0.001,0.001,0.001,0.001,0.498,0.498
s20_off,158,,unknown,,,,d(item_7),0.498,0.001,0.001,0.001,0.001,0.498,0.498
s20_off,159,,unknown,,,,d(item_7),0.498,0.001,0.001,0.001,0.001,0.498,0.498
s20_off,160,,unknown,,,,d(item_7),0.498,0.001,0.001,0.001,0.001,0.498,0.498
s20_off,161,,unknown,,,,d(item_7),0.498,0.001,0.001,0.001,0.001,0.498,0.498
s20_off,162,,unknown,,,,d(item_7),0.498,0.001,0.001,0.001,0.001,0.498,0.498
s20_off,163,,unknown,,,,d(item_7),0.498,0.001,0.001,0.001,0.001,0.498,0.498
s20_off,164,,unknown,,,,d(item_7),0.498,0.001,0.001,0.001,0.001,0.498,0.498
s20_off,165,,unknown,,,,d(item_7),0.498,0.001,0.001,0.001,0.001,0.498,0.498
s20_off,166,,unknown,,,,d(item_7),0.498,0.001,0.001,0.001,0.001,0.498,0.498
s20_off,167,,unknown,,,,d(item_7),0.498,0.001,0.001,0.001,0.001,0.498,0.498
s20_off,168,,unknown,,,,d(item_7),0.498,0.001,0.001,0.001,0.001,0.498,0.498
s20_off,169,,unknown,,,,d(item_7),0.498,0.001,0.001,0.001,0.001,0.498,0.498
s20_off,170,,unknown,,,,d(item_7),0.498,0.001,0.001,0.001,0.001,0.498,0.498
s20_off,171,,unknown,,,,d(item_7),0.498,0.001,0.001,0.001,0.001,0.498,0.498
s20_off,172,,unknown,,,,d(item_7),0.498,0.001,0.001,0.001,0.001,0.498,0.498
s20_off,173,,unknown,,,,d(item_7),0.498,0.001,0.001,0.001,0.001,0.498,0.498
s20_off,174,,unknown,,,,d(item_7),0.498,0.001,0.001,0.001,0.001,0.498,0.498
s20_off,175,,unknown,,,,d(item_7),0.498,0.001,0.001,0.001,0.001,0.498,0.498
s20_off,176,,unknown,,,,d(item_7),0.498,0.001,0.001,0.001,0.001,0.498,0.498
s20_off,177,,unknown,,,,d(item_7),0.498,0.001,0.001,0.001,0.001,0.498,0.498
s20_off,178,,unknown,,,,d(item_7),0.498,0.001,0.001,0.001,0.001,0.498,0.498
s20_off,179,,unknown,,,,d(item_7),0.498,0.001,0.001,0.001,0.001,0.498,0.498
s20_off,180,,unknown,,,,d(item_7),0.498,0.001,0.001,0.001,0.001,0.498,0.498
s20_off,181,,unknown,,,,d(item_7),0.498,0.001,0.001,0.001,0.001,0.498,0.498
s20_off,182,,unknown,,,,d(item_7),0.498,0.001,0.001,0.001,0.001,0.498,0.498
s20_off,183,,unknown,,,,d(item_7),0.498,0.001,0.001,0.001,0.001,0.498,0.498
s20_off,184,,unknown,,,,d(item_7),0.498,0.001,0.001,0.001,0.001,0.498,0.498
s20_off,185,,unknown,,,,d(item_7),0.498,0.001,0.001,0.001,0.001,0.498,0.498
s20_off,186,,unknown,,,,d(item_7),0.498,0.001,0.001,0.001,0.001,0.498,0.498
s20_off,187,,unknown,,,,d(item_7),0.498,0.001,0.001,0.001,0.001,0.498,0.498
s20_off,188,,unknown,,,,d(item_7),0.498,0.001,0.001,0.001,0.001,0.498,0.498
s20_off,189,,unknown,,,,d(item_7),0.498,0.001,0.001,0.001,0.001,0.498,0.498
s20_off,190,,unknown,,,,d(item_7),0.498,0.001,0.001,0.001,0.001,0.498,0.498
s20_off,191,,unknown,,,,d(item_7),0.498,0.001,0.001,0.001,0.001,0.498,0.498
s20_off,192,,unknown,,,,d(item_7),0.498,0.001,0.001,0.001,0.001,0.498,0.498
s20_off,193,,unknown,,,,d(item_7),0.498,0.001,0.001,0.001,0.001,0.498,0.498
s20_off,194,,unknown,,,,d(item_7),0.498,0.001,0.001,0.001,0.001,0.498,0.498
s20_off,195,,unknown,,,,d(item_7),0.498,0.001,0.001,0.001,0.001,0.498,0.498
s20_off,196,,unknown,,,,d(item_7),0.498,0.001,0.001,0.001,0.001,0.498,0.498
s20_off,197,,unknown,,,,d(item_7),0.498,0.001,0.001,0.001,0.001,0.498,0.498
s20_off,198,,unknown,,,,d(item_7),0.498,0.001,0.001,0.001,0.001,0.498,0.498
s20_off,199,,unknown,,,,d(item_7),0.498,0.001,0.001,0.001,0.001,0.498,0.498
s20_on,0,,d(item_3),move_to,step,,d(item_3),0.5082,0.438,0.5082,0.001,0.001,0.001,0.0508
s20_on,1,,d(item_3),move_to,step,,d(item_3),0.5469,0.3954,0.5469,0.001,0.001,0.001,0.0547
s20_on,2,,d(item_3),move_to,step,,d(item_3),0.5899,0.3481,0.5899,0.001,0.001,0.001,0.059
s20_on,3,,d(item_3),move_to,step,,d(item_3),0.6355,0.298,0.6355,0.001,0.001,0.001,0.0635
s20_on,4,,d(item_3),move_to,step,,d(item_3),0.6813,0.2476,0.6813,0.001,0.001,0.001,0.0681
s20_on,5,,d(item_3),move_to,step,,d(item_3),0.7249,0.1996,0.7249,0.001,0.001,0.001,0.0725
s20_on,6,,d(item_3),move_to,step,,d(item_3),0.7642,0.1564,0.7642,0.001,0.001,0.001,0.0764
s20_on,7,,d(item_3),move_to,step,,d(item_3),0.7978,0.1194,0.7978,0.001,0.001,0.001,0.0798
s20_on,8,,d(item_3),move_to,step,,d(item_3),0.8253,0.0892,0.8253,0.001,0.001,0.001,0.0825
s20_on,9,,d(item_3),move_to,step,,d(item_3),0.847,0.0653,0.847,0.001,0.001,0.001,0.0847
s20_on,10,,d(item_3),move_to,step,,d(item_3),0.8635,0.0471,0.8635,0.001,0.001,0.001,0.0864
s20_on,11,,d(item_3),move_to,step,,d(item_3),0.8758,0.0336,0.8758,0.001,0.001,0.001,0.0876
s20_on,12,,d(item_3),move_to,step,,d(item_3),0.8848,0.0237,0.8848,0.001,0.001,0.001,0.0885
s20_on,13,,d(item_3),move_to,step,,d(item_3),0.8913,0.0166,0.8913,0.001,0.001,0.001,0.0891
s20_on,14,,d(item_3),move_to,step,,d(item_3),0.8959,0.0116,0.8959,0.001,0.001,0.001,0.0896
s20_on,15,,d(item_3),move_to,step,,d(item_3),0.8991,0.008,0.8991,0.001,0.001,0.001,0.0899
s20_on,16,,d(item_3),move_to,step,,d(item_3),0.9013,0.0055,0.9013,0.001,0.001,0.001,0.0901
s20_on,17,,d(item_3),move_to,step,,d(item_3),0.9029,0.0038,0.9029,0.001,0.001,0.001,0.0903
s20_on,18,,d(item_3),move_to,step,,d(item_3),0.904,0.0026,0.904,0.001,0.001,0.001,0.0904
s20_on,19,,d(item_3),move_to,step,,d(item_3),0.9047,0.0018,0.9047,0.001,0.001,0.001,0.0905
s20_on,20,,d(item_3),move_to,step,,d(item_3),0.9861,0.001,0.9861,0.001,0.001,0.001,0.0099
s20_on,21,,d(item_3),move_to,,,d(item_3),0.9861,0.001,0.9861,0.001,0.001,0.001,0.0099
s20_on,22,,d(item_3),pick_up,grasp,item_3,d(item_3),0.9858,0.0013,0.9858,0.001,0.001,0.001,0.0099
s20_on,23,,d(item_3),pick_up,,item_3,d(item_3),0.9858,0.0013,0.9858,0.001,0.001,0.001,0.0099
s20_on,24,,d(item_3),move_to,step,item_3,d(item_3),0.995,0.001,0.995,0.001,0.001,0.001,0.001
s20_on,25,,d(item_3),move_to,step,item_3,d(item_3),0.9949,0.0011,0.9949,0.001,0.001,0.001,0.001
s20_on,26,,d(item_3),move_to,step,item_3,d(item_3),0.995,0.001,0.995,0.001,0.001,0.001,0.001
s20_on,27,,d(item_3),move_to,step,item_3,d(item_3),0.995,0.001,0.995,0.001,0.001,0.001,0.001
s20_on,28,,d(item_3),move_to,step,item_3,d(item_3),0.995,0.001,0.995,0.001,0.001,0.001,0.001
s20_on,29,,d(item_3),move_to,step,item_3,d(item_3),0.995,0.001,0.995,0.001,0.001,0.001,0.001
s20_on,30,,d(item_3),move_to,step,item_3,d(item_3),0.995,0.001,0.995,0.001,0.001,0.001,0.001
s20_on,31,,d(item_3),move_to,step,item_3,d(item_3),0.995,0.001,0.995,0.001,0.001,0.001,0.001
s20_on,32,,d(item_3),move_to,step,item_3,d(item_3),0.995,0.001,0.995,0.001,0.001,0.001,0.001
s20_on,33,,d(item_3),move_to,step,item_3,d(item_3),0.995,0.001,0.995,0.001,0.001,0.001,0.001
s20_on,34,,d(item_3),move_to,step,item_3,d(item_3),0.995,0.001,0.995,0.001,0.001,0.001,0.001
s20_on,35,,d(item_3),move_to,step,item_3,d(item_3),0.995,0.001,0.995,0.001,0.001,0.001,0.001
s20_on,36,,d(item_3),move_to,step,item_3,d(item_3),0.995,0.001,0.995,0.001,0.001,0.001,0.001
s20_on,37,,d(item_3),move_to,step,item_3,d(item_3),0.995,0.001,0.995,0.001,0.001,0.001,0.001
s20_on,38,,d(item_3),move_to,step,item_3,d(item_3),0.995,0.001,0.995,0.001,0.001,0.001,0.001
s20_on,39,,d(item_3),move_to,step,item_3,d(item_3),0.995,0.001,0.995,0.001,0.001,0.001,0.001
s20_on,40,,d(item_3),move_to,step,item_3,d(item_3),0.995,0.001,0.995,0.001,0.001,0.001,0.001
s20_on,41,,d(item_3),move_to,step,item_3,d(item_3),0.995,0.001,0.995,0.001,0.001,0.001,0.001
s20_on,42,,d(item_3),move_to,step,item_3,d(item_3),0.995,0.001,0.995,0.001,0.001,0.001,0.001
s20_on,43,,d(item_3),move_to,step,item_3,d(item_3),0.995,0.001,0.995,0.001,0.001,0.001,0.001
s20_on,44,,d(item_3),move_to,step,item_3,d(item_3),0.995,0.001,0.995,0.001,0.001,0.001,0.001
s20_on,45,,d(item_3),move_to,step,item_3,d(item_3),0.995,0.001,0.995,0.001,0.001,0.001,0.001
s20_on,46,,d(item_3),move_to,step,item_3,d(item_3),0.995,0.001,0.995,0.001,0.001,0.001,0.001
s20_on,47,,d(item_3),move_to,step,item_3,d(item_3),0.995,0.001,0.995,0.001,0.001,0.001,0.001
s20_on,48,,d(item_3),move_to,step,item_3,d(item_3),0.995,0.001,0.995,0.001,0.001,0.001,0.001
s20_on,49,,d(item_3),move_to,step,item_3,d(item_3),0.995,0.001,0.995,0.001,0.001,0.001,0.001
s20_on,50,,d(item_3),move_to,step,item_3,d(item_3),0.995,0.001,0.995,0.001,0.001,0.001,0.001
s20_on,51,,d(item_3),move_to,step,item_3,d(item_3),0.995,0.001,0.995,0.001,0.001,0.001,0.001
s20_on,52,,d(item_3),move_to,step,item_3,d(item_3),0.995,0.001,0.995,0.001,0.001,0.001,0.001
s20_on,53,,d(item_3),move_to,,item_3,d(item_3),0.995,0.001,0.995,0.001,0.001,0.001,0.001
s20_on,54,,d(item_3),place,release,,d(item_2),0.498,0.498,0.001,0.001,0.001,0.001,0.498
s20_on,55,,d(item_3),place,,,d(item_2),0.498,0.498,0.001,0.001,0.001,0.001,0.498
s20_on,56,,d(item_2),,,,d(item_2),0.498,0.498,0.001,0.001,0.001,0.001,0.498
s20_on,57,,d(item_2),move_to,step,,d(item_2),0.9055,0.9055,0.001,0.001,0.001,0.001,0.0905
s20_on,58,,d(item_2),move_to,step,,d(item_2),0.9055,0.9055,0.001,0.001,0.001,0.001,0.0905
s20_on,59,,d(item_2),move_to,step,,d(item_2),0.9055,0.9055,0.001,0.001,0.001,0.001,0.0905
s20_on,60,,d(item_2),move_to,step,,d(item_2),0.9055,0.9055,0.001,0.001,0.001,0.001,0.0905
s20_on,61,,d(item_2),move_to,step,,d(item_2),0.9055,0.9055,0.001,0.001,0.001,0.001,0.0905
s20_on,62,,d(item_2),move_to,step,,d(item_2),0.9055,0.9055,0.001,0.001,0.001,0.001,0.0905
s20_on,63,,d(item_2),move_to,step,,d(item_2),0.9055,0.9055,0.001,0.001,0.001,0.001,0.0905
s20_on,64,,d(item_2),move_to,step,,d(item_2),0.9055,0.9055,0.001,0.001,0.001,0.001,0.0905
s20_on,65,,d(item_2),move_to,step,,d(item_2),0.9055,0.9055,0.001,0.001,0.001,0.001,0.0905
s20_on,66,,d(item_2),move_to,step,,d(item_2),0.9055,0.9055,0.001,0.001,0.001,0.001,0.0905
s20_on,67,,d(item_2),move_to,step,,d(item_2),0.9055,0.9055,0.001,0.001,0.001,0.001,0.0905
s20_on,68,,d(item_2),move_to,step,,d(item_2),0.9055,0.9055,0.001,0.001,0.001,0.001,0.0905
s20_on,69,,d(item_2),move_to,step,,d(item_2),0.9055,0.9055,0.001,0.001,0.001,0.001,0.0905
s20_on,70,,d(item_2),move_to,step,,d(item_2),0.9055,0.9055,0.001,0.001,0.001,0.001,0.0905
s20_on,71,,d(item_2),move_to,step,,d(item_2),0.9055,0.9055,0.001,0.001,0.001,0.001,0.0905
s20_on,72,,d(item_2),move_to,step,,d(item_2),0.9055,0.9055,0.001,0.001,0.001,0.001,0.0905
s20_on,73,,d(item_2),move_to,step,,d(item_2),0.9055,0.9055,0.001,0.001,0.001,0.001,0.0905
s20_on,74,,d(item_2),move_to,step,,d(item_2),0.9055,0.9055,0.001,0.001,0.001,0.001,0.0905
s20_on,75,,d(item_2),move_to,step,,d(item_2),0.9055,0.9055,0.001,0.001,0.001,0.001,0.0905
s20_on,76,,d(item_2),move_to,step,,d(item_2),0.9055,0.9055,0.001,0.001,0.001,0.001,0.0905
s20_on,77,,d(item_2),move_to,step,,d(item_2),0.9055,0.9055,0.001,0.001,0.001,0.001,0.0905
s20_on,78,,d(item_2),move_to,step,,d(item_2),0.9055,0.9055,0.001,0.001,0.001,0.001,0.0905
s20_on,79,,d(item_2),move_to,step,,d(item_2),0.9055,0.9055,0.001,0.001,0.001,0.001,0.0905
s20_on,80,,d(item_2),move_to,step,,d(item_2),0.9055,0.9055,0.001,0.001,0.001,0.001,0.0905
s20_on,81,,d(item_2),move_to,step,,d(item_2),0.9055,0.9055,0.001,0.001,0.001,0.001,0.0905
s20_on,82,,d(item_2),move_to,step,,d(item_2),0.9055,0.9055,0.001,0.001,0.001,0.001,0.0905
s20_on,83,,d(item_2),move_to,step,,d(item_2),0.9055,0.9055,0.001,0.001,0.001,0.001,0.0905
s20_on,84,,d(item_2),move_to,step,,d(item_2),0.9055,0.9055,0.001,0.001,0.001,0.001,0.0905
s20_on,85,,d(item_2),move_to,step,,d(item_2),0.9055,0.9055,0.001,0.001,0.001,0.001,0.0905
s20_on,86,,d(item_2),move_to,step,,d(item_2),0.9055,0.9055,0.001,0.001,0.001,0.001,0.0905
s20_on,87,,d(item_2),move_to,step,,d(item_2),0.9861,0.9861,0.001,0.001,0.001,0.001,0.0099
s20_on,88,,d(item_2),move_to,,,d(item_2),0.9861,0.9861,0.001,0.001,0.001,0.001,0.0099
s20_on,89,,d(item_2),pick_up,grasp,item_2,d(item_2),0.9861,0.9861,0.001,0.001,0.001,0.001,0.0099
s20_on,90,,d(item_2),pick_up,,item_2,d(item_2),0.9861,0.9861,0.001,0.001,0.001,0.001,0.0099
s20_on,91,,d(item_2),move_to,step,item_2,d(item_2),0.995,0.995,0.001,0.001,0.001,0.001,0.001
s20_on,92,,d(item_2),move_to,step,item_2,d(item_2),0.995,0.995,0.001,0.001,0.001,0.001,0.001
s20_on,93,,d(item_2),move_to,step,item_2,d(item_2),0.995,0.995,0.001,0.001,0.001,0.001,0.001
s20_on,94,,d(item_2),move_to,step,item_2,d(item_2),0.995,0.995,0.001,0.001,0.001,0.001,0.001
s20_on,95,,d(item_2),move_to,step,item_2,d(item_2),0.995,0.995,0.001,0.001,0.001,0.001,0.001
s20_on,96,,d(item_2),move_to,step,item_2,d(item_2),0.995,0.995,0.001,0.001,0.001,0.001,0.001
s20_on,97,,d(item_2),move_to,step,item_2,d(item_2),0.995,0.995,0.001,0.001,0.001,0.001,0.001
s20_on,98,,d(item_2),move_to,step,item_2,d(item_2),0.995,0.995,0.001,0.001,0.001,0.001,0.001
s20_on,99,,d(item_2),move_to,step,item_2,d(item_2),0.995,0.995,0.001,0.001,0.001,0.001,0.001
s20_on,100,,d(item_2),move_to,step,item_2,d(item_2),0.995,0.995,0.001,0.001,0.001,0.001,0.001
s20_on,101,,d(item_2),move_to,step,item_2,d(item_2),0.995,0.995,0.001,0.001,0.001,0.001,0.001
s20_on,102,,d(item_2),move_to,step,item_2,d(item_2),0.995,0.995,0.001,0.001,0.001,0.001,0.001
s20_on,103,,d(item_2),move_to,step,item_2,d(item_2),0.995,0.995,0.001,0.001,0.001,0.001,0.001
s20_on,104,,d(item_2),move_to,step,item_2,d(item_2),0.995,0.995,0.001,0.001,0.001,0.001,0.001
s20_on,105,,d(item_2),move_to,step,item_2,d(item_2),0.995,0.995,0.001,0.001,0.001,0.001,0.001
s20_on,106,,d(item_2),move_to,step,item_2,d(item_2),0.995,0.995,0.001,0.001,0.001,0.001,0.001
s20_on,107,,d(item_2),move_to,step,item_2,d(item_2),0.995,0.995,0.001,0.001,0.001,0.001,0.001
s20_on,108,,d(item_2),move_to,step,item_2,d(item_2),0.995,0.995,0.001,0.001,0.001,0.001,0.001
s20_on,109,,d(item_2),move_to,step,item_2,d(item_2),0.995,0.995,0.001,0.001,0.001,0.001,0.001
s20_on,110,,d(item_2),move_to,step,item_2,d(item_2),0.995,0.995,0.001,0.001,0.001,0.001,0.001
s20_on,111,,d(item_2),move_to,step,item_2,d(item_2),0.995,0.995,0.001,0.001,0.001,0.001,0.001
s20_on,112,,d(item_2),move_to,step,item_2,d(item_2),0.995,0.995,0.001,0.001,0.001,0.001,0.001
s20_on,113,,d(item_2),move_to,step,item_2,d(item_2),0.995,0.995,0.001,0.001,0.001,0.001,0.001
s20_on,114,,d(item_2),move_to,step,item_2,d(item_2),0.995,0.995,0.001,0.001,0.001,0.001,0.001
s20_on,115,,d(item_2),move_to,step,item_2,d(item_2),0.995,0.995,0.001,0.001,0.001,0.001,0.001
s20_on,116,,d(item_2),move_to,step,item_2,d(item_2),0.995,0.995,0.001,0.001,0.001,0.001,0.001
s20_on,117,,d(item_2),move_to,step,item_2,d(item_2),0.995,0.995,0.001,0.001,0.001,0.001,0.001
s20_on,118,,d(item_2),move_to,step,item_2,d(item_2),0.995,0.995,0.001,0.001,0.001,0.001,0.001
s20_on,119,,d(item_2),move_to,step,item_2,d(item_2),0.995,0.995,0.001,0.001,0.001,0.001,0.001
s20_on,120,,d(item_2),move_to,step,item_2,d(item_2),0.995,0.995,0.001,0.001,0.001,0.001,0.001
s20_on,121,,d(item_2),move_to,,item_2,d(item_2),0.995,0.995,0.001,0.001,0.001,0.001,0.001
s20_on,122,,d(item_2),place,release,,unknown,0.995,0.001,0.001,0.001,0.001,0.001,0.995
s20_on,123,,d(item_2),place,,,unknown,0.995,0.001,0.001,0.001,0.001,0.001,0.995
s20_on,124,,unknown,,,,unknown,0.995,0.001,0.001,0.001,0.001,0.001,0.995
s20_on,125,,unknown,,,,unknown,0.995,0.001,0.001,0.001,0.001,0.001,0.995
s20_on,126,,unknown,,,,unknown,0.995,0.001,0.001,0.001,0.001,0.001,0.995
s20_on,127,,unknown,,,,unknown,0.995,0.001,0.001,0.001,0.001,0.001,0.995
s20_on,128,,unknown,,,,unknown,0.995,0.001,0.001,0.001,0.001,0.001,0.995
s20_on,129,,unknown,,,,unknown,0.995,0.001,0.001,0.001,0.001,0.001,0.995
s20_on,130,,unknown,,,,unknown,0.995,0.001,0.001,0.001,0.001,0.001,0.995
s20_on,131,,unknown,,,,unknown,0.995,0.001,0.001,0.001,0.001,0.001,0.995
s20_on,132,,unknown,,,,unknown,0.995,0.001,0.001,0.001,0.001,0.001,0.995
s20_on,133,,unknown,,,,unknown,0.995,0.001,0.001,0.001,0.001,0.001,0.995
s20_on,134,,unknown,,,,unknown,0.995,0.001,0.001,0.001,0.001,0.001,0.995
s20_on,135,,unknown,,,,unknown,0.995,0.001,0.001,0.001,0.001,0.001,0.995
s20_on,136,,unknown,,,,unknown,0.995,0.001,0.001,0.001,0.001,0.001,0.995
s20_on,137,,unknown,,,,unknown,0.995,0.001,0.001,0.001,0.001,0.001,0.995
s20_on,138,,unknown,,,,unknown,0.995,0.001,0.001,0.001,0.001,0.001,0.995
s20_on,139,,unknown,,,,unknown,0.995,0.001,0.001,0.001,0.001,0.001,0.995
s20_on,140,,unknown,,,,unknown,0.995,0.001,0.001,0.001,0.001,0.001,0.995
s20_on,141,,unknown,,,,unknown,0.995,0.001,0.001,0.001,0.001,0.001,0.995
s20_on,142,,unknown,,,,unknown,0.995,0.001,0.001,0.001,0.001,0.001,0.995
s20_on,143,,unknown,,,,unknown,0.995,0.001,0.001,0.001,0.001,0.001,0.995
s20_on,144,,unknown,,,,unknown,0.995,0.001,0.001,0.001,0.001,0.001,0.995
s20_on,145,,unknown,,,,unknown,0.995,0.001,0.001,0.001,0.001,0.001,0.995
s20_on,146,,unknown,,,,unknown,0.995,0.001,0.001,0.001,0.001,0.001,0.995
s20_on,147,,unknown,,,,unknown,0.995,0.001,0.001,0.001,0.001,0.001,0.995
s20_on,148,,unknown,,,,unknown,0.995,0.001,0.001,0.001,0.001,0.001,0.995
s20_on,149,,unknown,,,,unknown,0.995,0.001,0.001,0.001,0.001,0.001,0.995
s20_on,150,,unknown,,,,unknown,0.995,0.001,0.001,0.001,0.001,0.001,0.995
s20_on,151,,unknown,,,,unknown,0.995,0.001,0.001,0.001,0.001,0.001,0.995
s20_on,152,,unknown,,,,unknown,0.995,0.001,0.001,0.001,0.001,0.001,0.995
s20_on,153,,unknown,,,,unknown,0.995,0.001,0.001,0.001,0.001,0.001,0.995
s20_on,154,,unknown,,,,unknown,0.995,0.001,0.001,0.001,0.001,0.001,0.995
s20_on,155,,unknown,,,,unknown,0.995,0.001,0.001,0.001,0.001,0.001,0.995
s20_on,156,,unknown,,,,unknown,0.995,0.001,0.001,0.001,0.001,0.001,0.995
s20_on,157,,unknown,,,,unknown,0.995,0.001,0.001,0.001,0.001,0.001,0.995
s20_on,158,,unknown,,,,unknown,0.995,0.001,0.001,0.001,0.001,0.001,0.995
s20_on,159,,unknown,,,,unknown,0.995,0.001,0.001,0.001,0.001,0.001,0.995
s20_on,160,,unknown,,,,unknown,0.995,0.001,0.001,0.001,0.001,0.001,0.995
s20_on,161,,unknown,,,,unknown,0.995,0.001,0.001,0.001,0.001,0.001,0.995
s20_on,162,,unknown,,,,unknown,0.995,0.001,0.001,0.001,0.001,0.001,0.995
s20_on,163,,unknown,,,,unknown,0.995,0.001,0.001,0.001,0.001,0.001,0.995
s20_on,164,,unknown,,,,unknown,0.995,0.001,0.001,0.001,0.001,0.001,0.995
s20_on,165,,unknown,,,,unknown,0.995,0.001,0.001,0.001,0.001,0.001,0.995
s20_on,166,,unknown,,,,unknown,0.995,0.001,0.001,0.001,0.001,0.001,0.995
s20_on,167,,unknown,,,,unknown,0.995,0.001,0.001,0.001,0.001,0.001,0.995
s20_on,168,,unknown,,,,unknown,0.995,0.001,0.001,0.001,0.001,0.001,0.995
s20_on,169,,unknown,,,,unknown,0.995,0.001,0.001,0.001,0.001,0.001,0.995
s20_on,170,,unknown,,,,unknown,0.995,0.001,0.001,0.001,0.001,0.001,0.995
s20_on,171,,unknown,,,,unknown,0.995,0.001,0.001,0.001,0.001,0.001,0.995
s20_on,172,,unknown,,,,unknown,0.995,0.001,0.001,0.001,0.001,0.001,0.995
s20_on,173,,unknown,,,,unknown,0.995,0.001,0.001,0.001,0.001,0.001,0.995
s20_on,174,,unknown,,,,unknown,0.995,0.001,0.001,0.001,0.001,0.001,0.995
s20_on,175,,unknown,,,,unknown,0.995,0.001,0.001,0.001,0.001,0.001,0.995
s20_on,176,,unknown,,,,unknown,0.995,0.001,0.001,0.001,0.001,0.001,0.995
s20_on,177,,unknown,,,,unknown,0.995,0.001,0.001,0.001,0.001,0.001,0.995
s20_on,178,,unknown,,,,unknown,0.995,0.001,0.001,0.001,0.001,0.001,0.995
s20_on,179,,unknown,,,,unknown,0.995,0.001,0.001,0.001,0.001,0.001,0.995
s20_on,180,,unknown,,,,unknown,0.995,0.001,0.001,0.001,0.001,0.001,0.995
s20_on,181,,unknown,,,,unknown,0.995,0.001,0.001,0.001,0.001,0.001,0.995
s20_on,182,,unknown,,,,unknown,0.995,0.001,0.001,0.001,0.001,0.001,0.995
s20_on,183,,unknown,,,,unknown,0.995,0.001,0.001,0.001,0.001,0.001,0.995
s20_on,184,,unknown,,,,unknown,0.995,0.001,0.001,0.001,0.001,0.001,0.995
s20_on,185,,unknown,,,,unknown,0.995,0.001,0.001,0.001,0.001,0.001,0.995
s20_on,186,,unknown,,,,unknown,0.995,0.001,0.001,0.001,0.001,0.001,0.995
s20_on,187,,unknown,,,,unknown,0.995,0.001,0.001,0.001,0.001,0.001,0.995
s20_on,188,,unknown,,,,unknown,0.995,0.001,0.001,0.001,0.001,0.001,0.995
s20_on,189,,unknown,,,,unknown,0.995,0.001,0.001,0.001,0.001,0.001,0.995
s20_on,190,,unknown,,,,unknown,0.995,0.001,0.001,0.001,0.001,0.001,0.995
s20_on,191,,unknown,,,,unknown,0.995,0.001,0.001,0.001,0.001,0.001,0.995
s20_on,192,,unknown,,,,unknown,0.995,0.001,0.001,0.001,0.001,0.001,0.995
s20_on,193,,unknown,,,,unknown,0.995,0.001,0.001,0.001,0.001,0.001,0.995
s20_on,194,,unknown,,,,unknown,0.995,0.001,0.001,0.001,0.001,0.001,0.995
s20_on,195,,unknown,,,,unknown,0.995,0.001,0.001,0.001,0.001,0.001,0.995
s20_on,196,,unknown,,,,unknown,0.995,0.001,0.001,0.001,0.001,0.001,0.995
s20_on,197,,unknown,,,,unknown,0.995,0.001,0.001,0.001,0.001,0.001,0.995
s20_on,198,,unknown,,,,unknown,0.995,0.001,0.001,0.001,0.001,0.001,0.995
s20_on,199,,unknown,,,,unknown,0.995,0.001,0.001,0.001,0.001,0.001,0.995
s30_off,0,,d(item_3),move_to,step,,d(item_3),0.2008,0.1936,0.2008,0.1979,0.1922,0.1955,0.0201
s30_off,1,,d(item_3),move_to,step,,d(item_3),0.206,0.1909,0.206,0.2,0.1878,0.1948,0.0206
s30_off,2,,d(item_3),move_to,step,,d(item_3),0.2118,0.1879,0.2118,0.2022,0.1827,0.1942,0.0212
s30_off,3,,d(item_3),move_to,step,,d(item_3),0.2183,0.1847,0.2183,0.2047,0.1769,0.1935,0.0218
s30_off,4,,d(item_3),move_to,step,,d(item_3),0.2257,0.1811,0.2257,0.2075,0.1703,0.1928,0.0226
s30_off,5,,d(item_3),move_to,step,,d(item_3),0.2339,0.1772,0.2339,0.2105,0.1629,0.1921,0.0234
s30_off,6,,d(item_3),move_to,step,,d(item_3),0.2431,0.1729,0.2431,0.2137,0.1547,0.1913,0.0243
s30_off,7,,d(item_3),move_to,step,,d(item_3),0.2534,0.1682,0.2534,0.2172,0.1456,0.1903,0.0253
s30_off,8,,d(item_3),move_to,step,,d(item_3),0.2649,0.163,0.2649,0.2207,0.1358,0.1891,0.0265
s30_off,9,,d(item_3),move_to,step,,d(item_3),0.2778,0.1572,0.2778,0.2243,0.1253,0.1876,0.0278
s30_off,10,,d(item_3),move_to,step,,d(item_3),0.292,0.1509,0.292,0.2279,0.1142,0.1857,0.0292
s30_off,11,,d(item_3),move_to,step,,d(item_3),0.3078,0.144,0.3078,0.2312,0.1029,0.1834,0.0308
s30_off,12,,d(item_3),move_to,step,,d(item_3),0.3251,0.1365,0.3251,0.2341,0.0914,0.1804,0.0325
s30_off,13,,d(item_3),move_to,step,,d(item_3),0.344,0.1283,0.344,0.2364,0.0801,0.1767,0.0344
s30_off,14,,d(item_3),move_to,step,,d(item_3),0.3645,0.1197,0.3645,0.2378,0.0693,0.1722,0.0365
s30_off,15,,d(item_3),move_to,step,,d(item_3),0.3868,0.1106,0.3868,0.238,0.059,0.1669,0.0387
s30_off,16,,d(item_3),move_to,step,,d(item_3),0.4107,0.1013,0.4107,0.2368,0.0497,0.1606,0.0411
s30_off,17,,d(item_3),move_to,step,,d(item_3),0.4363,0.0917,0.4363,0.2338,0.0412,0.1534,0.0436
s30_off,18,,d(item_3),move_to,step,,d(item_3),0.4635,0.0822,0.4635,0.2289,0.0338,0.1452,0.0463
s30_off,19,,d(item_3),move_to,step,,d(item_3),0.4923,0.0729,0.4923,0.2219,0.0273,0.1363,0.0492
s30_off,20,,d(item_3),move_to,step,,d(item_3),0.5226,0.0639,0.5226,0.2127,0.0219,0.1267,0.0523
s30_off,21,,d(item_3),move_to,step,,d(item_3),0.5542,0.0553,0.5542,0.2013,0.0173,0.1165,0.0554
s30_off,22,,d(item_3),move_to,step,,d(item_3),0.5867,0.0473,0.5867,0.1878,0.0136,0.1059,0.0587
s30_off,23,,d(item_3),move_to,step,,d(item_3),0.6199,0.04,0.6199,0.1725,0.0105,0.0951,0.062
s30_off,24,,d(item_3),move_to,step,,d(item_3),0.6532,0.0334,0.6532,0.1557,0.0081,0.0844,0.0653
s30_off,25,,d(item_3),move_to,step,,d(item_3),0.6859,0.0275,0.6859,0.138,0.0061,0.0738,0.0686
s30_off,26,,d(item_3),move_to,step,,d(item_3),0.7175,0.0224,0.7175,0.12,0.0046,0.0637,0.0717
s30_off,27,,d(item_3),move_to,step,,d(item_3),0.7472,0.018,0.7472,0.1024,0.0034,0.0542,0.0747
s30_off,28,,d(item_3),move_to,step,,d(item_3),0.7746,0.0143,0.7746,0.0856,0.0025,0.0455,0.0775
s30_off,29,,d(item_3),move_to,step,,d(item_3),0.7992,0.0112,0.7992,0.0702,0.0019,0.0376,0.0799
s30_off,30,,d(item_3),move_to,step,,d(item_3),0.8207,0.0087,0.8207,0.0565,0.0013,0.0307,0.0821
s30_off,31,,d(item_3),move_to,step,,d(item_3),0.8391,0.0066,0.8391,0.0447,0.001,0.0247,0.0839
s30_off,32,,d(item_3),move_to,step,,d(item_3),0.8542,0.005,0.8542,0.0348,0.001,0.0196,0.0854
s30_off,33,,d(item_3),move_to,step,,d(item_3),0.8665,0.0038,0.8665,0.0267,0.001,0.0154,0.0867
s30_off,34,,d(item_3),move_to,step,,d(item_3),0.8764,0.0028,0.8764,0.0202,0.001,0.012,0.0876
s30_off,35,,d(item_3),move_to,step,,d(item_3),0.8842,0.0021,0.8842,0.0151,0.001,0.0092,0.0884
s30_off,36,,d(item_3),move_to,step,,d(item_3),0.8903,0.0015,0.8903,0.0111,0.001,0.007,0.089
s30_off,37,,d(item_3),move_to,step,,d(item_3),0.9861,0.001,0.9861,0.001,0.001,0.001,0.0099
s30_off,38,,d(item_3),move_to,,,d(item_3),0.9861,0.001,0.9861,0.001,0.001,0.001,0.0099
s30_off,39,,d(item_3),pick_up,grasp,item_3,d(item_3),0.9734,0.0012,0.9734,0.0089,0.001,0.0058,0.0097
s30_off,40,,d(item_3),pick_up,,item_3,d(item_3),0.9734,0.0012,0.9734,0.0089,0.001,0.0058,0.0097
s30_off,41,,d(item_3),move_to,step,item_3,d(item_3),0.995,0.001,0.995,0.001,0.001,0.001,0.001
s30_off,42,,d(item_3),move_to,step,item_3,d(item_3),0.9851,0.001,0.9851,0.0072,0.001,0.0047,0.001
s30_off,43,,d(item_3),move_to,step,item_3,d(item_3),0.9878,0.001,0.9878,0.0056,0.001,0.0036,0.001
s30_off,44,,d(item_3),move_to,step,item_3,d(item_3),0.9901,0.001,0.9901,0.0042,0.001,0.0027,0.001
s30_off,45,,d(item_3),move_to,step,item_3,d(item_3),0.992,0.001,0.992,0.0031,0.001,0.002,0.001
s30_off,46,,d(item_3),move_to,step,item_3,d(item_3),0.9934,0.001,0.9934,0.0022,0.001,0.0014,0.001
s30_off,47,,d(item_3),move_to,step,item_3,d(item_3),0.9945,0.001,0.9945,0.0015,0.001,0.001,0.001
s30_off,48,,d(item_3),move_to,step,item_3,d(item_3),0.995,0.001,0.995,0.001,0.001,0.001,0.001
s30_off,49,,d(item_3),move_to,step,item_3,d(item_3),0.995,0.001,0.995,0.001,0.001,0.001,0.001
s30_off,50,,d(item_3),move_to,step,item_3,d(item_3),0.995,0.001,0.995,0.001,0.001,0.001,0.001
s30_off,51,,d(item_3),move_to,step,item_3,d(item_3),0.995,0.001,0.995,0.001,0.001,0.001,0.001
s30_off,52,,d(item_3),move_to,step,item_3,d(item_3),0.995,0.001,0.995,0.001,0.001,0.001,0.001
s30_off,53,,d(item_3),move_to,step,item_3,d(item_3),0.995,0.001,0.995,0.001,0.001,0.001,0.001
s30_off,54,,d(item_3),move_to,step,item_3,d(item_3),0.995,0.001,0.995,0.001,0.001,0.001,0.001
s30_off,55,,d(item_3),move_to,step,item_3,d(item_3),0.995,0.001,0.995,0.001,0.001,0.001,0.001
s30_off,56,,d(item_3),move_to,step,item_3,d(item_3),0.995,0.001,0.995,0.001,0.001,0.001,0.001
s30_off,57,,d(item_3),move_to,step,item_3,d(item_3),0.995,0.001,0.995,0.001,0.001,0.001,0.001
s30_off,58,,d(item_3),move_to,step,item_3,d(item_3),0.995,0.001,0.995,0.001,0.001,0.001,0.001
s30_off,59,,d(item_3),move_to,step,item_3,d(item_3),0.995,0.001,0.995,0.001,0.001,0.001,0.001
s30_off,60,,d(item_3),move_to,step,item_3,d(item_3),0.995,0.001,0.995,0.001,0.001,0.001,0.001
s30_off,61,,d(item_3),move_to,step,item_3,d(item_3),0.995,0.001,0.995,0.001,0.001,0.001,0.001
s30_off,62,,d(item_3),move_to,step,item_3,d(item_3),0.995,0.001,0.995,0.001,0.001,0.001,0.001
s30_off,63,,d(item_3),move_to,step,item_3,d(item_3),0.995,0.001,0.995,0.001,0.001,0.001,0.001
s30_off,64,,d(item_3),move_to,step,item_3,d(item_3),0.995,0.001,0.995,0.001,0.001,0.001,0.001
s30_off,65,,d(item_3),move_to,step,item_3,d(item_3),0.995,0.001,0.995,0.001,0.001,0.001,0.001
s30_off,66,,d(item_3),move_to,step,item_3,d(item_3),0.995,0.001,0.995,0.001,0.001,0.001,0.001
s30_off,67,,d(item_3),move_to,step,item_3,d(item_3),0.995,0.001,0.995,0.001,0.001,0.001,0.001
s30_off,68,,d(item_3),move_to,step,item_3,d(item_3),0.995,0.001,0.995,0.001,0.001,0.001,0.001
s30_off,69,,d(item_3),move_to,step,item_3,d(item_3),0.995,0.001,0.995,0.001,0.001,0.001,0.001
s30_off,70,,d(item_3),move_to,step,item_3,d(item_3),0.995,0.001,0.995,0.001,0.001,0.001,0.001
s30_off,71,,d(item_3),move_to,step,item_3,d(item_3),0.995,0.001,0.995,0.001,0.001,0.001,0.001
s30_off,72,,d(item_3),move_to,step,item_3,d(item_3),0.995,0.001,0.995,0.001,0.001,0.001,0.001
s30_off,73,,d(item_3),move_to,,item_3,d(item_3),0.995,0.001,0.995,0.001,0.001,0.001,0.001
s30_off,74,,d(item_3),place,release,,d(item_2),0.1998,0.1998,0.001,0.1998,0.1998,0.1998,0.1998
s30_off,75,,d(item_3),place,,,d(item_2),0.1998,0.1998,0.001,0.1998,0.1998,0.1998,0.1998
s30_off,76,,d(item_7),,,,d(item_2),0.1998,0.1998,0.001,0.1998,0.1998,0.1998,0.1998
s30_off,77,,d(item_7),move_to,step,,d(item_7),0.2685,0.232,0.001,0.2414,0.2302,0.2685,0.0269
s30_off,78,,d(item_7),move_to,step,,d(item_7),0.2997,0.2152,0.001,0.239,0.2151,0.2997,0.03
s30_off,79,,d(item_7),move_to,step,,d(item_7),0.3383,0.1925,0.001,0.2358,0.1986,0.3383,0.0338
s30_off,80,,d(item_7),move_to,step,,d(item_7),0.3847,0.1639,0.001,0.2311,0.1808,0.3847,0.0385
s30_off,81,,d(item_7),move_to,step,,d(item_7),0.4384,0.1317,0.001,0.2236,0.1615,0.4384,0.0438
s30_off,82,,d(item_7),move_to,step,,d(item_7),0.4969,0.0993,0.001,0.2122,0.141,0.4969,0.0497
s30_off,83,,d(item_7),move_to,step,,d(item_7),0.5567,0.0706,0.001,0.1962,0.1198,0.5567,0.0557
s30_off,84,,d(item_7),move_to,step,,d(item_7),0.6138,0.0487,0.001,0.1763,0.0988,0.6138,0.0614
s30_off,85,,d(item_7),move_to,step,,d(item_7),0.6641,0.0358,0.001,0.1536,0.0791,0.6641,0.0664
s30_off,86,,d(item_7),move_to,step,,d(item_7),0.7277,0.001,0.001,0.1339,0.0636,0.7277,0.0728
s30_off,87,,d(item_7),move_to,step,,d(item_7),0.7627,0.001,0.001,0.1106,0.0485,0.7627,0.0763
s30_off,88,,d(item_7),move_to,step,,d(item_7),0.7926,0.001,0.001,0.0897,0.0364,0.7926,0.0793
s30_off,89,,d(item_7),move_to,step,,d(item_7),0.8176,0.001,0.001,0.0716,0.027,0.8176,0.0818
s30_off,90,,d(item_7),move_to,step,,d(item_7),0.8381,0.001,0.001,0.0563,0.0198,0.8381,0.0838
s30_off,91,,d(item_7),move_to,step,,d(item_7),0.8544,0.001,0.001,0.0438,0.0144,0.8544,0.0854
s30_off,92,,d(item_7),move_to,step,,d(item_7),0.8672,0.001,0.001,0.0336,0.0104,0.8672,0.0867
s30_off,93,,d(item_7),move_to,step,,d(item_7),0.8772,0.001,0.001,0.0256,0.0074,0.8772,0.0877
s30_off,94,,d(item_7),move_to,step,,d(item_7),0.8849,0.001,0.001,0.0194,0.0053,0.8849,0.0885
s30_off,95,,d(item_7),move_to,step,,d(item_7),0.8907,0.001,0.001,0.0145,0.0038,0.8907,0.0891
s30_off,96,,d(item_7),move_to,step,,d(item_7),0.986,0.001,0.001,0.0012,0.001,0.986,0.0099
s30_off,97,,d(item_7),move_to,,,d(item_7),0.986,0.001,0.001,0.0012,0.001,0.986,0.0099
s30_off,98,,d(item_7),pick_up,grasp,item_7,d(item_7),0.9736,0.001,0.001,0.0118,0.0029,0.9736,0.0097
s30_off,99,,d(item_7),pick_up,,item_7,d(item_7),0.9736,0.001,0.001,0.0118,0.0029,0.9736,0.0097
s30_off,100,,d(item_7),move_to,step,item_7,d(item_7),0.9948,0.001,0.001,0.0012,0.001,0.9948,0.001
s30_off,101,,d(item_7),move_to,step,item_7,d(item_7),0.9851,0.001,0.001,0.0096,0.0023,0.9851,0.001
s30_off,102,,d(item_7),move_to,step,item_7,d(item_7),0.9878,0.001,0.001,0.0074,0.0018,0.9878,0.001
s30_off,103,,d(item_7),move_to,step,item_7,d(item_7),0.9901,0.001,0.001,0.0055,0.0014,0.9901,0.001
s30_off,104,,d(item_7),move_to,step,item_7,d(item_7),0.992,0.001,0.001,0.004,0.001,0.992,0.001
s30_off,105,,d(item_7),move_to,step,item_7,d(item_7),0.9931,0.001,0.001,0.0029,0.001,0.9931,0.001
s30_off,106,,d(item_7),move_to,step,item_7,d(item_7),0.994,0.001,0.001,0.002,0.001,0.994,0.001
s30_off,107,,d(item_7),move_to,step,item_7,d(item_7),0.9946,0.001,0.001,0.0014,0.001,0.9946,0.001
s30_off,108,,d(item_7),move_to,step,item_7,d(item_7),0.995,0.001,0.001,0.001,0.001,0.995,0.001
s30_off,109,,d(item_7),move_to,step,item_7,d(item_7),0.995,0.001,0.001,0.001,0.001,0.995,0.001
s30_off,110,,d(item_7),move_to,step,item_7,d(item_7),0.995,0.001,0.001,0.001,0.001,0.995,0.001
s30_off,111,,d(item_7),move_to,step,item_7,d(item_7),0.995,0.001,0.001,0.001,0.001,0.995,0.001
s30_off,112,,d(item_7),move_to,step,item_7,d(item_7),0.995,0.001,0.001,0.001,0.001,0.995,0.001
s30_off,113,,d(item_7),move_to,step,item_7,d(item_7),0.995,0.001,0.001,0.001,0.001,0.995,0.001
s30_off,114,,d(item_7),move_to,step,item_7,d(item_7),0.995,0.001,0.001,0.001,0.001,0.995,0.001
s30_off,115,,d(item_7),move_to,step,item_7,d(item_7),0.995,0.001,0.001,0.001,0.001,0.995,0.001
s30_off,116,,d(item_7),move_to,step,item_7,d(item_7),0.995,0.001,0.001,0.001,0.001,0.995,0.001
s30_off,117,,d(item_7),move_to,step,item_7,d(item_7),0.995,0.001,0.001,0.001,0.001,0.995,0.001
s30_off,118,,d(item_7),move_to,step,item_7,d(item_7),0.995,0.001,0.001,0.001,0.001,0.995,0.001
s30_off,119,,d(item_7),move_to,step,item_7,d(item_7),0.995,0.001,0.001,0.001,0.001,0.995,0.001
s30_off,120,,d(item_7),move_to,,item_7,d(item_7),0.995,0.001,0.001,0.001,0.001,0.995,0.001
s30_off,121,,d(item_7),place,release,,d(item_4),0.3323,0.001,0.001,0.3323,0.3323,0.001,0.3323
s30_off,122,,d(item_7),place,,,d(item_4),0.3323,0.001,0.001,0.3323,0.3323,0.001,0.3323
s30_off,123,,unknown,,,,d(item_4),0.3323,0.001,0.001,0.3323,0.3323,0.001,0.3323
s30_off,124,,unknown,,,,d(item_4),0.3323,0.001,0.001,0.3323,0.3323,0.001,0.3323
s30_off,125,,unknown,,,,d(item_4),0.3323,0.001,0.001,0.3323,0.3323,0.001,0.3323
s30_off,126,,unknown,,,,d(item_4),0.3323,0.001,0.001,0.3323,0.3323,0.001,0.3323
s30_off,127,,unknown,,,,d(item_4),0.3323,0.001,0.001,0.3323,0.3323,0.001,0.3323
s30_off,128,,unknown,,,,d(item_4),0.3323,0.001,0.001,0.3323,0.3323,0.001,0.3323
s30_off,129,,unknown,,,,d(item_4),0.3323,0.001,0.001,0.3323,0.3323,0.001,0.3323
s30_off,130,,unknown,,,,d(item_4),0.3323,0.001,0.001,0.3323,0.3323,0.001,0.3323
s30_off,131,,unknown,,,,d(item_4),0.3323,0.001,0.001,0.3323,0.3323,0.001,0.3323
s30_off,132,,unknown,,,,d(item_4),0.3323,0.001,0.001,0.3323,0.3323,0.001,0.3323
s30_off,133,,unknown,,,,d(item_4),0.3323,0.001,0.001,0.3323,0.3323,0.001,0.3323
s30_off,134,,unknown,,,,d(item_4),0.3323,0.001,0.001,0.3323,0.3323,0.001,0.3323
s30_off,135,,unknown,,,,d(item_4),0.3323,0.001,0.001,0.3323,0.3323,0.001,0.3323
s30_off,136,,unknown,,,,d(item_4),0.3323,0.001,0.001,0.3323,0.3323,0.001,0.3323
s30_off,137,,unknown,,,,d(item_4),0.3323,0.001,0.001,0.3323,0.3323,0.001,0.3323
s30_off,138,,unknown,,,,d(item_4),0.3323,0.001,0.001,0.3323,0.3323,0.001,0.3323
s30_off,139,,unknown,,,,d(item_4),0.3323,0.001,0.001,0.3323,0.3323,0.001,0.3323
s30_off,140,,unknown,,,,d(item_4),0.3323,0.001,0.001,0.3323,0.3323,0.001,0.3323
s30_off,141,,unknown,,,,d(item_4),0.3323,0.001,0.001,0.3323,0.3323,0.001,0.3323
s30_off,142,,unknown,,,,d(item_4),0.3323,0.001,0.001,0.3323,0.3323,0.001,0.3323
s30_off,143,,unknown,,,,d(item_4),0.3323,0.001,0.001,0.3323,0.3323,0.001,0.3323
s30_off,144,,unknown,,,,d(item_4),0.3323,0.001,0.001,0.3323,0.3323,0.001,0.3323
s30_off,145,,unknown,,,,d(item_4),0.3323,0.001,0.001,0.3323,0.3323,0.001,0.3323
s30_off,146,,unknown,,,,d(item_4),0.3323,0.001,0.001,0.3323,0.3323,0.001,0.3323
s30_off,147,,unknown,,,,d(item_4),0.3323,0.001,0.001,0.3323,0.3323,0.001,0.3323
s30_off,148,,unknown,,,,d(item_4),0.3323,0.001,0.001,0.3323,0.3323,0.001,0.3323
s30_off,149,,unknown,,,,d(item_4),0.3323,0.001,0.001,0.3323,0.3323,0.001,0.3323
s30_off,150,,unknown,,,,d(item_4),0.3323,0.001,0.001,0.3323,0.3323,0.001,0.3323
s30_off,151,,unknown,,,,d(item_4),0.3323,0.001,0.001,0.3323,0.3323,0.001,0.3323
s30_off,152,,unknown,,,,d(item_4),0.3323,0.001,0.001,0.3323,0.3323,0.001,0.3323
s30_off,153,,unknown,,,,d(item_4),0.3323,0.001,0.001,0.3323,0.3323,0.001,0.3323
s30_off,154,,unknown,,,,d(item_4),0.3323,0.001,0.001,0.3323,0.3323,0.001,0.3323
s30_off,155,,unknown,,,,d(item_4),0.3323,0.001,0.001,0.3323,0.3323,0.001,0.3323
s30_off,156,,unknown,,,,d(item_4),0.3323,0.001,0.001,0.3323,0.3323,0.001,0.3323
s30_off,157,,unknown,,,,d(item_4),0.3323,0.001,0.001,0.3323,0.3323,0.001,0.3323
s30_off,158,,unknown,,,,d(item_4),0.3323,0.001,0.001,0.3323,0.3323,0.001,0.3323
s30_off,159,,unknown,,,,d(item_4),0.3323,0.001,0.001,0.3323,0.3323,0.001,0.3323
s30_off,160,,unknown,,,,d(item_4),0.3323,0.001,0.001,0.3323,0.3323,0.001,0.3323
s30_off,161,,unknown,,,,d(item_6),0.498,0.001,0.001,0.001,0.498,0.001,0.498
s30_off,162,,unknown,,,,d(item_6),0.498,0.001,0.001,0.001,0.498,0.001,0.498
s30_off,163,,unknown,,,,d(item_6),0.498,0.001,0.001,0.001,0.498,0.001,0.498
s30_on,0,,d(item_3),move_to,step,,d(item_3),0.4808,0.001,0.4808,0.001,0.001,0.4681,0.0481
s30_on,1,,d(item_3),move_to,step,,d(item_3),0.4873,0.001,0.4873,0.001,0.001,0.4609,0.0487
s30_on,2,,d(item_3),move_to,step,,d(item_3),0.4943,0.001,0.4943,0.001,0.001,0.4532,0.0494
s30_on,3,,d(item_3),move_to,step,,d(item_3),0.5019,0.001,0.5019,0.001,0.001,0.4449,0.0502
s30_on,4,,d(item_3),move_to,step,,d(item_3),0.5101,0.001,0.5101,0.001,0.001,0.4359,0.051
s30_on,5,,d(item_3),move_to,step,,d(item_3),0.5189,0.001,0.5189,0.001,0.001,0.4262,0.0519
s30_on,6,,d(item_3),move_to,step,,d(item_3),0.5284,0.001,0.5284,0.001,0.001,0.4157,0.0528
s30_on,7,,d(item_3),move_to,step,,d(item_3),0.5387,0.001,0.5387,0.001,0.001,0.4045,0.0539
s30_on,8,,d(item_3),move_to,step,,d(item_3),0.5497,0.001,0.5497,0.001,0.001,0.3923,0.055
s30_on,9,,d(item_3),move_to,step,,d(item_3),0.5616,0.001,0.5616,0.001,0.001,0.3793,0.0562
s30_on,10,,d(item_3),move_to,step,,d(item_3),0.5743,0.001,0.5743,0.001,0.001,0.3653,0.0574
s30_on,11,,d(item_3),move_to,step,,d(item_3),0.5879,0.001,0.5879,0.001,0.001,0.3503,0.0588
s30_on,12,,d(item_3),move_to,step,,d(item_3),0.6024,0.001,0.6024,0.001,0.001,0.3343,0.0602
s30_on,13,,d(item_3),move_to,step,,d(item_3),0.6178,0.001,0.6178,0.001,0.001,0.3174,0.0618
s30_on,14,,d(item_3),move_to,step,,d(item_3),0.634,0.001,0.634,0.001,0.001,0.2996,0.0634
s30_on,15,,d(item_3),move_to,step,,d(item_3),0.651,0.001,0.651,0.001,0.001,0.2809,0.0651
s30_on,16,,d(item_3),move_to,step,,d(item_3),0.6687,0.001,0.6687,0.001,0.001,0.2615,0.0669
s30_on,17,,d(item_3),move_to,step,,d(item_3),0.6869,0.001,0.6869,0.001,0.001,0.2415,0.0687
s30_on,18,,d(item_3),move_to,step,,d(item_3),0.7054,0.001,0.7054,0.001,0.001,0.2211,0.0705
s30_on,19,,d(item_3),move_to,step,,d(item_3),0.7241,0.001,0.7241,0.001,0.001,0.2005,0.0724
s30_on,20,,d(item_3),move_to,step,,d(item_3),0.7427,0.001,0.7427,0.001,0.001,0.18,0.0743
s30_on,21,,d(item_3),move_to,step,,d(item_3),0.761,0.001,0.761,0.001,0.001,0.1599,0.0761
s30_on,22,,d(item_3),move_to,step,,d(item_3),0.7786,0.001,0.7786,0.001,0.001,0.1405,0.0779
s30_on,23,,d(item_3),move_to,step,,d(item_3),0.7954,0.001,0.7954,0.001,0.001,0.1221,0.0795
s30_on,24,,d(item_3),move_to,step,,d(item_3),0.8111,0.001,0.8111,0.001,0.001,0.1048,0.0811
s30_on,25,,d(item_3),move_to,step,,d(item_3),0.8256,0.001,0.8256,0.001,0.001,0.0889,0.0826
s30_on,26,,d(item_3),move_to,step,,d(item_3),0.8386,0.001,0.8386,0.001,0.001,0.0745,0.0839
s30_on,27,,d(item_3),move_to,step,,d(item_3),0.8503,0.001,0.8503,0.001,0.001,0.0617,0.085
s30_on,28,,d(item_3),move_to,step,,d(item_3),0.8604,0.001,0.8604,0.001,0.001,0.0505,0.086
s30_on,29,,d(item_3),move_to,step,,d(item_3),0.8692,0.001,0.8692,0.001,0.001,0.0409,0.0869
s30_on,30,,d(item_3),move_to,step,,d(item_3),0.8766,0.001,0.8766,0.001,0.001,0.0328,0.0877
s30_on,31,,d(item_3),move_to,step,,d(item_3),0.8827,0.001,0.8827,0.001,0.001,0.026,0.0883
s30_on,32,,d(item_3),move_to,step,,d(item_3),0.8878,0.001,0.8878,0.001,0.001,0.0204,0.0888
s30_on,33,,d(item_3),move_to,step,,d(item_3),0.8919,0.001,0.8919,0.001,0.001,0.0159,0.0892
s30_on,34,,d(item_3),move_to,step,,d(item_3),0.8952,0.001,0.8952,0.001,0.001,0.0122,0.0895
s30_on,35,,d(item_3),move_to,step,,d(item_3),0.8979,0.001,0.8979,0.001,0.001,0.0094,0.0898
s30_on,36,,d(item_3),move_to,step,,d(item_3),0.8999,0.001,0.8999,0.001,0.001,0.0071,0.09
s30_on,37,,d(item_3),move_to,step,,d(item_3),0.9861,0.001,0.9861,0.001,0.001,0.001,0.0099
s30_on,38,,d(item_3),move_to,,,d(item_3),0.9861,0.001,0.9861,0.001,0.001,0.001,0.0099
s30_on,39,,d(item_3),pick_up,grasp,item_3,d(item_3),0.9814,0.001,0.9814,0.001,0.001,0.0058,0.0098
s30_on,40,,d(item_3),pick_up,,item_3,d(item_3),0.9814,0.001,0.9814,0.001,0.001,0.0058,0.0098
s30_on,41,,d(item_3),move_to,step,item_3,d(item_3),0.995,0.001,0.995,0.001,0.001,0.001,0.001
s30_on,42,,d(item_3),move_to,step,item_3,d(item_3),0.9913,0.001,0.9913,0.001,0.001,0.0047,0.001
s30_on,43,,d(item_3),move_to,step,item_3,d(item_3),0.9923,0.001,0.9923,0.001,0.001,0.0037,0.001
s30_on,44,,d(item_3),move_to,step,item_3,d(item_3),0.9933,0.001,0.9933,0.001,0.001,0.0027,0.001
s30_on,45,,d(item_3),move_to,step,item_3,d(item_3),0.994,0.001,0.994,0.001,0.001,0.002,0.001
s30_on,46,,d(item_3),move_to,step,item_3,d(item_3),0.9946,0.001,0.9946,0.001,0.001,0.0014,0.001
s30_on,47,,d(item_3),move_to,step,item_3,d(item_3),0.995,0.001,0.995,0.001,0.001,0.001,0.001
s30_on,48,,d(item_3),move_to,step,item_3,d(item_3),0.995,0.001,0.995,0.001,0.001,0.001,0.001
s30_on,49,,d(item_3),move_to,step,item_3,d(item_3),0.995,0.001,0.995,0.001,0.001,0.001,0.001
s30_on,50,,d(item_3),move_to,step,item_3,d(item_3),0.995,0.001,0.995,0.001,0.001,0.001,0.001
s30_on,51,,d(item_3),move_to,step,item_3,d(item_3),0.995,0.001,0.995,0.001,0.001,0.001,0.001
s30_on,52,,d(item_3),move_to,step,item_3,d(item_3),0.995,0.001,0.995,0.001,0.001,0.001,0.001
s30_on,53,,d(item_3),move_to,step,item_3,d(item_3),0.995,0.001,0.995,0.001,0.001,0.001,0.001
s30_on,54,,d(item_3),move_to,step,item_3,d(item_3),0.995,0.001,0.995,0.001,0.001,0.001,0.001
s30_on,55,,d(item_3),move_to,step,item_3,d(item_3),0.995,0.001,0.995,0.001,0.001,0.001,0.001
s30_on,56,,d(item_3),move_to,step,item_3,d(item_3),0.995,0.001,0.995,0.001,0.001,0.001,0.001
s30_on,57,,d(item_3),move_to,step,item_3,d(item_3),0.995,0.001,0.995,0.001,0.001,0.001,0.001
s30_on,58,,d(item_3),move_to,step,item_3,d(item_3),0.995,0.001,0.995,0.001,0.001,0.001,0.001
s30_on,59,,d(item_3),move_to,step,item_3,d(item_3),0.995,0.001,0.995,0.001,0.001,0.001,0.001
s30_on,60,,d(item_3),move_to,step,item_3,d(item_3),0.995,0.001,0.995,0.001,0.001,0.001,0.001
s30_on,61,,d(item_3),move_to,step,item_3,d(item_3),0.995,0.001,0.995,0.001,0.001,0.001,0.001
s30_on,62,,d(item_3),move_to,step,item_3,d(item_3),0.995,0.001,0.995,0.001,0.001,0.001,0.001
s30_on,63,,d(item_3),move_to,step,item_3,d(item_3),0.995,0.001,0.995,0.001,0.001,0.001,0.001
s30_on,64,,d(item_3),move_to,step,item_3,d(item_3),0.995,0.001,0.995,0.001,0.001,0.001,0.001
s30_on,65,,d(item_3),move_to,step,item_3,d(item_3),0.995,0.001,0.995,0.001,0.001,0.001,0.001
s30_on,66,,d(item_3),move_to,step,item_3,d(item_3),0.995,0.001,0.995,0.001,0.001,0.001,0.001
s30_on,67,,d(item_3),move_to,step,item_3,d(item_3),0.995,0.001,0.995,0.001,0.001,0.001,0.001
s30_on,68,,d(item_3),move_to,step,item_3,d(item_3),0.995,0.001,0.995,0.001,0.001,0.001,0.001
s30_on,69,,d(item_3),move_to,step,item_3,d(item_3),0.995,0.001,0.995,0.001,0.001,0.001,0.001
s30_on,70,,d(item_3),move_to,step,item_3,d(item_3),0.995,0.001,0.995,0.001,0.001,0.001,0.001
s30_on,71,,d(item_3),move_to,step,item_3,d(item_3),0.995,0.001,0.995,0.001,0.001,0.001,0.001
s30_on,72,,d(item_3),move_to,step,item_3,d(item_3),0.995,0.001,0.995,0.001,0.001,0.001,0.001
s30_on,73,,d(item_3),move_to,,item_3,d(item_3),0.995,0.001,0.995,0.001,0.001,0.001,0.001
s30_on,74,,d(item_3),place,release,,d(item_7),0.498,0.001,0.001,0.001,0.001,0.498,0.498
s30_on,75,,d(item_3),place,,,d(item_7),0.498,0.001,0.001,0.001,0.001,0.498,0.498
s30_on,76,,d(item_7),,,,d(item_7),0.498,0.001,0.001,0.001,0.001,0.498,0.498
s30_on,77,,d(item_7),move_to,step,,d(item_7),0.9055,0.001,0.001,0.001,0.001,0.9055,0.0905
s30_on,78,,d(item_7),move_to,step,,d(item_7),0.9055,0.001,0.001,0.001,0.001,0.9055,0.0905
s30_on,79,,d(item_7),move_to,step,,d(item_7),0.9055,0.001,0.001,0.001,0.001,0.9055,0.0905
s30_on,80,,d(item_7),move_to,step,,d(item_7),0.9055,0.001,0.001,0.001,0.001,0.9055,0.0905
s30_on,81,,d(item_7),move_to,step,,d(item_7),0.9055,0.001,0.001,0.001,0.001,0.9055,0.0905
s30_on,82,,d(item_7),move_to,step,,d(item_7),0.9055,0.001,0.001,0.001,0.001,0.9055,0.0905
s30_on,83,,d(item_7),move_to,step,,d(item_7),0.9055,0.001,0.001,0.001,0.001,0.9055,0.0905
s30_on,84,,d(item_7),move_to,step,,d(item_7),0.9055,0.001,0.001,0.001,0.001,0.9055,0.0905
s30_on,85,,d(item_7),move_to,step,,d(item_7),0.9055,0.001,0.001,0.001,0.001,0.9055,0.0905
s30_on,86,,d(item_7),move_to,step,,d(item_7),0.9055,0.001,0.001,0.001,0.001,0.9055,0.0905
s30_on,87,,d(item_7),move_to,step,,d(item_7),0.9055,0.001,0.001,0.001,0.001,0.9055,0.0905
s30_on,88,,d(item_7),move_to,step,,d(item_7),0.9055,0.001,0.001,0.001,0.001,0.9055,0.0905
s30_on,89,,d(item_7),move_to,step,,d(item_7),0.9055,0.001,0.001,0.001,0.001,0.9055,0.0905
s30_on,90,,d(item_7),move_to,step,,d(item_7),0.9055,0.001,0.001,0.001,0.001,0.9055,0.0905
s30_on,91,,d(item_7),move_to,step,,d(item_7),0.9055,0.001,0.001,0.001,0.001,0.9055,0.0905
s30_on,92,,d(item_7),move_to,step,,d(item_7),0.9055,0.001,0.001,0.001,0.001,0.9055,0.0905
s30_on,93,,d(item_7),move_to,step,,d(item_7),0.9055,0.001,0.001,0.001,0.001,0.9055,0.0905
s30_on,94,,d(item_7),move_to,step,,d(item_7),0.9055,0.001,0.001,0.001,0.001,0.9055,0.0905
s30_on,95,,d(item_7),move_to,step,,d(item_7),0.9055,0.001,0.001,0.001,0.001,0.9055,0.0905
s30_on,96,,d(item_7),move_to,step,,d(item_7),0.9861,0.001,0.001,0.001,0.001,0.9861,0.0099
s30_on,97,,d(item_7),move_to,,,d(item_7),0.9861,0.001,0.001,0.001,0.001,0.9861,0.0099
s30_on,98,,d(item_7),pick_up,grasp,item_7,d(item_7),0.9861,0.001,0.001,0.001,0.001,0.9861,0.0099
s30_on,99,,d(item_7),pick_up,,item_7,d(item_7),0.9861,0.001,0.001,0.001,0.001,0.9861,0.0099
s30_on,100,,d(item_7),move_to,step,item_7,d(item_7),0.995,0.001,0.001,0.001,0.001,0.995,0.001
s30_on,101,,d(item_7),move_to,step,item_7,d(item_7),0.995,0.001,0.001,0.001,0.001,0.995,0.001
s30_on,102,,d(item_7),move_to,step,item_7,d(item_7),0.995,0.001,0.001,0.001,0.001,0.995,0.001
s30_on,103,,d(item_7),move_to,step,item_7,d(item_7),0.995,0.001,0.001,0.001,0.001,0.995,0.001
s30_on,104,,d(item_7),move_to,step,item_7,d(item_7),0.995,0.001,0.001,0.001,0.001,0.995,0.001
s30_on,105,,d(item_7),move_to,step,item_7,d(item_7),0.995,0.001,0.001,0.001,0.001,0.995,0.001
s30_on,106,,d(item_7),move_to,step,item_7,d(item_7),0.995,0.001,0.001,0.001,0.001,0.995,0.001
s30_on,107,,d(item_7),move_to,step,item_7,d(item_7),0.995,0.001,0.001,0.001,0.001,0.995,0.001
s30_on,108,,d(item_7),move_to,step,item_7,d(item_7),0.995,0.001,0.001,0.001,0.001,0.995,0.001
s30_on,109,,d(item_7),move_to,step,item_7,d(item_7),0.995,0.001,0.001,0.001,0.001,0.995,0.001
s30_on,110,,d(item_7),move_to,step,item_7,d(item_7),0.995,0.001,0.001,0.001,0.001,0.995,0.001
s30_on,111,,d(item_7),move_to,step,item_7,d(item_7),0.995,0.001,0.001,0.001,0.001,0.995,0.001
s30_on,112,,d(item_7),move_to,step,item_7,d(item_7),0.995,0.001,0.001,0.001,0.001,0.995,0.001
s30_on,113,,d(item_7),move_to,step,item_7,d(item_7),0.995,0.001,0.001,0.001,0.001,0.995,0.001
s30_on,114,,d(item_7),move_to,step,item_7,d(item_7),0.995,0.001,0.001,0.001,0.001,0.995,0.001
s30_on,115,,d(item_7),move_to,step,item_7,d(item_7),0.995,0.001,0.001,0.001,0.001,0.995,0.001
s30_on,116,,d(item_7),move_to,step,item_7,d(item_7),0.995,0.001,0.001,0.001,0.001,0.995,0.001
s30_on,117,,d(item_7),move_to,step,item_7,d(item_7),0.995,0.001,0.001,0.001,0.001,0.995,0.001
s30_on,118,,d(item_7),move_to,step,item_7,d(item_7),0.995,0.001,0.001,0.001,0.001,0.995,0.001
s30_on,119,,d(item_7),move_to,step,item_7,d(item_7),0.995,0.001,0.001,0.001,0.001,0.995,0.001
s30_on,120,,d(item_7),move_to,,item_7,d(item_7),0.995,0.001,0.001,0.001,0.001,0.995,0.001
s30_on,121,,d(item_7),place,release,,unknown,0.995,0.001,0.001,0.001,0.001,0.001,0.995
s30_on,122,,d(item_7),place,,,unknown,0.995,0.001,0.001,0.001,0.001,0.001,0.995
s30_on,123,,unknown,,,,unknown,0.995,0.001,0.001,0.001,0.001,0.001,0.995
s30_on,124,,unknown,,,,unknown,0.995,0.001,0.001,0.001,0.001,0.001,0.995
s30_on,125,,unknown,,,,unknown,0.995,0.001,0.001,0.001,0.001,0.001,0.995
s30_on,126,,unknown,,,,unknown,0.995,0.001,0.001,0.001,0.001,0.001,0.995
s30_on,127,,unknown,,,,unknown,0.995,0.001,0.001,0.001,0.001,0.001,0.995
s30_on,128,,unknown,,,,unknown,0.995,0.001,0.001,0.001,0.001,0.001,0.995
s30_on,129,,unknown,,,,unknown,0.995,0.001,0.001,0.001,0.001,0.001,0.995
s30_on,130,,unknown,,,,unknown,0.995,0.001,0.001,0.001,0.001,0.001,0.995
s30_on,131,,unknown,,,,unknown,0.995,0.001,0.001,0.001,0.001,0.001,0.995
s30_on,132,,unknown,,,,unknown,0.995,0.001,0.001,0.001,0.001,0.001,0.995
s30_on,133,,unknown,,,,unknown,0.995,0.001,0.001,0.001,0.001,0.001,0.995
s30_on,134,,unknown,,,,unknown,0.995,0.001,0.001,0.001,0.001,0.001,0.995
s30_on,135,,unknown,,,,unknown,0.995,0.001,0.001,0.001,0.001,0.001,0.995
s30_on,136,,unknown,,,,unknown,0.995,0.001,0.001,0.001,0.001,0.001,0.995
s30_on,137,,unknown,,,,unknown,0.995,0.001,0.001,0.001,0.001,0.001,0.995
s30_on,138,,unknown,,,,unknown,0.995,0.001,0.001,0.001,0.001,0.001,0.995
s30_on,139,,unknown,,,,unknown,0.995,0.001,0.001,0.001,0.001,0.001,0.995
s30_on,140,,unknown,,,,unknown,0.995,0.001,0.001,0.001,0.001,0.001,0.995
s30_on,141,,unknown,,,,unknown,0.995,0.001,0.001,0.001,0.001,0.001,0.995
s30_on,142,,unknown,,,,unknown,0.995,0.001,0.001,0.001,0.001,0.001,0.995
s30_on,143,,unknown,,,,unknown,0.995,0.001,0.001,0.001,0.001,0.001,0.995
s30_on,144,,unknown,,,,unknown,0.995,0.001,0.001,0.001,0.001,0.001,0.995
s30_on,145,,unknown,,,,unknown,0.995,0.001,0.001,0.001,0.001,0.001,0.995
s30_on,146,,unknown,,,,unknown,0.995,0.001,0.001,0.001,0.001,0.001,0.995
s30_on,147,,unknown,,,,unknown,0.995,0.001,0.001,0.001,0.001,0.001,0.995
s30_on,148,,unknown,,,,unknown,0.995,0.001,0.001,0.001,0.001,0.001,0.995
s30_on,149,,unknown,,,,unknown,0.995,0.001,0.001,0.001,0.001,0.001,0.995
s30_on,150,,unknown,,,,unknown,0.995,0.001,0.001,0.001,0.001,0.001,0.995
s30_on,151,,unknown,,,,unknown,0.995,0.001,0.001,0.001,0.001,0.001,0.995
s30_on,152,,unknown,,,,unknown,0.995,0.001,0.001,0.001,0.001,0.001,0.995
s30_on,153,,unknown,,,,unknown,0.995,0.001,0.001,0.001,0.001,0.001,0.995
s30_on,154,,unknown,,,,unknown,0.995,0.001,0.001,0.001,0.001,0.001,0.995
s30_on,155,,unknown,,,,unknown,0.995,0.001,0.001,0.001,0.001,0.001,0.995
s30_on,156,,unknown,,,,unknown,0.995,0.001,0.001,0.001,0.001,0.001,0.995
s30_on,157,,unknown,,,,unknown,0.995,0.001,0.001,0.001,0.001,0.001,0.995
s30_on,158,,unknown,,,,unknown,0.995,0.001,0.001,0.001,0.001,0.001,0.995
s30_on,159,,unknown,,,,unknown,0.995,0.001,0.001,0.001,0.001,0.001,0.995
s40_off,0,seg1,d(item_3),move_to,step,,d(item_3),0.159,0.1295,0.1531,0.159,0.1347,0.1397,0.1375,0.1306,0.0159
s40_off,1,seg1,d(item_3),move_to,step,,d(item_3),0.1815,0.1162,0.1678,0.1815,0.127,0.1379,0.133,0.1184,0.0181
s40_off,2,seg1,d(item_3),move_to,step,,d(item_3),0.2086,0.1016,0.1846,0.2086,0.1177,0.1348,0.1269,0.105,0.0209
s40_off,3,seg1,d(item_3),move_to,step,,d(item_3),0.2401,0.0865,0.2027,0.2401,0.1068,0.13,0.1191,0.0908,0.024
s40_off,4,seg1,d(item_3),move_to,step,,d(item_3),0.2756,0.0717,0.221,0.2756,0.0947,0.1231,0.1096,0.0766,0.0276
s40_off,5,seg1,d(item_3),move_to,step,,d(item_3),0.3141,0.058,0.2384,0.3141,0.0821,0.1142,0.0986,0.0631,0.0314
s40_off,6,seg1,d(item_3),move_to,step,,d(item_3),0.3546,0.0458,0.2535,0.3546,0.0694,0.1037,0.0867,0.0508,0.0355
s40_off,7,seg1,d(item_3),move_to,step,,d(item_3),0.3957,0.0354,0.2653,0.3957,0.0573,0.092,0.0745,0.04,0.0396
s40_off,8,seg1,d(item_3),move_to,step,,d(item_3),0.4365,0.0269,0.273,0.4365,0.0464,0.08,0.0627,0.0309,0.0436
s40_off,9,seg1,d(item_3),move_to,step,,d(item_3),0.476,0.02,0.2763,0.476,0.0368,0.0681,0.0517,0.0235,0.0476
s40_off,10,seg1,d(item_3),move_to,step,,d(item_3),0.5136,0.0147,0.2751,0.5136,0.0287,0.057,0.0419,0.0176,0.0514
s40_off,11,seg1,d(item_3),move_to,step,,d(item_3),0.5492,0.0107,0.2698,0.5492,0.0221,0.047,0.0334,0.013,0.0549
s40_off,12,seg1,d(item_3),move_to,step,,d(item_3),0.5825,0.0077,0.2608,0.5825,0.0168,0.0382,0.0263,0.0095,0.0582
s40_off,13,seg1,d(item_3),move_to,step,,d(item_3),0.6137,0.0055,0.2488,0.6137,0.0126,0.0307,0.0205,0.0069,0.0614
s40_off,14,seg1,d(item_3),move_to,step,,d(item_3),0.6428,0.0039,0.2344,0.6428,0.0094,0.0244,0.0158,0.0049,0.0643
s40_off,15,seg1,d(item_3),move_to,step,,d(item_3),0.6702,0.0027,0.2183,0.6702,0.0069,0.0192,0.0121,0.0035,0.067
s40_off,16,seg1,d(item_3),move_to,step,,d(item_3),0.6958,0.0019,0.2009,0.6958,0.0051,0.0151,0.0092,0.0025,0.0696
s40_off,17,seg1,d(item_3),move_to,step,,d(item_3),0.7197,0.0013,0.1828,0.7197,0.0037,0.0117,0.0069,0.0018,0.072
s40_off,18,seg1,d(item_3),move_to,step,,d(item_3),0.742,0.001,0.1646,0.742,0.0027,0.009,0.0052,0.0013,0.0742
s40_off,19,seg1,d(item_3),move_to,step,,d(item_3),0.7624,0.001,0.1466,0.7624,0.002,0.0069,0.0039,0.001,0.0762
s40_off,20,seg1,d(item_3),move_to,step,,d(item_3),0.7812,0.001,0.1291,0.7812,0.0014,0.0053,0.0029,0.001,0.0781
s40_off,21,seg1,d(item_3),move_to,step,,d(item_3),0.7984,0.001,0.1126,0.7984,0.001,0.004,0.0021,0.001,0.0798
s40_off,22,seg1,d(item_3),move_to,step,,d(item_3),0.8139,0.001,0.0972,0.8139,0.001,0.003,0.0016,0.001,0.0814
s40_off,23,seg1,d(item_3),move_to,step,,d(item_3),0.8278,0.001,0.083,0.8278,0.001,0.0023,0.0011,0.001,0.0828
s40_off,24,seg1,d(item_3),move_to,step,,d(item_3),0.8401,0.001,0.0702,0.8401,0.001,0.0017,0.001,0.001,0.084
s40_off,25,seg1,d(item_3),move_to,step,,d(item_3),0.8508,0.001,0.0588,0.8508,0.001,0.0013,0.001,0.001,0.0851
s40_off,26,seg1,d(item_3),move_to,step,,d(item_3),0.8602,0.001,0.0488,0.8602,0.001,0.001,0.001,0.001,0.086
s40_off,27,seg1,d(item_3),move_to,step,,d(item_3),0.8681,0.001,0.0401,0.8681,0.001,0.001,0.001,0.001,0.0868
s40_off,28,seg1,d(item_3),move_to,step,,d(item_3),0.8748,0.001,0.0327,0.8748,0.001,0.001,0.001,0.001,0.0875
s40_off,29,seg1,d(item_3),move_to,step,,d(item_3),0.8805,0.001,0.0265,0.8805,0.001,0.001,0.001,0.001,0.0881
s40_off,30,seg1,d(item_3),move_to,step,,d(item_3),0.8853,0.001,0.0212,0.8853,0.001,0.001,0.001,0.001,0.0885
s40_off,31,seg1,d(item_3),move_to,step,,d(item_3),0.8892,0.001,0.0169,0.8892,0.001,0.001,0.001,0.001,0.0889
s40_off,32,seg1,d(item_3),move_to,step,,d(item_3),0.8924,0.001,0.0134,0.8924,0.001,0.001,0.001,0.001,0.0892
s40_off,33,seg1,d(item_3),move_to,step,,d(item_3),0.895,0.001,0.0105,0.895,0.001,0.001,0.001,0.001,0.0895
s40_off,34,seg1,d(item_3),move_to,step,,d(item_3),0.8971,0.001,0.0082,0.8971,0.001,0.001,0.001,0.001,0.0897
s40_off,35,seg1,d(item_3),move_to,step,,d(item_3),0.8988,0.001,0.0063,0.8988,0.001,0.001,0.001,0.001,0.0899
s40_off,36,seg1,d(item_3),move_to,step,,d(item_3),0.9001,0.001,0.0049,0.9001,0.001,0.001,0.001,0.001,0.09
s40_off,37,seg1,d(item_3),move_to,step,,d(item_3),0.9012,0.001,0.0037,0.9012,0.001,0.001,0.001,0.001,0.0901
s40_off,38,seg1,d(item_3),move_to,step,,d(item_3),0.902,0.001,0.0028,0.902,0.001,0.001,0.001,0.001,0.0902
s40_off,39,seg1,d(item_3),move_to,step,,d(item_3),0.9026,0.001,0.0021,0.9026,0.001,0.001,0.001,0.001,0.0903
s40_off,40,seg1,d(item_3),move_to,step,,d(item_3),0.9031,0.001,0.0016,0.9031,0.001,0.001,0.001,0.001,0.0903
s40_off,41,seg1,d(item_3),move_to,step,,d(item_3),0.9035,0.001,0.0012,0.9035,0.001,0.001,0.001,0.001,0.0903
s40_off,42,seg1,d(item_3),move_to,step,,d(item_3),0.9037,0.001,0.001,0.9037,0.001,0.001,0.001,0.001,0.0904
s40_off,43,seg1,d(item_3),move_to,step,,d(item_3),0.9037,0.001,0.001,0.9037,0.001,0.001,0.001,0.001,0.0904
s40_off,44,seg1,d(item_3),move_to,step,,d(item_3),0.9037,0.001,0.001,0.9037,0.001,0.001,0.001,0.001,0.0904
s40_off,45,seg1,d(item_3),move_to,step,,d(item_3),0.9037,0.001,0.001,0.9037,0.001,0.001,0.001,0.001,0.0904
s40_off,46,seg1,d(item_3),move_to,step,,d(item_3),0.9037,0.001,0.001,0.9037,0.001,0.001,0.001,0.001,0.0904
s40_off,47,seg1,d(item_3),move_to,step,,d(item_3),0.9037,0.001,0.001,0.9037,0.001,0.001,0.001,0.001,0.0904
s40_off,48,seg1,d(item_3),move_to,step,,d(item_3),0.9037,0.001,0.001,0.9037,0.001,0.001,0.001,0.001,0.0904
s40_off,49,seg1,d(item_3),move_to,step,,d(item_3),0.9037,0.001,0.001,0.9037,0.001,0.001,0.001,0.001,0.0904
s40_off,50,seg1,d(item_3),move_to,step,,d(item_3),0.9037,0.001,0.001,0.9037,0.001,0.001,0.001,0.001,0.0904
s40_off,51,seg1,d(item_3),move_to,step,,d(item_3),0.9037,0.001,0.001,0.9037,0.001,0.001,0.001,0.001,0.0904
s40_off,52,seg1,d(item_3),move_to,step,,d(item_3),0.9037,0.001,0.001,0.9037,0.001,0.001,0.001,0.001,0.0904
s40_off,53,seg1,d(item_3),move_to,step,,d(item_3),0.9037,0.001,0.001,0.9037,0.001,0.001,0.001,0.001,0.0904
s40_off,54,seg1,d(item_3),move_to,step,,d(item_3),0.9037,0.001,0.001,0.9037,0.001,0.001,0.001,0.001,0.0904
s40_off,55,seg1,d(item_3),move_to,step,,d(item_3),0.9037,0.001,0.001,0.9037,0.001,0.001,0.001,0.001,0.0904
s40_off,56,seg1,d(item_3),move_to,step,,d(item_3),0.9037,0.001,0.001,0.9037,0.001,0.001,0.001,0.001,0.0904
s40_off,57,seg1,d(item_3),move_to,step,,d(item_3),0.9037,0.001,0.001,0.9037,0.001,0.001,0.001,0.001,0.0904
s40_off,58,seg1,d(item_3),move_to,step,,d(item_3),0.9842,0.001,0.001,0.9842,0.001,0.001,0.001,0.001,0.0098
s40_off,59,seg1,d(item_3),move_to,,,d(item_3),0.9842,0.001,0.001,0.9842,0.001,0.001,0.001,0.001,0.0098
s40_off,60,seg1,d(item_3),pick_up,grasp,item_3,d(item_3),0.9842,0.001,0.001,0.9842,0.001,0.001,0.001,0.001,0.0098
s40_off,61,seg1,d(item_3),pick_up,,item_3,d(item_3),0.9842,0.001,0.001,0.9842,0.001,0.001,0.001,0.001,0.0098
s40_off,62,seg1,d(item_3),move_to,step,item_3,d(item_3),0.993,0.001,0.001,0.993,0.001,0.001,0.001,0.001,0.001
s40_off,63,seg1,d(item_3),move_to,step,item_3,d(item_3),0.993,0.001,0.001,0.993,0.001,0.001,0.001,0.001,0.001
s40_off,64,seg1,d(item_3),move_to,step,item_3,d(item_3),0.993,0.001,0.001,0.993,0.001,0.001,0.001,0.001,0.001
s40_off,65,seg1,d(item_3),move_to,step,item_3,d(item_3),0.993,0.001,0.001,0.993,0.001,0.001,0.001,0.001,0.001
s40_off,66,seg1,d(item_3),move_to,step,item_3,d(item_3),0.993,0.001,0.001,0.993,0.001,0.001,0.001,0.001,0.001
s40_off,67,seg1,d(item_3),move_to,step,item_3,d(item_3),0.993,0.001,0.001,0.993,0.001,0.001,0.001,0.001,0.001
s40_off,68,seg1,d(item_3),move_to,step,item_3,d(item_3),0.993,0.001,0.001,0.993,0.001,0.001,0.001,0.001,0.001
s40_off,69,seg1,d(item_3),move_to,step,item_3,d(item_3),0.993,0.001,0.001,0.993,0.001,0.001,0.001,0.001,0.001
s40_off,70,seg1,d(item_3),move_to,step,item_3,d(item_3),0.993,0.001,0.001,0.993,0.001,0.001,0.001,0.001,0.001
s40_off,71,seg1,d(item_3),move_to,step,item_3,d(item_3),0.993,0.001,0.001,0.993,0.001,0.001,0.001,0.001,0.001
s40_off,72,seg1,d(item_3),move_to,step,item_3,d(item_3),0.993,0.001,0.001,0.993,0.001,0.001,0.001,0.001,0.001
s40_off,73,seg1,d(item_3),move_to,step,item_3,d(item_3),0.993,0.001,0.001,0.993,0.001,0.001,0.001,0.001,0.001
s40_off,74,seg1,d(item_3),move_to,step,item_3,d(item_3),0.993,0.001,0.001,0.993,0.001,0.001,0.001,0.001,0.001
s40_off,75,seg1,d(item_3),move_to,step,item_3,d(item_3),0.993,0.001,0.001,0.993,0.001,0.001,0.001,0.001,0.001
s40_off,76,seg1,d(item_3),move_to,step,item_3,d(item_3),0.993,0.001,0.001,0.993,0.001,0.001,0.001,0.001,0.001
s40_off,77,seg1,d(item_3),move_to,step,item_3,d(item_3),0.993,0.001,0.001,0.993,0.001,0.001,0.001,0.001,0.001
s40_off,78,seg1,d(item_3),move_to,step,item_3,d(item_3),0.993,0.001,0.001,0.993,0.001,0.001,0.001,0.001,0.001
s40_off,79,seg1,d(item_3),move_to,step,item_3,d(item_3),0.993,0.001,0.001,0.993,0.001,0.001,0.001,0.001,0.001
s40_off,80,seg1,d(item_3),move_to,step,item_3,d(item_3),0.993,0.001,0.001,0.993,0.001,0.001,0.001,0.001,0.001
s40_off,81,seg1,d(item_3),move_to,step,item_3,d(item_3),0.993,0.001,0.001,0.993,0.001,0.001,0.001,0.001,0.001
s40_off,82,seg1,d(item_3),move_to,step,item_3,d(item_3),0.993,0.001,0.001,0.993,0.001,0.001,0.001,0.001,0.001
s40_off,83,seg1,d(item_3),move_to,step,item_3,d(item_3),0.993,0.001,0.001,0.993,0.001,0.001,0.001,0.001,0.001
s40_off,84,seg1,d(item_3),move_to,step,item_3,d(item_3),0.993,0.001,0.001,0.993,0.001,0.001,0.001,0.001,0.001
s40_off,85,seg1,d(item_3),move_to,step,item_3,d(item_3),0.993,0.001,0.001,0.993,0.001,0.001,0.001,0.001,0.001
s40_off,86,seg1,d(item_3),move_to,step,item_3,d(item_3),0.993,0.001,0.001,0.993,0.001,0.001,0.001,0.001,0.001
s40_off,87,seg1,d(item_3),move_to,step,item_3,d(item_3),0.993,0.001,0.001,0.993,0.001,0.001,0.001,0.001,0.001
s40_off,88,seg1,d(item_3),move_to,step,item_3,d(item_3),0.993,0.001,0.001,0.993,0.001,0.001,0.001,0.001,0.001
s40_off,89,seg1,d(item_3),move_to,step,item_3,d(item_3),0.993,0.001,0.001,0.993,0.001,0.001,0.001,0.001,0.001
s40_off,90,seg1,d(item_3),move_to,step,item_3,d(item_3),0.993,0.001,0.001,0.993,0.001,0.001,0.001,0.001,0.001
s40_off,91,seg1,d(item_3),move_to,step,item_3,d(item_3),0.993,0.001,0.001,0.993,0.001,0.001,0.001,0.001,0.001
s40_off,92,seg1,d(item_3),move_to,step,item_3,d(item_3),0.993,0.001,0.001,0.993,0.001,0.001,0.001,0.001,0.001
s40_off,93,seg1,d(item_3),move_to,step,item_3,d(item_3),0.993,0.001,0.001,0.993,0.001,0.001,0.001,0.001,0.001
s40_off,94,seg1,d(item_3),move_to,step,item_3,d(item_3),0.993,0.001,0.001,0.993,0.001,0.001,0.001,0.001,0.001
s40_off,95,seg1,d(item_3),move_to,step,item_3,d(item_3),0.993,0.001,0.001,0.993,0.001,0.001,0.001,0.001,0.001
s40_off,96,seg1,d(item_3),move_to,step,item_3,d(item_3),0.993,0.001,0.001,0.993,0.001,0.001,0.001,0.001,0.001
s40_off,97,seg1,d(item_3),move_to,step,item_3,d(item_3),0.993,0.001,0.001,0.993,0.001,0.001,0.001,0.001,0.001
s40_off,98,seg1,d(item_3),move_to,step,item_3,d(item_3),0.993,0.001,0.001,0.993,0.001,0.001,0.001,0.001,0.001
s40_off,99,seg1,d(item_3),move_to,step,item_3,d(item_3),0.993,0.001,0.001,0.993,0.001,0.001,0.001,0.001,0.001
s40_off,100,seg1,d(item_3),move_to,step,item_3,d(item_3),0.993,0.001,0.001,0.993,0.001,0.001,0.001,0.001,0.001
s40_off,101,seg1,d(item_3),move_to,step,item_3,d(item_3),0.993,0.001,0.001,0.993,0.001,0.001,0.001,0.001,0.001
s40_off,102,seg1,d(item_3),move_to,step,item_3,d(item_3),0.993,0.001,0.001,0.993,0.001,0.001,0.001,0.001,0.001
s40_off,103,seg1,d(item_3),move_to,step,item_3,d(item_3),0.993,0.001,0.001,0.993,0.001,0.001,0.001,0.001,0.001
s40_off,104,seg1,d(item_3),move_to,step,item_3,d(item_3),0.993,0.001,0.001,0.993,0.001,0.001,0.001,0.001,0.001
s40_off,105,seg1,d(item_3),move_to,step,item_3,d(item_3),0.993,0.001,0.001,0.993,0.001,0.001,0.001,0.001,0.001
s40_off,106,seg1,d(item_3),move_to,step,item_3,d(item_3),0.993,0.001,0.001,0.993,0.001,0.001,0.001,0.001,0.001
s40_off,107,seg1,d(item_3),move_to,step,item_3,d(item_3),0.993,0.001,0.001,0.993,0.001,0.001,0.001,0.001,0.001
s40_off,108,seg1,d(item_3),move_to,step,item_3,d(item_3),0.993,0.001,0.001,0.993,0.001,0.001,0.001,0.001,0.001
s40_off,109,seg1,d(item_3),move_to,step,item_3,d(item_3),0.993,0.001,0.001,0.993,0.001,0.001,0.001,0.001,0.001
s40_off,110,seg1,d(item_3),move_to,step,item_3,d(item_3),0.993,0.001,0.001,0.993,0.001,0.001,0.001,0.001,0.001
s40_off,111,seg1,d(item_3),move_to,step,item_3,d(item_3),0.993,0.001,0.001,0.993,0.001,0.001,0.001,0.001,0.001
s40_off,112,seg1,d(item_3),move_to,step,item_3,d(item_3),0.993,0.001,0.001,0.993,0.001,0.001,0.001,0.001,0.001
s40_off,113,seg1,d(item_3),move_to,step,item_3,d(item_3),0.993,0.001,0.001,0.993,0.001,0.001,0.001,0.001,0.001
s40_off,114,seg1,d(item_3),move_to,,item_3,d(item_3),0.993,0.001,0.001,0.993,0.001,0.001,0.001,0.001,0.001
s40_off,115,seg1,d(item_3),place,release,,ac,0.1427,0.1427,0.1427,0.001,0.1427,0.1427,0.1427,0.1427,0.1427
s40_off,116,seg1,d(item_3),place,,,ac,0.1427,0.1427,0.1427,0.001,0.1427,0.1427,0.1427,0.1427,0.1427
s40_off,117,seg2,coffee,,,,ac,0.1427,0.1427,0.1427,0.001,0.1427,0.1427,0.1427,0.1427,0.1427
s40_off,118,seg2,coffee,move_to,step,,coffee,0.1743,0.1536,0.1743,0.001,0.1623,0.1683,0.166,0.157,0.0174
s40_off,119,seg2,coffee,move_to,step,,coffee,0.1865,0.1421,0.1865,0.001,0.1603,0.1734,0.1685,0.1495,0.0187
s40_off,120,seg2,coffee,move_to,step,,coffee,0.2005,0.1294,0.2005,0.001,0.1573,0.1792,0.1713,0.1413,0.0201
s40_off,121,seg2,coffee,move_to,step,,coffee,0.2165,0.116,0.2165,0.001,0.1529,0.1855,0.174,0.1324,0.0217
s40_off,122,seg2,coffee,move_to,step,,coffee,0.2346,0.1022,0.2346,0.001,0.147,0.1921,0.1767,0.1229,0.0235
s40_off,123,seg2,coffee,move_to,step,,coffee,0.2547,0.0887,0.2547,0.001,0.1391,0.199,0.179,0.113,0.0255
s40_off,124,seg2,coffee,move_to,step,,coffee,0.277,0.0757,0.277,0.001,0.1292,0.2058,0.1808,0.1029,0.0277
s40_off,125,seg2,coffee,move_to,step,,coffee,0.3013,0.0636,0.3013,0.001,0.1171,0.2123,0.1818,0.0927,0.0301
s40_off,126,seg2,coffee,move_to,step,,coffee,0.3276,0.0527,0.3276,0.001,0.1032,0.2183,0.1818,0.0826,0.0328
s40_off,127,seg2,coffee,move_to,step,,coffee,0.3556,0.0431,0.3556,0.001,0.0881,0.2233,0.1806,0.0728,0.0356
s40_off,128,seg2,coffee,move_to,step,,coffee,0.385,0.0347,0.385,0.001,0.0724,0.2271,0.1779,0.0634,0.0385
s40_off,129,seg2,coffee,move_to,step,,coffee,0.4151,0.0276,0.4151,0.001,0.0571,0.2293,0.1737,0.0546,0.0415
s40_off,130,seg2,coffee,move_to,step,,coffee,0.4456,0.0217,0.4456,0.001,0.0432,0.2296,0.168,0.0464,0.0446
s40_off,131,seg2,coffee,move_to,step,,coffee,0.4758,0.0168,0.4758,0.001,0.0313,0.2279,0.1606,0.039,0.0476
s40_off,132,seg2,coffee,move_to,step,,coffee,0.5053,0.0129,0.5053,0.001,0.0217,0.2241,0.152,0.0325,0.0505
s40_off,133,seg2,coffee,move_to,step,,coffee,0.5339,0.0098,0.5339,0.001,0.0144,0.2185,0.1423,0.0267,0.0534
s40_off,134,seg2,coffee,move_to,step,,coffee,0.5615,0.0074,0.5615,0.001,0.0092,0.2111,0.1319,0.0217,0.0561
s40_off,135,seg2,coffee,move_to,step,,coffee,0.588,0.0055,0.588,0.001,0.0057,0.2024,0.121,0.0175,0.0588
s40_off,136,seg2,coffee,move_to,step,,coffee,0.6135,0.0041,0.6135,0.001,0.0034,0.1925,0.1101,0.014,0.0613
s40_off,137,seg2,coffee,move_to,step,,coffee,0.638,0.003,0.638,0.001,0.002,0.1817,0.0993,0.0112,0.0638
s40_off,138,seg2,coffee,move_to,step,,coffee,0.6615,0.0022,0.6615,0.001,0.0012,0.1704,0.0888,0.0088,0.0662
s40_off,139,seg2,coffee,move_to,step,,coffee,0.6838,0.0016,0.6838,0.001,0.001,0.1585,0.0788,0.0069,0.0684
s40_off,140,seg2,coffee,move_to,step,,coffee,0.7051,0.0011,0.7051,0.001,0.001,0.1465,0.0693,0.0054,0.0705
s40_off,141,seg2,coffee,move_to,step,,coffee,0.7252,0.001,0.7252,0.001,0.001,0.1345,0.0606,0.0042,0.0725
s40_off,142,seg2,coffee,move_to,step,,coffee,0.7442,0.001,0.7442,0.001,0.001,0.1227,0.0525,0.0032,0.0744
s40_off,143,seg2,coffee,move_to,step,,coffee,0.762,0.001,0.762,0.001,0.001,0.1111,0.0453,0.0025,0.0762
s40_off,144,seg2,coffee,move_to,step,,coffee,0.7785,0.001,0.7785,0.001,0.001,0.1,0.0387,0.0019,0.0779
s40_off,145,seg2,coffee,move_to,step,,coffee,0.7938,0.001,0.7938,0.001,0.001,0.0895,0.0329,0.0014,0.0794
s40_off,146,seg2,coffee,move_to,step,,coffee,0.8079,0.001,0.8079,0.001,0.001,0.0795,0.0277,0.0011,0.0808
s40_off,147,seg2,coffee,move_to,step,,coffee,0.8205,0.001,0.8205,0.001,0.001,0.0702,0.0233,0.001,0.082
s40_off,148,seg2,coffee,move_to,step,,coffee,0.8318,0.001,0.8318,0.001,0.001,0.0616,0.0194,0.001,0.0832
s40_off,149,seg2,coffee,move_to,step,,coffee,0.842,0.001,0.842,0.001,0.001,0.0538,0.016,0.001,0.0842
s40_off,150,seg2,coffee,move_to,step,,coffee,0.8511,0.001,0.8511,0.001,0.001,0.0466,0.0132,0.001,0.0851
s40_off,151,seg2,coffee,move_to,step,,coffee,0.8591,0.001,0.8591,0.001,0.001,0.0402,0.0108,0.001,0.0859
s40_off,152,seg2,coffee,move_to,step,,coffee,0.8661,0.001,0.8661,0.001,0.001,0.0345,0.0088,0.001,0.0866
s40_off,153,seg2,coffee,move_to,step,,coffee,0.9819,0.001,0.9819,0.001,0.001,0.0033,0.001,0.001,0.0098
s40_off,154,seg2,coffee,move_to,,,coffee,0.9819,0.001,0.9819,0.001,0.001,0.0033,0.001,0.001,0.0098
s40_off,155,seg2,coffee,wait_at,stand,,coffee,0.9819,0.001,0.9819,0.001,0.001,0.0033,0.001,0.001,0.0098
s40_off,156,seg2,coffee,wait_at,stand,,coffee,0.9819,0.001,0.9819,0.001,0.001,0.0033,0.001,0.001,0.0098
s40_off,157,seg2,coffee,wait_at,stand,,coffee,0.9819,0.001,0.9819,0.001,0.001,0.0033,0.001,0.001,0.0098
s40_off,158,seg2,coffee,wait_at,stand,,coffee,0.9819,0.001,0.9819,0.001,0.001,0.0033,0.001,0.001,0.0098
s40_off,159,seg2,coffee,wait_at,stand,,coffee,0.9819,0.001,0.9819,0.001,0.001,0.0033,0.001,0.001,0.0098
s40_off,160,seg2,coffee,wait_at,stand,,coffee,0.9819,0.001,0.9819,0.001,0.001,0.0033,0.001,0.001,0.0098
s40_off,161,seg2,coffee,wait_at,stand,,coffee,0.9819,0.001,0.9819,0.001,0.001,0.0033,0.001,0.001,0.0098
s40_off,162,seg2,coffee,wait_at,stand,,coffee,0.9819,0.001,0.9819,0.001,0.001,0.0033,0.001,0.001,0.0098
s40_off,163,seg2,coffee,wait_at,stand,,coffee,0.9819,0.001,0.9819,0.001,0.001,0.0033,0.001,0.001,0.0098
s40_off,164,seg2,coffee,wait_at,stand,,coffee,0.9819,0.001,0.9819,0.001,0.001,0.0033,0.001,0.001,0.0098
s40_off,165,seg2,coffee,wait_at,stand,,coffee,0.9819,0.001,0.9819,0.001,0.001,0.0033,0.001,0.001,0.0098
s40_off,166,seg2,coffee,wait_at,stand,,coffee,0.9819,0.001,0.9819,0.001,0.001,0.0033,0.001,0.001,0.0098
s40_off,167,seg2,coffee,wait_at,stand,,coffee,0.9819,0.001,0.9819,0.001,0.001,0.0033,0.001,0.001,0.0098
s40_off,168,seg2,coffee,wait_at,stand,,coffee,0.9819,0.001,0.9819,0.001,0.001,0.0033,0.001,0.001,0.0098
s40_off,169,seg2,coffee,wait_at,stand,,coffee,0.9819,0.001,0.9819,0.001,0.001,0.0033,0.001,0.001,0.0098
s40_off,170,seg2,coffee,wait_at,stand,,coffee,0.9819,0.001,0.9819,0.001,0.001,0.0033,0.001,0.001,0.0098
s40_off,171,seg2,coffee,wait_at,stand,,coffee,0.9819,0.001,0.9819,0.001,0.001,0.0033,0.001,0.001,0.0098
s40_off,172,seg2,coffee,wait_at,stand,,coffee,0.9819,0.001,0.9819,0.001,0.001,0.0033,0.001,0.001,0.0098
s40_off,173,seg2,coffee,wait_at,stand,,coffee,0.9819,0.001,0.9819,0.001,0.001,0.0033,0.001,0.001,0.0098
s40_off,174,seg2,coffee,wait_at,stand,,coffee,0.9819,0.001,0.9819,0.001,0.001,0.0033,0.001,0.001,0.0098
s40_off,175,seg2,coffee,wait_at,stand,,coffee,0.9819,0.001,0.9819,0.001,0.001,0.0033,0.001,0.001,0.0098
s40_off,176,seg2,coffee,wait_at,stand,,coffee,0.9819,0.001,0.9819,0.001,0.001,0.0033,0.001,0.001,0.0098
s40_off,177,seg2,coffee,wait_at,stand,,coffee,0.9819,0.001,0.9819,0.001,0.001,0.0033,0.001,0.001,0.0098
s40_off,178,seg2,coffee,wait_at,stand,,coffee,0.9819,0.001,0.9819,0.001,0.001,0.0033,0.001,0.001,0.0098
s40_off,179,seg2,coffee,wait_at,stand,,coffee,0.9819,0.001,0.9819,0.001,0.001,0.0033,0.001,0.001,0.0098
s40_off,180,seg2,coffee,wait_at,stand,,coffee,0.9819,0.001,0.9819,0.001,0.001,0.0033,0.001,0.001,0.0098
s40_off,181,seg2,coffee,wait_at,stand,,coffee,0.9819,0.001,0.9819,0.001,0.001,0.0033,0.001,0.001,0.0098
s40_off,182,seg2,coffee,wait_at,stand,,coffee,0.9819,0.001,0.9819,0.001,0.001,0.0033,0.001,0.001,0.0098
s40_off,183,seg2,coffee,wait_at,stand,,coffee,0.9819,0.001,0.9819,0.001,0.001,0.0033,0.001,0.001,0.0098
s40_off,184,seg2,coffee,wait_at,stand,,ac,0.1994,0.1994,0.001,0.001,0.001,0.1994,0.1994,0.1994,0.1994
s40_off,185,seg2,coffee,wait_at,,,ac,0.1994,0.1994,0.001,0.001,0.001,0.1994,0.1994,0.1994,0.1994
s40_off,186,seg3a,unknown,,,,ac,0.1994,0.1994,0.001,0.001,0.001,0.1994,0.1994,0.1994,0.1994
s40_off,187,seg3a,unknown,move_to,step,,d(item_6),0.247,0.2355,0.001,0.001,0.001,0.2464,0.247,0.2434,0.0247
s40_off,188,seg3a,unknown,move_to,step,,d(item_6),0.2511,0.2273,0.001,0.001,0.001,0.2498,0.2511,0.2436,0.0251
s40_off,189,seg3a,unknown,move_to,step,,d(item_6),0.2555,0.2187,0.001,0.001,0.001,0.2534,0.2555,0.2439,0.0255
s40_off,190,seg3a,unknown,move_to,step,,d(item_6),0.2601,0.2096,0.001,0.001,0.001,0.2572,0.2601,0.2441,0.026
s40_off,191,seg3a,unknown,move_to,step,,d(item_6),0.2649,0.2,0.001,0.001,0.001,0.2612,0.2649,0.2443,0.0265
s40_off,192,seg3a,unknown,move_to,step,,d(item_6),0.2701,0.19,0.001,0.001,0.001,0.2654,0.2701,0.2444,0.027
s40_off,193,seg3a,unknown,move_to,step,,d(item_6),0.2755,0.1797,0.001,0.001,0.001,0.2698,0.2755,0.2445,0.0276
s40_off,194,seg3a,unknown,move_to,step,,d(item_6),0.2811,0.169,0.001,0.001,0.001,0.2744,0.2811,0.2444,0.0281
s40_off,195,seg3a,unknown,move_to,step,,d(item_6),0.2875,0.1584,0.001,0.001,0.001,0.2795,0.2875,0.2429,0.0288
s40_off,196,seg3a,unknown,move_to,step,,d(item_6),0.2942,0.1476,0.001,0.001,0.001,0.285,0.2942,0.2407,0.0294
s40_off,197,seg3a,unknown,move_to,step,,d(item_6),0.3014,0.1368,0.001,0.001,0.001,0.2907,0.3014,0.2379,0.0302
s40_off,198,seg3a,unknown,move_to,step,,d(item_6),0.3091,0.1261,0.001,0.001,0.001,0.2968,0.3091,0.2341,0.0309
s40_off,199,seg3a,unknown,move_to,step,,d(item_6),0.3172,0.1156,0.001,0.001,0.001,0.3032,0.3172,0.2293,0.0317
s40_off,200,seg3a,unknown,move_to,step,,d(item_6),0.3258,0.1053,0.001,0.001,0.001,0.3099,0.3258,0.2234,0.0326
s40_off,201,seg3a,unknown,move_to,step,,d(item_6),0.3349,0.0954,0.001,0.001,0.001,0.3169,0.3349,0.2163,0.0335
s40_off,202,seg3a,unknown,move_to,step,,d(item_6),0.3446,0.0858,0.001,0.001,0.001,0.3242,0.3446,0.2079,0.0345
s40_off,203,seg3a,unknown,move_to,step,,d(item_6),0.3548,0.0767,0.001,0.001,0.001,0.3319,0.3548,0.1981,0.0355
s40_off,204,seg3a,unknown,move_to,step,,d(item_6),0.3655,0.0682,0.001,0.001,0.001,0.3399,0.3655,0.1868,0.0366
s40_off,205,seg3a,unknown,move_to,step,,d(item_6),0.3768,0.0602,0.001,0.001,0.001,0.348,0.3768,0.1742,0.0377
s40_off,206,seg3a,unknown,move_to,,,d(item_6),0.3794,0.0606,0.001,0.001,0.001,0.3504,0.3794,0.1686,0.038
s40_off,207,seg3a,unknown,wait_at,stand,,d(item_6),0.3821,0.0611,0.001,0.001,0.001,0.3529,0.3821,0.1628,0.0382
s40_off,208,seg3a,unknown,wait_at,,,d(item_6),0.3848,0.0615,0.001,0.001,0.001,0.3554,0.3848,0.1569,0.0385
s40_off,209,seg3b,unknown,,,,d(item_6),0.3875,0.0619,0.001,0.001,0.001,0.3579,0.3875,0.1509,0.0388
s40_off,210,seg3b,unknown,move_to,step,,d(item_6),0.3972,0.0511,0.001,0.001,0.001,0.3801,0.3972,0.1224,0.0463
s40_off,211,seg3b,unknown,move_to,step,,d(item_5),0.401,0.0421,0.001,0.001,0.001,0.401,0.4009,0.0974,0.0556
s40_off,212,seg3b,unknown,move_to,step,,d(item_5),0.42,0.0348,0.001,0.001,0.001,0.42,0.3985,0.0765,0.0673
s40_off,213,seg3b,unknown,move_to,step,,d(item_5),0.4363,0.0288,0.001,0.001,0.001,0.4363,0.3902,0.0597,0.082
s40_off,214,seg3b,unknown,move_to,step,,d(item_5),0.4494,0.0239,0.001,0.001,0.001,0.4494,0.3769,0.0463,0.1005
s40_off,215,seg3b,unknown,move_to,step,,d(item_5),0.4584,0.0199,0.001,0.001,0.001,0.4584,0.3591,0.0359,0.1237
s40_off,216,seg3b,unknown,move_to,step,,d(item_5),0.4624,0.0165,0.001,0.001,0.001,0.4624,0.3377,0.0278,0.1527
s40_off,217,seg3b,unknown,move_to,step,,d(item_5),0.4603,0.0138,0.001,0.001,0.001,0.4603,0.3133,0.0214,0.1883
s40_off,218,seg3b,unknown,move_to,step,,d(item_5),0.4514,0.0114,0.001,0.001,0.001,0.4514,0.2864,0.0164,0.2314
s40_off,219,seg3b,unknown,move_to,step,,d(item_5),0.435,0.0094,0.001,0.001,0.001,0.435,0.2577,0.0125,0.2826
s40_off,220,seg3b,unknown,move_to,step,,d(item_5),0.4108,0.0076,0.001,0.001,0.001,0.4108,0.2277,0.0094,0.3415
s40_off,221,seg3b,unknown,move_to,step,,unknown,0.4073,0.0061,0.001,0.001,0.001,0.3795,0.1972,0.0069,0.4073
s40_off,222,seg3b,unknown,move_to,step,,unknown,0.4779,0.0048,0.001,0.001,0.001,0.3421,0.1671,0.0051,0.4779
s40_off,223,seg3b,unknown,move_to,step,,unknown,0.5506,0.0037,0.001,0.001,0.001,0.3006,0.1384,0.0036,0.5506
s40_off,224,seg3b,unknown,move_to,step,,unknown,0.6223,0.0028,0.001,0.001,0.001,0.2573,0.1119,0.0026,0.6223
s40_off,225,seg3b,unknown,move_to,step,,unknown,0.6898,0.0021,0.001,0.001,0.001,0.2148,0.0885,0.0018,0.6898
s40_off,226,seg3b,unknown,move_to,step,,unknown,0.7508,0.0015,0.001,0.001,0.001,0.175,0.0685,0.0012,0.7508
s40_off,227,seg3b,unknown,move_to,,,unknown,0.7509,0.0015,0.001,0.001,0.001,0.175,0.0685,0.0011,0.7509
s40_off,228,seg3b,unknown,wait_at,stand,,unknown,0.7509,0.0015,0.001,0.001,0.001,0.175,0.0685,0.001,0.7509
s40_off,229,seg3b,unknown,wait_at,,,unknown,0.751,0.0015,0.001,0.001,0.001,0.175,0.0685,0.001,0.751
s40_off,230,seg4,d(item_6),,,,unknown,0.751,0.0015,0.001,0.001,0.001,0.175,0.0685,0.001,0.751
s40_off,231,seg4,d(item_6),move_to,step,,unknown,0.7523,0.0014,0.001,0.001,0.001,0.1737,0.0686,0.001,0.7523
s40_off,232,seg4,d(item_6),move_to,step,,unknown,0.7537,0.0013,0.001,0.001,0.001,0.1722,0.0687,0.001,0.7537
s40_off,233,seg4,d(item_6),move_to,step,,unknown,0.7552,0.0012,0.001,0.001,0.001,0.1708,0.0689,0.001,0.7552
s40_off,234,seg4,d(item_6),move_to,step,,unknown,0.7567,0.0011,0.001,0.001,0.001,0.1692,0.069,0.001,0.7567
s40_off,235,seg4,d(item_6),move_to,step,,unknown,0.7583,0.001,0.001,0.001,0.001,0.1675,0.0692,0.001,0.7583
s40_off,236,seg4,d(item_6),move_to,step,,unknown,0.7599,0.001,0.001,0.001,0.001,0.1658,0.0693,0.001,0.7599
s40_off,237,seg4,d(item_6),move_to,step,,unknown,0.7617,0.001,0.001,0.001,0.001,0.1639,0.0695,0.001,0.7617
s40_off,238,seg4,d(item_6),move_to,step,,unknown,0.7635,0.001,0.001,0.001,0.001,0.1619,0.0696,0.001,0.7635
s40_off,239,seg4,d(item_6),move_to,step,,unknown,0.7654,0.001,0.001,0.001,0.001,0.1598,0.0698,0.001,0.7654
s40_off,240,seg4,d(item_6),move_to,step,,unknown,0.7674,0.001,0.001,0.001,0.001,0.1576,0.07,0.001,0.7674
s40_off,241,seg4,d(item_6),move_to,step,,unknown,0.7696,0.001,0.001,0.001,0.001,0.1553,0.0702,0.001,0.7696
s40_off,242,seg4,d(item_6),move_to,step,,unknown,0.7718,0.001,0.001,0.001,0.001,0.1528,0.0704,0.001,0.7718
s40_off,243,seg4,d(item_6),move_to,step,,unknown,0.7743,0.001,0.001,0.001,0.001,0.1501,0.0706,0.001,0.7743
s40_off,244,seg4,d(item_6),move_to,step,,unknown,0.7769,0.001,0.001,0.001,0.001,0.1473,0.0708,0.001,0.7769
s40_off,245,seg4,d(item_6),move_to,step,,unknown,0.7796,0.001,0.001,0.001,0.001,0.1443,0.0711,0.001,0.7796
s40_off,246,seg4,d(item_6),move_to,step,,unknown,0.7826,0.001,0.001,0.001,0.001,0.1411,0.0714,0.001,0.7826
s40_off,247,seg4,d(item_6),move_to,step,,unknown,0.7857,0.001,0.001,0.001,0.001,0.1376,0.0717,0.001,0.7857
s40_off,248,seg4,d(item_6),move_to,step,,unknown,0.7891,0.001,0.001,0.001,0.001,0.1339,0.072,0.001,0.7891
s40_off,249,seg4,d(item_6),move_to,step,,unknown,0.7927,0.001,0.001,0.001,0.001,0.13,0.0723,0.001,0.7927
s40_off,250,seg4,d(item_6),move_to,step,,unknown,0.7966,0.001,0.001,0.001,0.001,0.1258,0.0726,0.001,0.7966
s40_off,251,seg4,d(item_6),move_to,step,,unknown,0.8007,0.001,0.001,0.001,0.001,0.1213,0.073,0.001,0.8007
s40_off,252,seg4,d(item_6),move_to,step,,unknown,0.8051,0.001,0.001,0.001,0.001,0.1164,0.0734,0.001,0.8051
s40_off,253,seg4,d(item_6),move_to,step,,unknown,0.8099,0.001,0.001,0.001,0.001,0.1113,0.0739,0.001,0.8099
s40_off,254,seg4,d(item_6),move_to,step,,unknown,0.815,0.001,0.001,0.001,0.001,0.1057,0.0743,0.001,0.815
s40_off,255,seg4,d(item_6),move_to,step,,unknown,0.8204,0.001,0.001,0.001,0.001,0.0998,0.0748,0.001,0.8204
s40_off,256,seg4,d(item_6),move_to,step,,unknown,0.8261,0.001,0.001,0.001,0.001,0.0936,0.0753,0.001,0.8261
s40_off,257,seg4,d(item_6),move_to,step,,unknown,0.8321,0.001,0.001,0.001,0.001,0.087,0.0759,0.001,0.8321
s40_off,258,seg4,d(item_6),move_to,step,,unknown,0.8385,0.001,0.001,0.001,0.001,0.0801,0.0765,0.001,0.8385
s40_off,259,seg4,d(item_6),move_to,step,,unknown,0.8451,0.001,0.001,0.001,0.001,0.0729,0.0771,0.001,0.8451
s40_off,260,seg4,d(item_6),move_to,step,,unknown,0.8518,0.001,0.001,0.001,0.001,0.0655,0.0777,0.001,0.8518
s40_off,261,seg4,d(item_6),move_to,step,,unknown,0.8586,0.001,0.001,0.001,0.001,0.0581,0.0783,0.001,0.8586
s40_off,262,seg4,d(item_6),move_to,step,,unknown,0.8654,0.001,0.001,0.001,0.001,0.0507,0.0789,0.001,0.8654
s40_off,263,seg4,d(item_6),move_to,step,,unknown,0.872,0.001,0.001,0.001,0.001,0.0435,0.0795,0.001,0.872
s40_off,264,seg4,d(item_6),move_to,step,,unknown,0.8783,0.001,0.001,0.001,0.001,0.0366,0.0801,0.001,0.8783
s40_off,265,seg4,d(item_6),move_to,step,,unknown,0.8841,0.001,0.001,0.001,0.001,0.0303,0.0806,0.001,0.8841
s40_off,266,seg4,d(item_6),move_to,step,,unknown,0.8893,0.001,0.001,0.001,0.001,0.0246,0.0811,0.001,0.8893
s40_off,267,seg4,d(item_6),move_to,step,,unknown,0.8939,0.001,0.001,0.001,0.001,0.0196,0.0815,0.001,0.8939
s40_off,268,seg4,d(item_6),move_to,step,,unknown,0.8978,0.001,0.001,0.001,0.001,0.0153,0.0819,0.001,0.8978
s40_off,269,seg4,d(item_6),move_to,step,,unknown,0.901,0.001,0.001,0.001,0.001,0.0118,0.0822,0.001,0.901
s40_off,270,seg4,d(item_6),move_to,step,,unknown,0.5177,0.001,0.001,0.001,0.001,0.0051,0.4722,0.001,0.5177
s40_off,271,seg4,d(item_6),move_to,,,unknown,0.5177,0.001,0.001,0.001,0.001,0.0051,0.4722,0.001,0.5177
s40_off,272,seg4,d(item_6),pick_up,grasp,item_6,unknown,0.4948,0.001,0.001,0.001,0.001,0.0489,0.4513,0.001,0.4948
s40_off,273,seg4,d(item_6),pick_up,,item_6,unknown,0.4948,0.001,0.001,0.001,0.001,0.0489,0.4513,0.001,0.4948
s40_off,274,seg4,d(item_6),move_to,step,item_6,d(item_6),0.888,0.001,0.001,0.001,0.001,0.0096,0.888,0.001,0.0974
s40_off,275,seg4,d(item_6),move_to,step,item_6,d(item_6),0.888,0.001,0.001,0.001,0.001,0.0096,0.888,0.001,0.0974
s40_off,276,seg4,d(item_6),move_to,step,item_6,d(item_6),0.8313,0.001,0.001,0.001,0.001,0.0725,0.8313,0.001,0.0912
s40_off,277,seg4,d(item_6),move_to,step,item_6,d(item_6),0.8453,0.001,0.001,0.001,0.001,0.0571,0.8453,0.001,0.0927
s40_off,278,seg4,d(item_6),move_to,step,item_6,d(item_6),0.8577,0.001,0.001,0.001,0.001,0.0433,0.8577,0.001,0.094
s40_off,279,seg4,d(item_6),move_to,step,item_6,d(item_6),0.868,0.001,0.001,0.001,0.001,0.0318,0.868,0.001,0.0952
s40_off,280,seg4,d(item_6),move_to,step,item_6,d(item_6),0.8761,0.001,0.001,0.001,0.001,0.0228,0.8761,0.001,0.0961
s40_off,281,seg4,d(item_6),move_to,step,item_6,d(item_6),0.8822,0.001,0.001,0.001,0.001,0.016,0.8822,0.001,0.0967
s40_off,282,seg4,d(item_6),move_to,step,item_6,d(item_6),0.8867,0.001,0.001,0.001,0.001,0.0111,0.8867,0.001,0.0972
s40_off,283,seg4,d(item_6),move_to,step,item_6,d(item_6),0.8898,0.001,0.001,0.001,0.001,0.0076,0.8898,0.001,0.0976
s40_off,284,seg4,d(item_6),move_to,step,item_6,d(item_6),0.892,0.001,0.001,0.001,0.001,0.0052,0.892,0.001,0.0978
s40_off,285,seg4,d(item_6),move_to,step,item_6,d(item_6),0.8935,0.001,0.001,0.001,0.001,0.0035,0.8935,0.001,0.098
s40_off,286,seg4,d(item_6),move_to,step,item_6,d(item_6),0.8945,0.001,0.001,0.001,0.001,0.0024,0.8945,0.001,0.0981
s40_off,287,seg4,d(item_6),move_to,step,item_6,d(item_6),0.8952,0.001,0.001,0.001,0.001,0.0016,0.8952,0.001,0.0982
s40_off,288,seg4,d(item_6),move_to,step,item_6,d(item_6),0.8957,0.001,0.001,0.001,0.001,0.0011,0.8957,0.001,0.0982
s40_off,289,seg4,d(item_6),move_to,step,item_6,d(item_6),0.8958,0.001,0.001,0.001,0.001,0.001,0.8958,0.001,0.0982
s40_off,290,seg4,d(item_6),move_to,step,item_6,d(item_6),0.8958,0.001,0.001,0.001,0.001,0.001,0.8958,0.001,0.0982
s40_off,291,seg4,d(item_6),move_to,step,item_6,d(item_6),0.8958,0.001,0.001,0.001,0.001,0.001,0.8958,0.001,0.0982
s40_off,292,seg4,d(item_6),move_to,step,item_6,d(item_6),0.8958,0.001,0.001,0.001,0.001,0.001,0.8958,0.001,0.0982
s40_off,293,seg4,d(item_6),move_to,step,item_6,d(item_6),0.8958,0.001,0.001,0.001,0.001,0.001,0.8958,0.001,0.0982
s40_off,294,seg4,d(item_6),move_to,step,item_6,d(item_6),0.8958,0.001,0.001,0.001,0.001,0.001,0.8958,0.001,0.0982
s40_off,295,seg4,d(item_6),move_to,step,item_6,d(item_6),0.8958,0.001,0.001,0.001,0.001,0.001,0.8958,0.001,0.0982
s40_off,296,seg4,d(item_6),move_to,step,item_6,d(item_6),0.8958,0.001,0.001,0.001,0.001,0.001,0.8958,0.001,0.0982
s40_off,297,seg4,d(item_6),move_to,step,item_6,d(item_6),0.8958,0.001,0.001,0.001,0.001,0.001,0.8958,0.001,0.0982
s40_off,298,seg4,d(item_6),move_to,step,item_6,d(item_6),0.8958,0.001,0.001,0.001,0.001,0.001,0.8958,0.001,0.0982
s40_off,299,seg4,d(item_6),move_to,step,item_6,d(item_6),0.8958,0.001,0.001,0.001,0.001,0.001,0.8958,0.001,0.0982
s40_off,300,seg4,d(item_6),move_to,step,item_6,d(item_6),0.8958,0.001,0.001,0.001,0.001,0.001,0.8958,0.001,0.0982
s40_off,301,seg4,d(item_6),move_to,step,item_6,d(item_6),0.8958,0.001,0.001,0.001,0.001,0.001,0.8958,0.001,0.0982
s40_off,302,seg4,d(item_6),move_to,step,item_6,d(item_6),0.8958,0.001,0.001,0.001,0.001,0.001,0.8958,0.001,0.0982
s40_off,303,seg4,d(item_6),move_to,step,item_6,d(item_6),0.8958,0.001,0.001,0.001,0.001,0.001,0.8958,0.001,0.0982
s40_off,304,seg4,d(item_6),move_to,step,item_6,d(item_6),0.8958,0.001,0.001,0.001,0.001,0.001,0.8958,0.001,0.0982
s40_off,305,seg4,d(item_6),move_to,step,item_6,d(item_6),0.8958,0.001,0.001,0.001,0.001,0.001,0.8958,0.001,0.0982
s40_off,306,seg4,d(item_6),move_to,step,item_6,d(item_6),0.8958,0.001,0.001,0.001,0.001,0.001,0.8958,0.001,0.0982
s40_off,307,seg4,d(item_6),move_to,step,item_6,d(item_6),0.8958,0.001,0.001,0.001,0.001,0.001,0.8958,0.001,0.0982
s40_off,308,seg4,d(item_6),move_to,step,item_6,d(item_6),0.8958,0.001,0.001,0.001,0.001,0.001,0.8958,0.001,0.0982
s40_off,309,seg4,d(item_6),move_to,step,item_6,d(item_6),0.8958,0.001,0.001,0.001,0.001,0.001,0.8958,0.001,0.0982
s40_off,310,seg4,d(item_6),move_to,step,item_6,d(item_6),0.8958,0.001,0.001,0.001,0.001,0.001,0.8958,0.001,0.0982
s40_off,311,seg4,d(item_6),move_to,step,item_6,d(item_6),0.8958,0.001,0.001,0.001,0.001,0.001,0.8958,0.001,0.0982
s40_off,312,seg4,d(item_6),move_to,step,item_6,d(item_6),0.8958,0.001,0.001,0.001,0.001,0.001,0.8958,0.001,0.0982
s40_off,313,seg4,d(item_6),move_to,step,item_6,d(item_6),0.8958,0.001,0.001,0.001,0.001,0.001,0.8958,0.001,0.0982
s40_off,314,seg4,d(item_6),move_to,step,item_6,d(item_6),0.8958,0.001,0.001,0.001,0.001,0.001,0.8958,0.001,0.0982
s40_off,315,seg4,d(item_6),move_to,step,item_6,d(item_6),0.8958,0.001,0.001,0.001,0.001,0.001,0.8958,0.001,0.0982
s40_off,316,seg4,d(item_6),move_to,step,item_6,d(item_6),0.8958,0.001,0.001,0.001,0.001,0.001,0.8958,0.001,0.0982
s40_off,317,seg4,d(item_6),move_to,step,item_6,d(item_6),0.8958,0.001,0.001,0.001,0.001,0.001,0.8958,0.001,0.0982
s40_off,318,seg4,d(item_6),move_to,step,item_6,d(item_6),0.8958,0.001,0.001,0.001,0.001,0.001,0.8958,0.001,0.0982
s40_off,319,seg4,d(item_6),move_to,step,item_6,d(item_6),0.8958,0.001,0.001,0.001,0.001,0.001,0.8958,0.001,0.0982
s40_off,320,seg4,d(item_6),move_to,step,item_6,d(item_6),0.8958,0.001,0.001,0.001,0.001,0.001,0.8958,0.001,0.0982
s40_off,321,seg4,d(item_6),move_to,step,item_6,d(item_6),0.8958,0.001,0.001,0.001,0.001,0.001,0.8958,0.001,0.0982
s40_off,322,seg4,d(item_6),move_to,step,item_6,d(item_6),0.8958,0.001,0.001,0.001,0.001,0.001,0.8958,0.001,0.0982
s40_off,323,seg4,d(item_6),move_to,step,item_6,d(item_6),0.8958,0.001,0.001,0.001,0.001,0.001,0.8958,0.001,0.0982
s40_off,324,seg4,d(item_6),move_to,step,item_6,d(item_6),0.8958,0.001,0.001,0.001,0.001,0.001,0.8958,0.001,0.0982
s40_off,325,seg4,d(item_6),move_to,step,item_6,d(item_6),0.8958,0.001,0.001,0.001,0.001,0.001,0.8958,0.001,0.0982
s40_off,326,seg4,d(item_6),move_to,step,item_6,d(item_6),0.8958,0.001,0.001,0.001,0.001,0.001,0.8958,0.001,0.0982
s40_off,327,seg4,d(item_6),move_to,step,item_6,d(item_6),0.8958,0.001,0.001,0.001,0.001,0.001,0.8958,0.001,0.0982
s40_off,328,seg4,d(item_6),move_to,step,item_6,d(item_6),0.8958,0.001,0.001,0.001,0.001,0.001,0.8958,0.001,0.0982
s40_off,329,seg4,d(item_6),move_to,step,item_6,d(item_6),0.9832,0.001,0.001,0.001,0.001,0.001,0.9832,0.001,0.0108
s40_off,330,seg4,d(item_6),move_to,,item_6,d(item_6),0.9832,0.001,0.001,0.001,0.001,0.001,0.9832,0.001,0.0108
s40_off,331,seg4,d(item_6),place,release,,ac,0.3317,0.3317,0.001,0.001,0.001,0.3317,0.001,0.001,0.3317
s40_off,332,seg4,d(item_6),place,,,ac,0.3317,0.3317,0.001,0.001,0.001,0.3317,0.001,0.001,0.3317
s40_off,333,done,unknown,,,,ac,0.3317,0.3317,0.001,0.001,0.001,0.3317,0.001,0.001,0.3317
s40_off,334,done,unknown,,,,ac,0.3317,0.3317,0.001,0.001,0.001,0.3317,0.001,0.001,0.3317
s40_off,335,done,unknown,,,,ac,0.3317,0.3317,0.001,0.001,0.001,0.3317,0.001,0.001,0.3317
s40_off,336,done,unknown,,,,ac,0.3317,0.3317,0.001,0.001,0.001,0.3317,0.001,0.001,0.3317
s40_off,337,done,unknown,,,,ac,0.3317,0.3317,0.001,0.001,0.001,0.3317,0.001,0.001,0.3317
s40_off,338,done,unknown,,,,ac,0.3317,0.3317,0.001,0.001,0.001,0.3317,0.001,0.001,0.3317
s40_off,339,done,unknown,,,,ac,0.3317,0.3317,0.001,0.001,0.001,0.3317,0.001,0.001,0.3317
s40_off,340,done,unknown,,,,ac,0.3317,0.3317,0.001,0.001,0.001,0.3317,0.001,0.001,0.3317
s40_off,341,done,unknown,,,,ac,0.3317,0.3317,0.001,0.001,0.001,0.3317,0.001,0.001,0.3317
s40_off,342,done,unknown,,,,ac,0.3317,0.3317,0.001,0.001,0.001,0.3317,0.001,0.001,0.3317
s40_off,343,done,unknown,,,,ac,0.3317,0.3317,0.001,0.001,0.001,0.3317,0.001,0.001,0.3317
s40_off,344,done,unknown,,,,ac,0.3317,0.3317,0.001,0.001,0.001,0.3317,0.001,0.001,0.3317
s40_off,345,done,unknown,,,,ac,0.3317,0.3317,0.001,0.001,0.001,0.3317,0.001,0.001,0.3317
s40_off,346,done,unknown,,,,ac,0.3317,0.3317,0.001,0.001,0.001,0.3317,0.001,0.001,0.3317
s40_off,347,done,unknown,,,,ac,0.3317,0.3317,0.001,0.001,0.001,0.3317,0.001,0.001,0.3317
s40_off,348,done,unknown,,,,ac,0.3317,0.3317,0.001,0.001,0.001,0.3317,0.001,0.001,0.3317
s40_off,349,done,unknown,,,,ac,0.3317,0.3317,0.001,0.001,0.001,0.3317,0.001,0.001,0.3317
s40_off,350,done,unknown,,,,ac,0.3317,0.3317,0.001,0.001,0.001,0.3317,0.001,0.001,0.3317
s40_off,351,done,unknown,,,,ac,0.3317,0.3317,0.001,0.001,0.001,0.3317,0.001,0.001,0.3317
s40_off,352,done,unknown,,,,ac,0.3317,0.3317,0.001,0.001,0.001,0.3317,0.001,0.001,0.3317
s40_off,353,done,unknown,,,,ac,0.3317,0.3317,0.001,0.001,0.001,0.3317,0.001,0.001,0.3317
s40_off,354,done,unknown,,,,ac,0.3317,0.3317,0.001,0.001,0.001,0.3317,0.001,0.001,0.3317
s40_off,355,done,unknown,,,,ac,0.3317,0.3317,0.001,0.001,0.001,0.3317,0.001,0.001,0.3317
s40_off,356,done,unknown,,,,ac,0.3317,0.3317,0.001,0.001,0.001,0.3317,0.001,0.001,0.3317
s40_off,357,done,unknown,,,,ac,0.3317,0.3317,0.001,0.001,0.001,0.3317,0.001,0.001,0.3317
s40_off,358,done,unknown,,,,ac,0.3317,0.3317,0.001,0.001,0.001,0.3317,0.001,0.001,0.3317
s40_off,359,done,unknown,,,,ac,0.3317,0.3317,0.001,0.001,0.001,0.3317,0.001,0.001,0.3317
s40_off,360,done,unknown,,,,ac,0.3317,0.3317,0.001,0.001,0.001,0.3317,0.001,0.001,0.3317
s40_off,361,done,unknown,,,,ac,0.3317,0.3317,0.001,0.001,0.001,0.3317,0.001,0.001,0.3317
s40_off,362,done,unknown,,,,ac,0.3317,0.3317,0.001,0.001,0.001,0.3317,0.001,0.001,0.3317
s40_off,363,done,unknown,,,,ac,0.3317,0.3317,0.001,0.001,0.001,0.3317,0.001,0.001,0.3317
s40_off,364,done,unknown,,,,ac,0.3317,0.3317,0.001,0.001,0.001,0.3317,0.001,0.001,0.3317
s40_off,365,done,unknown,,,,ac,0.3317,0.3317,0.001,0.001,0.001,0.3317,0.001,0.001,0.3317
s40_off,366,done,unknown,,,,ac,0.3317,0.3317,0.001,0.001,0.001,0.3317,0.001,0.001,0.3317
s40_off,367,done,unknown,,,,ac,0.3317,0.3317,0.001,0.001,0.001,0.3317,0.001,0.001,0.3317
s40_off,368,done,unknown,,,,ac,0.3317,0.3317,0.001,0.001,0.001,0.3317,0.001,0.001,0.3317
s40_off,369,done,unknown,,,,ac,0.3317,0.3317,0.001,0.001,0.001,0.3317,0.001,0.001,0.3317
s40_off,370,done,unknown,,,,ac,0.3317,0.3317,0.001,0.001,0.001,0.3317,0.001,0.001,0.3317
s40_off,371,done,unknown,,,,ac,0.3317,0.3317,0.001,0.001,0.001,0.3317,0.001,0.001,0.3317
s40_off,372,done,unknown,,,,ac,0.3317,0.3317,0.001,0.001,0.001,0.3317,0.001,0.001,0.3317
s40_off,373,done,unknown,,,,ac,0.3317,0.3317,0.001,0.001,0.001,0.3317,0.001,0.001,0.3317
s40_off,374,done,unknown,,,,ac,0.3317,0.3317,0.001,0.001,0.001,0.3317,0.001,0.001,0.3317
s40_off,375,done,unknown,,,,ac,0.3317,0.3317,0.001,0.001,0.001,0.3317,0.001,0.001,0.3317
s40_off,376,done,unknown,,,,ac,0.497,0.497,0.001,0.001,0.001,0.001,0.001,0.001,0.497
s40_off,377,done,unknown,,,,ac,0.497,0.497,0.001,0.001,0.001,0.001,0.001,0.001,0.497
s40_off,378,done,unknown,,,,ac,0.497,0.497,0.001,0.001,0.001,0.001,0.001,0.001,0.497
s40_on,0,seg1,d(item_3),move_to,step,,d(item_3),0.2664,0.217,0.2566,0.2664,0.001,0.001,0.2303,0.001,0.0266
s40_on,1,seg1,d(item_3),move_to,step,,d(item_3),0.2934,0.1879,0.2714,0.2934,0.001,0.001,0.215,0.001,0.0293
s40_on,2,seg1,d(item_3),move_to,step,,d(item_3),0.3236,0.1576,0.2864,0.3236,0.001,0.001,0.197,0.001,0.0324
s40_on,3,seg1,d(item_3),move_to,step,,d(item_3),0.356,0.1282,0.3005,0.356,0.001,0.001,0.1767,0.001,0.0356
s40_on,4,seg1,d(item_3),move_to,step,,d(item_3),0.3894,0.1013,0.3124,0.3894,0.001,0.001,0.1549,0.001,0.0389
s40_on,5,seg1,d(item_3),move_to,step,,d(item_3),0.4229,0.0781,0.321,0.4229,0.001,0.001,0.1328,0.001,0.0423
s40_on,6,seg1,d(item_3),move_to,step,,d(item_3),0.4555,0.0589,0.3257,0.4555,0.001,0.001,0.1114,0.001,0.0455
s40_on,7,seg1,d(item_3),move_to,step,,d(item_3),0.4867,0.0436,0.3263,0.4867,0.001,0.001,0.0917,0.001,0.0487
s40_on,8,seg1,d(item_3),move_to,step,,d(item_3),0.5164,0.0318,0.323,0.5164,0.001,0.001,0.0741,0.001,0.0516
s40_on,9,seg1,d(item_3),move_to,step,,d(item_3),0.5445,0.0229,0.3161,0.5445,0.001,0.001,0.0591,0.001,0.0544
s40_on,10,seg1,d(item_3),move_to,step,,d(item_3),0.5711,0.0164,0.3059,0.5711,0.001,0.001,0.0465,0.001,0.0571
s40_on,11,seg1,d(item_3),move_to,step,,d(item_3),0.5964,0.0116,0.293,0.5964,0.001,0.001,0.0363,0.001,0.0596
s40_on,12,seg1,d(item_3),move_to,step,,d(item_3),0.6207,0.0082,0.278,0.6207,0.001,0.001,0.028,0.001,0.0621
s40_on,13,seg1,d(item_3),move_to,step,,d(item_3),0.6441,0.0058,0.2612,0.6441,0.001,0.001,0.0215,0.001,0.0644
s40_on,14,seg1,d(item_3),move_to,step,,d(item_3),0.6667,0.004,0.2432,0.6667,0.001,0.001,0.0164,0.001,0.0667
s40_on,15,seg1,d(item_3),move_to,step,,d(item_3),0.6886,0.0028,0.2243,0.6886,0.001,0.001,0.0124,0.001,0.0689
s40_on,16,seg1,d(item_3),move_to,step,,d(item_3),0.7098,0.002,0.2049,0.7098,0.001,0.001,0.0094,0.001,0.071
s40_on,17,seg1,d(item_3),move_to,step,,d(item_3),0.7301,0.0014,0.1855,0.7301,0.001,0.001,0.007,0.001,0.073
s40_on,18,seg1,d(item_3),move_to,step,,d(item_3),0.7495,0.001,0.1663,0.7495,0.001,0.001,0.0053,0.001,0.075
s40_on,19,seg1,d(item_3),move_to,step,,d(item_3),0.7677,0.001,0.1476,0.7677,0.001,0.001,0.0039,0.001,0.0768
s40_on,20,seg1,d(item_3),move_to,step,,d(item_3),0.7849,0.001,0.1297,0.7849,0.001,0.001,0.0029,0.001,0.0785
s40_on,21,seg1,d(item_3),move_to,step,,d(item_3),0.8008,0.001,0.1129,0.8008,0.001,0.001,0.0021,0.001,0.0801
s40_on,22,seg1,d(item_3),move_to,step,,d(item_3),0.8155,0.001,0.0974,0.8155,0.001,0.001,0.0016,0.001,0.0816
s40_on,23,seg1,d(item_3),move_to,step,,d(item_3),0.8289,0.001,0.0831,0.8289,0.001,0.001,0.0012,0.001,0.0829
s40_on,24,seg1,d(item_3),move_to,step,,d(item_3),0.8407,0.001,0.0703,0.8407,0.001,0.001,0.001,0.001,0.0841
s40_on,25,seg1,d(item_3),move_to,step,,d(item_3),0.8511,0.001,0.0588,0.8511,0.001,0.001,0.001,0.001,0.0851
s40_on,26,seg1,d(item_3),move_to,step,,d(item_3),0.8602,0.001,0.0488,0.8602,0.001,0.001,0.001,0.001,0.086
s40_on,27,seg1,d(item_3),move_to,step,,d(item_3),0.8681,0.001,0.0401,0.8681,0.001,0.001,0.001,0.001,0.0868
s40_on,28,seg1,d(item_3),move_to,step,,d(item_3),0.8748,0.001,0.0327,0.8748,0.001,0.001,0.001,0.001,0.0875
s40_on,29,seg1,d(item_3),move_to,step,,d(item_3),0.8805,0.001,0.0265,0.8805,0.001,0.001,0.001,0.001,0.088
s40_on,30,seg1,d(item_3),move_to,step,,d(item_3),0.8853,0.001,0.0212,0.8853,0.001,0.001,0.001,0.001,0.0885
s40_on,31,seg1,d(item_3),move_to,step,,d(item_3),0.8892,0.001,0.0169,0.8892,0.001,0.001,0.001,0.001,0.0889
s40_on,32,seg1,d(item_3),move_to,step,,d(item_3),0.8924,0.001,0.0134,0.8924,0.001,0.001,0.001,0.001,0.0892
s40_on,33,seg1,d(item_3),move_to,step,,d(item_3),0.895,0.001,0.0105,0.895,0.001,0.001,0.001,0.001,0.0895
s40_on,34,seg1,d(item_3),move_to,step,,d(item_3),0.8971,0.001,0.0082,0.8971,0.001,0.001,0.001,0.001,0.0897
s40_on,35,seg1,d(item_3),move_to,step,,d(item_3),0.8988,0.001,0.0063,0.8988,0.001,0.001,0.001,0.001,0.0899
s40_on,36,seg1,d(item_3),move_to,step,,d(item_3),0.9001,0.001,0.0049,0.9001,0.001,0.001,0.001,0.001,0.09
s40_on,37,seg1,d(item_3),move_to,step,,d(item_3),0.9012,0.001,0.0037,0.9012,0.001,0.001,0.001,0.001,0.0901
s40_on,38,seg1,d(item_3),move_to,step,,d(item_3),0.902,0.001,0.0028,0.902,0.001,0.001,0.001,0.001,0.0902
s40_on,39,seg1,d(item_3),move_to,step,,d(item_3),0.9026,0.001,0.0021,0.9026,0.001,0.001,0.001,0.001,0.0903
s40_on,40,seg1,d(item_3),move_to,step,,d(item_3),0.9031,0.001,0.0016,0.9031,0.001,0.001,0.001,0.001,0.0903
s40_on,41,seg1,d(item_3),move_to,step,,d(item_3),0.9035,0.001,0.0012,0.9035,0.001,0.001,0.001,0.001,0.0903
s40_on,42,seg1,d(item_3),move_to,step,,d(item_3),0.9037,0.001,0.001,0.9037,0.001,0.001,0.001,0.001,0.0904
s40_on,43,seg1,d(item_3),move_to,step,,d(item_3),0.9037,0.001,0.001,0.9037,0.001,0.001,0.001,0.001,0.0904
s40_on,44,seg1,d(item_3),move_to,step,,d(item_3),0.9037,0.001,0.001,0.9037,0.001,0.001,0.001,0.001,0.0904
s40_on,45,seg1,d(item_3),move_to,step,,d(item_3),0.9037,0.001,0.001,0.9037,0.001,0.001,0.001,0.001,0.0904
s40_on,46,seg1,d(item_3),move_to,step,,d(item_3),0.9037,0.001,0.001,0.9037,0.001,0.001,0.001,0.001,0.0904
s40_on,47,seg1,d(item_3),move_to,step,,d(item_3),0.9037,0.001,0.001,0.9037,0.001,0.001,0.001,0.001,0.0904
s40_on,48,seg1,d(item_3),move_to,step,,d(item_3),0.9037,0.001,0.001,0.9037,0.001,0.001,0.001,0.001,0.0904
s40_on,49,seg1,d(item_3),move_to,step,,d(item_3),0.9037,0.001,0.001,0.9037,0.001,0.001,0.001,0.001,0.0904
s40_on,50,seg1,d(item_3),move_to,step,,d(item_3),0.9037,0.001,0.001,0.9037,0.001,0.001,0.001,0.001,0.0904
s40_on,51,seg1,d(item_3),move_to,step,,d(item_3),0.9037,0.001,0.001,0.9037,0.001,0.001,0.001,0.001,0.0904
s40_on,52,seg1,d(item_3),move_to,step,,d(item_3),0.9037,0.001,0.001,0.9037,0.001,0.001,0.001,0.001,0.0904
s40_on,53,seg1,d(item_3),move_to,step,,d(item_3),0.9037,0.001,0.001,0.9037,0.001,0.001,0.001,0.001,0.0904
s40_on,54,seg1,d(item_3),move_to,step,,d(item_3),0.9037,0.001,0.001,0.9037,0.001,0.001,0.001,0.001,0.0904
s40_on,55,seg1,d(item_3),move_to,step,,d(item_3),0.9037,0.001,0.001,0.9037,0.001,0.001,0.001,0.001,0.0904
s40_on,56,seg1,d(item_3),move_to,step,,d(item_3),0.9037,0.001,0.001,0.9037,0.001,0.001,0.001,0.001,0.0904
s40_on,57,seg1,d(item_3),move_to,step,,d(item_3),0.9037,0.001,0.001,0.9037,0.001,0.001,0.001,0.001,0.0904
s40_on,58,seg1,d(item_3),move_to,step,,d(item_3),0.9842,0.001,0.001,0.9842,0.001,0.001,0.001,0.001,0.0098
s40_on,59,seg1,d(item_3),move_to,,,d(item_3),0.9842,0.001,0.001,0.9842,0.001,0.001,0.001,0.001,0.0098
s40_on,60,seg1,d(item_3),pick_up,grasp,item_3,d(item_3),0.9842,0.001,0.001,0.9842,0.001,0.001,0.001,0.001,0.0098
s40_on,61,seg1,d(item_3),pick_up,,item_3,d(item_3),0.9842,0.001,0.001,0.9842,0.001,0.001,0.001,0.001,0.0098
s40_on,62,seg1,d(item_3),move_to,step,item_3,d(item_3),0.993,0.001,0.001,0.993,0.001,0.001,0.001,0.001,0.001
s40_on,63,seg1,d(item_3),move_to,step,item_3,d(item_3),0.993,0.001,0.001,0.993,0.001,0.001,0.001,0.001,0.001
s40_on,64,seg1,d(item_3),move_to,step,item_3,d(item_3),0.993,0.001,0.001,0.993,0.001,0.001,0.001,0.001,0.001
s40_on,65,seg1,d(item_3),move_to,step,item_3,d(item_3),0.993,0.001,0.001,0.993,0.001,0.001,0.001,0.001,0.001
s40_on,66,seg1,d(item_3),move_to,step,item_3,d(item_3),0.993,0.001,0.001,0.993,0.001,0.001,0.001,0.001,0.001
s40_on,67,seg1,d(item_3),move_to,step,item_3,d(item_3),0.993,0.001,0.001,0.993,0.001,0.001,0.001,0.001,0.001
s40_on,68,seg1,d(item_3),move_to,step,item_3,d(item_3),0.993,0.001,0.001,0.993,0.001,0.001,0.001,0.001,0.001
s40_on,69,seg1,d(item_3),move_to,step,item_3,d(item_3),0.993,0.001,0.001,0.993,0.001,0.001,0.001,0.001,0.001
s40_on,70,seg1,d(item_3),move_to,step,item_3,d(item_3),0.993,0.001,0.001,0.993,0.001,0.001,0.001,0.001,0.001
s40_on,71,seg1,d(item_3),move_to,step,item_3,d(item_3),0.993,0.001,0.001,0.993,0.001,0.001,0.001,0.001,0.001
s40_on,72,seg1,d(item_3),move_to,step,item_3,d(item_3),0.993,0.001,0.001,0.993,0.001,0.001,0.001,0.001,0.001
s40_on,73,seg1,d(item_3),move_to,step,item_3,d(item_3),0.993,0.001,0.001,0.993,0.001,0.001,0.001,0.001,0.001
s40_on,74,seg1,d(item_3),move_to,step,item_3,d(item_3),0.993,0.001,0.001,0.993,0.001,0.001,0.001,0.001,0.001
s40_on,75,seg1,d(item_3),move_to,step,item_3,d(item_3),0.993,0.001,0.001,0.993,0.001,0.001,0.001,0.001,0.001
s40_on,76,seg1,d(item_3),move_to,step,item_3,d(item_3),0.993,0.001,0.001,0.993,0.001,0.001,0.001,0.001,0.001
s40_on,77,seg1,d(item_3),move_to,step,item_3,d(item_3),0.993,0.001,0.001,0.993,0.001,0.001,0.001,0.001,0.001
s40_on,78,seg1,d(item_3),move_to,step,item_3,d(item_3),0.993,0.001,0.001,0.993,0.001,0.001,0.001,0.001,0.001
s40_on,79,seg1,d(item_3),move_to,step,item_3,d(item_3),0.993,0.001,0.001,0.993,0.001,0.001,0.001,0.001,0.001
s40_on,80,seg1,d(item_3),move_to,step,item_3,d(item_3),0.993,0.001,0.001,0.993,0.001,0.001,0.001,0.001,0.001
s40_on,81,seg1,d(item_3),move_to,step,item_3,d(item_3),0.993,0.001,0.001,0.993,0.001,0.001,0.001,0.001,0.001
s40_on,82,seg1,d(item_3),move_to,step,item_3,d(item_3),0.993,0.001,0.001,0.993,0.001,0.001,0.001,0.001,0.001
s40_on,83,seg1,d(item_3),move_to,step,item_3,d(item_3),0.993,0.001,0.001,0.993,0.001,0.001,0.001,0.001,0.001
s40_on,84,seg1,d(item_3),move_to,step,item_3,d(item_3),0.993,0.001,0.001,0.993,0.001,0.001,0.001,0.001,0.001
s40_on,85,seg1,d(item_3),move_to,step,item_3,d(item_3),0.993,0.001,0.001,0.993,0.001,0.001,0.001,0.001,0.001
s40_on,86,seg1,d(item_3),move_to,step,item_3,d(item_3),0.993,0.001,0.001,0.993,0.001,0.001,0.001,0.001,0.001
s40_on,87,seg1,d(item_3),move_to,step,item_3,d(item_3),0.993,0.001,0.001,0.993,0.001,0.001,0.001,0.001,0.001
s40_on,88,seg1,d(item_3),move_to,step,item_3,d(item_3),0.993,0.001,0.001,0.993,0.001,0.001,0.001,0.001,0.001
s40_on,89,seg1,d(item_3),move_to,step,item_3,d(item_3),0.993,0.001,0.001,0.993,0.001,0.001,0.001,0.001,0.001
s40_on,90,seg1,d(item_3),move_to,step,item_3,d(item_3),0.993,0.001,0.001,0.993,0.001,0.001,0.001,0.001,0.001
s40_on,91,seg1,d(item_3),move_to,step,item_3,d(item_3),0.993,0.001,0.001,0.993,0.001,0.001,0.001,0.001,0.001
s40_on,92,seg1,d(item_3),move_to,step,item_3,d(item_3),0.993,0.001,0.001,0.993,0.001,0.001,0.001,0.001,0.001
s40_on,93,seg1,d(item_3),move_to,step,item_3,d(item_3),0.993,0.001,0.001,0.993,0.001,0.001,0.001,0.001,0.001
s40_on,94,seg1,d(item_3),move_to,step,item_3,d(item_3),0.993,0.001,0.001,0.993,0.001,0.001,0.001,0.001,0.001
s40_on,95,seg1,d(item_3),move_to,step,item_3,d(item_3),0.993,0.001,0.001,0.993,0.001,0.001,0.001,0.001,0.001
s40_on,96,seg1,d(item_3),move_to,step,item_3,d(item_3),0.993,0.001,0.001,0.993,0.001,0.001,0.001,0.001,0.001
s40_on,97,seg1,d(item_3),move_to,step,item_3,d(item_3),0.993,0.001,0.001,0.993,0.001,0.001,0.001,0.001,0.001
s40_on,98,seg1,d(item_3),move_to,step,item_3,d(item_3),0.993,0.001,0.001,0.993,0.001,0.001,0.001,0.001,0.001
s40_on,99,seg1,d(item_3),move_to,step,item_3,d(item_3),0.993,0.001,0.001,0.993,0.001,0.001,0.001,0.001,0.001
s40_on,100,seg1,d(item_3),move_to,step,item_3,d(item_3),0.993,0.001,0.001,0.993,0.001,0.001,0.001,0.001,0.001
s40_on,101,seg1,d(item_3),move_to,step,item_3,d(item_3),0.993,0.001,0.001,0.993,0.001,0.001,0.001,0.001,0.001
s40_on,102,seg1,d(item_3),move_to,step,item_3,d(item_3),0.993,0.001,0.001,0.993,0.001,0.001,0.001,0.001,0.001
s40_on,103,seg1,d(item_3),move_to,step,item_3,d(item_3),0.993,0.001,0.001,0.993,0.001,0.001,0.001,0.001,0.001
s40_on,104,seg1,d(item_3),move_to,step,item_3,d(item_3),0.993,0.001,0.001,0.993,0.001,0.001,0.001,0.001,0.001
s40_on,105,seg1,d(item_3),move_to,step,item_3,d(item_3),0.993,0.001,0.001,0.993,0.001,0.001,0.001,0.001,0.001
s40_on,106,seg1,d(item_3),move_to,step,item_3,d(item_3),0.993,0.001,0.001,0.993,0.001,0.001,0.001,0.001,0.001
s40_on,107,seg1,d(item_3),move_to,step,item_3,d(item_3),0.993,0.001,0.001,0.993,0.001,0.001,0.001,0.001,0.001
s40_on,108,seg1,d(item_3),move_to,step,item_3,d(item_3),0.993,0.001,0.001,0.993,0.001,0.001,0.001,0.001,0.001
s40_on,109,seg1,d(item_3),move_to,step,item_3,d(item_3),0.993,0.001,0.001,0.993,0.001,0.001,0.001,0.001,0.001
s40_on,110,seg1,d(item_3),move_to,step,item_3,d(item_3),0.993,0.001,0.001,0.993,0.001,0.001,0.001,0.001,0.001
s40_on,111,seg1,d(item_3),move_to,step,item_3,d(item_3),0.993,0.001,0.001,0.993,0.001,0.001,0.001,0.001,0.001
s40_on,112,seg1,d(item_3),move_to,step,item_3,d(item_3),0.993,0.001,0.001,0.993,0.001,0.001,0.001,0.001,0.001
s40_on,113,seg1,d(item_3),move_to,step,item_3,d(item_3),0.993,0.001,0.001,0.993,0.001,0.001,0.001,0.001,0.001
s40_on,114,seg1,d(item_3),move_to,,item_3,d(item_3),0.993,0.001,0.001,0.993,0.001,0.001,0.001,0.001,0.001
s40_on,115,seg1,d(item_3),place,release,,ac,0.249,0.249,0.249,0.001,0.001,0.001,0.249,0.001,0.249
s40_on,116,seg1,d(item_3),place,,,ac,0.249,0.249,0.249,0.001,0.001,0.001,0.249,0.001,0.249
s40_on,117,seg2,coffee,,,,ac,0.249,0.249,0.249,0.001,0.001,0.001,0.249,0.001,0.249
s40_on,118,seg2,coffee,move_to,step,,coffee,0.3395,0.2992,0.3395,0.001,0.001,0.001,0.3233,0.001,0.034
s40_on,119,seg2,coffee,move_to,step,,coffee,0.3602,0.2744,0.3602,0.001,0.001,0.001,0.3254,0.001,0.036
s40_on,120,seg2,coffee,move_to,step,,coffee,0.3832,0.2473,0.3832,0.001,0.001,0.001,0.3272,0.001,0.0383
s40_on,121,seg2,coffee,move_to,step,,coffee,0.4083,0.2187,0.4083,0.001,0.001,0.001,0.3282,0.001,0.0408
s40_on,122,seg2,coffee,move_to,step,,coffee,0.4351,0.1896,0.4351,0.001,0.001,0.001,0.3278,0.001,0.0435
s40_on,123,seg2,coffee,move_to,step,,coffee,0.463,0.1612,0.463,0.001,0.001,0.001,0.3255,0.001,0.0463
s40_on,124,seg2,coffee,move_to,step,,coffee,0.4916,0.1343,0.4916,0.001,0.001,0.001,0.3209,0.001,0.0492
s40_on,125,seg2,coffee,move_to,step,,coffee,0.5202,0.1098,0.5202,0.001,0.001,0.001,0.3139,0.001,0.052
s40_on,126,seg2,coffee,move_to,step,,coffee,0.5485,0.0882,0.5485,0.001,0.001,0.001,0.3044,0.001,0.0549
s40_on,127,seg2,coffee,move_to,step,,coffee,0.5761,0.0697,0.5761,0.001,0.001,0.001,0.2925,0.001,0.0576
s40_on,128,seg2,coffee,move_to,step,,coffee,0.6028,0.0543,0.6028,0.001,0.001,0.001,0.2786,0.001,0.0603
s40_on,129,seg2,coffee,move_to,step,,coffee,0.6284,0.0418,0.6284,0.001,0.001,0.001,0.263,0.001,0.0628
s40_on,130,seg2,coffee,move_to,step,,coffee,0.6529,0.0318,0.6529,0.001,0.001,0.001,0.2461,0.001,0.0653
s40_on,131,seg2,coffee,move_to,step,,coffee,0.6762,0.0239,0.6762,0.001,0.001,0.001,0.2283,0.001,0.0676
s40_on,132,seg2,coffee,move_to,step,,coffee,0.6983,0.0178,0.6983,0.001,0.001,0.001,0.21,0.001,0.0698
s40_on,133,seg2,coffee,move_to,step,,coffee,0.7192,0.0132,0.7192,0.001,0.001,0.001,0.1917,0.001,0.0719
s40_on,134,seg2,coffee,move_to,step,,coffee,0.7389,0.0097,0.7389,0.001,0.001,0.001,0.1735,0.001,0.0739
s40_on,135,seg2,coffee,move_to,step,,coffee,0.7573,0.0071,0.7573,0.001,0.001,0.001,0.1559,0.001,0.0757
s40_on,136,seg2,coffee,move_to,step,,coffee,0.7744,0.0051,0.7744,0.001,0.001,0.001,0.139,0.001,0.0774
s40_on,137,seg2,coffee,move_to,step,,coffee,0.7903,0.0037,0.7903,0.001,0.001,0.001,0.123,0.001,0.079
s40_on,138,seg2,coffee,move_to,step,,coffee,0.8048,0.0027,0.8048,0.001,0.001,0.001,0.108,0.001,0.0805
s40_on,139,seg2,coffee,move_to,step,,coffee,0.8181,0.0019,0.8181,0.001,0.001,0.001,0.0942,0.001,0.0818
s40_on,140,seg2,coffee,move_to,step,,coffee,0.83,0.0014,0.83,0.001,0.001,0.001,0.0816,0.001,0.083
s40_on,141,seg2,coffee,move_to,step,,coffee,0.8407,0.001,0.8407,0.001,0.001,0.001,0.0702,0.001,0.0841
s40_on,142,seg2,coffee,move_to,step,,coffee,0.85,0.001,0.85,0.001,0.001,0.001,0.06,0.001,0.085
s40_on,143,seg2,coffee,move_to,step,,coffee,0.8582,0.001,0.8582,0.001,0.001,0.001,0.051,0.001,0.0858
s40_on,144,seg2,coffee,move_to,step,,coffee,0.8654,0.001,0.8654,0.001,0.001,0.001,0.043,0.001,0.0865
s40_on,145,seg2,coffee,move_to,step,,coffee,0.8717,0.001,0.8717,0.001,0.001,0.001,0.0361,0.001,0.0872
s40_on,146,seg2,coffee,move_to,step,,coffee,0.8772,0.001,0.8772,0.001,0.001,0.001,0.0301,0.001,0.0877
s40_on,147,seg2,coffee,move_to,step,,coffee,0.8818,0.001,0.8818,0.001,0.001,0.001,0.025,0.001,0.0882
s40_on,148,seg2,coffee,move_to,step,,coffee,0.8858,0.001,0.8858,0.001,0.001,0.001,0.0206,0.001,0.0886
s40_on,149,seg2,coffee,move_to,step,,coffee,0.8891,0.001,0.8891,0.001,0.001,0.001,0.0169,0.001,0.0889
s40_on,150,seg2,coffee,move_to,step,,coffee,0.892,0.001,0.892,0.001,0.001,0.001,0.0138,0.001,0.0892
s40_on,151,seg2,coffee,move_to,step,,coffee,0.8943,0.001,0.8943,0.001,0.001,0.001,0.0113,0.001,0.0894
s40_on,152,seg2,coffee,move_to,step,,coffee,0.8963,0.001,0.8963,0.001,0.001,0.001,0.0091,0.001,0.0896
s40_on,153,seg2,coffee,move_to,step,,coffee,0.9842,0.001,0.9842,0.001,0.001,0.001,0.001,0.001,0.0098
s40_on,154,seg2,coffee,move_to,,,coffee,0.9842,0.001,0.9842,0.001,0.001,0.001,0.001,0.001,0.0098
s40_on,155,seg2,coffee,wait_at,stand,,coffee,0.9842,0.001,0.9842,0.001,0.001,0.001,0.001,0.001,0.0098
s40_on,156,seg2,coffee,wait_at,stand,,coffee,0.9842,0.001,0.9842,0.001,0.001,0.001,0.001,0.001,0.0098
s40_on,157,seg2,coffee,wait_at,stand,,coffee,0.9842,0.001,0.9842,0.001,0.001,0.001,0.001,0.001,0.0098
s40_on,158,seg2,coffee,wait_at,stand,,coffee,0.9842,0.001,0.9842,0.001,0.001,0.001,0.001,0.001,0.0098
s40_on,159,seg2,coffee,wait_at,stand,,coffee,0.9842,0.001,0.9842,0.001,0.001,0.001,0.001,0.001,0.0098
s40_on,160,seg2,coffee,wait_at,stand,,coffee,0.9842,0.001,0.9842,0.001,0.001,0.001,0.001,0.001,0.0098
s40_on,161,seg2,coffee,wait_at,stand,,coffee,0.9842,0.001,0.9842,0.001,0.001,0.001,0.001,0.001,0.0098
s40_on,162,seg2,coffee,wait_at,stand,,coffee,0.9842,0.001,0.9842,0.001,0.001,0.001,0.001,0.001,0.0098
s40_on,163,seg2,coffee,wait_at,stand,,coffee,0.9842,0.001,0.9842,0.001,0.001,0.001,0.001,0.001,0.0098
s40_on,164,seg2,coffee,wait_at,stand,,coffee,0.9842,0.001,0.9842,0.001,0.001,0.001,0.001,0.001,0.0098
s40_on,165,seg2,coffee,wait_at,stand,,coffee,0.9842,0.001,0.9842,0.001,0.001,0.001,0.001,0.001,0.0098
s40_on,166,seg2,coffee,wait_at,stand,,coffee,0.9842,0.001,0.9842,0.001,0.001,0.001,0.001,0.001,0.0098
s40_on,167,seg2,coffee,wait_at,stand,,coffee,0.9842,0.001,0.9842,0.001,0.001,0.001,0.001,0.001,0.0098
s40_on,168,seg2,coffee,wait_at,stand,,coffee,0.9842,0.001,0.9842,0.001,0.001,0.001,0.001,0.001,0.0098
s40_on,169,seg2,coffee,wait_at,stand,,coffee,0.9842,0.001,0.9842,0.001,0.001,0.001,0.001,0.001,0.0098
s40_on,170,seg2,coffee,wait_at,stand,,coffee,0.9842,0.001,0.9842,0.001,0.001,0.001,0.001,0.001,0.0098
s40_on,171,seg2,coffee,wait_at,stand,,coffee,0.9842,0.001,0.9842,0.001,0.001,0.001,0.001,0.001,0.0098
s40_on,172,seg2,coffee,wait_at,stand,,coffee,0.9842,0.001,0.9842,0.001,0.001,0.001,0.001,0.001,0.0098
s40_on,173,seg2,coffee,wait_at,stand,,coffee,0.9842,0.001,0.9842,0.001,0.001,0.001,0.001,0.001,0.0098
s40_on,174,seg2,coffee,wait_at,stand,,coffee,0.9842,0.001,0.9842,0.001,0.001,0.001,0.001,0.001,0.0098
s40_on,175,seg2,coffee,wait_at,stand,,coffee,0.9842,0.001,0.9842,0.001,0.001,0.001,0.001,0.001,0.0098
s40_on,176,seg2,coffee,wait_at,stand,,coffee,0.9842,0.001,0.9842,0.001,0.001,0.001,0.001,0.001,0.0098
s40_on,177,seg2,coffee,wait_at,stand,,coffee,0.9842,0.001,0.9842,0.001,0.001,0.001,0.001,0.001,0.0098
s40_on,178,seg2,coffee,wait_at,stand,,coffee,0.9842,0.001,0.9842,0.001,0.001,0.001,0.001,0.001,0.0098
s40_on,179,seg2,coffee,wait_at,stand,,coffee,0.9842,0.001,0.9842,0.001,0.001,0.001,0.001,0.001,0.0098
s40_on,180,seg2,coffee,wait_at,stand,,coffee,0.9842,0.001,0.9842,0.001,0.001,0.001,0.001,0.001,0.0098
s40_on,181,seg2,coffee,wait_at,stand,,coffee,0.9842,0.001,0.9842,0.001,0.001,0.001,0.001,0.001,0.0098
s40_on,182,seg2,coffee,wait_at,stand,,coffee,0.9842,0.001,0.9842,0.001,0.001,0.001,0.001,0.001,0.0098
s40_on,183,seg2,coffee,wait_at,stand,,coffee,0.9842,0.001,0.9842,0.001,0.001,0.001,0.001,0.001,0.0098
s40_on,184,seg2,coffee,wait_at,stand,,ac,0.3317,0.3317,0.001,0.001,0.001,0.001,0.3317,0.001,0.3317
s40_on,185,seg2,coffee,wait_at,,,ac,0.3317,0.3317,0.001,0.001,0.001,0.001,0.3317,0.001,0.3317
s40_on,186,seg3a,unknown,,,,ac,0.3317,0.3317,0.001,0.001,0.001,0.001,0.3317,0.001,0.3317
s40_on,187,seg3a,unknown,move_to,step,,d(item_6),0.4846,0.462,0.001,0.001,0.001,0.001,0.4846,0.001,0.0485
s40_on,188,seg3a,unknown,move_to,step,,d(item_6),0.4962,0.4492,0.001,0.001,0.001,0.001,0.4962,0.001,0.0496
s40_on,189,seg3a,unknown,move_to,step,,d(item_6),0.5087,0.4355,0.001,0.001,0.001,0.001,0.5087,0.001,0.0509
s40_on,190,seg3a,unknown,move_to,step,,d(item_6),0.5221,0.4207,0.001,0.001,0.001,0.001,0.5221,0.001,0.0522
s40_on,191,seg3a,unknown,move_to,step,,d(item_6),0.5364,0.4049,0.001,0.001,0.001,0.001,0.5364,0.001,0.0536
s40_on,192,seg3a,unknown,move_to,step,,d(item_6),0.5517,0.3882,0.001,0.001,0.001,0.001,0.5517,0.001,0.0552
s40_on,193,seg3a,unknown,move_to,step,,d(item_6),0.5678,0.3704,0.001,0.001,0.001,0.001,0.5678,0.001,0.0568
s40_on,194,seg3a,unknown,move_to,step,,d(item_6),0.5849,0.3516,0.001,0.001,0.001,0.001,0.5849,0.001,0.0585
s40_on,195,seg3a,unknown,move_to,step,,d(item_6),0.6027,0.332,0.001,0.001,0.001,0.001,0.6027,0.001,0.0603
s40_on,196,seg3a,unknown,move_to,step,,d(item_6),0.6212,0.3117,0.001,0.001,0.001,0.001,0.6212,0.001,0.0621
s40_on,197,seg3a,unknown,move_to,step,,d(item_6),0.6403,0.2907,0.001,0.001,0.001,0.001,0.6403,0.001,0.0641
s40_on,198,seg3a,unknown,move_to,step,,d(item_6),0.6597,0.2693,0.001,0.001,0.001,0.001,0.6597,0.001,0.066
s40_on,199,seg3a,unknown,move_to,step,,d(item_6),0.6794,0.2476,0.001,0.001,0.001,0.001,0.6794,0.001,0.068
s40_on,200,seg3a,unknown,move_to,step,,d(item_6),0.6991,0.226,0.001,0.001,0.001,0.001,0.6991,0.001,0.0699
s40_on,201,seg3a,unknown,move_to,step,,d(item_6),0.7185,0.2046,0.001,0.001,0.001,0.001,0.7185,0.001,0.0719
s40_on,202,seg3a,unknown,move_to,step,,d(item_6),0.7375,0.1837,0.001,0.001,0.001,0.001,0.7375,0.001,0.0738
s40_on,203,seg3a,unknown,move_to,step,,d(item_6),0.7559,0.1635,0.001,0.001,0.001,0.001,0.7559,0.001,0.0756
s40_on,204,seg3a,unknown,move_to,step,,d(item_6),0.7733,0.1443,0.001,0.001,0.001,0.001,0.7733,0.001,0.0774
s40_on,205,seg3a,unknown,move_to,step,,d(item_6),0.7897,0.1262,0.001,0.001,0.001,0.001,0.7897,0.001,0.079
s40_on,206,seg3a,unknown,move_to,,,d(item_6),0.7897,0.1262,0.001,0.001,0.001,0.001,0.7897,0.001,0.079
s40_on,207,seg3a,unknown,wait_at,stand,,d(item_6),0.7897,0.1262,0.001,0.001,0.001,0.001,0.7897,0.001,0.079
s40_on,208,seg3a,unknown,wait_at,,,d(item_6),0.7897,0.1262,0.001,0.001,0.001,0.001,0.7897,0.001,0.079
s40_on,209,seg3b,unknown,,,,d(item_6),0.7897,0.1262,0.001,0.001,0.001,0.001,0.7897,0.001,0.079
s40_on,210,seg3b,unknown,move_to,step,,d(item_6),0.7991,0.1028,0.001,0.001,0.001,0.001,0.7991,0.001,0.0931
s40_on,211,seg3b,unknown,move_to,step,,d(item_6),0.8,0.0841,0.001,0.001,0.001,0.001,0.8,0.001,0.1109
s40_on,212,seg3b,unknown,move_to,step,,d(item_6),0.7921,0.0691,0.001,0.001,0.001,0.001,0.7921,0.001,0.1338
s40_on,213,seg3b,unknown,move_to,step,,d(item_6),0.775,0.0572,0.001,0.001,0.001,0.001,0.775,0.001,0.1628
s40_on,214,seg3b,unknown,move_to,step,,d(item_6),0.7481,0.0474,0.001,0.001,0.001,0.001,0.7481,0.001,0.1995
s40_on,215,seg3b,unknown,move_to,step,,d(item_6),0.7108,0.0393,0.001,0.001,0.001,0.001,0.7108,0.001,0.2449
s40_on,216,seg3b,unknown,move_to,step,,d(item_6),0.6629,0.0325,0.001,0.001,0.001,0.001,0.6629,0.001,0.2997
s40_on,217,seg3b,unknown,move_to,step,,d(item_6),0.6049,0.0266,0.001,0.001,0.001,0.001,0.6049,0.001,0.3636
s40_on,218,seg3b,unknown,move_to,step,,d(item_6),0.5385,0.0214,0.001,0.001,0.001,0.001,0.5385,0.001,0.4351
s40_on,219,seg3b,unknown,move_to,step,,unknown,0.5116,0.0169,0.001,0.001,0.001,0.001,0.4665,0.001,0.5116
s40_on,220,seg3b,unknown,move_to,step,,unknown,0.5891,0.0131,0.001,0.001,0.001,0.001,0.3927,0.001,0.5891
s40_on,221,seg3b,unknown,move_to,step,,unknown,0.6637,0.01,0.001,0.001,0.001,0.001,0.3213,0.001,0.6637
s40_on,222,seg3b,unknown,move_to,step,,unknown,0.7317,0.0074,0.001,0.001,0.001,0.001,0.2559,0.001,0.7317
s40_on,223,seg3b,unknown,move_to,step,,unknown,0.7909,0.0054,0.001,0.001,0.001,0.001,0.1988,0.001,0.7909
s40_on,224,seg3b,unknown,move_to,step,,unknown,0.8401,0.0038,0.001,0.001,0.001,0.001,0.1511,0.001,0.8401
s40_on,225,seg3b,unknown,move_to,step,,unknown,0.8795,0.0027,0.001,0.001,0.001,0.001,0.1128,0.001,0.8795
s40_on,226,seg3b,unknown,move_to,step,,unknown,0.9101,0.0019,0.001,0.001,0.001,0.001,0.083,0.001,0.9101
s40_on,227,seg3b,unknown,move_to,,,unknown,0.9101,0.0019,0.001,0.001,0.001,0.001,0.083,0.001,0.9101
s40_on,228,seg3b,unknown,wait_at,stand,,unknown,0.9101,0.0019,0.001,0.001,0.001,0.001,0.083,0.001,0.9101
s40_on,229,seg3b,unknown,wait_at,,,unknown,0.9101,0.0019,0.001,0.001,0.001,0.001,0.083,0.001,0.9101
s40_on,230,seg4,d(item_6),,,,unknown,0.9101,0.0019,0.001,0.001,0.001,0.001,0.083,0.001,0.9101
s40_on,231,seg4,d(item_6),move_to,step,,unknown,0.9103,0.0017,0.001,0.001,0.001,0.001,0.083,0.001,0.9103
s40_on,232,seg4,d(item_6),move_to,step,,unknown,0.9104,0.0016,0.001,0.001,0.001,0.001,0.083,0.001,0.9104
s40_on,233,seg4,d(item_6),move_to,step,,unknown,0.9105,0.0015,0.001,0.001,0.001,0.001,0.083,0.001,0.9105
s40_on,234,seg4,d(item_6),move_to,step,,unknown,0.9106,0.0013,0.001,0.001,0.001,0.001,0.083,0.001,0.9106
s40_on,235,seg4,d(item_6),move_to,step,,unknown,0.9107,0.0012,0.001,0.001,0.001,0.001,0.0831,0.001,0.9107
s40_on,236,seg4,d(item_6),move_to,step,,unknown,0.9108,0.0011,0.001,0.001,0.001,0.001,0.0831,0.001,0.9108
s40_on,237,seg4,d(item_6),move_to,step,,unknown,0.9109,0.001,0.001,0.001,0.001,0.001,0.0831,0.001,0.9109
s40_on,238,seg4,d(item_6),move_to,step,,unknown,0.9109,0.001,0.001,0.001,0.001,0.001,0.0831,0.001,0.9109
s40_on,239,seg4,d(item_6),move_to,step,,unknown,0.9109,0.001,0.001,0.001,0.001,0.001,0.0831,0.001,0.9109
s40_on,240,seg4,d(item_6),move_to,step,,unknown,0.9109,0.001,0.001,0.001,0.001,0.001,0.0831,0.001,0.9109
s40_on,241,seg4,d(item_6),move_to,step,,unknown,0.9109,0.001,0.001,0.001,0.001,0.001,0.0831,0.001,0.9109
s40_on,242,seg4,d(item_6),move_to,step,,unknown,0.9109,0.001,0.001,0.001,0.001,0.001,0.0831,0.001,0.9109
s40_on,243,seg4,d(item_6),move_to,step,,unknown,0.9109,0.001,0.001,0.001,0.001,0.001,0.0831,0.001,0.9109
s40_on,244,seg4,d(item_6),move_to,step,,unknown,0.9109,0.001,0.001,0.001,0.001,0.001,0.0831,0.001,0.9109
s40_on,245,seg4,d(item_6),move_to,step,,unknown,0.9109,0.001,0.001,0.001,0.001,0.001,0.0831,0.001,0.9109
s40_on,246,seg4,d(item_6),move_to,step,,unknown,0.9109,0.001,0.001,0.001,0.001,0.001,0.0831,0.001,0.9109
s40_on,247,seg4,d(item_6),move_to,step,,unknown,0.9109,0.001,0.001,0.001,0.001,0.001,0.0831,0.001,0.9109
s40_on,248,seg4,d(item_6),move_to,step,,unknown,0.9109,0.001,0.001,0.001,0.001,0.001,0.0831,0.001,0.9109
s40_on,249,seg4,d(item_6),move_to,step,,unknown,0.9109,0.001,0.001,0.001,0.001,0.001,0.0831,0.001,0.9109
s40_on,250,seg4,d(item_6),move_to,step,,unknown,0.9109,0.001,0.001,0.001,0.001,0.001,0.0831,0.001,0.9109
s40_on,251,seg4,d(item_6),move_to,step,,unknown,0.9109,0.001,0.001,0.001,0.001,0.001,0.0831,0.001,0.9109
s40_on,252,seg4,d(item_6),move_to,step,,unknown,0.9109,0.001,0.001,0.001,0.001,0.001,0.0831,0.001,0.9109
s40_on,253,seg4,d(item_6),move_to,step,,unknown,0.9109,0.001,0.001,0.001,0.001,0.001,0.0831,0.001,0.9109
s40_on,254,seg4,d(item_6),move_to,step,,unknown,0.9109,0.001,0.001,0.001,0.001,0.001,0.0831,0.001,0.9109
s40_on,255,seg4,d(item_6),move_to,step,,unknown,0.9109,0.001,0.001,0.001,0.001,0.001,0.0831,0.001,0.9109
s40_on,256,seg4,d(item_6),move_to,step,,unknown,0.9109,0.001,0.001,0.001,0.001,0.001,0.0831,0.001,0.9109
s40_on,257,seg4,d(item_6),move_to,step,,unknown,0.9109,0.001,0.001,0.001,0.001,0.001,0.0831,0.001,0.9109
s40_on,258,seg4,d(item_6),move_to,step,,unknown,0.9109,0.001,0.001,0.001,0.001,0.001,0.0831,0.001,0.9109
s40_on,259,seg4,d(item_6),move_to,step,,unknown,0.9109,0.001,0.001,0.001,0.001,0.001,0.0831,0.001,0.9109
s40_on,260,seg4,d(item_6),move_to,step,,unknown,0.9109,0.001,0.001,0.001,0.001,0.001,0.0831,0.001,0.9109
s40_on,261,seg4,d(item_6),move_to,step,,unknown,0.9109,0.001,0.001,0.001,0.001,0.001,0.0831,0.001,0.9109
s40_on,262,seg4,d(item_6),move_to,step,,unknown,0.9109,0.001,0.001,0.001,0.001,0.001,0.0831,0.001,0.9109
s40_on,263,seg4,d(item_6),move_to,step,,unknown,0.9109,0.001,0.001,0.001,0.001,0.001,0.0831,0.001,0.9109
s40_on,264,seg4,d(item_6),move_to,step,,unknown,0.9109,0.001,0.001,0.001,0.001,0.001,0.0831,0.001,0.9109
s40_on,265,seg4,d(item_6),move_to,step,,unknown,0.9109,0.001,0.001,0.001,0.001,0.001,0.0831,0.001,0.9109
s40_on,266,seg4,d(item_6),move_to,step,,unknown,0.9109,0.001,0.001,0.001,0.001,0.001,0.0831,0.001,0.9109
s40_on,267,seg4,d(item_6),move_to,step,,unknown,0.9109,0.001,0.001,0.001,0.001,0.001,0.0831,0.001,0.9109
s40_on,268,seg4,d(item_6),move_to,step,,unknown,0.9109,0.001,0.001,0.001,0.001,0.001,0.0831,0.001,0.9109
s40_on,269,seg4,d(item_6),move_to,step,,unknown,0.9109,0.001,0.001,0.001,0.001,0.001,0.0831,0.001,0.9109
s40_on,270,seg4,d(item_6),move_to,step,,unknown,0.5199,0.001,0.001,0.001,0.001,0.001,0.4741,0.001,0.5199
s40_on,271,seg4,d(item_6),move_to,,,unknown,0.5199,0.001,0.001,0.001,0.001,0.001,0.4741,0.001,0.5199
s40_on,272,seg4,d(item_6),pick_up,grasp,item_6,unknown,0.5199,0.001,0.001,0.001,0.001,0.001,0.4741,0.001,0.5199
s40_on,273,seg4,d(item_6),pick_up,,item_6,unknown,0.5199,0.001,0.001,0.001,0.001,0.001,0.4741,0.001,0.5199
s40_on,274,seg4,d(item_6),move_to,step,item_6,d(item_6),0.8958,0.001,0.001,0.001,0.001,0.001,0.8958,0.001,0.0982
s40_on,275,seg4,d(item_6),move_to,step,item_6,d(item_6),0.8958,0.001,0.001,0.001,0.001,0.001,0.8958,0.001,0.0982
s40_on,276,seg4,d(item_6),move_to,step,item_6,d(item_6),0.8958,0.001,0.001,0.001,0.001,0.001,0.8958,0.001,0.0982
s40_on,277,seg4,d(item_6),move_to,step,item_6,d(item_6),0.8958,0.001,0.001,0.001,0.001,0.001,0.8958,0.001,0.0982
s40_on,278,seg4,d(item_6),move_to,step,item_6,d(item_6),0.8958,0.001,0.001,0.001,0.001,0.001,0.8958,0.001,0.0982
s40_on,279,seg4,d(item_6),move_to,step,item_6,d(item_6),0.8958,0.001,0.001,0.001,0.001,0.001,0.8958,0.001,0.0982
s40_on,280,seg4,d(item_6),move_to,step,item_6,d(item_6),0.8958,0.001,0.001,0.001,0.001,0.001,0.8958,0.001,0.0982
s40_on,281,seg4,d(item_6),move_to,step,item_6,d(item_6),0.8958,0.001,0.001,0.001,0.001,0.001,0.8958,0.001,0.0982
s40_on,282,seg4,d(item_6),move_to,step,item_6,d(item_6),0.8958,0.001,0.001,0.001,0.001,0.001,0.8958,0.001,0.0982
s40_on,283,seg4,d(item_6),move_to,step,item_6,d(item_6),0.8958,0.001,0.001,0.001,0.001,0.001,0.8958,0.001,0.0982
s40_on,284,seg4,d(item_6),move_to,step,item_6,d(item_6),0.8958,0.001,0.001,0.001,0.001,0.001,0.8958,0.001,0.0982
s40_on,285,seg4,d(item_6),move_to,step,item_6,d(item_6),0.8958,0.001,0.001,0.001,0.001,0.001,0.8958,0.001,0.0982
s40_on,286,seg4,d(item_6),move_to,step,item_6,d(item_6),0.8958,0.001,0.001,0.001,0.001,0.001,0.8958,0.001,0.0982
s40_on,287,seg4,d(item_6),move_to,step,item_6,d(item_6),0.8958,0.001,0.001,0.001,0.001,0.001,0.8958,0.001,0.0982
s40_on,288,seg4,d(item_6),move_to,step,item_6,d(item_6),0.8958,0.001,0.001,0.001,0.001,0.001,0.8958,0.001,0.0982
s40_on,289,seg4,d(item_6),move_to,step,item_6,d(item_6),0.8958,0.001,0.001,0.001,0.001,0.001,0.8958,0.001,0.0982
s40_on,290,seg4,d(item_6),move_to,step,item_6,d(item_6),0.8958,0.001,0.001,0.001,0.001,0.001,0.8958,0.001,0.0982
s40_on,291,seg4,d(item_6),move_to,step,item_6,d(item_6),0.8958,0.001,0.001,0.001,0.001,0.001,0.8958,0.001,0.0982
s40_on,292,seg4,d(item_6),move_to,step,item_6,d(item_6),0.8958,0.001,0.001,0.001,0.001,0.001,0.8958,0.001,0.0982
s40_on,293,seg4,d(item_6),move_to,step,item_6,d(item_6),0.8958,0.001,0.001,0.001,0.001,0.001,0.8958,0.001,0.0982
s40_on,294,seg4,d(item_6),move_to,step,item_6,d(item_6),0.8958,0.001,0.001,0.001,0.001,0.001,0.8958,0.001,0.0982
s40_on,295,seg4,d(item_6),move_to,step,item_6,d(item_6),0.8958,0.001,0.001,0.001,0.001,0.001,0.8958,0.001,0.0982
s40_on,296,seg4,d(item_6),move_to,step,item_6,d(item_6),0.8958,0.001,0.001,0.001,0.001,0.001,0.8958,0.001,0.0982
s40_on,297,seg4,d(item_6),move_to,step,item_6,d(item_6),0.8958,0.001,0.001,0.001,0.001,0.001,0.8958,0.001,0.0982
s40_on,298,seg4,d(item_6),move_to,step,item_6,d(item_6),0.8958,0.001,0.001,0.001,0.001,0.001,0.8958,0.001,0.0982
s40_on,299,seg4,d(item_6),move_to,step,item_6,d(item_6),0.8958,0.001,0.001,0.001,0.001,0.001,0.8958,0.001,0.0982
s40_on,300,seg4,d(item_6),move_to,step,item_6,d(item_6),0.8958,0.001,0.001,0.001,0.001,0.001,0.8958,0.001,0.0982
s40_on,301,seg4,d(item_6),move_to,step,item_6,d(item_6),0.8958,0.001,0.001,0.001,0.001,0.001,0.8958,0.001,0.0982
s40_on,302,seg4,d(item_6),move_to,step,item_6,d(item_6),0.8958,0.001,0.001,0.001,0.001,0.001,0.8958,0.001,0.0982
s40_on,303,seg4,d(item_6),move_to,step,item_6,d(item_6),0.8958,0.001,0.001,0.001,0.001,0.001,0.8958,0.001,0.0982
s40_on,304,seg4,d(item_6),move_to,step,item_6,d(item_6),0.8958,0.001,0.001,0.001,0.001,0.001,0.8958,0.001,0.0982
s40_on,305,seg4,d(item_6),move_to,step,item_6,d(item_6),0.8958,0.001,0.001,0.001,0.001,0.001,0.8958,0.001,0.0982
s40_on,306,seg4,d(item_6),move_to,step,item_6,d(item_6),0.8958,0.001,0.001,0.001,0.001,0.001,0.8958,0.001,0.0982
s40_on,307,seg4,d(item_6),move_to,step,item_6,d(item_6),0.8958,0.001,0.001,0.001,0.001,0.001,0.8958,0.001,0.0982
s40_on,308,seg4,d(item_6),move_to,step,item_6,d(item_6),0.8958,0.001,0.001,0.001,0.001,0.001,0.8958,0.001,0.0982
s40_on,309,seg4,d(item_6),move_to,step,item_6,d(item_6),0.8958,0.001,0.001,0.001,0.001,0.001,0.8958,0.001,0.0982
s40_on,310,seg4,d(item_6),move_to,step,item_6,d(item_6),0.8958,0.001,0.001,0.001,0.001,0.001,0.8958,0.001,0.0982
s40_on,311,seg4,d(item_6),move_to,step,item_6,d(item_6),0.8958,0.001,0.001,0.001,0.001,0.001,0.8958,0.001,0.0982
s40_on,312,seg4,d(item_6),move_to,step,item_6,d(item_6),0.8958,0.001,0.001,0.001,0.001,0.001,0.8958,0.001,0.0982
s40_on,313,seg4,d(item_6),move_to,step,item_6,d(item_6),0.8958,0.001,0.001,0.001,0.001,0.001,0.8958,0.001,0.0982
s40_on,314,seg4,d(item_6),move_to,step,item_6,d(item_6),0.8958,0.001,0.001,0.001,0.001,0.001,0.8958,0.001,0.0982
s40_on,315,seg4,d(item_6),move_to,step,item_6,d(item_6),0.8958,0.001,0.001,0.001,0.001,0.001,0.8958,0.001,0.0982
s40_on,316,seg4,d(item_6),move_to,step,item_6,d(item_6),0.8958,0.001,0.001,0.001,0.001,0.001,0.8958,0.001,0.0982
s40_on,317,seg4,d(item_6),move_to,step,item_6,d(item_6),0.8958,0.001,0.001,0.001,0.001,0.001,0.8958,0.001,0.0982
s40_on,318,seg4,d(item_6),move_to,step,item_6,d(item_6),0.8958,0.001,0.001,0.001,0.001,0.001,0.8958,0.001,0.0982
s40_on,319,seg4,d(item_6),move_to,step,item_6,d(item_6),0.8958,0.001,0.001,0.001,0.001,0.001,0.8958,0.001,0.0982
s40_on,320,seg4,d(item_6),move_to,step,item_6,d(item_6),0.8958,0.001,0.001,0.001,0.001,0.001,0.8958,0.001,0.0982
s40_on,321,seg4,d(item_6),move_to,step,item_6,d(item_6),0.8958,0.001,0.001,0.001,0.001,0.001,0.8958,0.001,0.0982
s40_on,322,seg4,d(item_6),move_to,step,item_6,d(item_6),0.8958,0.001,0.001,0.001,0.001,0.001,0.8958,0.001,0.0982
s40_on,323,seg4,d(item_6),move_to,step,item_6,d(item_6),0.8958,0.001,0.001,0.001,0.001,0.001,0.8958,0.001,0.0982
s40_on,324,seg4,d(item_6),move_to,step,item_6,d(item_6),0.8958,0.001,0.001,0.001,0.001,0.001,0.8958,0.001,0.0982
s40_on,325,seg4,d(item_6),move_to,step,item_6,d(item_6),0.8958,0.001,0.001,0.001,0.001,0.001,0.8958,0.001,0.0982
s40_on,326,seg4,d(item_6),move_to,step,item_6,d(item_6),0.8958,0.001,0.001,0.001,0.001,0.001,0.8958,0.001,0.0982
s40_on,327,seg4,d(item_6),move_to,step,item_6,d(item_6),0.8958,0.001,0.001,0.001,0.001,0.001,0.8958,0.001,0.0982
s40_on,328,seg4,d(item_6),move_to,step,item_6,d(item_6),0.8958,0.001,0.001,0.001,0.001,0.001,0.8958,0.001,0.0982
s40_on,329,seg4,d(item_6),move_to,step,item_6,d(item_6),0.9832,0.001,0.001,0.001,0.001,0.001,0.9832,0.001,0.0108
s40_on,330,seg4,d(item_6),move_to,,item_6,d(item_6),0.9832,0.001,0.001,0.001,0.001,0.001,0.9832,0.001,0.0108
s40_on,331,seg4,d(item_6),place,release,,ac,0.497,0.497,0.001,0.001,0.001,0.001,0.001,0.001,0.497
s40_on,332,seg4,d(item_6),place,,,ac,0.497,0.497,0.001,0.001,0.001,0.001,0.001,0.001,0.497
s40_on,333,done,unknown,,,,ac,0.497,0.497,0.001,0.001,0.001,0.001,0.001,0.001,0.497
s40_on,334,done,unknown,,,,ac,0.497,0.497,0.001,0.001,0.001,0.001,0.001,0.001,0.497
s40_on,335,done,unknown,,,,ac,0.497,0.497,0.001,0.001,0.001,0.001,0.001,0.001,0.497
s40_on,336,done,unknown,,,,ac,0.497,0.497,0.001,0.001,0.001,0.001,0.001,0.001,0.497
s40_on,337,done,unknown,,,,ac,0.497,0.497,0.001,0.001,0.001,0.001,0.001,0.001,0.497
s40_on,338,done,unknown,,,,ac,0.497,0.497,0.001,0.001,0.001,0.001,0.001,0.001,0.497
s40_on,339,done,unknown,,,,ac,0.497,0.497,0.001,0.001,0.001,0.001,0.001,0.001,0.497
s40_on,340,done,unknown,,,,ac,0.497,0.497,0.001,0.001,0.001,0.001,0.001,0.001,0.497
s40_on,341,done,unknown,,,,ac,0.497,0.497,0.001,0.001,0.001,0.001,0.001,0.001,0.497
s40_on,342,done,unknown,,,,ac,0.497,0.497,0.001,0.001,0.001,0.001,0.001,0.001,0.497
s40_on,343,done,unknown,,,,ac,0.497,0.497,0.001,0.001,0.001,0.001,0.001,0.001,0.497
s40_on,344,done,unknown,,,,ac,0.497,0.497,0.001,0.001,0.001,0.001,0.001,0.001,0.497
s40_on,345,done,unknown,,,,ac,0.497,0.497,0.001,0.001,0.001,0.001,0.001,0.001,0.497
s40_on,346,done,unknown,,,,ac,0.497,0.497,0.001,0.001,0.001,0.001,0.001,0.001,0.497
s40_on,347,done,unknown,,,,ac,0.497,0.497,0.001,0.001,0.001,0.001,0.001,0.001,0.497
s40_on,348,done,unknown,,,,ac,0.497,0.497,0.001,0.001,0.001,0.001,0.001,0.001,0.497
s40_on,349,done,unknown,,,,ac,0.497,0.497,0.001,0.001,0.001,0.001,0.001,0.001,0.497
s40_on,350,done,unknown,,,,ac,0.497,0.497,0.001,0.001,0.001,0.001,0.001,0.001,0.497
s40_on,351,done,unknown,,,,ac,0.497,0.497,0.001,0.001,0.001,0.001,0.001,0.001,0.497
s40_on,352,done,unknown,,,,ac,0.497,0.497,0.001,0.001,0.001,0.001,0.001,0.001,0.497
s40_on,353,done,unknown,,,,ac,0.497,0.497,0.001,0.001,0.001,0.001,0.001,0.001,0.497
s40_on,354,done,unknown,,,,ac,0.497,0.497,0.001,0.001,0.001,0.001,0.001,0.001,0.497
s40_on,355,done,unknown,,,,ac,0.497,0.497,0.001,0.001,0.001,0.001,0.001,0.001,0.497
s40_on,356,done,unknown,,,,ac,0.497,0.497,0.001,0.001,0.001,0.001,0.001,0.001,0.497
s40_on,357,done,unknown,,,,ac,0.497,0.497,0.001,0.001,0.001,0.001,0.001,0.001,0.497
s40_on,358,done,unknown,,,,ac,0.497,0.497,0.001,0.001,0.001,0.001,0.001,0.001,0.497
s40_on,359,done,unknown,,,,ac,0.497,0.497,0.001,0.001,0.001,0.001,0.001,0.001,0.497
s40_on,360,done,unknown,,,,ac,0.497,0.497,0.001,0.001,0.001,0.001,0.001,0.001,0.497
s40_on,361,done,unknown,,,,ac,0.497,0.497,0.001,0.001,0.001,0.001,0.001,0.001,0.497
s40_on,362,done,unknown,,,,ac,0.497,0.497,0.001,0.001,0.001,0.001,0.001,0.001,0.497
s40_on,363,done,unknown,,,,ac,0.497,0.497,0.001,0.001,0.001,0.001,0.001,0.001,0.497
s40_on,364,done,unknown,,,,ac,0.497,0.497,0.001,0.001,0.001,0.001,0.001,0.001,0.497
s40_on,365,done,unknown,,,,ac,0.497,0.497,0.001,0.001,0.001,0.001,0.001,0.001,0.497
s40_on,366,done,unknown,,,,ac,0.497,0.497,0.001,0.001,0.001,0.001,0.001,0.001,0.497
s40_on,367,done,unknown,,,,ac,0.497,0.497,0.001,0.001,0.001,0.001,0.001,0.001,0.497
s40_on,368,done,unknown,,,,ac,0.497,0.497,0.001,0.001,0.001,0.001,0.001,0.001,0.497
s40_on,369,done,unknown,,,,ac,0.497,0.497,0.001,0.001,0.001,0.001,0.001,0.001,0.497
s40_on,370,done,unknown,,,,ac,0.497,0.497,0.001,0.001,0.001,0.001,0.001,0.001,0.497
s40_on,371,done,unknown,,,,ac,0.497,0.497,0.001,0.001,0.001,0.001,0.001,0.001,0.497
s40_on,372,done,unknown,,,,ac,0.497,0.497,0.001,0.001,0.001,0.001,0.001,0.001,0.497
s40_on,373,done,unknown,,,,ac,0.497,0.497,0.001,0.001,0.001,0.001,0.001,0.001,0.497
s40_on,374,done,unknown,,,,ac,0.497,0.497,0.001,0.001,0.001,0.001,0.001,0.001,0.497
s40_on,375,done,unknown,,,,ac,0.497,0.497,0.001,0.001,0.001,0.001,0.001,0.001,0.497
s40_on,376,done,unknown,,,,ac,0.497,0.497,0.001,0.001,0.001,0.001,0.001,0.001,0.497
s40_on,377,done,unknown,,,,ac,0.497,0.497,0.001,0.001,0.001,0.001,0.001,0.001,0.497
s40_on,378,done,unknown,,,,ac,0.497,0.497,0.001,0.001,0.001,0.001,0.001,0.001,0.497
nofold/s00_off,0,,d(item_3),move_to,step,,d(item_3),0.2002,0.1891,0.2002,0.1937,0.1995,0.1975,0.02
nofold/s00_off,1,,d(item_3),move_to,step,,d(item_3),0.2049,0.1811,0.2049,0.1911,0.2033,0.1991,0.0205
nofold/s00_off,2,,d(item_3),move_to,step,,d(item_3),0.2102,0.1719,0.2102,0.1882,0.2076,0.2011,0.021
nofold/s00_off,3,,d(item_3),move_to,step,,d(item_3),0.2161,0.1616,0.2161,0.185,0.2125,0.2033,0.0216
nofold/s00_off,4,,d(item_3),move_to,step,,d(item_3),0.2226,0.1501,0.2226,0.1814,0.2179,0.2057,0.0223
nofold/s00_off,5,,d(item_3),move_to,step,,d(item_3),0.23,0.1376,0.23,0.1772,0.2239,0.2084,0.023
nofold/s00_off,6,,d(item_3),move_to,step,,d(item_3),0.238,0.1242,0.238,0.1724,0.2304,0.2112,0.0238
nofold/s00_off,7,,d(item_3),move_to,step,,d(item_3),0.2471,0.1104,0.2471,0.167,0.2379,0.2129,0.0247
nofold/s00_off,8,,d(item_3),move_to,step,,d(item_3),0.2571,0.0964,0.2571,0.1609,0.2459,0.214,0.0257
nofold/s00_off,9,,d(item_3),move_to,step,,d(item_3),0.2679,0.0827,0.2679,0.1539,0.2546,0.2141,0.0268
nofold/s00_off,10,,d(item_3),move_to,step,,d(item_3),0.2796,0.0697,0.2796,0.1461,0.2638,0.2128,0.028
nofold/s00_off,11,,d(item_3),move_to,step,,d(item_3),0.2922,0.0577,0.2922,0.1374,0.2736,0.2098,0.0292
nofold/s00_off,12,,d(item_3),move_to,step,,d(item_3),0.3057,0.0471,0.3057,0.1279,0.284,0.2047,0.0306
nofold/s00_off,13,,d(item_3),move_to,step,,d(item_3),0.3204,0.0378,0.3204,0.1179,0.295,0.1969,0.032
nofold/s00_off,14,,d(item_3),move_to,step,,d(item_3),0.3363,0.03,0.3363,0.1074,0.3067,0.1861,0.0336
nofold/s00_off,15,,d(item_3),move_to,step,,d(item_3),0.3534,0.0235,0.3534,0.0967,0.319,0.172,0.0353
nofold/s00_off,16,,d(item_3),move_to,step,,d(item_3),0.3719,0.0182,0.3719,0.0861,0.3319,0.1547,0.0372
nofold/s00_off,17,,d(item_3),move_to,step,,d(item_3),0.3916,0.014,0.3916,0.0756,0.3452,0.1345,0.0392
nofold/s00_off,18,,d(item_3),move_to,step,,d(item_3),0.4121,0.0106,0.4121,0.0654,0.3584,0.1123,0.0412
nofold/s00_off,19,,d(item_3),move_to,step,,d(item_3),0.4327,0.008,0.4327,0.0558,0.3708,0.0894,0.0433
nofold/s00_off,20,,d(item_3),move_to,step,,d(item_3),0.4527,0.006,0.4527,0.0468,0.3817,0.0676,0.0453
nofold/s00_off,21,,d(item_3),move_to,step,,d(item_3),0.4712,0.0044,0.4712,0.0385,0.3902,0.0485,0.0471
nofold/s00_off,22,,d(item_3),move_to,step,,d(item_3),0.4879,0.0032,0.4879,0.0312,0.396,0.033,0.0488
nofold/s00_off,23,,d(item_3),move_to,step,,d(item_3),0.5024,0.0023,0.5024,0.0248,0.3988,0.0214,0.0502
nofold/s00_off,24,,d(item_3),move_to,step,,d(item_3),0.5152,0.0017,0.5152,0.0195,0.3989,0.0133,0.0515
nofold/s00_off,25,,d(item_3),move_to,step,,d(item_3),0.5266,0.0012,0.5266,0.0151,0.3964,0.008,0.0527
nofold/s00_off,26,,d(item_3),move_to,step,,d(item_3),0.5373,0.001,0.5373,0.0115,0.3918,0.0047,0.0537
nofold/s00_off,27,,d(item_3),move_to,step,,d(item_3),0.5476,0.001,0.5476,0.0088,0.3852,0.0027,0.0548
nofold/s00_off,28,,d(item_3),move_to,step,,d(item_3),0.5582,0.001,0.5582,0.0066,0.3769,0.0015,0.0558
nofold/s00_off,29,,d(item_3),move_to,step,,d(item_3),0.5694,0.001,0.5694,0.0049,0.3667,0.001,0.0569
nofold/s00_off,30,,d(item_3),move_to,step,,d(item_3),0.5814,0.001,0.5814,0.0037,0.3548,0.001,0.0581
nofold/s00_off,31,,d(item_3),move_to,step,,d(item_3),0.5948,0.001,0.5948,0.0027,0.341,0.001,0.0595
nofold/s00_off,32,,d(item_3),move_to,step,,d(item_3),0.6098,0.001,0.6098,0.002,0.3253,0.001,0.061
nofold/s00_off,33,,d(item_3),move_to,step,,d(item_3),0.6265,0.001,0.6265,0.0015,0.3074,0.001,0.0626
nofold/s00_off,34,,d(item_3),move_to,step,,d(item_3),0.645,0.001,0.645,0.0011,0.2874,0.001,0.0645
nofold/s00_off,35,,d(item_3),move_to,step,,d(item_3),0.6653,0.001,0.6653,0.001,0.2651,0.001,0.0665
nofold/s00_off,36,,d(item_3),move_to,step,,d(item_3),0.6873,0.001,0.6873,0.001,0.2409,0.001,0.0687
nofold/s00_off,37,,d(item_3),move_to,step,,d(item_3),0.7108,0.001,0.7108,0.001,0.2151,0.001,0.0711
nofold/s00_off,38,,d(item_3),move_to,step,,d(item_3),0.7351,0.001,0.7351,0.001,0.1884,0.001,0.0735
nofold/s00_off,39,,d(item_3),move_to,step,,d(item_3),0.7595,0.001,0.7595,0.001,0.1615,0.001,0.076
nofold/s00_off,40,,d(item_3),move_to,,,d(item_3),0.7595,0.001,0.7595,0.001,0.1615,0.001,0.076
nofold/s00_off,41,,d(item_3),pick_up,grasp,item_3,d(item_3),0.7595,0.001,0.7595,0.001,0.1615,0.001,0.076
nofold/s00_off,42,,d(item_3),pick_up,,item_3,d(item_3),0.7595,0.001,0.7595,0.001,0.1615,0.001,0.076
nofold/s00_off,43,,d(item_3),move_to,step,item_3,d(item_3),0.7595,0.001,0.7595,0.001,0.1615,0.001,0.076
nofold/s00_off,44,,d(item_3),move_to,step,item_3,d(item_3),0.7844,0.001,0.7844,0.001,0.1342,0.001,0.0784
nofold/s00_off,45,,d(item_3),move_to,step,item_3,d(item_3),0.809,0.001,0.809,0.001,0.1071,0.001,0.0809
nofold/s00_off,46,,d(item_3),move_to,step,item_3,d(item_3),0.8315,0.001,0.8315,0.001,0.0823,0.001,0.0832
nofold/s00_off,47,,d(item_3),move_to,step,item_3,d(item_3),0.8507,0.001,0.8507,0.001,0.0612,0.001,0.0851
nofold/s00_off,48,,d(item_3),move_to,step,item_3,d(item_3),0.8661,0.001,0.8661,0.001,0.0442,0.001,0.0866
nofold/s00_off,49,,d(item_3),move_to,step,item_3,d(item_3),0.8779,0.001,0.8779,0.001,0.0313,0.001,0.0878
nofold/s00_off,50,,d(item_3),move_to,step,item_3,d(item_3),0.8865,0.001,0.8865,0.001,0.0218,0.001,0.0887
nofold/s00_off,51,,d(item_3),move_to,step,item_3,d(item_3),0.8927,0.001,0.8927,0.001,0.015,0.001,0.0893
nofold/s00_off,52,,d(item_3),move_to,step,item_3,d(item_3),0.8971,0.001,0.8971,0.001,0.0102,0.001,0.0897
nofold/s00_off,53,,d(item_3),move_to,step,item_3,d(item_3),0.9,0.001,0.9,0.001,0.007,0.001,0.09
nofold/s00_off,54,,d(item_3),move_to,step,item_3,d(item_3),0.9021,0.001,0.9021,0.001,0.0047,0.001,0.0902
nofold/s00_off,55,,d(item_3),move_to,step,item_3,d(item_3),0.9035,0.001,0.9035,0.001,0.0032,0.001,0.0903
nofold/s00_off,56,,d(item_3),move_to,step,item_3,d(item_3),0.9044,0.001,0.9044,0.001,0.0021,0.001,0.0904
nofold/s00_off,57,,d(item_3),move_to,step,item_3,d(item_3),0.9051,0.001,0.9051,0.001,0.0014,0.001,0.0905
nofold/s00_off,58,,d(item_3),move_to,step,item_3,d(item_3),0.9055,0.001,0.9055,0.001,0.001,0.001,0.0905
nofold/s00_off,59,,d(item_3),move_to,step,item_3,d(item_3),0.9055,0.001,0.9055,0.001,0.001,0.001,0.0905
nofold/s00_off,60,,d(item_3),move_to,step,item_3,d(item_3),0.9055,0.001,0.9055,0.001,0.001,0.001,0.0905
nofold/s00_off,61,,d(item_3),move_to,step,item_3,d(item_3),0.9055,0.001,0.9055,0.001,0.001,0.001,0.0905
nofold/s00_off,62,,d(item_3),move_to,step,item_3,d(item_3),0.9055,0.001,0.9055,0.001,0.001,0.001,0.0905
nofold/s00_off,63,,d(item_3),move_to,step,item_3,d(item_3),0.9055,0.001,0.9055,0.001,0.001,0.001,0.0905
nofold/s00_off,64,,d(item_3),move_to,step,item_3,d(item_3),0.9055,0.001,0.9055,0.001,0.001,0.001,0.0905
nofold/s00_off,65,,d(item_3),move_to,step,item_3,d(item_3),0.9055,0.001,0.9055,0.001,0.001,0.001,0.0905
nofold/s00_off,66,,d(item_3),move_to,step,item_3,d(item_3),0.9055,0.001,0.9055,0.001,0.001,0.001,0.0905
nofold/s00_off,67,,d(item_3),move_to,step,item_3,d(item_3),0.9055,0.001,0.9055,0.001,0.001,0.001,0.0905
nofold/s00_off,68,,d(item_3),move_to,step,item_3,d(item_3),0.9055,0.001,0.9055,0.001,0.001,0.001,0.0905
nofold/s00_off,69,,d(item_3),move_to,step,item_3,d(item_3),0.9055,0.001,0.9055,0.001,0.001,0.001,0.0905
nofold/s00_off,70,,d(item_3),move_to,step,item_3,d(item_3),0.9055,0.001,0.9055,0.001,0.001,0.001,0.0905
nofold/s00_off,71,,d(item_3),move_to,step,item_3,d(item_3),0.9055,0.001,0.9055,0.001,0.001,0.001,0.0905
nofold/s00_off,72,,d(item_3),move_to,step,item_3,d(item_3),0.9055,0.001,0.9055,0.001,0.001,0.001,0.0905
nofold/s00_off,73,,d(item_3),move_to,step,item_3,d(item_3),0.9055,0.001,0.9055,0.001,0.001,0.001,0.0905
nofold/s00_off,74,,d(item_3),move_to,step,item_3,d(item_3),0.9055,0.001,0.9055,0.001,0.001,0.001,0.0905
nofold/s00_off,75,,d(item_3),move_to,step,item_3,d(item_3),0.9055,0.001,0.9055,0.001,0.001,0.001,0.0905
nofold/s00_off,76,,d(item_3),move_to,step,item_3,d(item_3),0.9055,0.001,0.9055,0.001,0.001,0.001,0.0905
nofold/s00_off,77,,d(item_3),move_to,,item_3,d(item_3),0.9055,0.001,0.9055,0.001,0.001,0.001,0.0905
nofold/s00_off,78,,d(item_3),place,release,,d(item_2),0.2495,0.2495,0.001,0.2495,0.2495,0.001,0.2495
nofold/s00_off,79,,d(item_3),place,,,d(item_2),0.2495,0.2495,0.001,0.2495,0.2495,0.001,0.2495
nofold/s00_off,80,,d(item_2),,,,d(item_2),0.2495,0.2495,0.001,0.2495,0.2495,0.001,0.2495
nofold/s00_off,81,,d(item_2),move_to,step,,d(item_2),0.333,0.333,0.001,0.3314,0.3002,0.001,0.0333
nofold/s00_off,82,,d(item_2),move_to,step,,d(item_2),0.3461,0.3461,0.001,0.3428,0.2745,0.001,0.0346
nofold/s00_off,83,,d(item_2),move_to,step,,d(item_2),0.3616,0.3616,0.001,0.3562,0.244,0.001,0.0362
nofold/s00_off,84,,d(item_2),move_to,step,,d(item_2),0.3797,0.3797,0.001,0.3719,0.2084,0.001,0.038
nofold/s00_off,85,,d(item_2),move_to,step,,d(item_2),0.3999,0.3999,0.001,0.3894,0.1687,0.001,0.04
nofold/s00_off,86,,d(item_2),move_to,step,,d(item_2),0.421,0.421,0.001,0.4072,0.1277,0.001,0.0421
nofold/s00_off,87,,d(item_2),move_to,step,,d(item_2),0.4408,0.4408,0.001,0.4234,0.0897,0.001,0.0441
nofold/s00_off,88,,d(item_2),move_to,step,,d(item_2),0.4576,0.4576,0.001,0.4362,0.0585,0.001,0.0458
nofold/s00_off,89,,d(item_2),move_to,step,,d(item_2),0.4704,0.4704,0.001,0.4448,0.0358,0.001,0.047
nofold/s00_off,90,,d(item_2),move_to,step,,d(item_2),0.4796,0.4796,0.001,0.4496,0.0208,0.001,0.048
nofold/s00_off,91,,d(item_2),move_to,step,,d(item_2),0.4861,0.4861,0.001,0.4513,0.0119,0.001,0.0486
nofold/s00_off,92,,d(item_2),move_to,step,,d(item_2),0.4903,0.4903,0.001,0.4505,0.0081,0.001,0.049
nofold/s00_off,93,,d(item_2),move_to,step,,d(item_2),0.4964,0.4964,0.001,0.451,0.001,0.001,0.0496
nofold/s00_off,94,,d(item_2),move_to,step,,d(item_2),0.4992,0.4992,0.001,0.4479,0.001,0.001,0.0499
nofold/s00_off,95,,d(item_2),move_to,step,,d(item_2),0.5023,0.5023,0.001,0.4445,0.001,0.001,0.0502
nofold/s00_off,96,,d(item_2),move_to,step,,d(item_2),0.5056,0.5056,0.001,0.4408,0.001,0.001,0.0506
nofold/s00_off,97,,d(item_2),move_to,step,,d(item_2),0.5094,0.5094,0.001,0.4367,0.001,0.001,0.0509
nofold/s00_off,98,,d(item_2),move_to,step,,d(item_2),0.5136,0.5136,0.001,0.4321,0.001,0.001,0.0514
nofold/s00_off,99,,d(item_2),move_to,step,,d(item_2),0.5182,0.5182,0.001,0.427,0.001,0.001,0.0518
nofold/s00_off,100,,d(item_2),move_to,step,,d(item_2),0.5234,0.5234,0.001,0.4213,0.001,0.001,0.0523
nofold/s00_off,101,,d(item_2),move_to,step,,d(item_2),0.5292,0.5292,0.001,0.4148,0.001,0.001,0.0529
nofold/s00_off,102,,d(item_2),move_to,step,,d(item_2),0.5358,0.5358,0.001,0.4076,0.001,0.001,0.0536
nofold/s00_off,103,,d(item_2),move_to,step,,d(item_2),0.5433,0.5433,0.001,0.3994,0.001,0.001,0.0543
nofold/s00_off,104,,d(item_2),move_to,step,,d(item_2),0.5518,0.5518,0.001,0.39,0.001,0.001,0.0552
nofold/s00_off,105,,d(item_2),move_to,step,,d(item_2),0.5615,0.5615,0.001,0.3793,0.001,0.001,0.0562
nofold/s00_off,106,,d(item_2),move_to,step,,d(item_2),0.5726,0.5726,0.001,0.3672,0.001,0.001,0.0573
nofold/s00_off,107,,d(item_2),move_to,step,,d(item_2),0.5853,0.5853,0.001,0.3532,0.001,0.001,0.0585
nofold/s00_off,108,,d(item_2),move_to,step,,d(item_2),0.5997,0.5997,0.001,0.3373,0.001,0.001,0.06
nofold/s00_off,109,,d(item_2),move_to,step,,d(item_2),0.6162,0.6162,0.001,0.3192,0.001,0.001,0.0616
nofold/s00_off,110,,d(item_2),move_to,,,d(item_2),0.6162,0.6162,0.001,0.3192,0.001,0.001,0.0616
nofold/s00_off,111,,d(item_2),pick_up,grasp,item_2,d(item_2),0.6162,0.6162,0.001,0.3192,0.001,0.001,0.0616
nofold/s00_off,112,,d(item_2),pick_up,,item_2,d(item_2),0.6162,0.6162,0.001,0.3192,0.001,0.001,0.0616
nofold/s00_off,113,,d(item_2),move_to,step,item_2,d(item_2),0.6162,0.6162,0.001,0.3192,0.001,0.001,0.0616
nofold/s00_off,114,,d(item_2),move_to,step,item_2,d(item_2),0.6577,0.6577,0.001,0.2735,0.001,0.001,0.0658
nofold/s00_off,115,,d(item_2),move_to,step,item_2,d(item_2),0.7015,0.7015,0.001,0.2253,0.001,0.001,0.0702
nofold/s00_off,116,,d(item_2),move_to,step,item_2,d(item_2),0.7441,0.7441,0.001,0.1785,0.001,0.001,0.0744
nofold/s00_off,117,,d(item_2),move_to,step,item_2,d(item_2),0.7825,0.7825,0.001,0.1362,0.001,0.001,0.0783
nofold/s00_off,118,,d(item_2),move_to,step,item_2,d(item_2),0.8149,0.8149,0.001,0.1006,0.001,0.001,0.0815
nofold/s00_off,119,,d(item_2),move_to,step,item_2,d(item_2),0.8405,0.8405,0.001,0.0724,0.001,0.001,0.0841
nofold/s00_off,120,,d(item_2),move_to,step,item_2,d(item_2),0.8599,0.8599,0.001,0.0511,0.001,0.001,0.086
nofold/s00_off,121,,d(item_2),move_to,step,item_2,d(item_2),0.8741,0.8741,0.001,0.0355,0.001,0.001,0.0874
nofold/s00_off,122,,d(item_2),move_to,step,item_2,d(item_2),0.8842,0.8842,0.001,0.0244,0.001,0.001,0.0884
nofold/s00_off,123,,d(item_2),move_to,step,item_2,d(item_2),0.8913,0.8913,0.001,0.0166,0.001,0.001,0.0891
nofold/s00_off,124,,d(item_2),move_to,step,item_2,d(item_2),0.8961,0.8961,0.001,0.0113,0.001,0.001,0.0896
nofold/s00_off,125,,d(item_2),move_to,step,item_2,d(item_2),0.8994,0.8994,0.001,0.0076,0.001,0.001,0.0899
nofold/s00_off,126,,d(item_2),move_to,step,item_2,d(item_2),0.9017,0.9017,0.001,0.0051,0.001,0.001,0.0902
nofold/s00_off,127,,d(item_2),move_to,step,item_2,d(item_2),0.9032,0.9032,0.001,0.0034,0.001,0.001,0.0903
nofold/s00_off,128,,d(item_2),move_to,step,item_2,d(item_2),0.9043,0.9043,0.001,0.0023,0.001,0.001,0.0904
nofold/s00_off,129,,d(item_2),move_to,step,item_2,d(item_2),0.9049,0.9049,0.001,0.0016,0.001,0.001,0.0905
nofold/s00_off,130,,d(item_2),move_to,step,item_2,d(item_2),0.9054,0.9054,0.001,0.001,0.001,0.001,0.0905
nofold/s00_off,131,,d(item_2),move_to,step,item_2,d(item_2),0.9055,0.9055,0.001,0.001,0.001,0.001,0.0905
nofold/s00_off,132,,d(item_2),move_to,step,item_2,d(item_2),0.9055,0.9055,0.001,0.001,0.001,0.001,0.0905
nofold/s00_off,133,,d(item_2),move_to,step,item_2,d(item_2),0.9055,0.9055,0.001,0.001,0.001,0.001,0.0905
nofold/s00_off,134,,d(item_2),move_to,step,item_2,d(item_2),0.9055,0.9055,0.001,0.001,0.001,0.001,0.0905
nofold/s00_off,135,,d(item_2),move_to,step,item_2,d(item_2),0.9055,0.9055,0.001,0.001,0.001,0.001,0.0905
nofold/s00_off,136,,d(item_2),move_to,step,item_2,d(item_2),0.9055,0.9055,0.001,0.001,0.001,0.001,0.0905
nofold/s00_off,137,,d(item_2),move_to,step,item_2,d(item_2),0.9055,0.9055,0.001,0.001,0.001,0.001,0.0905
nofold/s00_off,138,,d(item_2),move_to,step,item_2,d(item_2),0.9055,0.9055,0.001,0.001,0.001,0.001,0.0905
nofold/s00_off,139,,d(item_2),move_to,step,item_2,d(item_2),0.9055,0.9055,0.001,0.001,0.001,0.001,0.0905
nofold/s00_off,140,,d(item_2),move_to,step,item_2,d(item_2),0.9055,0.9055,0.001,0.001,0.001,0.001,0.0905
nofold/s00_off,141,,d(item_2),move_to,,item_2,d(item_2),0.9055,0.9055,0.001,0.001,0.001,0.001,0.0905
nofold/s00_off,142,,d(item_2),place,release,,d(item_4),0.498,0.001,0.001,0.498,0.001,0.001,0.498
nofold/s00_off,143,,d(item_2),place,,,d(item_4),0.498,0.001,0.001,0.498,0.001,0.001,0.498
nofold/s00_off,144,,unknown,,,,d(item_4),0.498,0.001,0.001,0.498,0.001,0.001,0.498
nofold/s00_off,145,,unknown,,,,d(item_4),0.498,0.001,0.001,0.498,0.001,0.001,0.498
nofold/s00_off,146,,unknown,,,,d(item_4),0.498,0.001,0.001,0.498,0.001,0.001,0.498
nofold/s00_off,147,,unknown,,,,d(item_4),0.498,0.001,0.001,0.498,0.001,0.001,0.498
nofold/s00_off,148,,unknown,,,,d(item_4),0.498,0.001,0.001,0.498,0.001,0.001,0.498
nofold/s00_off,149,,unknown,,,,d(item_4),0.498,0.001,0.001,0.498,0.001,0.001,0.498
nofold/s00_off,150,,unknown,,,,d(item_4),0.498,0.001,0.001,0.498,0.001,0.001,0.498
nofold/s00_off,151,,unknown,,,,d(item_4),0.498,0.001,0.001,0.498,0.001,0.001,0.498
nofold/s00_off,152,,unknown,,,,d(item_4),0.498,0.001,0.001,0.498,0.001,0.001,0.498
nofold/s00_off,153,,unknown,,,,d(item_4),0.498,0.001,0.001,0.498,0.001,0.001,0.498
nofold/s00_off,154,,unknown,,,,d(item_4),0.498,0.001,0.001,0.498,0.001,0.001,0.498
nofold/s00_off,155,,unknown,,,,d(item_4),0.498,0.001,0.001,0.498,0.001,0.001,0.498
nofold/s00_off,156,,unknown,,,,d(item_4),0.498,0.001,0.001,0.498,0.001,0.001,0.498
nofold/s00_off,157,,unknown,,,,d(item_4),0.498,0.001,0.001,0.498,0.001,0.001,0.498
nofold/s00_off,158,,unknown,,,,d(item_4),0.498,0.001,0.001,0.498,0.001,0.001,0.498
nofold/s00_off,159,,unknown,,,,d(item_4),0.498,0.001,0.001,0.498,0.001,0.001,0.498
nofold/s00_off,160,,unknown,,,,d(item_4),0.498,0.001,0.001,0.498,0.001,0.001,0.498
nofold/s00_off,161,,unknown,,,,d(item_4),0.498,0.001,0.001,0.498,0.001,0.001,0.498
nofold/s00_off,162,,unknown,,,,d(item_4),0.498,0.001,0.001,0.498,0.001,0.001,0.498
nofold/s00_off,163,,unknown,,,,d(item_4),0.498,0.001,0.001,0.498,0.001,0.001,0.498
nofold/s00_off,164,,unknown,,,,d(item_4),0.498,0.001,0.001,0.498,0.001,0.001,0.498
nofold/s00_off,165,,unknown,,,,d(item_4),0.498,0.001,0.001,0.498,0.001,0.001,0.498
nofold/s00_off,166,,unknown,,,,unknown,0.995,0.001,0.001,0.001,0.001,0.001,0.995
nofold/s00_off,167,,unknown,,,,unknown,0.995,0.001,0.001,0.001,0.001,0.001,0.995
nofold/s00_off,168,,unknown,,,,unknown,0.995,0.001,0.001,0.001,0.001,0.001,0.995
nofold/s00_off,169,,unknown,,,,unknown,0.995,0.001,0.001,0.001,0.001,0.001,0.995
nofold/s00_off,170,,unknown,,,,unknown,0.995,0.001,0.001,0.001,0.001,0.001,0.995
nofold/s00_off,171,,unknown,,,,unknown,0.995,0.001,0.001,0.001,0.001,0.001,0.995
nofold/s00_off,172,,unknown,,,,unknown,0.995,0.001,0.001,0.001,0.001,0.001,0.995
nofold/s00_on,0,,d(item_3),move_to,step,,d(item_3),0.4876,0.4606,0.4876,0.001,0.001,0.001,0.0488
nofold/s00_on,1,,d(item_3),move_to,step,,d(item_3),0.5026,0.4442,0.5026,0.001,0.001,0.001,0.0503
nofold/s00_on,2,,d(item_3),move_to,step,,d(item_3),0.5198,0.4253,0.5198,0.001,0.001,0.001,0.052
nofold/s00_on,3,,d(item_3),move_to,step,,d(item_3),0.5395,0.4036,0.5395,0.001,0.001,0.001,0.0539
nofold/s00_on,4,,d(item_3),move_to,step,,d(item_3),0.5619,0.3789,0.5619,0.001,0.001,0.001,0.0562
nofold/s00_on,5,,d(item_3),move_to,step,,d(item_3),0.5871,0.3512,0.5871,0.001,0.001,0.001,0.0587
nofold/s00_on,6,,d(item_3),move_to,step,,d(item_3),0.6148,0.3207,0.6148,0.001,0.001,0.001,0.0615
nofold/s00_on,7,,d(item_3),move_to,step,,d(item_3),0.6446,0.2879,0.6446,0.001,0.001,0.001,0.0645
nofold/s00_on,8,,d(item_3),move_to,step,,d(item_3),0.6759,0.2535,0.6759,0.001,0.001,0.001,0.0676
nofold/s00_on,9,,d(item_3),move_to,step,,d(item_3),0.7077,0.2185,0.7077,0.001,0.001,0.001,0.0708
nofold/s00_on,10,,d(item_3),move_to,step,,d(item_3),0.7389,0.1842,0.7389,0.001,0.001,0.001,0.0739
nofold/s00_on,11,,d(item_3),move_to,step,,d(item_3),0.7683,0.1519,0.7683,0.001,0.001,0.001,0.0768
nofold/s00_on,12,,d(item_3),move_to,step,,d(item_3),0.7951,0.1224,0.7951,0.001,0.001,0.001,0.0795
nofold/s00_on,13,,d(item_3),move_to,step,,d(item_3),0.8186,0.0966,0.8186,0.001,0.001,0.001,0.0819
nofold/s00_on,14,,d(item_3),move_to,step,,d(item_3),0.8384,0.0747,0.8384,0.001,0.001,0.001,0.0838
nofold/s00_on,15,,d(item_3),move_to,step,,d(item_3),0.8548,0.0568,0.8548,0.001,0.001,0.001,0.0855
nofold/s00_on,16,,d(item_3),move_to,step,,d(item_3),0.8677,0.0425,0.8677,0.001,0.001,0.001,0.0868
nofold/s00_on,17,,d(item_3),move_to,step,,d(item_3),0.8779,0.0314,0.8779,0.001,0.001,0.001,0.0878
nofold/s00_on,18,,d(item_3),move_to,step,,d(item_3),0.8856,0.0229,0.8856,0.001,0.001,0.001,0.0886
nofold/s00_on,19,,d(item_3),move_to,step,,d(item_3),0.8913,0.0165,0.8913,0.001,0.001,0.001,0.0891
nofold/s00_on,20,,d(item_3),move_to,step,,d(item_3),0.8956,0.0118,0.8956,0.001,0.001,0.001,0.0896
nofold/s00_on,21,,d(item_3),move_to,step,,d(item_3),0.8987,0.0084,0.8987,0.001,0.001,0.001,0.0899
nofold/s00_on,22,,d(item_3),move_to,step,,d(item_3),0.901,0.006,0.901,0.001,0.001,0.001,0.0901
nofold/s00_on,23,,d(item_3),move_to,step,,d(item_3),0.9026,0.0042,0.9026,0.001,0.001,0.001,0.0903
nofold/s00_on,24,,d(item_3),move_to,step,,d(item_3),0.9037,0.0029,0.9037,0.001,0.001,0.001,0.0904
nofold/s00_on,25,,d(item_3),move_to,step,,d(item_3),0.9045,0.002,0.9045,0.001,0.001,0.001,0.0905
nofold/s00_on,26,,d(item_3),move_to,step,,d(item_3),0.9051,0.0014,0.9051,0.001,0.001,0.001,0.0905
nofold/s00_on,27,,d(item_3),move_to,step,,d(item_3),0.9055,0.001,0.9055,0.001,0.001,0.001,0.0905
nofold/s00_on,28,,d(item_3),move_to,step,,d(item_3),0.9055,0.001,0.9055,0.001,0.001,0.001,0.0905
nofold/s00_on,29,,d(item_3),move_to,step,,d(item_3),0.9055,0.001,0.9055,0.001,0.001,0.001,0.0905
nofold/s00_on,30,,d(item_3),move_to,step,,d(item_3),0.9055,0.001,0.9055,0.001,0.001,0.001,0.0905
nofold/s00_on,31,,d(item_3),move_to,step,,d(item_3),0.9055,0.001,0.9055,0.001,0.001,0.001,0.0905
nofold/s00_on,32,,d(item_3),move_to,step,,d(item_3),0.9055,0.001,0.9055,0.001,0.001,0.001,0.0905
nofold/s00_on,33,,d(item_3),move_to,step,,d(item_3),0.9055,0.001,0.9055,0.001,0.001,0.001,0.0905
nofold/s00_on,34,,d(item_3),move_to,step,,d(item_3),0.9055,0.001,0.9055,0.001,0.001,0.001,0.0905
nofold/s00_on,35,,d(item_3),move_to,step,,d(item_3),0.9055,0.001,0.9055,0.001,0.001,0.001,0.0905
nofold/s00_on,36,,d(item_3),move_to,step,,d(item_3),0.9055,0.001,0.9055,0.001,0.001,0.001,0.0905
nofold/s00_on,37,,d(item_3),move_to,step,,d(item_3),0.9055,0.001,0.9055,0.001,0.001,0.001,0.0905
nofold/s00_on,38,,d(item_3),move_to,step,,d(item_3),0.9055,0.001,0.9055,0.001,0.001,0.001,0.0905
nofold/s00_on,39,,d(item_3),move_to,step,,d(item_3),0.9055,0.001,0.9055,0.001,0.001,0.001,0.0905
nofold/s00_on,40,,d(item_3),move_to,,,d(item_3),0.9055,0.001,0.9055,0.001,0.001,0.001,0.0905
nofold/s00_on,41,,d(item_3),pick_up,grasp,item_3,d(item_3),0.9055,0.001,0.9055,0.001,0.001,0.001,0.0905
nofold/s00_on,42,,d(item_3),pick_up,,item_3,d(item_3),0.9055,0.001,0.9055,0.001,0.001,0.001,0.0905
nofold/s00_on,43,,d(item_3),move_to,step,item_3,d(item_3),0.9055,0.001,0.9055,0.001,0.001,0.001,0.0905
nofold/s00_on,44,,d(item_3),move_to,step,item_3,d(item_3),0.9055,0.001,0.9055,0.001,0.001,0.001,0.0905
nofold/s00_on,45,,d(item_3),move_to,step,item_3,d(item_3),0.9055,0.001,0.9055,0.001,0.001,0.001,0.0905
nofold/s00_on,46,,d(item_3),move_to,step,item_3,d(item_3),0.9055,0.001,0.9055,0.001,0.001,0.001,0.0905
nofold/s00_on,47,,d(item_3),move_to,step,item_3,d(item_3),0.9055,0.001,0.9055,0.001,0.001,0.001,0.0905
nofold/s00_on,48,,d(item_3),move_to,step,item_3,d(item_3),0.9055,0.001,0.9055,0.001,0.001,0.001,0.0905
nofold/s00_on,49,,d(item_3),move_to,step,item_3,d(item_3),0.9055,0.001,0.9055,0.001,0.001,0.001,0.0905
nofold/s00_on,50,,d(item_3),move_to,step,item_3,d(item_3),0.9055,0.001,0.9055,0.001,0.001,0.001,0.0905
nofold/s00_on,51,,d(item_3),move_to,step,item_3,d(item_3),0.9055,0.001,0.9055,0.001,0.001,0.001,0.0905
nofold/s00_on,52,,d(item_3),move_to,step,item_3,d(item_3),0.9055,0.001,0.9055,0.001,0.001,0.001,0.0905
nofold/s00_on,53,,d(item_3),move_to,step,item_3,d(item_3),0.9055,0.001,0.9055,0.001,0.001,0.001,0.0905
nofold/s00_on,54,,d(item_3),move_to,step,item_3,d(item_3),0.9055,0.001,0.9055,0.001,0.001,0.001,0.0905
nofold/s00_on,55,,d(item_3),move_to,step,item_3,d(item_3),0.9055,0.001,0.9055,0.001,0.001,0.001,0.0905
nofold/s00_on,56,,d(item_3),move_to,step,item_3,d(item_3),0.9055,0.001,0.9055,0.001,0.001,0.001,0.0905
nofold/s00_on,57,,d(item_3),move_to,step,item_3,d(item_3),0.9055,0.001,0.9055,0.001,0.001,0.001,0.0905
nofold/s00_on,58,,d(item_3),move_to,step,item_3,d(item_3),0.9055,0.001,0.9055,0.001,0.001,0.001,0.0905
nofold/s00_on,59,,d(item_3),move_to,step,item_3,d(item_3),0.9055,0.001,0.9055,0.001,0.001,0.001,0.0905
nofold/s00_on,60,,d(item_3),move_to,step,item_3,d(item_3),0.9055,0.001,0.9055,0.001,0.001,0.001,0.0905
nofold/s00_on,61,,d(item_3),move_to,step,item_3,d(item_3),0.9055,0.001,0.9055,0.001,0.001,0.001,0.0905
nofold/s00_on,62,,d(item_3),move_to,step,item_3,d(item_3),0.9055,0.001,0.9055,0.001,0.001,0.001,0.0905
nofold/s00_on,63,,d(item_3),move_to,step,item_3,d(item_3),0.9055,0.001,0.9055,0.001,0.001,0.001,0.0905
nofold/s00_on,64,,d(item_3),move_to,step,item_3,d(item_3),0.9055,0.001,0.9055,0.001,0.001,0.001,0.0905
nofold/s00_on,65,,d(item_3),move_to,step,item_3,d(item_3),0.9055,0.001,0.9055,0.001,0.001,0.001,0.0905
nofold/s00_on,66,,d(item_3),move_to,step,item_3,d(item_3),0.9055,0.001,0.9055,0.001,0.001,0.001,0.0905
nofold/s00_on,67,,d(item_3),move_to,step,item_3,d(item_3),0.9055,0.001,0.9055,0.001,0.001,0.001,0.0905
nofold/s00_on,68,,d(item_3),move_to,step,item_3,d(item_3),0.9055,0.001,0.9055,0.001,0.001,0.001,0.0905
nofold/s00_on,69,,d(item_3),move_to,step,item_3,d(item_3),0.9055,0.001,0.9055,0.001,0.001,0.001,0.0905
nofold/s00_on,70,,d(item_3),move_to,step,item_3,d(item_3),0.9055,0.001,0.9055,0.001,0.001,0.001,0.0905
nofold/s00_on,71,,d(item_3),move_to,step,item_3,d(item_3),0.9055,0.001,0.9055,0.001,0.001,0.001,0.0905
nofold/s00_on,72,,d(item_3),move_to,step,item_3,d(item_3),0.9055,0.001,0.9055,0.001,0.001,0.001,0.0905
nofold/s00_on,73,,d(item_3),move_to,step,item_3,d(item_3),0.9055,0.001,0.9055,0.001,0.001,0.001,0.0905
nofold/s00_on,74,,d(item_3),move_to,step,item_3,d(item_3),0.9055,0.001,0.9055,0.001,0.001,0.001,0.0905
nofold/s00_on,75,,d(item_3),move_to,step,item_3,d(item_3),0.9055,0.001,0.9055,0.001,0.001,0.001,0.0905
nofold/s00_on,76,,d(item_3),move_to,step,item_3,d(item_3),0.9055,0.001,0.9055,0.001,0.001,0.001,0.0905
nofold/s00_on,77,,d(item_3),move_to,,item_3,d(item_3),0.9055,0.001,0.9055,0.001,0.001,0.001,0.0905
nofold/s00_on,78,,d(item_3),place,release,,d(item_2),0.498,0.498,0.001,0.001,0.001,0.001,0.498
nofold/s00_on,79,,d(item_3),place,,,d(item_2),0.498,0.498,0.001,0.001,0.001,0.001,0.498
nofold/s00_on,80,,d(item_2),,,,d(item_2),0.498,0.498,0.001,0.001,0.001,0.001,0.498
nofold/s00_on,81,,d(item_2),move_to,step,,d(item_2),0.9055,0.9055,0.001,0.001,0.001,0.001,0.0905
nofold/s00_on,82,,d(item_2),move_to,step,,d(item_2),0.9055,0.9055,0.001,0.001,0.001,0.001,0.0905
nofold/s00_on,83,,d(item_2),move_to,step,,d(item_2),0.9055,0.9055,0.001,0.001,0.001,0.001,0.0905
nofold/s00_on,84,,d(item_2),move_to,step,,d(item_2),0.9055,0.9055,0.001,0.001,0.001,0.001,0.0905
nofold/s00_on,85,,d(item_2),move_to,step,,d(item_2),0.9055,0.9055,0.001,0.001,0.001,0.001,0.0905
nofold/s00_on,86,,d(item_2),move_to,step,,d(item_2),0.9055,0.9055,0.001,0.001,0.001,0.001,0.0905
nofold/s00_on,87,,d(item_2),move_to,step,,d(item_2),0.9055,0.9055,0.001,0.001,0.001,0.001,0.0905
nofold/s00_on,88,,d(item_2),move_to,step,,d(item_2),0.9055,0.9055,0.001,0.001,0.001,0.001,0.0905
nofold/s00_on,89,,d(item_2),move_to,step,,d(item_2),0.9055,0.9055,0.001,0.001,0.001,0.001,0.0905
nofold/s00_on,90,,d(item_2),move_to,step,,d(item_2),0.9055,0.9055,0.001,0.001,0.001,0.001,0.0905
nofold/s00_on,91,,d(item_2),move_to,step,,d(item_2),0.9055,0.9055,0.001,0.001,0.001,0.001,0.0905
nofold/s00_on,92,,d(item_2),move_to,step,,d(item_2),0.9055,0.9055,0.001,0.001,0.001,0.001,0.0905
nofold/s00_on,93,,d(item_2),move_to,step,,d(item_2),0.9055,0.9055,0.001,0.001,0.001,0.001,0.0905
nofold/s00_on,94,,d(item_2),move_to,step,,d(item_2),0.9055,0.9055,0.001,0.001,0.001,0.001,0.0905
nofold/s00_on,95,,d(item_2),move_to,step,,d(item_2),0.9055,0.9055,0.001,0.001,0.001,0.001,0.0905
nofold/s00_on,96,,d(item_2),move_to,step,,d(item_2),0.9055,0.9055,0.001,0.001,0.001,0.001,0.0905
nofold/s00_on,97,,d(item_2),move_to,step,,d(item_2),0.9055,0.9055,0.001,0.001,0.001,0.001,0.0905
nofold/s00_on,98,,d(item_2),move_to,step,,d(item_2),0.9055,0.9055,0.001,0.001,0.001,0.001,0.0905
nofold/s00_on,99,,d(item_2),move_to,step,,d(item_2),0.9055,0.9055,0.001,0.001,0.001,0.001,0.0905
nofold/s00_on,100,,d(item_2),move_to,step,,d(item_2),0.9055,0.9055,0.001,0.001,0.001,0.001,0.0905
nofold/s00_on,101,,d(item_2),move_to,step,,d(item_2),0.9055,0.9055,0.001,0.001,0.001,0.001,0.0905
nofold/s00_on,102,,d(item_2),move_to,step,,d(item_2),0.9055,0.9055,0.001,0.001,0.001,0.001,0.0905
nofold/s00_on,103,,d(item_2),move_to,step,,d(item_2),0.9055,0.9055,0.001,0.001,0.001,0.001,0.0905
nofold/s00_on,104,,d(item_2),move_to,step,,d(item_2),0.9055,0.9055,0.001,0.001,0.001,0.001,0.0905
nofold/s00_on,105,,d(item_2),move_to,step,,d(item_2),0.9055,0.9055,0.001,0.001,0.001,0.001,0.0905
nofold/s00_on,106,,d(item_2),move_to,step,,d(item_2),0.9055,0.9055,0.001,0.001,0.001,0.001,0.0905
nofold/s00_on,107,,d(item_2),move_to,step,,d(item_2),0.9055,0.9055,0.001,0.001,0.001,0.001,0.0905
nofold/s00_on,108,,d(item_2),move_to,step,,d(item_2),0.9055,0.9055,0.001,0.001,0.001,0.001,0.0905
nofold/s00_on,109,,d(item_2),move_to,step,,d(item_2),0.9055,0.9055,0.001,0.001,0.001,0.001,0.0905
nofold/s00_on,110,,d(item_2),move_to,,,d(item_2),0.9055,0.9055,0.001,0.001,0.001,0.001,0.0905
nofold/s00_on,111,,d(item_2),pick_up,grasp,item_2,d(item_2),0.498,0.498,0.001,0.001,0.001,0.001,0.498
nofold/s00_on,112,,d(item_2),pick_up,,item_2,d(item_2),0.498,0.498,0.001,0.001,0.001,0.001,0.498
nofold/s00_on,113,,d(item_2),move_to,step,item_2,d(item_2),0.9055,0.9055,0.001,0.001,0.001,0.001,0.0905
nofold/s00_on,114,,d(item_2),move_to,step,item_2,d(item_2),0.9055,0.9055,0.001,0.001,0.001,0.001,0.0905
nofold/s00_on,115,,d(item_2),move_to,step,item_2,d(item_2),0.9055,0.9055,0.001,0.001,0.001,0.001,0.0905
nofold/s00_on,116,,d(item_2),move_to,step,item_2,d(item_2),0.9055,0.9055,0.001,0.001,0.001,0.001,0.0905
nofold/s00_on,117,,d(item_2),move_to,step,item_2,d(item_2),0.9055,0.9055,0.001,0.001,0.001,0.001,0.0905
nofold/s00_on,118,,d(item_2),move_to,step,item_2,d(item_2),0.9055,0.9055,0.001,0.001,0.001,0.001,0.0905
nofold/s00_on,119,,d(item_2),move_to,step,item_2,d(item_2),0.9055,0.9055,0.001,0.001,0.001,0.001,0.0905
nofold/s00_on,120,,d(item_2),move_to,step,item_2,d(item_2),0.9055,0.9055,0.001,0.001,0.001,0.001,0.0905
nofold/s00_on,121,,d(item_2),move_to,step,item_2,d(item_2),0.9055,0.9055,0.001,0.001,0.001,0.001,0.0905
nofold/s00_on,122,,d(item_2),move_to,step,item_2,d(item_2),0.9055,0.9055,0.001,0.001,0.001,0.001,0.0905
nofold/s00_on,123,,d(item_2),move_to,step,item_2,d(item_2),0.9055,0.9055,0.001,0.001,0.001,0.001,0.0905
nofold/s00_on,124,,d(item_2),move_to,step,item_2,d(item_2),0.9055,0.9055,0.001,0.001,0.001,0.001,0.0905
nofold/s00_on,125,,d(item_2),move_to,step,item_2,d(item_2),0.9055,0.9055,0.001,0.001,0.001,0.001,0.0905
nofold/s00_on,126,,d(item_2),move_to,step,item_2,d(item_2),0.9055,0.9055,0.001,0.001,0.001,0.001,0.0905
nofold/s00_on,127,,d(item_2),move_to,step,item_2,d(item_2),0.9055,0.9055,0.001,0.001,0.001,0.001,0.0905
nofold/s00_on,128,,d(item_2),move_to,step,item_2,d(item_2),0.9055,0.9055,0.001,0.001,0.001,0.001,0.0905
nofold/s00_on,129,,d(item_2),move_to,step,item_2,d(item_2),0.9055,0.9055,0.001,0.001,0.001,0.001,0.0905
nofold/s00_on,130,,d(item_2),move_to,step,item_2,d(item_2),0.9055,0.9055,0.001,0.001,0.001,0.001,0.0905
nofold/s00_on,131,,d(item_2),move_to,step,item_2,d(item_2),0.9055,0.9055,0.001,0.001,0.001,0.001,0.0905
nofold/s00_on,132,,d(item_2),move_to,step,item_2,d(item_2),0.9055,0.9055,0.001,0.001,0.001,0.001,0.0905
nofold/s00_on,133,,d(item_2),move_to,step,item_2,d(item_2),0.9055,0.9055,0.001,0.001,0.001,0.001,0.0905
nofold/s00_on,134,,d(item_2),move_to,step,item_2,d(item_2),0.9055,0.9055,0.001,0.001,0.001,0.001,0.0905
nofold/s00_on,135,,d(item_2),move_to,step,item_2,d(item_2),0.9055,0.9055,0.001,0.001,0.001,0.001,0.0905
nofold/s00_on,136,,d(item_2),move_to,step,item_2,d(item_2),0.9055,0.9055,0.001,0.001,0.001,0.001,0.0905
nofold/s00_on,137,,d(item_2),move_to,step,item_2,d(item_2),0.9055,0.9055,0.001,0.001,0.001,0.001,0.0905
nofold/s00_on,138,,d(item_2),move_to,step,item_2,d(item_2),0.9055,0.9055,0.001,0.001,0.001,0.001,0.0905
nofold/s00_on,139,,d(item_2),move_to,step,item_2,d(item_2),0.9055,0.9055,0.001,0.001,0.001,0.001,0.0905
nofold/s00_on,140,,d(item_2),move_to,step,item_2,d(item_2),0.9055,0.9055,0.001,0.001,0.001,0.001,0.0905
nofold/s00_on,141,,d(item_2),move_to,,item_2,d(item_2),0.9055,0.9055,0.001,0.001,0.001,0.001,0.0905
nofold/s00_on,142,,d(item_2),place,release,,unknown,0.995,0.001,0.001,0.001,0.001,0.001,0.995
nofold/s00_on,143,,d(item_2),place,,,unknown,0.995,0.001,0.001,0.001,0.001,0.001,0.995
nofold/s00_on,144,,unknown,,,,unknown,0.995,0.001,0.001,0.001,0.001,0.001,0.995
nofold/s00_on,145,,unknown,,,,unknown,0.995,0.001,0.001,0.001,0.001,0.001,0.995
nofold/s00_on,146,,unknown,,,,unknown,0.995,0.001,0.001,0.001,0.001,0.001,0.995
nofold/s00_on,147,,unknown,,,,unknown,0.995,0.001,0.001,0.001,0.001,0.001,0.995
nofold/s00_on,148,,unknown,,,,unknown,0.995,0.001,0.001,0.001,0.001,0.001,0.995
nofold/s00_on,149,,unknown,,,,unknown,0.995,0.001,0.001,0.001,0.001,0.001,0.995
nofold/s00_on,150,,unknown,,,,unknown,0.995,0.001,0.001,0.001,0.001,0.001,0.995
nofold/s00_on,151,,unknown,,,,unknown,0.995,0.001,0.001,0.001,0.001,0.001,0.995
nofold/s00_on,152,,unknown,,,,unknown,0.995,0.001,0.001,0.001,0.001,0.001,0.995
nofold/s00_on,153,,unknown,,,,unknown,0.995,0.001,0.001,0.001,0.001,0.001,0.995
nofold/s00_on,154,,unknown,,,,unknown,0.995,0.001,0.001,0.001,0.001,0.001,0.995
nofold/s00_on,155,,unknown,,,,unknown,0.995,0.001,0.001,0.001,0.001,0.001,0.995
nofold/s00_on,156,,unknown,,,,unknown,0.995,0.001,0.001,0.001,0.001,0.001,0.995
nofold/s00_on,157,,unknown,,,,unknown,0.995,0.001,0.001,0.001,0.001,0.001,0.995
nofold/s00_on,158,,unknown,,,,unknown,0.995,0.001,0.001,0.001,0.001,0.001,0.995
nofold/s00_on,159,,unknown,,,,unknown,0.995,0.001,0.001,0.001,0.001,0.001,0.995
nofold/s00_on,160,,unknown,,,,unknown,0.995,0.001,0.001,0.001,0.001,0.001,0.995
nofold/s00_on,161,,unknown,,,,unknown,0.995,0.001,0.001,0.001,0.001,0.001,0.995
nofold/s00_on,162,,unknown,,,,unknown,0.995,0.001,0.001,0.001,0.001,0.001,0.995
nofold/s00_on,163,,unknown,,,,unknown,0.995,0.001,0.001,0.001,0.001,0.001,0.995
nofold/s00_on,164,,unknown,,,,unknown,0.995,0.001,0.001,0.001,0.001,0.001,0.995
nofold/s00_on,165,,unknown,,,,unknown,0.995,0.001,0.001,0.001,0.001,0.001,0.995
nofold/s00_on,166,,unknown,,,,unknown,0.995,0.001,0.001,0.001,0.001,0.001,0.995
nofold/s00_on,167,,unknown,,,,unknown,0.995,0.001,0.001,0.001,0.001,0.001,0.995
nofold/s00_on,168,,unknown,,,,unknown,0.995,0.001,0.001,0.001,0.001,0.001,0.995
nofold/s20_off,0,,d(item_3),move_to,step,,d(item_3),0.206,0.1775,0.206,0.2052,0.2057,0.1851,0.0206
nofold/s20_off,1,,d(item_3),move_to,step,,d(item_3),0.217,0.1569,0.217,0.2153,0.2164,0.1726,0.0217
nofold/s20_off,2,,d(item_3),move_to,step,,d(item_3),0.229,0.1352,0.229,0.2262,0.2281,0.1586,0.0229
nofold/s20_off,3,,d(item_3),move_to,step,,d(item_3),0.2416,0.1133,0.2416,0.2374,0.2402,0.1433,0.0242
nofold/s20_off,4,,d(item_3),move_to,step,,d(item_3),0.2543,0.0924,0.2543,0.2485,0.2524,0.127,0.0254
nofold/s20_off,5,,d(item_3),move_to,step,,d(item_3),0.2666,0.0734,0.2666,0.259,0.2642,0.1102,0.0267
nofold/s20_off,6,,d(item_3),move_to,step,,d(item_3),0.2781,0.0569,0.2781,0.2684,0.2751,0.0937,0.0278
nofold/s20_off,7,,d(item_3),move_to,step,,d(item_3),0.2886,0.0432,0.2886,0.2765,0.2849,0.078,0.0289
nofold/s20_off,8,,d(item_3),move_to,step,,d(item_3),0.2979,0.0322,0.2979,0.2831,0.2935,0.0636,0.0298
nofold/s20_off,9,,d(item_3),move_to,step,,d(item_3),0.306,0.0236,0.306,0.2881,0.3008,0.051,0.0306
nofold/s20_off,10,,d(item_3),move_to,step,,d(item_3),0.3129,0.0171,0.3129,0.2916,0.3069,0.0402,0.0313
nofold/s20_off,11,,d(item_3),move_to,step,,d(item_3),0.3189,0.0122,0.3189,0.2937,0.312,0.0313,0.0319
nofold/s20_off,12,,d(item_3),move_to,step,,d(item_3),0.3242,0.0087,0.3242,0.2945,0.3162,0.024,0.0324
nofold/s20_off,13,,d(item_3),move_to,step,,d(item_3),0.3289,0.0061,0.3289,0.2941,0.3198,0.0182,0.0329
nofold/s20_off,14,,d(item_3),move_to,step,,d(item_3),0.3332,0.0043,0.3332,0.2925,0.3229,0.0137,0.0333
nofold/s20_off,15,,d(item_3),move_to,step,,d(item_3),0.3374,0.003,0.3374,0.2898,0.3258,0.0103,0.0337
nofold/s20_off,16,,d(item_3),move_to,step,,d(item_3),0.3416,0.0021,0.3416,0.286,0.3286,0.0076,0.0342
nofold/s20_off,17,,d(item_3),move_to,step,,d(item_3),0.346,0.0015,0.346,0.2809,0.3314,0.0056,0.0346
nofold/s20_off,18,,d(item_3),move_to,step,,d(item_3),0.3509,0.001,0.3509,0.2743,0.3345,0.0041,0.0351
nofold/s20_off,19,,d(item_3),move_to,step,,d(item_3),0.3564,0.001,0.3564,0.266,0.3379,0.003,0.0356
nofold/s20_off,20,,d(item_3),move_to,step,,d(item_3),0.3628,0.001,0.3628,0.2558,0.3419,0.0022,0.0363
nofold/s20_off,21,,d(item_3),move_to,,,d(item_3),0.3628,0.001,0.3628,0.2558,0.3419,0.0022,0.0363
nofold/s20_off,22,,d(item_3),pick_up,grasp,item_3,d(item_3),0.3628,0.001,0.3628,0.2558,0.3419,0.0022,0.0363
nofold/s20_off,23,,d(item_3),pick_up,,item_3,d(item_3),0.3628,0.001,0.3628,0.2558,0.3419,0.0022,0.0363
nofold/s20_off,24,,d(item_3),move_to,step,item_3,d(item_3),0.3628,0.001,0.3628,0.2558,0.3419,0.0022,0.0363
nofold/s20_off,25,,d(item_3),move_to,step,item_3,d(item_3),0.4097,0.001,0.4097,0.2338,0.3125,0.002,0.041
nofold/s20_off,26,,d(item_3),move_to,step,item_3,d(item_3),0.4667,0.001,0.4667,0.207,0.2768,0.0018,0.0467
nofold/s20_off,27,,d(item_3),move_to,step,item_3,d(item_3),0.5311,0.001,0.5311,0.1768,0.2364,0.0015,0.0531
nofold/s20_off,28,,d(item_3),move_to,step,item_3,d(item_3),0.5985,0.001,0.5985,0.1452,0.1941,0.0013,0.0599
nofold/s20_off,29,,d(item_3),move_to,step,item_3,d(item_3),0.6637,0.001,0.6637,0.1147,0.1533,0.001,0.0664
nofold/s20_off,30,,d(item_3),move_to,step,item_3,d(item_3),0.7219,0.001,0.7219,0.0873,0.1166,0.001,0.0722
nofold/s20_off,31,,d(item_3),move_to,step,item_3,d(item_3),0.7706,0.001,0.7706,0.0643,0.086,0.001,0.0771
nofold/s20_off,32,,d(item_3),move_to,step,item_3,d(item_3),0.8091,0.001,0.8091,0.0462,0.0618,0.001,0.0809
nofold/s20_off,33,,d(item_3),move_to,step,item_3,d(item_3),0.8381,0.001,0.8381,0.0326,0.0435,0.001,0.0838
nofold/s20_off,34,,d(item_3),move_to,step,item_3,d(item_3),0.8593,0.001,0.8593,0.0226,0.0302,0.001,0.0859
nofold/s20_off,35,,d(item_3),move_to,step,item_3,d(item_3),0.8743,0.001,0.8743,0.0155,0.0207,0.001,0.0874
nofold/s20_off,36,,d(item_3),move_to,step,item_3,d(item_3),0.8848,0.001,0.8848,0.0106,0.0141,0.001,0.0885
nofold/s20_off,37,,d(item_3),move_to,step,item_3,d(item_3),0.892,0.001,0.892,0.0072,0.0096,0.001,0.0892
nofold/s20_off,38,,d(item_3),move_to,step,item_3,d(item_3),0.897,0.001,0.897,0.0048,0.0065,0.001,0.0897
nofold/s20_off,39,,d(item_3),move_to,step,item_3,d(item_3),0.9003,0.001,0.9003,0.0033,0.0044,0.001,0.09
nofold/s20_off,40,,d(item_3),move_to,step,item_3,d(item_3),0.9026,0.001,0.9026,0.0022,0.0029,0.001,0.0903
nofold/s20_off,41,,d(item_3),move_to,step,item_3,d(item_3),0.9041,0.001,0.9041,0.0015,0.002,0.001,0.0904
nofold/s20_off,42,,d(item_3),move_to,step,item_3,d(item_3),0.9052,0.001,0.9052,0.001,0.0013,0.001,0.0905
nofold/s20_off,43,,d(item_3),move_to,step,item_3,d(item_3),0.9055,0.001,0.9055,0.001,0.001,0.001,0.0905
nofold/s20_off,44,,d(item_3),move_to,step,item_3,d(item_3),0.9055,0.001,0.9055,0.001,0.001,0.001,0.0905
nofold/s20_off,45,,d(item_3),move_to,step,item_3,d(item_3),0.9055,0.001,0.9055,0.001,0.001,0.001,0.0905
nofold/s20_off,46,,d(item_3),move_to,step,item_3,d(item_3),0.9055,0.001,0.9055,0.001,0.001,0.001,0.0905
nofold/s20_off,47,,d(item_3),move_to,step,item_3,d(item_3),0.9055,0.001,0.9055,0.001,0.001,0.001,0.0905
nofold/s20_off,48,,d(item_3),move_to,step,item_3,d(item_3),0.9055,0.001,0.9055,0.001,0.001,0.001,0.0905
nofold/s20_off,49,,d(item_3),move_to,step,item_3,d(item_3),0.9055,0.001,0.9055,0.001,0.001,0.001,0.0905
nofold/s20_off,50,,d(item_3),move_to,step,item_3,d(item_3),0.9055,0.001,0.9055,0.001,0.001,0.001,0.0905
nofold/s20_off,51,,d(item_3),move_to,step,item_3,d(item_3),0.9055,0.001,0.9055,0.001,0.001,0.001,0.0905
nofold/s20_off,52,,d(item_3),move_to,step,item_3,d(item_3),0.9055,0.001,0.9055,0.001,0.001,0.001,0.0905
nofold/s20_off,53,,d(item_3),move_to,,item_3,d(item_3),0.9055,0.001,0.9055,0.001,0.001,0.001,0.0905
nofold/s20_off,54,,d(item_3),place,release,,d(item_2),0.2495,0.2495,0.001,0.001,0.2495,0.2495,0.2495
nofold/s20_off,55,,d(item_3),place,,,d(item_2),0.2495,0.2495,0.001,0.001,0.2495,0.2495,0.2495
nofold/s20_off,56,,d(item_2),,,,d(item_2),0.2495,0.2495,0.001,0.001,0.2495,0.2495,0.2495
nofold/s20_off,57,,d(item_2),move_to,step,,d(item_2),0.3305,0.3305,0.001,0.001,0.3042,0.3302,0.0331
nofold/s20_off,58,,d(item_2),move_to,step,,d(item_2),0.3398,0.3398,0.001,0.001,0.2851,0.3391,0.034
nofold/s20_off,59,,d(item_2),move_to,step,,d(item_2),0.3496,0.3496,0.001,0.001,0.265,0.3485,0.035
nofold/s20_off,60,,d(item_2),move_to,step,,d(item_2),0.3599,0.3599,0.001,0.001,0.2439,0.3583,0.036
nofold/s20_off,61,,d(item_2),move_to,step,,d(item_2),0.3704,0.3704,0.001,0.001,0.2222,0.3684,0.037
nofold/s20_off,62,,d(item_2),move_to,step,,d(item_2),0.3812,0.3812,0.001,0.001,0.2002,0.3785,0.0381
nofold/s20_off,63,,d(item_2),move_to,step,,d(item_2),0.3918,0.3918,0.001,0.001,0.1784,0.3886,0.0392
nofold/s20_off,64,,d(item_2),move_to,step,,d(item_2),0.4023,0.4023,0.001,0.001,0.1571,0.3984,0.0402
nofold/s20_off,65,,d(item_2),move_to,step,,d(item_2),0.4123,0.4123,0.001,0.001,0.1367,0.4077,0.0412
nofold/s20_off,66,,d(item_2),move_to,step,,d(item_2),0.4218,0.4218,0.001,0.001,0.1176,0.4164,0.0422
nofold/s20_off,67,,d(item_2),move_to,step,,d(item_2),0.4306,0.4306,0.001,0.001,0.1,0.4244,0.0431
nofold/s20_off,68,,d(item_2),move_to,step,,d(item_2),0.4387,0.4387,0.001,0.001,0.084,0.4315,0.0439
nofold/s20_off,69,,d(item_2),move_to,step,,d(item_2),0.4459,0.4459,0.001,0.001,0.0699,0.4377,0.0446
nofold/s20_off,70,,d(item_2),move_to,step,,d(item_2),0.4523,0.4523,0.001,0.001,0.0575,0.443,0.0452
nofold/s20_off,71,,d(item_2),move_to,step,,d(item_2),0.4579,0.4579,0.001,0.001,0.0469,0.4475,0.0458
nofold/s20_off,72,,d(item_2),move_to,step,,d(item_2),0.4627,0.4627,0.001,0.001,0.0379,0.4511,0.0463
nofold/s20_off,73,,d(item_2),move_to,step,,d(item_2),0.4669,0.4669,0.001,0.001,0.0303,0.454,0.0467
nofold/s20_off,74,,d(item_2),move_to,step,,d(item_2),0.4706,0.4706,0.001,0.001,0.0241,0.4563,0.0471
nofold/s20_off,75,,d(item_2),move_to,step,,d(item_2),0.4737,0.4737,0.001,0.001,0.019,0.4579,0.0474
nofold/s20_off,76,,d(item_2),move_to,step,,d(item_2),0.4764,0.4764,0.001,0.001,0.0149,0.459,0.0476
nofold/s20_off,77,,d(item_2),move_to,step,,d(item_2),0.4788,0.4788,0.001,0.001,0.0116,0.4596,0.0479
nofold/s20_off,78,,d(item_2),move_to,step,,d(item_2),0.481,0.481,0.001,0.001,0.009,0.4599,0.0481
nofold/s20_off,79,,d(item_2),move_to,step,,d(item_2),0.483,0.483,0.001,0.001,0.007,0.4598,0.0483
nofold/s20_off,80,,d(item_2),move_to,step,,d(item_2),0.4849,0.4849,0.001,0.001,0.0053,0.4593,0.0485
nofold/s20_off,81,,d(item_2),move_to,step,,d(item_2),0.4867,0.4867,0.001,0.001,0.0041,0.4586,0.0487
nofold/s20_off,82,,d(item_2),move_to,step,,d(item_2),0.4885,0.4885,0.001,0.001,0.0031,0.4575,0.0489
nofold/s20_off,83,,d(item_2),move_to,step,,d(item_2),0.4904,0.4904,0.001,0.001,0.0023,0.4562,0.049
nofold/s20_off,84,,d(item_2),move_to,step,,d(item_2),0.4924,0.4924,0.001,0.001,0.0018,0.4546,0.0492
nofold/s20_off,85,,d(item_2),move_to,step,,d(item_2),0.4945,0.4945,0.001,0.001,0.0013,0.4527,0.0495
nofold/s20_off,86,,d(item_2),move_to,step,,d(item_2),0.4969,0.4969,0.001,0.001,0.001,0.4504,0.0497
nofold/s20_off,87,,d(item_2),move_to,step,,d(item_2),0.4995,0.4995,0.001,0.001,0.001,0.4476,0.0499
nofold/s20_off,88,,d(item_2),move_to,,,d(item_2),0.4995,0.4995,0.001,0.001,0.001,0.4476,0.0499
nofold/s20_off,89,,d(item_2),pick_up,grasp,item_2,d(item_2),0.4995,0.4995,0.001,0.001,0.001,0.4476,0.0499
nofold/s20_off,90,,d(item_2),pick_up,,item_2,d(item_2),0.4995,0.4995,0.001,0.001,0.001,0.4476,0.0499
nofold/s20_off,91,,d(item_2),move_to,step,item_2,d(item_2),0.4995,0.4995,0.001,0.001,0.001,0.4476,0.0499
nofold/s20_off,92,,d(item_2),move_to,step,item_2,d(item_2),0.548,0.548,0.001,0.001,0.001,0.3942,0.0548
nofold/s20_off,93,,d(item_2),move_to,step,item_2,d(item_2),0.6022,0.6022,0.001,0.001,0.001,0.3346,0.0602
nofold/s20_off,94,,d(item_2),move_to,step,item_2,d(item_2),0.6581,0.6581,0.001,0.001,0.001,0.273,0.0658
nofold/s20_off,95,,d(item_2),move_to,step,item_2,d(item_2),0.7116,0.7116,0.001,0.001,0.001,0.2142,0.0712
nofold/s20_off,96,,d(item_2),move_to,step,item_2,d(item_2),0.759,0.759,0.001,0.001,0.001,0.1621,0.0759
nofold/s20_off,97,,d(item_2),move_to,step,item_2,d(item_2),0.7982,0.7982,0.001,0.001,0.001,0.119,0.0798
nofold/s20_off,98,,d(item_2),move_to,step,item_2,d(item_2),0.8289,0.8289,0.001,0.001,0.001,0.0852,0.0829
nofold/s20_off,99,,d(item_2),move_to,step,item_2,d(item_2),0.852,0.852,0.001,0.001,0.001,0.0598,0.0852
nofold/s20_off,100,,d(item_2),move_to,step,item_2,d(item_2),0.8687,0.8687,0.001,0.001,0.001,0.0414,0.0869
nofold/s20_off,101,,d(item_2),move_to,step,item_2,d(item_2),0.8806,0.8806,0.001,0.001,0.001,0.0284,0.0881
nofold/s20_off,102,,d(item_2),move_to,step,item_2,d(item_2),0.8888,0.8888,0.001,0.001,0.001,0.0193,0.0889
nofold/s20_off,103,,d(item_2),move_to,step,item_2,d(item_2),0.8945,0.8945,0.001,0.001,0.001,0.0131,0.0894
nofold/s20_off,104,,d(item_2),move_to,step,item_2,d(item_2),0.8983,0.8983,0.001,0.001,0.001,0.0088,0.0898
nofold/s20_off,105,,d(item_2),move_to,step,item_2,d(item_2),0.901,0.901,0.001,0.001,0.001,0.0059,0.0901
nofold/s20_off,106,,d(item_2),move_to,step,item_2,d(item_2),0.9027,0.9027,0.001,0.001,0.001,0.004,0.0903
nofold/s20_off,107,,d(item_2),move_to,step,item_2,d(item_2),0.9039,0.9039,0.001,0.001,0.001,0.0027,0.0904
nofold/s20_off,108,,d(item_2),move_to,step,item_2,d(item_2),0.9047,0.9047,0.001,0.001,0.001,0.0018,0.0905
nofold/s20_off,109,,d(item_2),move_to,step,item_2,d(item_2),0.9053,0.9053,0.001,0.001,0.001,0.0012,0.0905
nofold/s20_off,110,,d(item_2),move_to,step,item_2,d(item_2),0.9055,0.9055,0.001,0.001,0.001,0.001,0.0905
nofold/s20_off,111,,d(item_2),move_to,step,item_2,d(item_2),0.9055,0.9055,0.001,0.001,0.001,0.001,0.0905
nofold/s20_off,112,,d(item_2),move_to,step,item_2,d(item_2),0.9055,0.9055,0.001,0.001,0.001,0.001,0.0905
nofold/s20_off,113,,d(item_2),move_to,step,item_2,d(item_2),0.9055,0.9055,0.001,0.001,0.001,0.001,0.0905
nofold/s20_off,114,,d(item_2),move_to,step,item_2,d(item_2),0.9055,0.9055,0.001,0.001,0.001,0.001,0.0905
nofold/s20_off,115,,d(item_2),move_to,step,item_2,d(item_2),0.9055,0.9055,0.001,0.001,0.001,0.001,0.0905
nofold/s20_off,116,,d(item_2),move_to,step,item_2,d(item_2),0.9055,0.9055,0.001,0.001,0.001,0.001,0.0905
nofold/s20_off,117,,d(item_2),move_to,step,item_2,d(item_2),0.9055,0.9055,0.001,0.001,0.001,0.001,0.0905
nofold/s20_off,118,,d(item_2),move_to,step,item_2,d(item_2),0.9055,0.9055,0.001,0.001,0.001,0.001,0.0905
nofold/s20_off,119,,d(item_2),move_to,step,item_2,d(item_2),0.9055,0.9055,0.001,0.001,0.001,0.001,0.0905
nofold/s20_off,120,,d(item_2),move_to,step,item_2,d(item_2),0.9055,0.9055,0.001,0.001,0.001,0.001,0.0905
nofold/s20_off,121,,d(item_2),move_to,,item_2,d(item_2),0.9055,0.9055,0.001,0.001,0.001,0.001,0.0905
nofold/s20_off,122,,d(item_2),place,release,,d(item_6),0.3323,0.001,0.001,0.001,0.3323,0.3323,0.3323
nofold/s20_off,123,,d(item_2),place,,,d(item_6),0.3323,0.001,0.001,0.001,0.3323,0.3323,0.3323
nofold/s20_off,124,,unknown,,,,d(item_6),0.3323,0.001,0.001,0.001,0.3323,0.3323,0.3323
nofold/s20_off,125,,unknown,,,,d(item_6),0.3323,0.001,0.001,0.001,0.3323,0.3323,0.3323
nofold/s20_off,126,,unknown,,,,d(item_6),0.3323,0.001,0.001,0.001,0.3323,0.3323,0.3323
nofold/s20_off,127,,unknown,,,,d(item_6),0.3323,0.001,0.001,0.001,0.3323,0.3323,0.3323
nofold/s20_off,128,,unknown,,,,d(item_6),0.3323,0.001,0.001,0.001,0.3323,0.3323,0.3323
nofold/s20_off,129,,unknown,,,,d(item_6),0.3323,0.001,0.001,0.001,0.3323,0.3323,0.3323
nofold/s20_off,130,,unknown,,,,d(item_6),0.3323,0.001,0.001,0.001,0.3323,0.3323,0.3323
nofold/s20_off,131,,unknown,,,,d(item_6),0.3323,0.001,0.001,0.001,0.3323,0.3323,0.3323
nofold/s20_off,132,,unknown,,,,d(item_6),0.3323,0.001,0.001,0.001,0.3323,0.3323,0.3323
nofold/s20_off,133,,unknown,,,,d(item_6),0.3323,0.001,0.001,0.001,0.3323,0.3323,0.3323
nofold/s20_off,134,,unknown,,,,d(item_6),0.3323,0.001,0.001,0.001,0.3323,0.3323,0.3323
nofold/s20_off,135,,unknown,,,,d(item_6),0.3323,0.001,0.001,0.001,0.3323,0.3323,0.3323
nofold/s20_off,136,,unknown,,,,d(item_7),0.498,0.001,0.001,0.001,0.001,0.498,0.498
nofold/s20_off,137,,unknown,,,,d(item_7),0.498,0.001,0.001,0.001,0.001,0.498,0.498
nofold/s20_off,138,,unknown,,,,d(item_7),0.498,0.001,0.001,0.001,0.001,0.498,0.498
nofold/s20_off,139,,unknown,,,,d(item_7),0.498,0.001,0.001,0.001,0.001,0.498,0.498
nofold/s20_off,140,,unknown,,,,d(item_7),0.498,0.001,0.001,0.001,0.001,0.498,0.498
nofold/s20_off,141,,unknown,,,,d(item_7),0.498,0.001,0.001,0.001,0.001,0.498,0.498
nofold/s20_off,142,,unknown,,,,d(item_7),0.498,0.001,0.001,0.001,0.001,0.498,0.498
nofold/s20_off,143,,unknown,,,,d(item_7),0.498,0.001,0.001,0.001,0.001,0.498,0.498
nofold/s20_off,144,,unknown,,,,d(item_7),0.498,0.001,0.001,0.001,0.001,0.498,0.498
nofold/s20_off,145,,unknown,,,,d(item_7),0.498,0.001,0.001,0.001,0.001,0.498,0.498
nofold/s20_off,146,,unknown,,,,d(item_7),0.498,0.001,0.001,0.001,0.001,0.498,0.498
nofold/s20_off,147,,unknown,,,,d(item_7),0.498,0.001,0.001,0.001,0.001,0.498,0.498
nofold/s20_off,148,,unknown,,,,d(item_7),0.498,0.001,0.001,0.001,0.001,0.498,0.498
nofold/s20_off,149,,unknown,,,,d(item_7),0.498,0.001,0.001,0.001,0.001,0.498,0.498
nofold/s20_off,150,,unknown,,,,d(item_7),0.498,0.001,0.001,0.001,0.001,0.498,0.498
nofold/s20_off,151,,unknown,,,,d(item_7),0.498,0.001,0.001,0.001,0.001,0.498,0.498
nofold/s20_off,152,,unknown,,,,d(item_7),0.498,0.001,0.001,0.001,0.001,0.498,0.498
nofold/s20_off,153,,unknown,,,,d(item_7),0.498,0.001,0.001,0.001,0.001,0.498,0.498
nofold/s20_off,154,,unknown,,,,d(item_7),0.498,0.001,0.001,0.001,0.001,0.498,0.498
nofold/s20_off,155,,unknown,,,,d(item_7),0.498,0.001,0.001,0.001,0.001,0.498,0.498
nofold/s20_off,156,,unknown,,,,d(item_7),0.498,0.001,0.001,0.001,0.001,0.498,0.498
nofold/s20_off,157,,unknown,,,,d(item_7),0.498,0.001,0.001,0.001,0.001,0.498,0.498
nofold/s20_off,158,,unknown,,,,d(item_7),0.498,0.001,0.001,0.001,0.001,0.498,0.498
nofold/s20_off,159,,unknown,,,,d(item_7),0.498,0.001,0.001,0.001,0.001,0.498,0.498
nofold/s20_off,160,,unknown,,,,d(item_7),0.498,0.001,0.001,0.001,0.001,0.498,0.498
nofold/s20_off,161,,unknown,,,,d(item_7),0.498,0.001,0.001,0.001,0.001,0.498,0.498
nofold/s20_off,162,,unknown,,,,d(item_7),0.498,0.001,0.001,0.001,0.001,0.498,0.498
nofold/s20_off,163,,unknown,,,,d(item_7),0.498,0.001,0.001,0.001,0.001,0.498,0.498
nofold/s20_off,164,,unknown,,,,d(item_7),0.498,0.001,0.001,0.001,0.001,0.498,0.498
nofold/s20_off,165,,unknown,,,,d(item_7),0.498,0.001,0.001,0.001,0.001,0.498,0.498
nofold/s20_off,166,,unknown,,,,d(item_7),0.498,0.001,0.001,0.001,0.001,0.498,0.498
nofold/s20_off,167,,unknown,,,,d(item_7),0.498,0.001,0.001,0.001,0.001,0.498,0.498
nofold/s20_off,168,,unknown,,,,d(item_7),0.498,0.001,0.001,0.001,0.001,0.498,0.498
nofold/s20_off,169,,unknown,,,,d(item_7),0.498,0.001,0.001,0.001,0.001,0.498,0.498
nofold/s20_off,170,,unknown,,,,d(item_7),0.498,0.001,0.001,0.001,0.001,0.498,0.498
nofold/s20_off,171,,unknown,,,,d(item_7),0.498,0.001,0.001,0.001,0.001,0.498,0.498
nofold/s20_off,172,,unknown,,,,d(item_7),0.498,0.001,0.001,0.001,0.001,0.498,0.498
nofold/s20_off,173,,unknown,,,,d(item_7),0.498,0.001,0.001,0.001,0.001,0.498,0.498
nofold/s20_off,174,,unknown,,,,d(item_7),0.498,0.001,0.001,0.001,0.001,0.498,0.498
nofold/s20_off,175,,unknown,,,,d(item_7),0.498,0.001,0.001,0.001,0.001,0.498,0.498
nofold/s20_off,176,,unknown,,,,d(item_7),0.498,0.001,0.001,0.001,0.001,0.498,0.498
nofold/s20_off,177,,unknown,,,,d(item_7),0.498,0.001,0.001,0.001,0.001,0.498,0.498
nofold/s20_off,178,,unknown,,,,d(item_7),0.498,0.001,0.001,0.001,0.001,0.498,0.498
nofold/s20_off,179,,unknown,,,,d(item_7),0.498,0.001,0.001,0.001,0.001,0.498,0.498
nofold/s20_off,180,,unknown,,,,d(item_7),0.498,0.001,0.001,0.001,0.001,0.498,0.498
nofold/s20_off,181,,unknown,,,,d(item_7),0.498,0.001,0.001,0.001,0.001,0.498,0.498
nofold/s20_off,182,,unknown,,,,d(item_7),0.498,0.001,0.001,0.001,0.001,0.498,0.498
nofold/s20_off,183,,unknown,,,,d(item_7),0.498,0.001,0.001,0.001,0.001,0.498,0.498
nofold/s20_off,184,,unknown,,,,d(item_7),0.498,0.001,0.001,0.001,0.001,0.498,0.498
nofold/s20_off,185,,unknown,,,,d(item_7),0.498,0.001,0.001,0.001,0.001,0.498,0.498
nofold/s20_off,186,,unknown,,,,d(item_7),0.498,0.001,0.001,0.001,0.001,0.498,0.498
nofold/s20_off,187,,unknown,,,,d(item_7),0.498,0.001,0.001,0.001,0.001,0.498,0.498
nofold/s20_off,188,,unknown,,,,d(item_7),0.498,0.001,0.001,0.001,0.001,0.498,0.498
nofold/s20_off,189,,unknown,,,,d(item_7),0.498,0.001,0.001,0.001,0.001,0.498,0.498
nofold/s20_off,190,,unknown,,,,d(item_7),0.498,0.001,0.001,0.001,0.001,0.498,0.498
nofold/s20_off,191,,unknown,,,,d(item_7),0.498,0.001,0.001,0.001,0.001,0.498,0.498
nofold/s20_off,192,,unknown,,,,d(item_7),0.498,0.001,0.001,0.001,0.001,0.498,0.498
nofold/s20_off,193,,unknown,,,,d(item_7),0.498,0.001,0.001,0.001,0.001,0.498,0.498
nofold/s20_off,194,,unknown,,,,d(item_7),0.498,0.001,0.001,0.001,0.001,0.498,0.498
nofold/s20_off,195,,unknown,,,,d(item_7),0.498,0.001,0.001,0.001,0.001,0.498,0.498
nofold/s20_off,196,,unknown,,,,d(item_7),0.498,0.001,0.001,0.001,0.001,0.498,0.498
nofold/s20_off,197,,unknown,,,,d(item_7),0.498,0.001,0.001,0.001,0.001,0.498,0.498
nofold/s20_off,198,,unknown,,,,d(item_7),0.498,0.001,0.001,0.001,0.001,0.498,0.498
nofold/s20_off,199,,unknown,,,,d(item_7),0.498,0.001,0.001,0.001,0.001,0.498,0.498
nofold/s20_on,0,,d(item_3),move_to,step,,d(item_3),0.5082,0.438,0.5082,0.001,0.001,0.001,0.0508
nofold/s20_on,1,,d(item_3),move_to,step,,d(item_3),0.5469,0.3954,0.5469,0.001,0.001,0.001,0.0547
nofold/s20_on,2,,d(item_3),move_to,step,,d(item_3),0.5899,0.3481,0.5899,0.001,0.001,0.001,0.059
nofold/s20_on,3,,d(item_3),move_to,step,,d(item_3),0.6355,0.298,0.6355,0.001,0.001,0.001,0.0635
nofold/s20_on,4,,d(item_3),move_to,step,,d(item_3),0.6813,0.2476,0.6813,0.001,0.001,0.001,0.0681
nofold/s20_on,5,,d(item_3),move_to,step,,d(item_3),0.7249,0.1996,0.7249,0.001,0.001,0.001,0.0725
nofold/s20_on,6,,d(item_3),move_to,step,,d(item_3),0.7642,0.1564,0.7642,0.001,0.001,0.001,0.0764
nofold/s20_on,7,,d(item_3),move_to,step,,d(item_3),0.7978,0.1194,0.7978,0.001,0.001,0.001,0.0798
nofold/s20_on,8,,d(item_3),move_to,step,,d(item_3),0.8253,0.0892,0.8253,0.001,0.001,0.001,0.0825
nofold/s20_on,9,,d(item_3),move_to,step,,d(item_3),0.847,0.0653,0.847,0.001,0.001,0.001,0.0847
nofold/s20_on,10,,d(item_3),move_to,step,,d(item_3),0.8635,0.0471,0.8635,0.001,0.001,0.001,0.0864
nofold/s20_on,11,,d(item_3),move_to,step,,d(item_3),0.8758,0.0336,0.8758,0.001,0.001,0.001,0.0876
nofold/s20_on,12,,d(item_3),move_to,step,,d(item_3),0.8848,0.0237,0.8848,0.001,0.001,0.001,0.0885
nofold/s20_on,13,,d(item_3),move_to,step,,d(item_3),0.8913,0.0166,0.8913,0.001,0.001,0.001,0.0891
nofold/s20_on,14,,d(item_3),move_to,step,,d(item_3),0.8959,0.0116,0.8959,0.001,0.001,0.001,0.0896
nofold/s20_on,15,,d(item_3),move_to,step,,d(item_3),0.8991,0.008,0.8991,0.001,0.001,0.001,0.0899
nofold/s20_on,16,,d(item_3),move_to,step,,d(item_3),0.9013,0.0055,0.9013,0.001,0.001,0.001,0.0901
nofold/s20_on,17,,d(item_3),move_to,step,,d(item_3),0.9029,0.0038,0.9029,0.001,0.001,0.001,0.0903
nofold/s20_on,18,,d(item_3),move_to,step,,d(item_3),0.904,0.0026,0.904,0.001,0.001,0.001,0.0904
nofold/s20_on,19,,d(item_3),move_to,step,,d(item_3),0.9047,0.0018,0.9047,0.001,0.001,0.001,0.0905
nofold/s20_on,20,,d(item_3),move_to,step,,d(item_3),0.9053,0.0012,0.9053,0.001,0.001,0.001,0.0905
nofold/s20_on,21,,d(item_3),move_to,,,d(item_3),0.9053,0.0012,0.9053,0.001,0.001,0.001,0.0905
nofold/s20_on,22,,d(item_3),pick_up,grasp,item_3,d(item_3),0.9053,0.0012,0.9053,0.001,0.001,0.001,0.0905
nofold/s20_on,23,,d(item_3),pick_up,,item_3,d(item_3),0.9053,0.0012,0.9053,0.001,0.001,0.001,0.0905
nofold/s20_on,24,,d(item_3),move_to,step,item_3,d(item_3),0.9053,0.0012,0.9053,0.001,0.001,0.001,0.0905
nofold/s20_on,25,,d(item_3),move_to,step,item_3,d(item_3),0.9055,0.001,0.9055,0.001,0.001,0.001,0.0905
nofold/s20_on,26,,d(item_3),move_to,step,item_3,d(item_3),0.9055,0.001,0.9055,0.001,0.001,0.001,0.0905
nofold/s20_on,27,,d(item_3),move_to,step,item_3,d(item_3),0.9055,0.001,0.9055,0.001,0.001,0.001,0.0905
nofold/s20_on,28,,d(item_3),move_to,step,item_3,d(item_3),0.9055,0.001,0.9055,0.001,0.001,0.001,0.0905
nofold/s20_on,29,,d(item_3),move_to,step,item_3,d(item_3),0.9055,0.001,0.9055,0.001,0.001,0.001,0.0905
nofold/s20_on,30,,d(item_3),move_to,step,item_3,d(item_3),0.9055,0.001,0.9055,0.001,0.001,0.001,0.0905
nofold/s20_on,31,,d(item_3),move_to,step,item_3,d(item_3),0.9055,0.001,0.9055,0.001,0.001,0.001,0.0905
nofold/s20_on,32,,d(item_3),move_to,step,item_3,d(item_3),0.9055,0.001,0.9055,0.001,0.001,0.001,0.0905
nofold/s20_on,33,,d(item_3),move_to,step,item_3,d(item_3),0.9055,0.001,0.9055,0.001,0.001,0.001,0.0905
nofold/s20_on,34,,d(item_3),move_to,step,item_3,d(item_3),0.9055,0.001,0.9055,0.001,0.001,0.001,0.0905
nofold/s20_on,35,,d(item_3),move_to,step,item_3,d(item_3),0.9055,0.001,0.9055,0.001,0.001,0.001,0.0905
nofold/s20_on,36,,d(item_3),move_to,step,item_3,d(item_3),0.9055,0.001,0.9055,0.001,0.001,0.001,0.0905
nofold/s20_on,37,,d(item_3),move_to,step,item_3,d(item_3),0.9055,0.001,0.9055,0.001,0.001,0.001,0.0905
nofold/s20_on,38,,d(item_3),move_to,step,item_3,d(item_3),0.9055,0.001,0.9055,0.001,0.001,0.001,0.0905
nofold/s20_on,39,,d(item_3),move_to,step,item_3,d(item_3),0.9055,0.001,0.9055,0.001,0.001,0.001,0.0905
nofold/s20_on,40,,d(item_3),move_to,step,item_3,d(item_3),0.9055,0.001,0.9055,0.001,0.001,0.001,0.0905
nofold/s20_on,41,,d(item_3),move_to,step,item_3,d(item_3),0.9055,0.001,0.9055,0.001,0.001,0.001,0.0905
nofold/s20_on,42,,d(item_3),move_to,step,item_3,d(item_3),0.9055,0.001,0.9055,0.001,0.001,0.001,0.0905
nofold/s20_on,43,,d(item_3),move_to,step,item_3,d(item_3),0.9055,0.001,0.9055,0.001,0.001,0.001,0.0905
nofold/s20_on,44,,d(item_3),move_to,step,item_3,d(item_3),0.9055,0.001,0.9055,0.001,0.001,0.001,0.0905
nofold/s20_on,45,,d(item_3),move_to,step,item_3,d(item_3),0.9055,0.001,0.9055,0.001,0.001,0.001,0.0905
nofold/s20_on,46,,d(item_3),move_to,step,item_3,d(item_3),0.9055,0.001,0.9055,0.001,0.001,0.001,0.0905
nofold/s20_on,47,,d(item_3),move_to,step,item_3,d(item_3),0.9055,0.001,0.9055,0.001,0.001,0.001,0.0905
nofold/s20_on,48,,d(item_3),move_to,step,item_3,d(item_3),0.9055,0.001,0.9055,0.001,0.001,0.001,0.0905
nofold/s20_on,49,,d(item_3),move_to,step,item_3,d(item_3),0.9055,0.001,0.9055,0.001,0.001,0.001,0.0905
nofold/s20_on,50,,d(item_3),move_to,step,item_3,d(item_3),0.9055,0.001,0.9055,0.001,0.001,0.001,0.0905
nofold/s20_on,51,,d(item_3),move_to,step,item_3,d(item_3),0.9055,0.001,0.9055,0.001,0.001,0.001,0.0905
nofold/s20_on,52,,d(item_3),move_to,step,item_3,d(item_3),0.9055,0.001,0.9055,0.001,0.001,0.001,0.0905
nofold/s20_on,53,,d(item_3),move_to,,item_3,d(item_3),0.9055,0.001,0.9055,0.001,0.001,0.001,0.0905
nofold/s20_on,54,,d(item_3),place,release,,d(item_2),0.498,0.498,0.001,0.001,0.001,0.001,0.498
nofold/s20_on,55,,d(item_3),place,,,d(item_2),0.498,0.498,0.001,0.001,0.001,0.001,0.498
nofold/s20_on,56,,d(item_2),,,,d(item_2),0.498,0.498,0.001,0.001,0.001,0.001,0.498
nofold/s20_on,57,,d(item_2),move_to,step,,d(item_2),0.9055,0.9055,0.001,0.001,0.001,0.001,0.0905
nofold/s20_on,58,,d(item_2),move_to,step,,d(item_2),0.9055,0.9055,0.001,0.001,0.001,0.001,0.0905
nofold/s20_on,59,,d(item_2),move_to,step,,d(item_2),0.9055,0.9055,0.001,0.001,0.001,0.001,0.0905
nofold/s20_on,60,,d(item_2),move_to,step,,d(item_2),0.9055,0.9055,0.001,0.001,0.001,0.001,0.0905
nofold/s20_on,61,,d(item_2),move_to,step,,d(item_2),0.9055,0.9055,0.001,0.001,0.001,0.001,0.0905
nofold/s20_on,62,,d(item_2),move_to,step,,d(item_2),0.9055,0.9055,0.001,0.001,0.001,0.001,0.0905
nofold/s20_on,63,,d(item_2),move_to,step,,d(item_2),0.9055,0.9055,0.001,0.001,0.001,0.001,0.0905
nofold/s20_on,64,,d(item_2),move_to,step,,d(item_2),0.9055,0.9055,0.001,0.001,0.001,0.001,0.0905
nofold/s20_on,65,,d(item_2),move_to,step,,d(item_2),0.9055,0.9055,0.001,0.001,0.001,0.001,0.0905
nofold/s20_on,66,,d(item_2),move_to,step,,d(item_2),0.9055,0.9055,0.001,0.001,0.001,0.001,0.0905
nofold/s20_on,67,,d(item_2),move_to,step,,d(item_2),0.9055,0.9055,0.001,0.001,0.001,0.001,0.0905
nofold/s20_on,68,,d(item_2),move_to,step,,d(item_2),0.9055,0.9055,0.001,0.001,0.001,0.001,0.0905
nofold/s20_on,69,,d(item_2),move_to,step,,d(item_2),0.9055,0.9055,0.001,0.001,0.001,0.001,0.0905
nofold/s20_on,70,,d(item_2),move_to,step,,d(item_2),0.9055,0.9055,0.001,0.001,0.001,0.001,0.0905
nofold/s20_on,71,,d(item_2),move_to,step,,d(item_2),0.9055,0.9055,0.001,0.001,0.001,0.001,0.0905
nofold/s20_on,72,,d(item_2),move_to,step,,d(item_2),0.9055,0.9055,0.001,0.001,0.001,0.001,0.0905
nofold/s20_on,73,,d(item_2),move_to,step,,d(item_2),0.9055,0.9055,0.001,0.001,0.001,0.001,0.0905
nofold/s20_on,74,,d(item_2),move_to,step,,d(item_2),0.9055,0.9055,0.001,0.001,0.001,0.001,0.0905
nofold/s20_on,75,,d(item_2),move_to,step,,d(item_2),0.9055,0.9055,0.001,0.001,0.001,0.001,0.0905
nofold/s20_on,76,,d(item_2),move_to,step,,d(item_2),0.9055,0.9055,0.001,0.001,0.001,0.001,0.0905
nofold/s20_on,77,,d(item_2),move_to,step,,d(item_2),0.9055,0.9055,0.001,0.001,0.001,0.001,0.0905
nofold/s20_on,78,,d(item_2),move_to,step,,d(item_2),0.9055,0.9055,0.001,0.001,0.001,0.001,0.0905
nofold/s20_on,79,,d(item_2),move_to,step,,d(item_2),0.9055,0.9055,0.001,0.001,0.001,0.001,0.0905
nofold/s20_on,80,,d(item_2),move_to,step,,d(item_2),0.9055,0.9055,0.001,0.001,0.001,0.001,0.0905
nofold/s20_on,81,,d(item_2),move_to,step,,d(item_2),0.9055,0.9055,0.001,0.001,0.001,0.001,0.0905
nofold/s20_on,82,,d(item_2),move_to,step,,d(item_2),0.9055,0.9055,0.001,0.001,0.001,0.001,0.0905
nofold/s20_on,83,,d(item_2),move_to,step,,d(item_2),0.9055,0.9055,0.001,0.001,0.001,0.001,0.0905
nofold/s20_on,84,,d(item_2),move_to,step,,d(item_2),0.9055,0.9055,0.001,0.001,0.001,0.001,0.0905
nofold/s20_on,85,,d(item_2),move_to,step,,d(item_2),0.9055,0.9055,0.001,0.001,0.001,0.001,0.0905
nofold/s20_on,86,,d(item_2),move_to,step,,d(item_2),0.9055,0.9055,0.001,0.001,0.001,0.001,0.0905
nofold/s20_on,87,,d(item_2),move_to,step,,d(item_2),0.9055,0.9055,0.001,0.001,0.001,0.001,0.0905
nofold/s20_on,88,,d(item_2),move_to,,,d(item_2),0.9055,0.9055,0.001,0.001,0.001,0.001,0.0905
nofold/s20_on,89,,d(item_2),pick_up,grasp,item_2,unknown,0.498,0.498,0.001,0.001,0.001,0.001,0.498
nofold/s20_on,90,,d(item_2),pick_up,,item_2,unknown,0.498,0.498,0.001,0.001,0.001,0.001,0.498
nofold/s20_on,91,,d(item_2),move_to,step,item_2,d(item_2),0.9055,0.9055,0.001,0.001,0.001,0.001,0.0905
nofold/s20_on,92,,d(item_2),move_to,step,item_2,d(item_2),0.9055,0.9055,0.001,0.001,0.001,0.001,0.0905
nofold/s20_on,93,,d(item_2),move_to,step,item_2,d(item_2),0.9055,0.9055,0.001,0.001,0.001,0.001,0.0905
nofold/s20_on,94,,d(item_2),move_to,step,item_2,d(item_2),0.9055,0.9055,0.001,0.001,0.001,0.001,0.0905
nofold/s20_on,95,,d(item_2),move_to,step,item_2,d(item_2),0.9055,0.9055,0.001,0.001,0.001,0.001,0.0905
nofold/s20_on,96,,d(item_2),move_to,step,item_2,d(item_2),0.9055,0.9055,0.001,0.001,0.001,0.001,0.0905
nofold/s20_on,97,,d(item_2),move_to,step,item_2,d(item_2),0.9055,0.9055,0.001,0.001,0.001,0.001,0.0905
nofold/s20_on,98,,d(item_2),move_to,step,item_2,d(item_2),0.9055,0.9055,0.001,0.001,0.001,0.001,0.0905
nofold/s20_on,99,,d(item_2),move_to,step,item_2,d(item_2),0.9055,0.9055,0.001,0.001,0.001,0.001,0.0905
nofold/s20_on,100,,d(item_2),move_to,step,item_2,d(item_2),0.9055,0.9055,0.001,0.001,0.001,0.001,0.0905
nofold/s20_on,101,,d(item_2),move_to,step,item_2,d(item_2),0.9055,0.9055,0.001,0.001,0.001,0.001,0.0905
nofold/s20_on,102,,d(item_2),move_to,step,item_2,d(item_2),0.9055,0.9055,0.001,0.001,0.001,0.001,0.0905
nofold/s20_on,103,,d(item_2),move_to,step,item_2,d(item_2),0.9055,0.9055,0.001,0.001,0.001,0.001,0.0905
nofold/s20_on,104,,d(item_2),move_to,step,item_2,d(item_2),0.9055,0.9055,0.001,0.001,0.001,0.001,0.0905
nofold/s20_on,105,,d(item_2),move_to,step,item_2,d(item_2),0.9055,0.9055,0.001,0.001,0.001,0.001,0.0905
nofold/s20_on,106,,d(item_2),move_to,step,item_2,d(item_2),0.9055,0.9055,0.001,0.001,0.001,0.001,0.0905
nofold/s20_on,107,,d(item_2),move_to,step,item_2,d(item_2),0.9055,0.9055,0.001,0.001,0.001,0.001,0.0905
nofold/s20_on,108,,d(item_2),move_to,step,item_2,d(item_2),0.9055,0.9055,0.001,0.001,0.001,0.001,0.0905
nofold/s20_on,109,,d(item_2),move_to,step,item_2,d(item_2),0.9055,0.9055,0.001,0.001,0.001,0.001,0.0905
nofold/s20_on,110,,d(item_2),move_to,step,item_2,d(item_2),0.9055,0.9055,0.001,0.001,0.001,0.001,0.0905
nofold/s20_on,111,,d(item_2),move_to,step,item_2,d(item_2),0.9055,0.9055,0.001,0.001,0.001,0.001,0.0905
nofold/s20_on,112,,d(item_2),move_to,step,item_2,d(item_2),0.9055,0.9055,0.001,0.001,0.001,0.001,0.0905
nofold/s20_on,113,,d(item_2),move_to,step,item_2,d(item_2),0.9055,0.9055,0.001,0.001,0.001,0.001,0.0905
nofold/s20_on,114,,d(item_2),move_to,step,item_2,d(item_2),0.9055,0.9055,0.001,0.001,0.001,0.001,0.0905
nofold/s20_on,115,,d(item_2),move_to,step,item_2,d(item_2),0.9055,0.9055,0.001,0.001,0.001,0.001,0.0905
nofold/s20_on,116,,d(item_2),move_to,step,item_2,d(item_2),0.9055,0.9055,0.001,0.001,0.001,0.001,0.0905
nofold/s20_on,117,,d(item_2),move_to,step,item_2,d(item_2),0.9055,0.9055,0.001,0.001,0.001,0.001,0.0905
nofold/s20_on,118,,d(item_2),move_to,step,item_2,d(item_2),0.9055,0.9055,0.001,0.001,0.001,0.001,0.0905
nofold/s20_on,119,,d(item_2),move_to,step,item_2,d(item_2),0.9055,0.9055,0.001,0.001,0.001,0.001,0.0905
nofold/s20_on,120,,d(item_2),move_to,step,item_2,d(item_2),0.9055,0.9055,0.001,0.001,0.001,0.001,0.0905
nofold/s20_on,121,,d(item_2),move_to,,item_2,d(item_2),0.9055,0.9055,0.001,0.001,0.001,0.001,0.0905
nofold/s20_on,122,,d(item_2),place,release,,unknown,0.995,0.001,0.001,0.001,0.001,0.001,0.995
nofold/s20_on,123,,d(item_2),place,,,unknown,0.995,0.001,0.001,0.001,0.001,0.001,0.995
nofold/s20_on,124,,unknown,,,,unknown,0.995,0.001,0.001,0.001,0.001,0.001,0.995
nofold/s20_on,125,,unknown,,,,unknown,0.995,0.001,0.001,0.001,0.001,0.001,0.995
nofold/s20_on,126,,unknown,,,,unknown,0.995,0.001,0.001,0.001,0.001,0.001,0.995
nofold/s20_on,127,,unknown,,,,unknown,0.995,0.001,0.001,0.001,0.001,0.001,0.995
nofold/s20_on,128,,unknown,,,,unknown,0.995,0.001,0.001,0.001,0.001,0.001,0.995
nofold/s20_on,129,,unknown,,,,unknown,0.995,0.001,0.001,0.001,0.001,0.001,0.995
nofold/s20_on,130,,unknown,,,,unknown,0.995,0.001,0.001,0.001,0.001,0.001,0.995
nofold/s20_on,131,,unknown,,,,unknown,0.995,0.001,0.001,0.001,0.001,0.001,0.995
nofold/s20_on,132,,unknown,,,,unknown,0.995,0.001,0.001,0.001,0.001,0.001,0.995
nofold/s20_on,133,,unknown,,,,unknown,0.995,0.001,0.001,0.001,0.001,0.001,0.995
nofold/s20_on,134,,unknown,,,,unknown,0.995,0.001,0.001,0.001,0.001,0.001,0.995
nofold/s20_on,135,,unknown,,,,unknown,0.995,0.001,0.001,0.001,0.001,0.001,0.995
nofold/s20_on,136,,unknown,,,,unknown,0.995,0.001,0.001,0.001,0.001,0.001,0.995
nofold/s20_on,137,,unknown,,,,unknown,0.995,0.001,0.001,0.001,0.001,0.001,0.995
nofold/s20_on,138,,unknown,,,,unknown,0.995,0.001,0.001,0.001,0.001,0.001,0.995
nofold/s20_on,139,,unknown,,,,unknown,0.995,0.001,0.001,0.001,0.001,0.001,0.995
nofold/s20_on,140,,unknown,,,,unknown,0.995,0.001,0.001,0.001,0.001,0.001,0.995
nofold/s20_on,141,,unknown,,,,unknown,0.995,0.001,0.001,0.001,0.001,0.001,0.995
nofold/s20_on,142,,unknown,,,,unknown,0.995,0.001,0.001,0.001,0.001,0.001,0.995
nofold/s20_on,143,,unknown,,,,unknown,0.995,0.001,0.001,0.001,0.001,0.001,0.995
nofold/s20_on,144,,unknown,,,,unknown,0.995,0.001,0.001,0.001,0.001,0.001,0.995
nofold/s20_on,145,,unknown,,,,unknown,0.995,0.001,0.001,0.001,0.001,0.001,0.995
nofold/s20_on,146,,unknown,,,,unknown,0.995,0.001,0.001,0.001,0.001,0.001,0.995
nofold/s20_on,147,,unknown,,,,unknown,0.995,0.001,0.001,0.001,0.001,0.001,0.995
nofold/s20_on,148,,unknown,,,,unknown,0.995,0.001,0.001,0.001,0.001,0.001,0.995
nofold/s20_on,149,,unknown,,,,unknown,0.995,0.001,0.001,0.001,0.001,0.001,0.995
nofold/s20_on,150,,unknown,,,,unknown,0.995,0.001,0.001,0.001,0.001,0.001,0.995
nofold/s20_on,151,,unknown,,,,unknown,0.995,0.001,0.001,0.001,0.001,0.001,0.995
nofold/s20_on,152,,unknown,,,,unknown,0.995,0.001,0.001,0.001,0.001,0.001,0.995
nofold/s20_on,153,,unknown,,,,unknown,0.995,0.001,0.001,0.001,0.001,0.001,0.995
nofold/s20_on,154,,unknown,,,,unknown,0.995,0.001,0.001,0.001,0.001,0.001,0.995
nofold/s20_on,155,,unknown,,,,unknown,0.995,0.001,0.001,0.001,0.001,0.001,0.995
nofold/s20_on,156,,unknown,,,,unknown,0.995,0.001,0.001,0.001,0.001,0.001,0.995
nofold/s20_on,157,,unknown,,,,unknown,0.995,0.001,0.001,0.001,0.001,0.001,0.995
nofold/s20_on,158,,unknown,,,,unknown,0.995,0.001,0.001,0.001,0.001,0.001,0.995
nofold/s20_on,159,,unknown,,,,unknown,0.995,0.001,0.001,0.001,0.001,0.001,0.995
nofold/s20_on,160,,unknown,,,,unknown,0.995,0.001,0.001,0.001,0.001,0.001,0.995
nofold/s20_on,161,,unknown,,,,unknown,0.995,0.001,0.001,0.001,0.001,0.001,0.995
nofold/s20_on,162,,unknown,,,,unknown,0.995,0.001,0.001,0.001,0.001,0.001,0.995
nofold/s20_on,163,,unknown,,,,unknown,0.995,0.001,0.001,0.001,0.001,0.001,0.995
nofold/s20_on,164,,unknown,,,,unknown,0.995,0.001,0.001,0.001,0.001,0.001,0.995
nofold/s20_on,165,,unknown,,,,unknown,0.995,0.001,0.001,0.001,0.001,0.001,0.995
nofold/s20_on,166,,unknown,,,,unknown,0.995,0.001,0.001,0.001,0.001,0.001,0.995
nofold/s20_on,167,,unknown,,,,unknown,0.995,0.001,0.001,0.001,0.001,0.001,0.995
nofold/s20_on,168,,unknown,,,,unknown,0.995,0.001,0.001,0.001,0.001,0.001,0.995
nofold/s20_on,169,,unknown,,,,unknown,0.995,0.001,0.001,0.001,0.001,0.001,0.995
nofold/s20_on,170,,unknown,,,,unknown,0.995,0.001,0.001,0.001,0.001,0.001,0.995
nofold/s20_on,171,,unknown,,,,unknown,0.995,0.001,0.001,0.001,0.001,0.001,0.995
nofold/s20_on,172,,unknown,,,,unknown,0.995,0.001,0.001,0.001,0.001,0.001,0.995
nofold/s20_on,173,,unknown,,,,unknown,0.995,0.001,0.001,0.001,0.001,0.001,0.995
nofold/s20_on,174,,unknown,,,,unknown,0.995,0.001,0.001,0.001,0.001,0.001,0.995
nofold/s20_on,175,,unknown,,,,unknown,0.995,0.001,0.001,0.001,0.001,0.001,0.995
nofold/s20_on,176,,unknown,,,,unknown,0.995,0.001,0.001,0.001,0.001,0.001,0.995
nofold/s20_on,177,,unknown,,,,unknown,0.995,0.001,0.001,0.001,0.001,0.001,0.995
nofold/s20_on,178,,unknown,,,,unknown,0.995,0.001,0.001,0.001,0.001,0.001,0.995
nofold/s20_on,179,,unknown,,,,unknown,0.995,0.001,0.001,0.001,0.001,0.001,0.995
nofold/s20_on,180,,unknown,,,,unknown,0.995,0.001,0.001,0.001,0.001,0.001,0.995
nofold/s20_on,181,,unknown,,,,unknown,0.995,0.001,0.001,0.001,0.001,0.001,0.995
nofold/s20_on,182,,unknown,,,,unknown,0.995,0.001,0.001,0.001,0.001,0.001,0.995
nofold/s20_on,183,,unknown,,,,unknown,0.995,0.001,0.001,0.001,0.001,0.001,0.995
nofold/s20_on,184,,unknown,,,,unknown,0.995,0.001,0.001,0.001,0.001,0.001,0.995
nofold/s20_on,185,,unknown,,,,unknown,0.995,0.001,0.001,0.001,0.001,0.001,0.995
nofold/s20_on,186,,unknown,,,,unknown,0.995,0.001,0.001,0.001,0.001,0.001,0.995
nofold/s20_on,187,,unknown,,,,unknown,0.995,0.001,0.001,0.001,0.001,0.001,0.995
nofold/s20_on,188,,unknown,,,,unknown,0.995,0.001,0.001,0.001,0.001,0.001,0.995
nofold/s20_on,189,,unknown,,,,unknown,0.995,0.001,0.001,0.001,0.001,0.001,0.995
nofold/s20_on,190,,unknown,,,,unknown,0.995,0.001,0.001,0.001,0.001,0.001,0.995
nofold/s20_on,191,,unknown,,,,unknown,0.995,0.001,0.001,0.001,0.001,0.001,0.995
nofold/s20_on,192,,unknown,,,,unknown,0.995,0.001,0.001,0.001,0.001,0.001,0.995
nofold/s20_on,193,,unknown,,,,unknown,0.995,0.001,0.001,0.001,0.001,0.001,0.995
nofold/s20_on,194,,unknown,,,,unknown,0.995,0.001,0.001,0.001,0.001,0.001,0.995
nofold/s20_on,195,,unknown,,,,unknown,0.995,0.001,0.001,0.001,0.001,0.001,0.995
nofold/s20_on,196,,unknown,,,,unknown,0.995,0.001,0.001,0.001,0.001,0.001,0.995
nofold/s20_on,197,,unknown,,,,unknown,0.995,0.001,0.001,0.001,0.001,0.001,0.995
nofold/s20_on,198,,unknown,,,,unknown,0.995,0.001,0.001,0.001,0.001,0.001,0.995
nofold/s20_on,199,,unknown,,,,unknown,0.995,0.001,0.001,0.001,0.001,0.001,0.995
nofold/s30_off,0,,d(item_3),move_to,step,,d(item_3),0.2008,0.1936,0.2008,0.1979,0.1922,0.1955,0.0201
nofold/s30_off,1,,d(item_3),move_to,step,,d(item_3),0.206,0.1909,0.206,0.2,0.1878,0.1948,0.0206
nofold/s30_off,2,,d(item_3),move_to,step,,d(item_3),0.2118,0.1879,0.2118,0.2022,0.1827,0.1942,0.0212
nofold/s30_off,3,,d(item_3),move_to,step,,d(item_3),0.2183,0.1847,0.2183,0.2047,0.1769,0.1935,0.0218
nofold/s30_off,4,,d(item_3),move_to,step,,d(item_3),0.2257,0.1811,0.2257,0.2075,0.1703,0.1928,0.0226
nofold/s30_off,5,,d(item_3),move_to,step,,d(item_3),0.2339,0.1772,0.2339,0.2105,0.1629,0.1921,0.0234
nofold/s30_off,6,,d(item_3),move_to,step,,d(item_3),0.2431,0.1729,0.2431,0.2137,0.1547,0.1913,0.0243
nofold/s30_off,7,,d(item_3),move_to,step,,d(item_3),0.2534,0.1682,0.2534,0.2172,0.1456,0.1903,0.0253
nofold/s30_off,8,,d(item_3),move_to,step,,d(item_3),0.2649,0.163,0.2649,0.2207,0.1358,0.1891,0.0265
nofold/s30_off,9,,d(item_3),move_to,step,,d(item_3),0.2778,0.1572,0.2778,0.2243,0.1253,0.1876,0.0278
nofold/s30_off,10,,d(item_3),move_to,step,,d(item_3),0.292,0.1509,0.292,0.2279,0.1142,0.1857,0.0292
nofold/s30_off,11,,d(item_3),move_to,step,,d(item_3),0.3078,0.144,0.3078,0.2312,0.1029,0.1834,0.0308
nofold/s30_off,12,,d(item_3),move_to,step,,d(item_3),0.3251,0.1365,0.3251,0.2341,0.0914,0.1804,0.0325
nofold/s30_off,13,,d(item_3),move_to,step,,d(item_3),0.344,0.1283,0.344,0.2364,0.0801,0.1767,0.0344
nofold/s30_off,14,,d(item_3),move_to,step,,d(item_3),0.3645,0.1197,0.3645,0.2378,0.0693,0.1722,0.0365
nofold/s30_off,15,,d(item_3),move_to,step,,d(item_3),0.3868,0.1106,0.3868,0.238,0.059,0.1669,0.0387
nofold/s30_off,16,,d(item_3),move_to,step,,d(item_3),0.4107,0.1013,0.4107,0.2368,0.0497,0.1606,0.0411
nofold/s30_off,17,,d(item_3),move_to,step,,d(item_3),0.4363,0.0917,0.4363,0.2338,0.0412,0.1534,0.0436
nofold/s30_off,18,,d(item_3),move_to,step,,d(item_3),0.4635,0.0822,0.4635,0.2289,0.0338,0.1452,0.0463
nofold/s30_off,19,,d(item_3),move_to,step,,d(item_3),0.4923,0.0729,0.4923,0.2219,0.0273,0.1363,0.0492
nofold/s30_off,20,,d(item_3),move_to,step,,d(item_3),0.5226,0.0639,0.5226,0.2127,0.0219,0.1267,0.0523
nofold/s30_off,21,,d(item_3),move_to,step,,d(item_3),0.5542,0.0553,0.5542,0.2013,0.0173,0.1165,0.0554
nofold/s30_off,22,,d(item_3),move_to,step,,d(item_3),0.5867,0.0473,0.5867,0.1878,0.0136,0.1059,0.0587
nofold/s30_off,23,,d(item_3),move_to,step,,d(item_3),0.6199,0.04,0.6199,0.1725,0.0105,0.0951,0.062
nofold/s30_off,24,,d(item_3),move_to,step,,d(item_3),0.6532,0.0334,0.6532,0.1557,0.0081,0.0844,0.0653
nofold/s30_off,25,,d(item_3),move_to,step,,d(item_3),0.6859,0.0275,0.6859,0.138,0.0061,0.0738,0.0686
nofold/s30_off,26,,d(item_3),move_to,step,,d(item_3),0.7175,0.0224,0.7175,0.12,0.0046,0.0637,0.0717
nofold/s30_off,27,,d(item_3),move_to,step,,d(item_3),0.7472,0.018,0.7472,0.1024,0.0034,0.0542,0.0747
nofold/s30_off,28,,d(item_3),move_to,step,,d(item_3),0.7746,0.0143,0.7746,0.0856,0.0025,0.0455,0.0775
nofold/s30_off,29,,d(item_3),move_to,step,,d(item_3),0.7992,0.0112,0.7992,0.0702,0.0019,0.0376,0.0799
nofold/s30_off,30,,d(item_3),move_to,step,,d(item_3),0.8207,0.0087,0.8207,0.0565,0.0013,0.0307,0.0821
nofold/s30_off,31,,d(item_3),move_to,step,,d(item_3),0.8391,0.0066,0.8391,0.0447,0.001,0.0247,0.0839
nofold/s30_off,32,,d(item_3),move_to,step,,d(item_3),0.8542,0.005,0.8542,0.0348,0.001,0.0196,0.0854
nofold/s30_off,33,,d(item_3),move_to,step,,d(item_3),0.8665,0.0038,0.8665,0.0267,0.001,0.0154,0.0867
nofold/s30_off,34,,d(item_3),move_to,step,,d(item_3),0.8764,0.0028,0.8764,0.0202,0.001,0.012,0.0876
nofold/s30_off,35,,d(item_3),move_to,step,,d(item_3),0.8842,0.0021,0.8842,0.0151,0.001,0.0092,0.0884
nofold/s30_off,36,,d(item_3),move_to,step,,d(item_3),0.8903,0.0015,0.8903,0.0111,0.001,0.007,0.089
nofold/s30_off,37,,d(item_3),move_to,step,,d(item_3),0.8949,0.0011,0.8949,0.0082,0.001,0.0053,0.0895
nofold/s30_off,38,,d(item_3),move_to,,,d(item_3),0.8949,0.0011,0.8949,0.0082,0.001,0.0053,0.0895
nofold/s30_off,39,,d(item_3),pick_up,grasp,item_3,d(item_3),0.8949,0.0011,0.8949,0.0082,0.001,0.0053,0.0895
nofold/s30_off,40,,d(item_3),pick_up,,item_3,d(item_3),0.8949,0.0011,0.8949,0.0082,0.001,0.0053,0.0895
nofold/s30_off,41,,d(item_3),move_to,step,item_3,d(item_3),0.8949,0.0011,0.8949,0.0082,0.001,0.0053,0.0895
nofold/s30_off,42,,d(item_3),move_to,step,item_3,d(item_3),0.8974,0.001,0.8974,0.0066,0.001,0.0043,0.0897
nofold/s30_off,43,,d(item_3),move_to,step,item_3,d(item_3),0.8996,0.001,0.8996,0.0051,0.001,0.0033,0.09
nofold/s30_off,44,,d(item_3),move_to,step,item_3,d(item_3),0.9015,0.001,0.9015,0.0038,0.001,0.0025,0.0902
nofold/s30_off,45,,d(item_3),move_to,step,item_3,d(item_3),0.9031,0.001,0.9031,0.0028,0.001,0.0018,0.0903
nofold/s30_off,46,,d(item_3),move_to,step,item_3,d(item_3),0.9043,0.001,0.9043,0.002,0.001,0.0013,0.0904
nofold/s30_off,47,,d(item_3),move_to,step,item_3,d(item_3),0.9051,0.001,0.9051,0.0014,0.001,0.001,0.0905
nofold/s30_off,48,,d(item_3),move_to,step,item_3,d(item_3),0.9055,0.001,0.9055,0.001,0.001,0.001,0.0905
nofold/s30_off,49,,d(item_3),move_to,step,item_3,d(item_3),0.9055,0.001,0.9055,0.001,0.001,0.001,0.0905
nofold/s30_off,50,,d(item_3),move_to,step,item_3,d(item_3),0.9055,0.001,0.9055,0.001,0.001,0.001,0.0905
nofold/s30_off,51,,d(item_3),move_to,step,item_3,d(item_3),0.9055,0.001,0.9055,0.001,0.001,0.001,0.0905
nofold/s30_off,52,,d(item_3),move_to,step,item_3,d(item_3),0.9055,0.001,0.9055,0.001,0.001,0.001,0.0905
nofold/s30_off,53,,d(item_3),move_to,step,item_3,d(item_3),0.9055,0.001,0.9055,0.001,0.001,0.001,0.0905
nofold/s30_off,54,,d(item_3),move_to,step,item_3,d(item_3),0.9055,0.001,0.9055,0.001,0.001,0.001,0.0905
nofold/s30_off,55,,d(item_3),move_to,step,item_3,d(item_3),0.9055,0.001,0.9055,0.001,0.001,0.001,0.0905
nofold/s30_off,56,,d(item_3),move_to,step,item_3,d(item_3),0.9055,0.001,0.9055,0.001,0.001,0.001,0.0905
nofold/s30_off,57,,d(item_3),move_to,step,item_3,d(item_3),0.9055,0.001,0.9055,0.001,0.001,0.001,0.0905
nofold/s30_off,58,,d(item_3),move_to,step,item_3,d(item_3),0.9055,0.001,0.9055,0.001,0.001,0.001,0.0905
nofold/s30_off,59,,d(item_3),move_to,step,item_3,d(item_3),0.9055,0.001,0.9055,0.001,0.001,0.001,0.0905
nofold/s30_off,60,,d(item_3),move_to,step,item_3,d(item_3),0.9055,0.001,0.9055,0.001,0.001,0.001,0.0905
nofold/s30_off,61,,d(item_3),move_to,step,item_3,d(item_3),0.9055,0.001,0.9055,0.001,0.001,0.001,0.0905
nofold/s30_off,62,,d(item_3),move_to,step,item_3,d(item_3),0.9055,0.001,0.9055,0.001,0.001,0.001,0.0905
nofold/s30_off,63,,d(item_3),move_to,step,item_3,d(item_3),0.9055,0.001,0.9055,0.001,0.001,0.001,0.0905
nofold/s30_off,64,,d(item_3),move_to,step,item_3,d(item_3),0.9055,0.001,0.9055,0.001,0.001,0.001,0.0905
nofold/s30_off,65,,d(item_3),move_to,step,item_3,d(item_3),0.9055,0.001,0.9055,0.001,0.001,0.001,0.0905
nofold/s30_off,66,,d(item_3),move_to,step,item_3,d(item_3),0.9055,0.001,0.9055,0.001,0.001,0.001,0.0905
nofold/s30_off,67,,d(item_3),move_to,step,item_3,d(item_3),0.9055,0.001,0.9055,0.001,0.001,0.001,0.0905
nofold/s30_off,68,,d(item_3),move_to,step,item_3,d(item_3),0.9055,0.001,0.9055,0.001,0.001,0.001,0.0905
nofold/s30_off,69,,d(item_3),move_to,step,item_3,d(item_3),0.9055,0.001,0.9055,0.001,0.001,0.001,0.0905
nofold/s30_off,70,,d(item_3),move_to,step,item_3,d(item_3),0.9055,0.001,0.9055,0.001,0.001,0.001,0.0905
nofold/s30_off,71,,d(item_3),move_to,step,item_3,d(item_3),0.9055,0.001,0.9055,0.001,0.001,0.001,0.0905
nofold/s30_off,72,,d(item_3),move_to,step,item_3,d(item_3),0.9055,0.001,0.9055,0.001,0.001,0.001,0.0905
nofold/s30_off,73,,d(item_3),move_to,,item_3,d(item_3),0.9055,0.001,0.9055,0.001,0.001,0.001,0.0905
nofold/s30_off,74,,d(item_3),place,release,,d(item_2),0.1998,0.1998,0.001,0.1998,0.1998,0.1998,0.1998
nofold/s30_off,75,,d(item_3),place,,,d(item_2),0.1998,0.1998,0.001,0.1998,0.1998,0.1998,0.1998
nofold/s30_off,76,,d(item_7),,,,d(item_2),0.1998,0.1998,0.001,0.1998,0.1998,0.1998,0.1998
nofold/s30_off,77,,d(item_7),move_to,step,,d(item_7),0.2685,0.232,0.001,0.2414,0.2302,0.2685,0.0269
nofold/s30_off,78,,d(item_7),move_to,step,,d(item_7),0.2997,0.2152,0.001,0.239,0.2151,0.2997,0.03
nofold/s30_off,79,,d(item_7),move_to,step,,d(item_7),0.3383,0.1925,0.001,0.2358,0.1986,0.3383,0.0338
nofold/s30_off,80,,d(item_7),move_to,step,,d(item_7),0.3847,0.1639,0.001,0.2311,0.1808,0.3847,0.0385
nofold/s30_off,81,,d(item_7),move_to,step,,d(item_7),0.4384,0.1317,0.001,0.2236,0.1615,0.4384,0.0438
nofold/s30_off,82,,d(item_7),move_to,step,,d(item_7),0.4969,0.0993,0.001,0.2122,0.141,0.4969,0.0497
nofold/s30_off,83,,d(item_7),move_to,step,,d(item_7),0.5567,0.0706,0.001,0.1962,0.1198,0.5567,0.0557
nofold/s30_off,84,,d(item_7),move_to,step,,d(item_7),0.6138,0.0487,0.001,0.1763,0.0988,0.6138,0.0614
nofold/s30_off,85,,d(item_7),move_to,step,,d(item_7),0.6641,0.0358,0.001,0.1536,0.0791,0.6641,0.0664
nofold/s30_off,86,,d(item_7),move_to,step,,d(item_7),0.7277,0.001,0.001,0.1339,0.0636,0.7277,0.0728
nofold/s30_off,87,,d(item_7),move_to,step,,d(item_7),0.7627,0.001,0.001,0.1106,0.0485,0.7627,0.0763
nofold/s30_off,88,,d(item_7),move_to,step,,d(item_7),0.7926,0.001,0.001,0.0897,0.0364,0.7926,0.0793
nofold/s30_off,89,,d(item_7),move_to,step,,d(item_7),0.8176,0.001,0.001,0.0716,0.027,0.8176,0.0818
nofold/s30_off,90,,d(item_7),move_to,step,,d(item_7),0.8381,0.001,0.001,0.0563,0.0198,0.8381,0.0838
nofold/s30_off,91,,d(item_7),move_to,step,,d(item_7),0.8544,0.001,0.001,0.0438,0.0144,0.8544,0.0854
nofold/s30_off,92,,d(item_7),move_to,step,,d(item_7),0.8672,0.001,0.001,0.0336,0.0104,0.8672,0.0867
nofold/s30_off,93,,d(item_7),move_to,step,,d(item_7),0.8772,0.001,0.001,0.0256,0.0074,0.8772,0.0877
nofold/s30_off,94,,d(item_7),move_to,step,,d(item_7),0.8849,0.001,0.001,0.0194,0.0053,0.8849,0.0885
nofold/s30_off,95,,d(item_7),move_to,step,,d(item_7),0.8907,0.001,0.001,0.0145,0.0038,0.8907,0.0891
nofold/s30_off,96,,d(item_7),move_to,step,,d(item_7),0.895,0.001,0.001,0.0108,0.0027,0.895,0.0895
nofold/s30_off,97,,d(item_7),move_to,,,d(item_7),0.895,0.001,0.001,0.0108,0.0027,0.895,0.0895
nofold/s30_off,98,,d(item_7),pick_up,grasp,item_7,d(item_7),0.895,0.001,0.001,0.0108,0.0027,0.895,0.0895
nofold/s30_off,99,,d(item_7),pick_up,,item_7,d(item_7),0.895,0.001,0.001,0.0108,0.0027,0.895,0.0895
nofold/s30_off,100,,d(item_7),move_to,step,item_7,d(item_7),0.895,0.001,0.001,0.0108,0.0027,0.895,0.0895
nofold/s30_off,101,,d(item_7),move_to,step,item_7,d(item_7),0.8974,0.001,0.001,0.0087,0.0021,0.8974,0.0897
nofold/s30_off,102,,d(item_7),move_to,step,item_7,d(item_7),0.8996,0.001,0.001,0.0067,0.0017,0.8996,0.09
nofold/s30_off,103,,d(item_7),move_to,step,item_7,d(item_7),0.9016,0.001,0.001,0.005,0.0012,0.9016,0.0902
nofold/s30_off,104,,d(item_7),move_to,step,item_7,d(item_7),0.903,0.001,0.001,0.0037,0.001,0.903,0.0903
nofold/s30_off,105,,d(item_7),move_to,step,item_7,d(item_7),0.904,0.001,0.001,0.0026,0.001,0.904,0.0904
nofold/s30_off,106,,d(item_7),move_to,step,item_7,d(item_7),0.9047,0.001,0.001,0.0018,0.001,0.9047,0.0905
nofold/s30_off,107,,d(item_7),move_to,step,item_7,d(item_7),0.9052,0.001,0.001,0.0013,0.001,0.9052,0.0905
nofold/s30_off,108,,d(item_7),move_to,step,item_7,d(item_7),0.9055,0.001,0.001,0.001,0.001,0.9055,0.0905
nofold/s30_off,109,,d(item_7),move_to,step,item_7,d(item_7),0.9055,0.001,0.001,0.001,0.001,0.9055,0.0905
nofold/s30_off,110,,d(item_7),move_to,step,item_7,d(item_7),0.9055,0.001,0.001,0.001,0.001,0.9055,0.0905
nofold/s30_off,111,,d(item_7),move_to,step,item_7,d(item_7),0.9055,0.001,0.001,0.001,0.001,0.9055,0.0905
nofold/s30_off,112,,d(item_7),move_to,step,item_7,d(item_7),0.9055,0.001,0.001,0.001,0.001,0.9055,0.0905
nofold/s30_off,113,,d(item_7),move_to,step,item_7,d(item_7),0.9055,0.001,0.001,0.001,0.001,0.9055,0.0905
nofold/s30_off,114,,d(item_7),move_to,step,item_7,d(item_7),0.9055,0.001,0.001,0.001,0.001,0.9055,0.0905
nofold/s30_off,115,,d(item_7),move_to,step,item_7,d(item_7),0.9055,0.001,0.001,0.001,0.001,0.9055,0.0905
nofold/s30_off,116,,d(item_7),move_to,step,item_7,d(item_7),0.9055,0.001,0.001,0.001,0.001,0.9055,0.0905
nofold/s30_off,117,,d(item_7),move_to,step,item_7,d(item_7),0.9055,0.001,0.001,0.001,0.001,0.9055,0.0905
nofold/s30_off,118,,d(item_7),move_to,step,item_7,d(item_7),0.9055,0.001,0.001,0.001,0.001,0.9055,0.0905
nofold/s30_off,119,,d(item_7),move_to,step,item_7,d(item_7),0.9055,0.001,0.001,0.001,0.001,0.9055,0.0905
nofold/s30_off,120,,d(item_7),move_to,,item_7,d(item_7),0.9055,0.001,0.001,0.001,0.001,0.9055,0.0905
nofold/s30_off,121,,d(item_7),place,release,,d(item_4),0.3323,0.001,0.001,0.3323,0.3323,0.001,0.3323
nofold/s30_off,122,,d(item_7),place,,,d(item_4),0.3323,0.001,0.001,0.3323,0.3323,0.001,0.3323
nofold/s30_off,123,,unknown,,,,d(item_4),0.3323,0.001,0.001,0.3323,0.3323,0.001,0.3323
nofold/s30_off,124,,unknown,,,,d(item_4),0.3323,0.001,0.001,0.3323,0.3323,0.001,0.3323
nofold/s30_off,125,,unknown,,,,d(item_4),0.3323,0.001,0.001,0.3323,0.3323,0.001,0.3323
nofold/s30_off,126,,unknown,,,,d(item_4),0.3323,0.001,0.001,0.3323,0.3323,0.001,0.3323
nofold/s30_off,127,,unknown,,,,d(item_4),0.3323,0.001,0.001,0.3323,0.3323,0.001,0.3323
nofold/s30_off,128,,unknown,,,,d(item_4),0.3323,0.001,0.001,0.3323,0.3323,0.001,0.3323
nofold/s30_off,129,,unknown,,,,d(item_4),0.3323,0.001,0.001,0.3323,0.3323,0.001,0.3323
nofold/s30_off,130,,unknown,,,,d(item_4),0.3323,0.001,0.001,0.3323,0.3323,0.001,0.3323
nofold/s30_off,131,,unknown,,,,d(item_4),0.3323,0.001,0.001,0.3323,0.3323,0.001,0.3323
nofold/s30_off,132,,unknown,,,,d(item_4),0.3323,0.001,0.001,0.3323,0.3323,0.001,0.3323
nofold/s30_off,133,,unknown,,,,d(item_4),0.3323,0.001,0.001,0.3323,0.3323,0.001,0.3323
nofold/s30_off,134,,unknown,,,,d(item_4),0.3323,0.001,0.001,0.3323,0.3323,0.001,0.3323
nofold/s30_off,135,,unknown,,,,d(item_4),0.3323,0.001,0.001,0.3323,0.3323,0.001,0.3323
nofold/s30_off,136,,unknown,,,,d(item_4),0.3323,0.001,0.001,0.3323,0.3323,0.001,0.3323
nofold/s30_off,137,,unknown,,,,d(item_4),0.3323,0.001,0.001,0.3323,0.3323,0.001,0.3323
nofold/s30_off,138,,unknown,,,,d(item_4),0.3323,0.001,0.001,0.3323,0.3323,0.001,0.3323
nofold/s30_off,139,,unknown,,,,d(item_4),0.3323,0.001,0.001,0.3323,0.3323,0.001,0.3323
nofold/s30_off,140,,unknown,,,,d(item_4),0.3323,0.001,0.001,0.3323,0.3323,0.001,0.3323
nofold/s30_off,141,,unknown,,,,d(item_4),0.3323,0.001,0.001,0.3323,0.3323,0.001,0.3323
nofold/s30_off,142,,unknown,,,,d(item_4),0.3323,0.001,0.001,0.3323,0.3323,0.001,0.3323
nofold/s30_off,143,,unknown,,,,d(item_4),0.3323,0.001,0.001,0.3323,0.3323,0.001,0.3323
nofold/s30_off,144,,unknown,,,,d(item_4),0.3323,0.001,0.001,0.3323,0.3323,0.001,0.3323
nofold/s30_off,145,,unknown,,,,d(item_4),0.3323,0.001,0.001,0.3323,0.3323,0.001,0.3323
nofold/s30_off,146,,unknown,,,,d(item_4),0.3323,0.001,0.001,0.3323,0.3323,0.001,0.3323
nofold/s30_off,147,,unknown,,,,d(item_4),0.3323,0.001,0.001,0.3323,0.3323,0.001,0.3323
nofold/s30_off,148,,unknown,,,,d(item_4),0.3323,0.001,0.001,0.3323,0.3323,0.001,0.3323
nofold/s30_off,149,,unknown,,,,d(item_4),0.3323,0.001,0.001,0.3323,0.3323,0.001,0.3323
nofold/s30_off,150,,unknown,,,,d(item_4),0.3323,0.001,0.001,0.3323,0.3323,0.001,0.3323
nofold/s30_off,151,,unknown,,,,d(item_4),0.3323,0.001,0.001,0.3323,0.3323,0.001,0.3323
nofold/s30_off,152,,unknown,,,,d(item_4),0.3323,0.001,0.001,0.3323,0.3323,0.001,0.3323
nofold/s30_off,153,,unknown,,,,d(item_4),0.3323,0.001,0.001,0.3323,0.3323,0.001,0.3323
nofold/s30_off,154,,unknown,,,,d(item_4),0.3323,0.001,0.001,0.3323,0.3323,0.001,0.3323
nofold/s30_off,155,,unknown,,,,d(item_4),0.3323,0.001,0.001,0.3323,0.3323,0.001,0.3323
nofold/s30_off,156,,unknown,,,,d(item_4),0.3323,0.001,0.001,0.3323,0.3323,0.001,0.3323
nofold/s30_off,157,,unknown,,,,d(item_4),0.3323,0.001,0.001,0.3323,0.3323,0.001,0.3323
nofold/s30_off,158,,unknown,,,,d(item_4),0.3323,0.001,0.001,0.3323,0.3323,0.001,0.3323
nofold/s30_off,159,,unknown,,,,d(item_4),0.3323,0.001,0.001,0.3323,0.3323,0.001,0.3323
nofold/s30_off,160,,unknown,,,,d(item_4),0.3323,0.001,0.001,0.3323,0.3323,0.001,0.3323
nofold/s30_off,161,,unknown,,,,d(item_6),0.498,0.001,0.001,0.001,0.498,0.001,0.498
nofold/s30_off,162,,unknown,,,,d(item_6),0.498,0.001,0.001,0.001,0.498,0.001,0.498
nofold/s30_off,163,,unknown,,,,d(item_6),0.498,0.001,0.001,0.001,0.498,0.001,0.498
nofold/s30_on,0,,d(item_3),move_to,step,,d(item_3),0.4808,0.001,0.4808,0.001,0.001,0.4681,0.0481
nofold/s30_on,1,,d(item_3),move_to,step,,d(item_3),0.4873,0.001,0.4873,0.001,0.001,0.4609,0.0487
nofold/s30_on,2,,d(item_3),move_to,step,,d(item_3),0.4943,0.001,0.4943,0.001,0.001,0.4532,0.0494
nofold/s30_on,3,,d(item_3),move_to,step,,d(item_3),0.5019,0.001,0.5019,0.001,0.001,0.4449,0.0502
nofold/s30_on,4,,d(item_3),move_to,step,,d(item_3),0.5101,0.001,0.5101,0.001,0.001,0.4359,0.051
nofold/s30_on,5,,d(item_3),move_to,step,,d(item_3),0.5189,0.001,0.5189,0.001,0.001,0.4262,0.0519
nofold/s30_on,6,,d(item_3),move_to,step,,d(item_3),0.5284,0.001,0.5284,0.001,0.001,0.4157,0.0528
nofold/s30_on,7,,d(item_3),move_to,step,,d(item_3),0.5387,0.001,0.5387,0.001,0.001,0.4045,0.0539
nofold/s30_on,8,,d(item_3),move_to,step,,d(item_3),0.5497,0.001,0.5497,0.001,0.001,0.3923,0.055
nofold/s30_on,9,,d(item_3),move_to,step,,d(item_3),0.5616,0.001,0.5616,0.001,0.001,0.3793,0.0562
nofold/s30_on,10,,d(item_3),move_to,step,,d(item_3),0.5743,0.001,0.5743,0.001,0.001,0.3653,0.0574
nofold/s30_on,11,,d(item_3),move_to,step,,d(item_3),0.5879,0.001,0.5879,0.001,0.001,0.3503,0.0588
nofold/s30_on,12,,d(item_3),move_to,step,,d(item_3),0.6024,0.001,0.6024,0.001,0.001,0.3343,0.0602
nofold/s30_on,13,,d(item_3),move_to,step,,d(item_3),0.6178,0.001,0.6178,0.001,0.001,0.3174,0.0618
nofold/s30_on,14,,d(item_3),move_to,step,,d(item_3),0.634,0.001,0.634,0.001,0.001,0.2996,0.0634
nofold/s30_on,15,,d(item_3),move_to,step,,d(item_3),0.651,0.001,0.651,0.001,0.001,0.2809,0.0651
nofold/s30_on,16,,d(item_3),move_to,step,,d(item_3),0.6687,0.001,0.6687,0.001,0.001,0.2615,0.0669
nofold/s30_on,17,,d(item_3),move_to,step,,d(item_3),0.6869,0.001,0.6869,0.001,0.001,0.2415,0.0687
nofold/s30_on,18,,d(item_3),move_to,step,,d(item_3),0.7054,0.001,0.7054,0.001,0.001,0.2211,0.0705
nofold/s30_on,19,,d(item_3),move_to,step,,d(item_3),0.7241,0.001,0.7241,0.001,0.001,0.2005,0.0724
nofold/s30_on,20,,d(item_3),move_to,step,,d(item_3),0.7427,0.001,0.7427,0.001,0.001,0.18,0.0743
nofold/s30_on,21,,d(item_3),move_to,step,,d(item_3),0.761,0.001,0.761,0.001,0.001,0.1599,0.0761
nofold/s30_on,22,,d(item_3),move_to,step,,d(item_3),0.7786,0.001,0.7786,0.001,0.001,0.1405,0.0779
nofold/s30_on,23,,d(item_3),move_to,step,,d(item_3),0.7954,0.001,0.7954,0.001,0.001,0.1221,0.0795
nofold/s30_on,24,,d(item_3),move_to,step,,d(item_3),0.8111,0.001,0.8111,0.001,0.001,0.1048,0.0811
nofold/s30_on,25,,d(item_3),move_to,step,,d(item_3),0.8256,0.001,0.8256,0.001,0.001,0.0889,0.0826
nofold/s30_on,26,,d(item_3),move_to,step,,d(item_3),0.8386,0.001,0.8386,0.001,0.001,0.0745,0.0839
nofold/s30_on,27,,d(item_3),move_to,step,,d(item_3),0.8503,0.001,0.8503,0.001,0.001,0.0617,0.085
nofold/s30_on,28,,d(item_3),move_to,step,,d(item_3),0.8604,0.001,0.8604,0.001,0.001,0.0505,0.086
nofold/s30_on,29,,d(item_3),move_to,step,,d(item_3),0.8692,0.001,0.8692,0.001,0.001,0.0409,0.0869
nofold/s30_on,30,,d(item_3),move_to,step,,d(item_3),0.8766,0.001,0.8766,0.001,0.001,0.0328,0.0877
nofold/s30_on,31,,d(item_3),move_to,step,,d(item_3),0.8827,0.001,0.8827,0.001,0.001,0.026,0.0883
nofold/s30_on,32,,d(item_3),move_to,step,,d(item_3),0.8878,0.001,0.8878,0.001,0.001,0.0204,0.0888
nofold/s30_on,33,,d(item_3),move_to,step,,d(item_3),0.8919,0.001,0.8919,0.001,0.001,0.0159,0.0892
nofold/s30_on,34,,d(item_3),move_to,step,,d(item_3),0.8952,0.001,0.8952,0.001,0.001,0.0122,0.0895
nofold/s30_on,35,,d(item_3),move_to,step,,d(item_3),0.8979,0.001,0.8979,0.001,0.001,0.0094,0.0898
nofold/s30_on,36,,d(item_3),move_to,step,,d(item_3),0.8999,0.001,0.8999,0.001,0.001,0.0071,0.09
nofold/s30_on,37,,d(item_3),move_to,step,,d(item_3),0.9015,0.001,0.9015,0.001,0.001,0.0053,0.0902
nofold/s30_on,38,,d(item_3),move_to,,,d(item_3),0.9015,0.001,0.9015,0.001,0.001,0.0053,0.0902
nofold/s30_on,39,,d(item_3),pick_up,grasp,item_3,d(item_3),0.9015,0.001,0.9015,0.001,0.001,0.0053,0.0902
nofold/s30_on,40,,d(item_3),pick_up,,item_3,d(item_3),0.9015,0.001,0.9015,0.001,0.001,0.0053,0.0902
nofold/s30_on,41,,d(item_3),move_to,step,item_3,d(item_3),0.9015,0.001,0.9015,0.001,0.001,0.0053,0.0902
nofold/s30_on,42,,d(item_3),move_to,step,item_3,d(item_3),0.9024,0.001,0.9024,0.001,0.001,0.0043,0.0902
nofold/s30_on,43,,d(item_3),move_to,step,item_3,d(item_3),0.9033,0.001,0.9033,0.001,0.001,0.0033,0.0903
nofold/s30_on,44,,d(item_3),move_to,step,item_3,d(item_3),0.9041,0.001,0.9041,0.001,0.001,0.0025,0.0904
nofold/s30_on,45,,d(item_3),move_to,step,item_3,d(item_3),0.9047,0.001,0.9047,0.001,0.001,0.0018,0.0905
nofold/s30_on,46,,d(item_3),move_to,step,item_3,d(item_3),0.9052,0.001,0.9052,0.001,0.001,0.0013,0.0905
nofold/s30_on,47,,d(item_3),move_to,step,item_3,d(item_3),0.9055,0.001,0.9055,0.001,0.001,0.001,0.0905
nofold/s30_on,48,,d(item_3),move_to,step,item_3,d(item_3),0.9055,0.001,0.9055,0.001,0.001,0.001,0.0905
nofold/s30_on,49,,d(item_3),move_to,step,item_3,d(item_3),0.9055,0.001,0.9055,0.001,0.001,0.001,0.0905
nofold/s30_on,50,,d(item_3),move_to,step,item_3,d(item_3),0.9055,0.001,0.9055,0.001,0.001,0.001,0.0905
nofold/s30_on,51,,d(item_3),move_to,step,item_3,d(item_3),0.9055,0.001,0.9055,0.001,0.001,0.001,0.0905
nofold/s30_on,52,,d(item_3),move_to,step,item_3,d(item_3),0.9055,0.001,0.9055,0.001,0.001,0.001,0.0905
nofold/s30_on,53,,d(item_3),move_to,step,item_3,d(item_3),0.9055,0.001,0.9055,0.001,0.001,0.001,0.0905
nofold/s30_on,54,,d(item_3),move_to,step,item_3,d(item_3),0.9055,0.001,0.9055,0.001,0.001,0.001,0.0905
nofold/s30_on,55,,d(item_3),move_to,step,item_3,d(item_3),0.9055,0.001,0.9055,0.001,0.001,0.001,0.0905
nofold/s30_on,56,,d(item_3),move_to,step,item_3,d(item_3),0.9055,0.001,0.9055,0.001,0.001,0.001,0.0905
nofold/s30_on,57,,d(item_3),move_to,step,item_3,d(item_3),0.9055,0.001,0.9055,0.001,0.001,0.001,0.0905
nofold/s30_on,58,,d(item_3),move_to,step,item_3,d(item_3),0.9055,0.001,0.9055,0.001,0.001,0.001,0.0905
nofold/s30_on,59,,d(item_3),move_to,step,item_3,d(item_3),0.9055,0.001,0.9055,0.001,0.001,0.001,0.0905
nofold/s30_on,60,,d(item_3),move_to,step,item_3,d(item_3),0.9055,0.001,0.9055,0.001,0.001,0.001,0.0905
nofold/s30_on,61,,d(item_3),move_to,step,item_3,d(item_3),0.9055,0.001,0.9055,0.001,0.001,0.001,0.0905
nofold/s30_on,62,,d(item_3),move_to,step,item_3,d(item_3),0.9055,0.001,0.9055,0.001,0.001,0.001,0.0905
nofold/s30_on,63,,d(item_3),move_to,step,item_3,d(item_3),0.9055,0.001,0.9055,0.001,0.001,0.001,0.0905
nofold/s30_on,64,,d(item_3),move_to,step,item_3,d(item_3),0.9055,0.001,0.9055,0.001,0.001,0.001,0.0905
nofold/s30_on,65,,d(item_3),move_to,step,item_3,d(item_3),0.9055,0.001,0.9055,0.001,0.001,0.001,0.0905
nofold/s30_on,66,,d(item_3),move_to,step,item_3,d(item_3),0.9055,0.001,0.9055,0.001,0.001,0.001,0.0905
nofold/s30_on,67,,d(item_3),move_to,step,item_3,d(item_3),0.9055,0.001,0.9055,0.001,0.001,0.001,0.0905
nofold/s30_on,68,,d(item_3),move_to,step,item_3,d(item_3),0.9055,0.001,0.9055,0.001,0.001,0.001,0.0905
nofold/s30_on,69,,d(item_3),move_to,step,item_3,d(item_3),0.9055,0.001,0.9055,0.001,0.001,0.001,0.0905
nofold/s30_on,70,,d(item_3),move_to,step,item_3,d(item_3),0.9055,0.001,0.9055,0.001,0.001,0.001,0.0905
nofold/s30_on,71,,d(item_3),move_to,step,item_3,d(item_3),0.9055,0.001,0.9055,0.001,0.001,0.001,0.0905
nofold/s30_on,72,,d(item_3),move_to,step,item_3,d(item_3),0.9055,0.001,0.9055,0.001,0.001,0.001,0.0905
nofold/s30_on,73,,d(item_3),move_to,,item_3,d(item_3),0.9055,0.001,0.9055,0.001,0.001,0.001,0.0905
nofold/s30_on,74,,d(item_3),place,release,,d(item_7),0.498,0.001,0.001,0.001,0.001,0.498,0.498
nofold/s30_on,75,,d(item_3),place,,,d(item_7),0.498,0.001,0.001,0.001,0.001,0.498,0.498
nofold/s30_on,76,,d(item_7),,,,d(item_7),0.498,0.001,0.001,0.001,0.001,0.498,0.498
nofold/s30_on,77,,d(item_7),move_to,step,,d(item_7),0.9055,0.001,0.001,0.001,0.001,0.9055,0.0905
nofold/s30_on,78,,d(item_7),move_to,step,,d(item_7),0.9055,0.001,0.001,0.001,0.001,0.9055,0.0905
nofold/s30_on,79,,d(item_7),move_to,step,,d(item_7),0.9055,0.001,0.001,0.001,0.001,0.9055,0.0905
nofold/s30_on,80,,d(item_7),move_to,step,,d(item_7),0.9055,0.001,0.001,0.001,0.001,0.9055,0.0905
nofold/s30_on,81,,d(item_7),move_to,step,,d(item_7),0.9055,0.001,0.001,0.001,0.001,0.9055,0.0905
nofold/s30_on,82,,d(item_7),move_to,step,,d(item_7),0.9055,0.001,0.001,0.001,0.001,0.9055,0.0905
nofold/s30_on,83,,d(item_7),move_to,step,,d(item_7),0.9055,0.001,0.001,0.001,0.001,0.9055,0.0905
nofold/s30_on,84,,d(item_7),move_to,step,,d(item_7),0.9055,0.001,0.001,0.001,0.001,0.9055,0.0905
nofold/s30_on,85,,d(item_7),move_to,step,,d(item_7),0.9055,0.001,0.001,0.001,0.001,0.9055,0.0905
nofold/s30_on,86,,d(item_7),move_to,step,,d(item_7),0.9055,0.001,0.001,0.001,0.001,0.9055,0.0905
nofold/s30_on,87,,d(item_7),move_to,step,,d(item_7),0.9055,0.001,0.001,0.001,0.001,0.9055,0.0905
nofold/s30_on,88,,d(item_7),move_to,step,,d(item_7),0.9055,0.001,0.001,0.001,0.001,0.9055,0.0905
nofold/s30_on,89,,d(item_7),move_to,step,,d(item_7),0.9055,0.001,0.001,0.001,0.001,0.9055,0.0905
nofold/s30_on,90,,d(item_7),move_to,step,,d(item_7),0.9055,0.001,0.001,0.001,0.001,0.9055,0.0905
nofold/s30_on,91,,d(item_7),move_to,step,,d(item_7),0.9055,0.001,0.001,0.001,0.001,0.9055,0.0905
nofold/s30_on,92,,d(item_7),move_to,step,,d(item_7),0.9055,0.001,0.001,0.001,0.001,0.9055,0.0905
nofold/s30_on,93,,d(item_7),move_to,step,,d(item_7),0.9055,0.001,0.001,0.001,0.001,0.9055,0.0905
nofold/s30_on,94,,d(item_7),move_to,step,,d(item_7),0.9055,0.001,0.001,0.001,0.001,0.9055,0.0905
nofold/s30_on,95,,d(item_7),move_to,step,,d(item_7),0.9055,0.001,0.001,0.001,0.001,0.9055,0.0905
nofold/s30_on,96,,d(item_7),move_to,step,,d(item_7),0.9055,0.001,0.001,0.001,0.001,0.9055,0.0905
nofold/s30_on,97,,d(item_7),move_to,,,d(item_7),0.9055,0.001,0.001,0.001,0.001,0.9055,0.0905
nofold/s30_on,98,,d(item_7),pick_up,grasp,item_7,d(item_7),0.498,0.001,0.001,0.001,0.001,0.498,0.498
nofold/s30_on,99,,d(item_7),pick_up,,item_7,d(item_7),0.498,0.001,0.001,0.001,0.001,0.498,0.498
nofold/s30_on,100,,d(item_7),move_to,step,item_7,d(item_7),0.9055,0.001,0.001,0.001,0.001,0.9055,0.0905
nofold/s30_on,101,,d(item_7),move_to,step,item_7,d(item_7),0.9055,0.001,0.001,0.001,0.001,0.9055,0.0905
nofold/s30_on,102,,d(item_7),move_to,step,item_7,d(item_7),0.9055,0.001,0.001,0.001,0.001,0.9055,0.0905
nofold/s30_on,103,,d(item_7),move_to,step,item_7,d(item_7),0.9055,0.001,0.001,0.001,0.001,0.9055,0.0905
nofold/s30_on,104,,d(item_7),move_to,step,item_7,d(item_7),0.9055,0.001,0.001,0.001,0.001,0.9055,0.0905
nofold/s30_on,105,,d(item_7),move_to,step,item_7,d(item_7),0.9055,0.001,0.001,0.001,0.001,0.9055,0.0905
nofold/s30_on,106,,d(item_7),move_to,step,item_7,d(item_7),0.9055,0.001,0.001,0.001,0.001,0.9055,0.0905
nofold/s30_on,107,,d(item_7),move_to,step,item_7,d(item_7),0.9055,0.001,0.001,0.001,0.001,0.9055,0.0905
nofold/s30_on,108,,d(item_7),move_to,step,item_7,d(item_7),0.9055,0.001,0.001,0.001,0.001,0.9055,0.0905
nofold/s30_on,109,,d(item_7),move_to,step,item_7,d(item_7),0.9055,0.001,0.001,0.001,0.001,0.9055,0.0905
nofold/s30_on,110,,d(item_7),move_to,step,item_7,d(item_7),0.9055,0.001,0.001,0.001,0.001,0.9055,0.0905
nofold/s30_on,111,,d(item_7),move_to,step,item_7,d(item_7),0.9055,0.001,0.001,0.001,0.001,0.9055,0.0905
nofold/s30_on,112,,d(item_7),move_to,step,item_7,d(item_7),0.9055,0.001,0.001,0.001,0.001,0.9055,0.0905
nofold/s30_on,113,,d(item_7),move_to,step,item_7,d(item_7),0.9055,0.001,0.001,0.001,0.001,0.9055,0.0905
nofold/s30_on,114,,d(item_7),move_to,step,item_7,d(item_7),0.9055,0.001,0.001,0.001,0.001,0.9055,0.0905
nofold/s30_on,115,,d(item_7),move_to,step,item_7,d(item_7),0.9055,0.001,0.001,0.001,0.001,0.9055,0.0905
nofold/s30_on,116,,d(item_7),move_to,step,item_7,d(item_7),0.9055,0.001,0.001,0.001,0.001,0.9055,0.0905
nofold/s30_on,117,,d(item_7),move_to,step,item_7,d(item_7),0.9055,0.001,0.001,0.001,0.001,0.9055,0.0905
nofold/s30_on,118,,d(item_7),move_to,step,item_7,d(item_7),0.9055,0.001,0.001,0.001,0.001,0.9055,0.0905
nofold/s30_on,119,,d(item_7),move_to,step,item_7,d(item_7),0.9055,0.001,0.001,0.001,0.001,0.9055,0.0905
nofold/s30_on,120,,d(item_7),move_to,,item_7,d(item_7),0.9055,0.001,0.001,0.001,0.001,0.9055,0.0905
nofold/s30_on,121,,d(item_7),place,release,,unknown,0.995,0.001,0.001,0.001,0.001,0.001,0.995
nofold/s30_on,122,,d(item_7),place,,,unknown,0.995,0.001,0.001,0.001,0.001,0.001,0.995
nofold/s30_on,123,,unknown,,,,unknown,0.995,0.001,0.001,0.001,0.001,0.001,0.995
nofold/s30_on,124,,unknown,,,,unknown,0.995,0.001,0.001,0.001,0.001,0.001,0.995
nofold/s30_on,125,,unknown,,,,unknown,0.995,0.001,0.001,0.001,0.001,0.001,0.995
nofold/s30_on,126,,unknown,,,,unknown,0.995,0.001,0.001,0.001,0.001,0.001,0.995
nofold/s30_on,127,,unknown,,,,unknown,0.995,0.001,0.001,0.001,0.001,0.001,0.995
nofold/s30_on,128,,unknown,,,,unknown,0.995,0.001,0.001,0.001,0.001,0.001,0.995
nofold/s30_on,129,,unknown,,,,unknown,0.995,0.001,0.001,0.001,0.001,0.001,0.995
nofold/s30_on,130,,unknown,,,,unknown,0.995,0.001,0.001,0.001,0.001,0.001,0.995
nofold/s30_on,131,,unknown,,,,unknown,0.995,0.001,0.001,0.001,0.001,0.001,0.995
nofold/s30_on,132,,unknown,,,,unknown,0.995,0.001,0.001,0.001,0.001,0.001,0.995
nofold/s30_on,133,,unknown,,,,unknown,0.995,0.001,0.001,0.001,0.001,0.001,0.995
nofold/s30_on,134,,unknown,,,,unknown,0.995,0.001,0.001,0.001,0.001,0.001,0.995
nofold/s30_on,135,,unknown,,,,unknown,0.995,0.001,0.001,0.001,0.001,0.001,0.995
nofold/s30_on,136,,unknown,,,,unknown,0.995,0.001,0.001,0.001,0.001,0.001,0.995
nofold/s30_on,137,,unknown,,,,unknown,0.995,0.001,0.001,0.001,0.001,0.001,0.995
nofold/s30_on,138,,unknown,,,,unknown,0.995,0.001,0.001,0.001,0.001,0.001,0.995
nofold/s30_on,139,,unknown,,,,unknown,0.995,0.001,0.001,0.001,0.001,0.001,0.995
nofold/s30_on,140,,unknown,,,,unknown,0.995,0.001,0.001,0.001,0.001,0.001,0.995
nofold/s30_on,141,,unknown,,,,unknown,0.995,0.001,0.001,0.001,0.001,0.001,0.995
nofold/s30_on,142,,unknown,,,,unknown,0.995,0.001,0.001,0.001,0.001,0.001,0.995
nofold/s30_on,143,,unknown,,,,unknown,0.995,0.001,0.001,0.001,0.001,0.001,0.995
nofold/s30_on,144,,unknown,,,,unknown,0.995,0.001,0.001,0.001,0.001,0.001,0.995
nofold/s30_on,145,,unknown,,,,unknown,0.995,0.001,0.001,0.001,0.001,0.001,0.995
nofold/s30_on,146,,unknown,,,,unknown,0.995,0.001,0.001,0.001,0.001,0.001,0.995
nofold/s30_on,147,,unknown,,,,unknown,0.995,0.001,0.001,0.001,0.001,0.001,0.995
nofold/s30_on,148,,unknown,,,,unknown,0.995,0.001,0.001,0.001,0.001,0.001,0.995
nofold/s30_on,149,,unknown,,,,unknown,0.995,0.001,0.001,0.001,0.001,0.001,0.995
nofold/s30_on,150,,unknown,,,,unknown,0.995,0.001,0.001,0.001,0.001,0.001,0.995
nofold/s30_on,151,,unknown,,,,unknown,0.995,0.001,0.001,0.001,0.001,0.001,0.995
nofold/s30_on,152,,unknown,,,,unknown,0.995,0.001,0.001,0.001,0.001,0.001,0.995
nofold/s30_on,153,,unknown,,,,unknown,0.995,0.001,0.001,0.001,0.001,0.001,0.995
nofold/s30_on,154,,unknown,,,,unknown,0.995,0.001,0.001,0.001,0.001,0.001,0.995
nofold/s30_on,155,,unknown,,,,unknown,0.995,0.001,0.001,0.001,0.001,0.001,0.995
nofold/s30_on,156,,unknown,,,,unknown,0.995,0.001,0.001,0.001,0.001,0.001,0.995
nofold/s30_on,157,,unknown,,,,unknown,0.995,0.001,0.001,0.001,0.001,0.001,0.995
nofold/s30_on,158,,unknown,,,,unknown,0.995,0.001,0.001,0.001,0.001,0.001,0.995
nofold/s30_on,159,,unknown,,,,unknown,0.995,0.001,0.001,0.001,0.001,0.001,0.995
nofold/s40_off,0,seg1,d(item_3),move_to,step,,d(item_3),0.159,0.1295,0.1531,0.159,0.1347,0.1397,0.1375,0.1306,0.0159
nofold/s40_off,1,seg1,d(item_3),move_to,step,,d(item_3),0.1815,0.1162,0.1678,0.1815,0.127,0.1379,0.133,0.1184,0.0181
nofold/s40_off,2,seg1,d(item_3),move_to,step,,d(item_3),0.2086,0.1016,0.1846,0.2086,0.1177,0.1348,0.1269,0.105,0.0209
nofold/s40_off,3,seg1,d(item_3),move_to,step,,d(item_3),0.2401,0.0865,0.2027,0.2401,0.1068,0.13,0.1191,0.0908,0.024
nofold/s40_off,4,seg1,d(item_3),move_to,step,,d(item_3),0.2756,0.0717,0.221,0.2756,0.0947,0.1231,0.1096,0.0766,0.0276
nofold/s40_off,5,seg1,d(item_3),move_to,step,,d(item_3),0.3141,0.058,0.2384,0.3141,0.0821,0.1142,0.0986,0.0631,0.0314
nofold/s40_off,6,seg1,d(item_3),move_to,step,,d(item_3),0.3546,0.0458,0.2535,0.3546,0.0694,0.1037,0.0867,0.0508,0.0355
nofold/s40_off,7,seg1,d(item_3),move_to,step,,d(item_3),0.3957,0.0354,0.2653,0.3957,0.0573,0.092,0.0745,0.04,0.0396
nofold/s40_off,8,seg1,d(item_3),move_to,step,,d(item_3),0.4365,0.0269,0.273,0.4365,0.0464,0.08,0.0627,0.0309,0.0436
nofold/s40_off,9,seg1,d(item_3),move_to,step,,d(item_3),0.476,0.02,0.2763,0.476,0.0368,0.0681,0.0517,0.0235,0.0476
nofold/s40_off,10,seg1,d(item_3),move_to,step,,d(item_3),0.5136,0.0147,0.2751,0.5136,0.0287,0.057,0.0419,0.0176,0.0514
nofold/s40_off,11,seg1,d(item_3),move_to,step,,d(item_3),0.5492,0.0107,0.2698,0.5492,0.0221,0.047,0.0334,0.013,0.0549
nofold/s40_off,12,seg1,d(item_3),move_to,step,,d(item_3),0.5825,0.0077,0.2608,0.5825,0.0168,0.0382,0.0263,0.0095,0.0582
nofold/s40_off,13,seg1,d(item_3),move_to,step,,d(item_3),0.6137,0.0055,0.2488,0.6137,0.0126,0.0307,0.0205,0.0069,0.0614
nofold/s40_off,14,seg1,d(item_3),move_to,step,,d(item_3),0.6428,0.0039,0.2344,0.6428,0.0094,0.0244,0.0158,0.0049,0.0643
nofold/s40_off,15,seg1,d(item_3),move_to,step,,d(item_3),0.6702,0.0027,0.2183,0.6702,0.0069,0.0192,0.0121,0.0035,0.067
nofold/s40_off,16,seg1,d(item_3),move_to,step,,d(item_3),0.6958,0.0019,0.2009,0.6958,0.0051,0.0151,0.0092,0.0025,0.0696
nofold/s40_off,17,seg1,d(item_3),move_to,step,,d(item_3),0.7197,0.0013,0.1828,0.7197,0.0037,0.0117,0.0069,0.0018,0.072
nofold/s40_off,18,seg1,d(item_3),move_to,step,,d(item_3),0.742,0.001,0.1646,0.742,0.0027,0.009,0.0052,0.0013,0.0742
nofold/s40_off,19,seg1,d(item_3),move_to,step,,d(item_3),0.7624,0.001,0.1466,0.7624,0.002,0.0069,0.0039,0.001,0.0762
nofold/s40_off,20,seg1,d(item_3),move_to,step,,d(item_3),0.7812,0.001,0.1291,0.7812,0.0014,0.0053,0.0029,0.001,0.0781
nofold/s40_off,21,seg1,d(item_3),move_to,step,,d(item_3),0.7984,0.001,0.1126,0.7984,0.001,0.004,0.0021,0.001,0.0798
nofold/s40_off,22,seg1,d(item_3),move_to,step,,d(item_3),0.8139,0.001,0.0972,0.8139,0.001,0.003,0.0016,0.001,0.0814
nofold/s40_off,23,seg1,d(item_3),move_to,step,,d(item_3),0.8278,0.001,0.083,0.8278,0.001,0.0023,0.0011,0.001,0.0828
nofold/s40_off,24,seg1,d(item_3),move_to,step,,d(item_3),0.8401,0.001,0.0702,0.8401,0.001,0.0017,0.001,0.001,0.084
nofold/s40_off,25,seg1,d(item_3),move_to,step,,d(item_3),0.8508,0.001,0.0588,0.8508,0.001,0.0013,0.001,0.001,0.0851
nofold/s40_off,26,seg1,d(item_3),move_to,step,,d(item_3),0.8602,0.001,0.0488,0.8602,0.001,0.001,0.001,0.001,0.086
nofold/s40_off,27,seg1,d(item_3),move_to,step,,d(item_3),0.8681,0.001,0.0401,0.8681,0.001,0.001,0.001,0.001,0.0868
nofold/s40_off,28,seg1,d(item_3),move_to,step,,d(item_3),0.8748,0.001,0.0327,0.8748,0.001,0.001,0.001,0.001,0.0875
nofold/s40_off,29,seg1,d(item_3),move_to,step,,d(item_3),0.8805,0.001,0.0265,0.8805,0.001,0.001,0.001,0.001,0.0881
nofold/s40_off,30,seg1,d(item_3),move_to,step,,d(item_3),0.8853,0.001,0.0212,0.8853,0.001,0.001,0.001,0.001,0.0885
nofold/s40_off,31,seg1,d(item_3),move_to,step,,d(item_3),0.8892,0.001,0.0169,0.8892,0.001,0.001,0.001,0.001,0.0889
nofold/s40_off,32,seg1,d(item_3),move_to,step,,d(item_3),0.8924,0.001,0.0134,0.8924,0.001,0.001,0.001,0.001,0.0892
nofold/s40_off,33,seg1,d(item_3),move_to,step,,d(item_3),0.895,0.001,0.0105,0.895,0.001,0.001,0.001,0.001,0.0895
nofold/s40_off,34,seg1,d(item_3),move_to,step,,d(item_3),0.8971,0.001,0.0082,0.8971,0.001,0.001,0.001,0.001,0.0897
nofold/s40_off,35,seg1,d(item_3),move_to,step,,d(item_3),0.8988,0.001,0.0063,0.8988,0.001,0.001,0.001,0.001,0.0899
nofold/s40_off,36,seg1,d(item_3),move_to,step,,d(item_3),0.9001,0.001,0.0049,0.9001,0.001,0.001,0.001,0.001,0.09
nofold/s40_off,37,seg1,d(item_3),move_to,step,,d(item_3),0.9012,0.001,0.0037,0.9012,0.001,0.001,0.001,0.001,0.0901
nofold/s40_off,38,seg1,d(item_3),move_to,step,,d(item_3),0.902,0.001,0.0028,0.902,0.001,0.001,0.001,0.001,0.0902
nofold/s40_off,39,seg1,d(item_3),move_to,step,,d(item_3),0.9026,0.001,0.0021,0.9026,0.001,0.001,0.001,0.001,0.0903
nofold/s40_off,40,seg1,d(item_3),move_to,step,,d(item_3),0.9031,0.001,0.0016,0.9031,0.001,0.001,0.001,0.001,0.0903
nofold/s40_off,41,seg1,d(item_3),move_to,step,,d(item_3),0.9035,0.001,0.0012,0.9035,0.001,0.001,0.001,0.001,0.0903
nofold/s40_off,42,seg1,d(item_3),move_to,step,,d(item_3),0.9037,0.001,0.001,0.9037,0.001,0.001,0.001,0.001,0.0904
nofold/s40_off,43,seg1,d(item_3),move_to,step,,d(item_3),0.9037,0.001,0.001,0.9037,0.001,0.001,0.001,0.001,0.0904
nofold/s40_off,44,seg1,d(item_3),move_to,step,,d(item_3),0.9037,0.001,0.001,0.9037,0.001,0.001,0.001,0.001,0.0904
nofold/s40_off,45,seg1,d(item_3),move_to,step,,d(item_3),0.9037,0.001,0.001,0.9037,0.001,0.001,0.001,0.001,0.0904
nofold/s40_off,46,seg1,d(item_3),move_to,step,,d(item_3),0.9037,0.001,0.001,0.9037,0.001,0.001,0.001,0.001,0.0904
nofold/s40_off,47,seg1,d(item_3),move_to,step,,d(item_3),0.9037,0.001,0.001,0.9037,0.001,0.001,0.001,0.001,0.0904
nofold/s40_off,48,seg1,d(item_3),move_to,step,,d(item_3),0.9037,0.001,0.001,0.9037,0.001,0.001,0.001,0.001,0.0904
nofold/s40_off,49,seg1,d(item_3),move_to,step,,d(item_3),0.9037,0.001,0.001,0.9037,0.001,0.001,0.001,0.001,0.0904
nofold/s40_off,50,seg1,d(item_3),move_to,step,,d(item_3),0.9037,0.001,0.001,0.9037,0.001,0.001,0.001,0.001,0.0904
nofold/s40_off,51,seg1,d(item_3),move_to,step,,d(item_3),0.9037,0.001,0.001,0.9037,0.001,0.001,0.001,0.001,0.0904
nofold/s40_off,52,seg1,d(item_3),move_to,step,,d(item_3),0.9037,0.001,0.001,0.9037,0.001,0.001,0.001,0.001,0.0904
nofold/s40_off,53,seg1,d(item_3),move_to,step,,d(item_3),0.9037,0.001,0.001,0.9037,0.001,0.001,0.001,0.001,0.0904
nofold/s40_off,54,seg1,d(item_3),move_to,step,,d(item_3),0.9037,0.001,0.001,0.9037,0.001,0.001,0.001,0.001,0.0904
nofold/s40_off,55,seg1,d(item_3),move_to,step,,d(item_3),0.9037,0.001,0.001,0.9037,0.001,0.001,0.001,0.001,0.0904
nofold/s40_off,56,seg1,d(item_3),move_to,step,,d(item_3),0.9037,0.001,0.001,0.9037,0.001,0.001,0.001,0.001,0.0904
nofold/s40_off,57,seg1,d(item_3),move_to,step,,d(item_3),0.9037,0.001,0.001,0.9037,0.001,0.001,0.001,0.001,0.0904
nofold/s40_off,58,seg1,d(item_3),move_to,step,,d(item_3),0.9037,0.001,0.001,0.9037,0.001,0.001,0.001,0.001,0.0904
nofold/s40_off,59,seg1,d(item_3),move_to,,,d(item_3),0.9037,0.001,0.001,0.9037,0.001,0.001,0.001,0.001,0.0904
nofold/s40_off,60,seg1,d(item_3),pick_up,grasp,item_3,d(item_3),0.9037,0.001,0.001,0.9037,0.001,0.001,0.001,0.001,0.0904
nofold/s40_off,61,seg1,d(item_3),pick_up,,item_3,d(item_3),0.9037,0.001,0.001,0.9037,0.001,0.001,0.001,0.001,0.0904
nofold/s40_off,62,seg1,d(item_3),move_to,step,item_3,d(item_3),0.9037,0.001,0.001,0.9037,0.001,0.001,0.001,0.001,0.0904
nofold/s40_off,63,seg1,d(item_3),move_to,step,item_3,d(item_3),0.9037,0.001,0.001,0.9037,0.001,0.001,0.001,0.001,0.0904
nofold/s40_off,64,seg1,d(item_3),move_to,step,item_3,d(item_3),0.9037,0.001,0.001,0.9037,0.001,0.001,0.001,0.001,0.0904
nofold/s40_off,65,seg1,d(item_3),move_to,step,item_3,d(item_3),0.9037,0.001,0.001,0.9037,0.001,0.001,0.001,0.001,0.0904
nofold/s40_off,66,seg1,d(item_3),move_to,step,item_3,d(item_3),0.9037,0.001,0.001,0.9037,0.001,0.001,0.001,0.001,0.0904
nofold/s40_off,67,seg1,d(item_3),move_to,step,item_3,d(item_3),0.9037,0.001,0.001,0.9037,0.001,0.001,0.001,0.001,0.0904
nofold/s40_off,68,seg1,d(item_3),move_to,step,item_3,d(item_3),0.9037,0.001,0.001,0.9037,0.001,0.001,0.001,0.001,0.0904
nofold/s40_off,69,seg1,d(item_3),move_to,step,item_3,d(item_3),0.9037,0.001,0.001,0.9037,0.001,0.001,0.001,0.001,0.0904
nofold/s40_off,70,seg1,d(item_3),move_to,step,item_3,d(item_3),0.9037,0.001,0.001,0.9037,0.001,0.001,0.001,0.001,0.0904
nofold/s40_off,71,seg1,d(item_3),move_to,step,item_3,d(item_3),0.9037,0.001,0.001,0.9037,0.001,0.001,0.001,0.001,0.0904
nofold/s40_off,72,seg1,d(item_3),move_to,step,item_3,d(item_3),0.9037,0.001,0.001,0.9037,0.001,0.001,0.001,0.001,0.0904
nofold/s40_off,73,seg1,d(item_3),move_to,step,item_3,d(item_3),0.9037,0.001,0.001,0.9037,0.001,0.001,0.001,0.001,0.0904
nofold/s40_off,74,seg1,d(item_3),move_to,step,item_3,d(item_3),0.9037,0.001,0.001,0.9037,0.001,0.001,0.001,0.001,0.0904
nofold/s40_off,75,seg1,d(item_3),move_to,step,item_3,d(item_3),0.9037,0.001,0.001,0.9037,0.001,0.001,0.001,0.001,0.0904
nofold/s40_off,76,seg1,d(item_3),move_to,step,item_3,d(item_3),0.9037,0.001,0.001,0.9037,0.001,0.001,0.001,0.001,0.0904
nofold/s40_off,77,seg1,d(item_3),move_to,step,item_3,d(item_3),0.9037,0.001,0.001,0.9037,0.001,0.001,0.001,0.001,0.0904
nofold/s40_off,78,seg1,d(item_3),move_to,step,item_3,d(item_3),0.9037,0.001,0.001,0.9037,0.001,0.001,0.001,0.001,0.0904
nofold/s40_off,79,seg1,d(item_3),move_to,step,item_3,d(item_3),0.9037,0.001,0.001,0.9037,0.001,0.001,0.001,0.001,0.0904
nofold/s40_off,80,seg1,d(item_3),move_to,step,item_3,d(item_3),0.9037,0.001,0.001,0.9037,0.001,0.001,0.001,0.001,0.0904
nofold/s40_off,81,seg1,d(item_3),move_to,step,item_3,d(item_3),0.9037,0.001,0.001,0.9037,0.001,0.001,0.001,0.001,0.0904
nofold/s40_off,82,seg1,d(item_3),move_to,step,item_3,d(item_3),0.9037,0.001,0.001,0.9037,0.001,0.001,0.001,0.001,0.0904
nofold/s40_off,83,seg1,d(item_3),move_to,step,item_3,d(item_3),0.9037,0.001,0.001,0.9037,0.001,0.001,0.001,0.001,0.0904
nofold/s40_off,84,seg1,d(item_3),move_to,step,item_3,d(item_3),0.9037,0.001,0.001,0.9037,0.001,0.001,0.001,0.001,0.0904
nofold/s40_off,85,seg1,d(item_3),move_to,step,item_3,d(item_3),0.9037,0.001,0.001,0.9037,0.001,0.001,0.001,0.001,0.0904
nofold/s40_off,86,seg1,d(item_3),move_to,step,item_3,d(item_3),0.9037,0.001,0.001,0.9037,0.001,0.001,0.001,0.001,0.0904
nofold/s40_off,87,seg1,d(item_3),move_to,step,item_3,d(item_3),0.9037,0.001,0.001,0.9037,0.001,0.001,0.001,0.001,0.0904
nofold/s40_off,88,seg1,d(item_3),move_to,step,item_3,d(item_3),0.9037,0.001,0.001,0.9037,0.001,0.001,0.001,0.001,0.0904
nofold/s40_off,89,seg1,d(item_3),move_to,step,item_3,d(item_3),0.9037,0.001,0.001,0.9037,0.001,0.001,0.001,0.001,0.0904
nofold/s40_off,90,seg1,d(item_3),move_to,step,item_3,d(item_3),0.9037,0.001,0.001,0.9037,0.001,0.001,0.001,0.001,0.0904
nofold/s40_off,91,seg1,d(item_3),move_to,step,item_3,d(item_3),0.9037,0.001,0.001,0.9037,0.001,0.001,0.001,0.001,0.0904
nofold/s40_off,92,seg1,d(item_3),move_to,step,item_3,d(item_3),0.9037,0.001,0.001,0.9037,0.001,0.001,0.001,0.001,0.0904
nofold/s40_off,93,seg1,d(item_3),move_to,step,item_3,d(item_3),0.9037,0.001,0.001,0.9037,0.001,0.001,0.001,0.001,0.0904
nofold/s40_off,94,seg1,d(item_3),move_to,step,item_3,d(item_3),0.9037,0.001,0.001,0.9037,0.001,0.001,0.001,0.001,0.0904
nofold/s40_off,95,seg1,d(item_3),move_to,step,item_3,d(item_3),0.9037,0.001,0.001,0.9037,0.001,0.001,0.001,0.001,0.0904
nofold/s40_off,96,seg1,d(item_3),move_to,step,item_3,d(item_3),0.9037,0.001,0.001,0.9037,0.001,0.001,0.001,0.001,0.0904
nofold/s40_off,97,seg1,d(item_3),move_to,step,item_3,d(item_3),0.9037,0.001,0.001,0.9037,0.001,0.001,0.001,0.001,0.0904
nofold/s40_off,98,seg1,d(item_3),move_to,step,item_3,d(item_3),0.9037,0.001,0.001,0.9037,0.001,0.001,0.001,0.001,0.0904
nofold/s40_off,99,seg1,d(item_3),move_to,step,item_3,d(item_3),0.9037,0.001,0.001,0.9037,0.001,0.001,0.001,0.001,0.0904
nofold/s40_off,100,seg1,d(item_3),move_to,step,item_3,d(item_3),0.9037,0.001,0.001,0.9037,0.001,0.001,0.001,0.001,0.0904
nofold/s40_off,101,seg1,d(item_3),move_to,step,item_3,d(item_3),0.9037,0.001,0.001,0.9037,0.001,0.001,0.001,0.001,0.0904
nofold/s40_off,102,seg1,d(item_3),move_to,step,item_3,d(item_3),0.9037,0.001,0.001,0.9037,0.001,0.001,0.001,0.001,0.0904
nofold/s40_off,103,seg1,d(item_3),move_to,step,item_3,d(item_3),0.9037,0.001,0.001,0.9037,0.001,0.001,0.001,0.001,0.0904
nofold/s40_off,104,seg1,d(item_3),move_to,step,item_3,d(item_3),0.9037,0.001,0.001,0.9037,0.001,0.001,0.001,0.001,0.0904
nofold/s40_off,105,seg1,d(item_3),move_to,step,item_3,d(item_3),0.9037,0.001,0.001,0.9037,0.001,0.001,0.001,0.001,0.0904
nofold/s40_off,106,seg1,d(item_3),move_to,step,item_3,d(item_3),0.9037,0.001,0.001,0.9037,0.001,0.001,0.001,0.001,0.0904
nofold/s40_off,107,seg1,d(item_3),move_to,step,item_3,d(item_3),0.9037,0.001,0.001,0.9037,0.001,0.001,0.001,0.001,0.0904
nofold/s40_off,108,seg1,d(item_3),move_to,step,item_3,d(item_3),0.9037,0.001,0.001,0.9037,0.001,0.001,0.001,0.001,0.0904
nofold/s40_off,109,seg1,d(item_3),move_to,step,item_3,d(item_3),0.9037,0.001,0.001,0.9037,0.001,0.001,0.001,0.001,0.0904
nofold/s40_off,110,seg1,d(item_3),move_to,step,item_3,d(item_3),0.9037,0.001,0.001,0.9037,0.001,0.001,0.001,0.001,0.0904
nofold/s40_off,111,seg1,d(item_3),move_to,step,item_3,d(item_3),0.9037,0.001,0.001,0.9037,0.001,0.001,0.001,0.001,0.0904
nofold/s40_off,112,seg1,d(item_3),move_to,step,item_3,d(item_3),0.9037,0.001,0.001,0.9037,0.001,0.001,0.001,0.001,0.0904
nofold/s40_off,113,seg1,d(item_3),move_to,step,item_3,d(item_3),0.9037,0.001,0.001,0.9037,0.001,0.001,0.001,0.001,0.0904
nofold/s40_off,114,seg1,d(item_3),move_to,,item_3,d(item_3),0.9037,0.001,0.001,0.9037,0.001,0.001,0.001,0.001,0.0904
nofold/s40_off,115,seg1,d(item_3),place,release,,ac,0.1427,0.1427,0.1427,0.001,0.1427,0.1427,0.1427,0.1427,0.1427
nofold/s40_off,116,seg1,d(item_3),place,,,ac,0.1427,0.1427,0.1427,0.001,0.1427,0.1427,0.1427,0.1427,0.1427
nofold/s40_off,117,seg2,coffee,,,,ac,0.1427,0.1427,0.1427,0.001,0.1427,0.1427,0.1427,0.1427,0.1427
nofold/s40_off,118,seg2,coffee,move_to,step,,coffee,0.1743,0.1536,0.1743,0.001,0.1623,0.1683,0.166,0.157,0.0174
nofold/s40_off,119,seg2,coffee,move_to,step,,coffee,0.1865,0.1421,0.1865,0.001,0.1603,0.1734,0.1685,0.1495,0.0187
nofold/s40_off,120,seg2,coffee,move_to,step,,coffee,0.2005,0.1294,0.2005,0.001,0.1573,0.1792,0.1713,0.1413,0.0201
nofold/s40_off,121,seg2,coffee,move_to,step,,coffee,0.2165,0.116,0.2165,0.001,0.1529,0.1855,0.174,0.1324,0.0217
nofold/s40_off,122,seg2,coffee,move_to,step,,coffee,0.2346,0.1022,0.2346,0.001,0.147,0.1921,0.1767,0.1229,0.0235
nofold/s40_off,123,seg2,coffee,move_to,step,,coffee,0.2547,0.0887,0.2547,0.001,0.1391,0.199,0.179,0.113,0.0255
nofold/s40_off,124,seg2,coffee,move_to,step,,coffee,0.277,0.0757,0.277,0.001,0.1292,0.2058,0.1808,0.1029,0.0277
nofold/s40_off,125,seg2,coffee,move_to,step,,coffee,0.3013,0.0636,0.3013,0.001,0.1171,0.2123,0.1818,0.0927,0.0301
nofold/s40_off,126,seg2,coffee,move_to,step,,coffee,0.3276,0.0527,0.3276,0.001,0.1032,0.2183,0.1818,0.0826,0.0328
nofold/s40_off,127,seg2,coffee,move_to,step,,coffee,0.3556,0.0431,0.3556,0.001,0.0881,0.2233,0.1806,0.0728,0.0356
nofold/s40_off,128,seg2,coffee,move_to,step,,coffee,0.385,0.0347,0.385,0.001,0.0724,0.2271,0.1779,0.0634,0.0385
nofold/s40_off,129,seg2,coffee,move_to,step,,coffee,0.4151,0.0276,0.4151,0.001,0.0571,0.2293,0.1737,0.0546,0.0415
nofold/s40_off,130,seg2,coffee,move_to,step,,coffee,0.4456,0.0217,0.4456,0.001,0.0432,0.2296,0.168,0.0464,0.0446
nofold/s40_off,131,seg2,coffee,move_to,step,,coffee,0.4758,0.0168,0.4758,0.001,0.0313,0.2279,0.1606,0.039,0.0476
nofold/s40_off,132,seg2,coffee,move_to,step,,coffee,0.5053,0.0129,0.5053,0.001,0.0217,0.2241,0.152,0.0325,0.0505
nofold/s40_off,133,seg2,coffee,move_to,step,,coffee,0.5339,0.0098,0.5339,0.001,0.0144,0.2185,0.1423,0.0267,0.0534
nofold/s40_off,134,seg2,coffee,move_to,step,,coffee,0.5615,0.0074,0.5615,0.001,0.0092,0.2111,0.1319,0.0217,0.0561
nofold/s40_off,135,seg2,coffee,move_to,step,,coffee,0.588,0.0055,0.588,0.001,0.0057,0.2024,0.121,0.0175,0.0588
nofold/s40_off,136,seg2,coffee,move_to,step,,coffee,0.6135,0.0041,0.6135,0.001,0.0034,0.1925,0.1101,0.014,0.0613
nofold/s40_off,137,seg2,coffee,move_to,step,,coffee,0.638,0.003,0.638,0.001,0.002,0.1817,0.0993,0.0112,0.0638
nofold/s40_off,138,seg2,coffee,move_to,step,,coffee,0.6615,0.0022,0.6615,0.001,0.0012,0.1704,0.0888,0.0088,0.0662
nofold/s40_off,139,seg2,coffee,move_to,step,,coffee,0.6838,0.0016,0.6838,0.001,0.001,0.1585,0.0788,0.0069,0.0684
nofold/s40_off,140,seg2,coffee,move_to,step,,coffee,0.7051,0.0011,0.7051,0.001,0.001,0.1465,0.0693,0.0054,0.0705
nofold/s40_off,141,seg2,coffee,move_to,step,,coffee,0.7252,0.001,0.7252,0.001,0.001,0.1345,0.0606,0.0042,0.0725
nofold/s40_off,142,seg2,coffee,move_to,step,,coffee,0.7442,0.001,0.7442,0.001,0.001,0.1227,0.0525,0.0032,0.0744
nofold/s40_off,143,seg2,coffee,move_to,step,,coffee,0.762,0.001,0.762,0.001,0.001,0.1111,0.0453,0.0025,0.0762
nofold/s40_off,144,seg2,coffee,move_to,step,,coffee,0.7785,0.001,0.7785,0.001,0.001,0.1,0.0387,0.0019,0.0779
nofold/s40_off,145,seg2,coffee,move_to,step,,coffee,0.7938,0.001,0.7938,0.001,0.001,0.0895,0.0329,0.0014,0.0794
nofold/s40_off,146,seg2,coffee,move_to,step,,coffee,0.8079,0.001,0.8079,0.001,0.001,0.0795,0.0277,0.0011,0.0808
nofold/s40_off,147,seg2,coffee,move_to,step,,coffee,0.8205,0.001,0.8205,0.001,0.001,0.0702,0.0233,0.001,0.082
nofold/s40_off,148,seg2,coffee,move_to,step,,coffee,0.8318,0.001,0.8318,0.001,0.001,0.0616,0.0194,0.001,0.0832
nofold/s40_off,149,seg2,coffee,move_to,step,,coffee,0.842,0.001,0.842,0.001,0.001,0.0538,0.016,0.001,0.0842
nofold/s40_off,150,seg2,coffee,move_to,step,,coffee,0.8511,0.001,0.8511,0.001,0.001,0.0466,0.0132,0.001,0.0851
nofold/s40_off,151,seg2,coffee,move_to,step,,coffee,0.8591,0.001,0.8591,0.001,0.001,0.0402,0.0108,0.001,0.0859
nofold/s40_off,152,seg2,coffee,move_to,step,,coffee,0.8661,0.001,0.8661,0.001,0.001,0.0345,0.0088,0.001,0.0866
nofold/s40_off,153,seg2,coffee,move_to,step,,coffee,0.8722,0.001,0.8722,0.001,0.001,0.0294,0.0071,0.001,0.0872
nofold/s40_off,154,seg2,coffee,move_to,,,coffee,0.8722,0.001,0.8722,0.001,0.001,0.0294,0.0071,0.001,0.0872
nofold/s40_off,155,seg2,coffee,wait_at,stand,,coffee,0.8722,0.001,0.8722,0.001,0.001,0.0294,0.0071,0.001,0.0872
nofold/s40_off,156,seg2,coffee,wait_at,stand,,coffee,0.8722,0.001,0.8722,0.001,0.001,0.0294,0.0071,0.001,0.0872
nofold/s40_off,157,seg2,coffee,wait_at,stand,,coffee,0.8722,0.001,0.8722,0.001,0.001,0.0294,0.0071,0.001,0.0872
nofold/s40_off,158,seg2,coffee,wait_at,stand,,coffee,0.8722,0.001,0.8722,0.001,0.001,0.0294,0.0071,0.001,0.0872
nofold/s40_off,159,seg2,coffee,wait_at,stand,,coffee,0.8722,0.001,0.8722,0.001,0.001,0.0294,0.0071,0.001,0.0872
nofold/s40_off,160,seg2,coffee,wait_at,stand,,coffee,0.8722,0.001,0.8722,0.001,0.001,0.0294,0.0071,0.001,0.0872
nofold/s40_off,161,seg2,coffee,wait_at,stand,,coffee,0.8722,0.001,0.8722,0.001,0.001,0.0294,0.0071,0.001,0.0872
nofold/s40_off,162,seg2,coffee,wait_at,stand,,coffee,0.8722,0.001,0.8722,0.001,0.001,0.0294,0.0071,0.001,0.0872
nofold/s40_off,163,seg2,coffee,wait_at,stand,,coffee,0.8722,0.001,0.8722,0.001,0.001,0.0294,0.0071,0.001,0.0872
nofold/s40_off,164,seg2,coffee,wait_at,stand,,coffee,0.8722,0.001,0.8722,0.001,0.001,0.0294,0.0071,0.001,0.0872
nofold/s40_off,165,seg2,coffee,wait_at,stand,,coffee,0.8722,0.001,0.8722,0.001,0.001,0.0294,0.0071,0.001,0.0872
nofold/s40_off,166,seg2,coffee,wait_at,stand,,coffee,0.8722,0.001,0.8722,0.001,0.001,0.0294,0.0071,0.001,0.0872
nofold/s40_off,167,seg2,coffee,wait_at,stand,,coffee,0.8722,0.001,0.8722,0.001,0.001,0.0294,0.0071,0.001,0.0872
nofold/s40_off,168,seg2,coffee,wait_at,stand,,coffee,0.8722,0.001,0.8722,0.001,0.001,0.0294,0.0071,0.001,0.0872
nofold/s40_off,169,seg2,coffee,wait_at,stand,,coffee,0.8722,0.001,0.8722,0.001,0.001,0.0294,0.0071,0.001,0.0872
nofold/s40_off,170,seg2,coffee,wait_at,stand,,coffee,0.8722,0.001,0.8722,0.001,0.001,0.0294,0.0071,0.001,0.0872
nofold/s40_off,171,seg2,coffee,wait_at,stand,,coffee,0.8722,0.001,0.8722,0.001,0.001,0.0294,0.0071,0.001,0.0872
nofold/s40_off,172,seg2,coffee,wait_at,stand,,coffee,0.8722,0.001,0.8722,0.001,0.001,0.0294,0.0071,0.001,0.0872
nofold/s40_off,173,seg2,coffee,wait_at,stand,,coffee,0.8722,0.001,0.8722,0.001,0.001,0.0294,0.0071,0.001,0.0872
nofold/s40_off,174,seg2,coffee,wait_at,stand,,coffee,0.8722,0.001,0.8722,0.001,0.001,0.0294,0.0071,0.001,0.0872
nofold/s40_off,175,seg2,coffee,wait_at,stand,,coffee,0.8722,0.001,0.8722,0.001,0.001,0.0294,0.0071,0.001,0.0872
nofold/s40_off,176,seg2,coffee,wait_at,stand,,coffee,0.8722,0.001,0.8722,0.001,0.001,0.0294,0.0071,0.001,0.0872
nofold/s40_off,177,seg2,coffee,wait_at,stand,,coffee,0.8722,0.001,0.8722,0.001,0.001,0.0294,0.0071,0.001,0.0872
nofold/s40_off,178,seg2,coffee,wait_at,stand,,coffee,0.8722,0.001,0.8722,0.001,0.001,0.0294,0.0071,0.001,0.0872
nofold/s40_off,179,seg2,coffee,wait_at,stand,,coffee,0.8722,0.001,0.8722,0.001,0.001,0.0294,0.0071,0.001,0.0872
nofold/s40_off,180,seg2,coffee,wait_at,stand,,coffee,0.8722,0.001,0.8722,0.001,0.001,0.0294,0.0071,0.001,0.0872
nofold/s40_off,181,seg2,coffee,wait_at,stand,,coffee,0.8722,0.001,0.8722,0.001,0.001,0.0294,0.0071,0.001,0.0872
nofold/s40_off,182,seg2,coffee,wait_at,stand,,coffee,0.8722,0.001,0.8722,0.001,0.001,0.0294,0.0071,0.001,0.0872
nofold/s40_off,183,seg2,coffee,wait_at,stand,,coffee,0.8722,0.001,0.8722,0.001,0.001,0.0294,0.0071,0.001,0.0872
nofold/s40_off,184,seg2,coffee,wait_at,stand,,ac,0.1994,0.1994,0.001,0.001,0.001,0.1994,0.1994,0.1994,0.1994
nofold/s40_off,185,seg2,coffee,wait_at,,,ac,0.1994,0.1994,0.001,0.001,0.001,0.1994,0.1994,0.1994,0.1994
nofold/s40_off,186,seg3a,unknown,,,,ac,0.1994,0.1994,0.001,0.001,0.001,0.1994,0.1994,0.1994,0.1994
nofold/s40_off,187,seg3a,unknown,move_to,step,,d(item_6),0.247,0.2355,0.001,0.001,0.001,0.2464,0.247,0.2434,0.0247
nofold/s40_off,188,seg3a,unknown,move_to,step,,d(item_6),0.2511,0.2273,0.001,0.001,0.001,0.2498,0.2511,0.2436,0.0251
nofold/s40_off,189,seg3a,unknown,move_to,step,,d(item_6),0.2555,0.2187,0.001,0.001,0.001,0.2534,0.2555,0.2439,0.0255
nofold/s40_off,190,seg3a,unknown,move_to,step,,d(item_6),0.2601,0.2096,0.001,0.001,0.001,0.2572,0.2601,0.2441,0.026
nofold/s40_off,191,seg3a,unknown,move_to,step,,d(item_6),0.2649,0.2,0.001,0.001,0.001,0.2612,0.2649,0.2443,0.0265
nofold/s40_off,192,seg3a,unknown,move_to,step,,d(item_6),0.2701,0.19,0.001,0.001,0.001,0.2654,0.2701,0.2444,0.027
nofold/s40_off,193,seg3a,unknown,move_to,step,,d(item_6),0.2755,0.1797,0.001,0.001,0.001,0.2698,0.2755,0.2445,0.0276
nofold/s40_off,194,seg3a,unknown,move_to,step,,d(item_6),0.2811,0.169,0.001,0.001,0.001,0.2744,0.2811,0.2444,0.0281
nofold/s40_off,195,seg3a,unknown,move_to,step,,d(item_6),0.2875,0.1584,0.001,0.001,0.001,0.2795,0.2875,0.2429,0.0288
nofold/s40_off,196,seg3a,unknown,move_to,step,,d(item_6),0.2942,0.1476,0.001,0.001,0.001,0.285,0.2942,0.2407,0.0294
nofold/s40_off,197,seg3a,unknown,move_to,step,,d(item_6),0.3014,0.1368,0.001,0.001,0.001,0.2907,0.3014,0.2379,0.0302
nofold/s40_off,198,seg3a,unknown,move_to,step,,d(item_6),0.3091,0.1261,0.001,0.001,0.001,0.2968,0.3091,0.2341,0.0309
nofold/s40_off,199,seg3a,unknown,move_to,step,,d(item_6),0.3172,0.1156,0.001,0.001,0.001,0.3032,0.3172,0.2293,0.0317
nofold/s40_off,200,seg3a,unknown,move_to,step,,d(item_6),0.3258,0.1053,0.001,0.001,0.001,0.3099,0.3258,0.2234,0.0326
nofold/s40_off,201,seg3a,unknown,move_to,step,,d(item_6),0.3349,0.0954,0.001,0.001,0.001,0.3169,0.3349,0.2163,0.0335
nofold/s40_off,202,seg3a,unknown,move_to,step,,d(item_6),0.3446,0.0858,0.001,0.001,0.001,0.3242,0.3446,0.2079,0.0345
nofold/s40_off,203,seg3a,unknown,move_to,step,,d(item_6),0.3548,0.0767,0.001,0.001,0.001,0.3319,0.3548,0.1981,0.0355
nofold/s40_off,204,seg3a,unknown,move_to,step,,d(item_6),0.3655,0.0682,0.001,0.001,0.001,0.3399,0.3655,0.1868,0.0366
nofold/s40_off,205,seg3a,unknown,move_to,step,,d(item_6),0.3768,0.0602,0.001,0.001,0.001,0.348,0.3768,0.1742,0.0377
nofold/s40_off,206,seg3a,unknown,move_to,,,d(item_6),0.3794,0.0606,0.001,0.001,0.001,0.3504,0.3794,0.1686,0.038
nofold/s40_off,207,seg3a,unknown,wait_at,stand,,d(item_6),0.3821,0.0611,0.001,0.001,0.001,0.3529,0.3821,0.1628,0.0382
nofold/s40_off,208,seg3a,unknown,wait_at,,,d(item_6),0.3848,0.0615,0.001,0.001,0.001,0.3554,0.3848,0.1569,0.0385
nofold/s40_off,209,seg3b,unknown,,,,d(item_6),0.3875,0.0619,0.001,0.001,0.001,0.3579,0.3875,0.1509,0.0388
nofold/s40_off,210,seg3b,unknown,move_to,step,,d(item_6),0.3972,0.0511,0.001,0.001,0.001,0.3801,0.3972,0.1224,0.0463
nofold/s40_off,211,seg3b,unknown,move_to,step,,d(item_5),0.401,0.0421,0.001,0.001,0.001,0.401,0.4009,0.0974,0.0556
nofold/s40_off,212,seg3b,unknown,move_to,step,,d(item_5),0.42,0.0348,0.001,0.001,0.001,0.42,0.3985,0.0765,0.0673
nofold/s40_off,213,seg3b,unknown,move_to,step,,d(item_5),0.4363,0.0288,0.001,0.001,0.001,0.4363,0.3902,0.0597,0.082
nofold/s40_off,214,seg3b,unknown,move_to,step,,d(item_5),0.4494,0.0239,0.001,0.001,0.001,0.4494,0.3769,0.0463,0.1005
nofold/s40_off,215,seg3b,unknown,move_to,step,,d(item_5),0.4584,0.0199,0.001,0.001,0.001,0.4584,0.3591,0.0359,0.1237
nofold/s40_off,216,seg3b,unknown,move_to,step,,d(item_5),0.4624,0.0165,0.001,0.001,0.001,0.4624,0.3377,0.0278,0.1527
nofold/s40_off,217,seg3b,unknown,move_to,step,,d(item_5),0.4603,0.0138,0.001,0.001,0.001,0.4603,0.3133,0.0214,0.1883
nofold/s40_off,218,seg3b,unknown,move_to,step,,d(item_5),0.4514,0.0114,0.001,0.001,0.001,0.4514,0.2864,0.0164,0.2314
nofold/s40_off,219,seg3b,unknown,move_to,step,,d(item_5),0.435,0.0094,0.001,0.001,0.001,0.435,0.2577,0.0125,0.2826
nofold/s40_off,220,seg3b,unknown,move_to,step,,d(item_5),0.4108,0.0076,0.001,0.001,0.001,0.4108,0.2277,0.0094,0.3415
nofold/s40_off,221,seg3b,unknown,move_to,step,,unknown,0.4073,0.0061,0.001,0.001,0.001,0.3795,0.1972,0.0069,0.4073
nofold/s40_off,222,seg3b,unknown,move_to,step,,unknown,0.4779,0.0048,0.001,0.001,0.001,0.3421,0.1671,0.0051,0.4779
nofold/s40_off,223,seg3b,unknown,move_to,step,,unknown,0.5506,0.0037,0.001,0.001,0.001,0.3006,0.1384,0.0036,0.5506
nofold/s40_off,224,seg3b,unknown,move_to,step,,unknown,0.6223,0.0028,0.001,0.001,0.001,0.2573,0.1119,0.0026,0.6223
nofold/s40_off,225,seg3b,unknown,move_to,step,,unknown,0.6898,0.0021,0.001,0.001,0.001,0.2148,0.0885,0.0018,0.6898
nofold/s40_off,226,seg3b,unknown,move_to,step,,unknown,0.7508,0.0015,0.001,0.001,0.001,0.175,0.0685,0.0012,0.7508
nofold/s40_off,227,seg3b,unknown,move_to,,,unknown,0.7509,0.0015,0.001,0.001,0.001,0.175,0.0685,0.0011,0.7509
nofold/s40_off,228,seg3b,unknown,wait_at,stand,,unknown,0.7509,0.0015,0.001,0.001,0.001,0.175,0.0685,0.001,0.7509
nofold/s40_off,229,seg3b,unknown,wait_at,,,unknown,0.751,0.0015,0.001,0.001,0.001,0.175,0.0685,0.001,0.751
nofold/s40_off,230,seg4,d(item_6),,,,unknown,0.751,0.0015,0.001,0.001,0.001,0.175,0.0685,0.001,0.751
nofold/s40_off,231,seg4,d(item_6),move_to,step,,unknown,0.7523,0.0014,0.001,0.001,0.001,0.1737,0.0686,0.001,0.7523
nofold/s40_off,232,seg4,d(item_6),move_to,step,,unknown,0.7537,0.0013,0.001,0.001,0.001,0.1722,0.0687,0.001,0.7537
nofold/s40_off,233,seg4,d(item_6),move_to,step,,unknown,0.7552,0.0012,0.001,0.001,0.001,0.1708,0.0689,0.001,0.7552
nofold/s40_off,234,seg4,d(item_6),move_to,step,,unknown,0.7567,0.0011,0.001,0.001,0.001,0.1692,0.069,0.001,0.7567
nofold/s40_off,235,seg4,d(item_6),move_to,step,,unknown,0.7583,0.001,0.001,0.001,0.001,0.1675,0.0692,0.001,0.7583
nofold/s40_off,236,seg4,d(item_6),move_to,step,,unknown,0.7599,0.001,0.001,0.001,0.001,0.1658,0.0693,0.001,0.7599
nofold/s40_off,237,seg4,d(item_6),move_to,step,,unknown,0.7617,0.001,0.001,0.001,0.001,0.1639,0.0695,0.001,0.7617
nofold/s40_off,238,seg4,d(item_6),move_to,step,,unknown,0.7635,0.001,0.001,0.001,0.001,0.1619,0.0696,0.001,0.7635
nofold/s40_off,239,seg4,d(item_6),move_to,step,,unknown,0.7654,0.001,0.001,0.001,0.001,0.1598,0.0698,0.001,0.7654
nofold/s40_off,240,seg4,d(item_6),move_to,step,,unknown,0.7674,0.001,0.001,0.001,0.001,0.1576,0.07,0.001,0.7674
nofold/s40_off,241,seg4,d(item_6),move_to,step,,unknown,0.7696,0.001,0.001,0.001,0.001,0.1553,0.0702,0.001,0.7696
nofold/s40_off,242,seg4,d(item_6),move_to,step,,unknown,0.7718,0.001,0.001,0.001,0.001,0.1528,0.0704,0.001,0.7718
nofold/s40_off,243,seg4,d(item_6),move_to,step,,unknown,0.7743,0.001,0.001,0.001,0.001,0.1501,0.0706,0.001,0.7743
nofold/s40_off,244,seg4,d(item_6),move_to,step,,unknown,0.7769,0.001,0.001,0.001,0.001,0.1473,0.0708,0.001,0.7769
nofold/s40_off,245,seg4,d(item_6),move_to,step,,unknown,0.7796,0.001,0.001,0.001,0.001,0.1443,0.0711,0.001,0.7796
nofold/s40_off,246,seg4,d(item_6),move_to,step,,unknown,0.7826,0.001,0.001,0.001,0.001,0.1411,0.0714,0.001,0.7826
nofold/s40_off,247,seg4,d(item_6),move_to,step,,unknown,0.7857,0.001,0.001,0.001,0.001,0.1376,0.0717,0.001,0.7857
nofold/s40_off,248,seg4,d(item_6),move_to,step,,unknown,0.7891,0.001,0.001,0.001,0.001,0.1339,0.072,0.001,0.7891
nofold/s40_off,249,seg4,d(item_6),move_to,step,,unknown,0.7927,0.001,0.001,0.001,0.001,0.13,0.0723,0.001,0.7927
nofold/s40_off,250,seg4,d(item_6),move_to,step,,unknown,0.7966,0.001,0.001,0.001,0.001,0.1258,0.0726,0.001,0.7966
nofold/s40_off,251,seg4,d(item_6),move_to,step,,unknown,0.8007,0.001,0.001,0.001,0.001,0.1213,0.073,0.001,0.8007
nofold/s40_off,252,seg4,d(item_6),move_to,step,,unknown,0.8051,0.001,0.001,0.001,0.001,0.1164,0.0734,0.001,0.8051
nofold/s40_off,253,seg4,d(item_6),move_to,step,,unknown,0.8099,0.001,0.001,0.001,0.001,0.1113,0.0739,0.001,0.8099
nofold/s40_off,254,seg4,d(item_6),move_to,step,,unknown,0.815,0.001,0.001,0.001,0.001,0.1057,0.0743,0.001,0.815
nofold/s40_off,255,seg4,d(item_6),move_to,step,,unknown,0.8204,0.001,0.001,0.001,0.001,0.0998,0.0748,0.001,0.8204
nofold/s40_off,256,seg4,d(item_6),move_to,step,,unknown,0.8261,0.001,0.001,0.001,0.001,0.0936,0.0753,0.001,0.8261
nofold/s40_off,257,seg4,d(item_6),move_to,step,,unknown,0.8321,0.001,0.001,0.001,0.001,0.087,0.0759,0.001,0.8321
nofold/s40_off,258,seg4,d(item_6),move_to,step,,unknown,0.8385,0.001,0.001,0.001,0.001,0.0801,0.0765,0.001,0.8385
nofold/s40_off,259,seg4,d(item_6),move_to,step,,unknown,0.8451,0.001,0.001,0.001,0.001,0.0729,0.0771,0.001,0.8451
nofold/s40_off,260,seg4,d(item_6),move_to,step,,unknown,0.8518,0.001,0.001,0.001,0.001,0.0655,0.0777,0.001,0.8518
nofold/s40_off,261,seg4,d(item_6),move_to,step,,unknown,0.8586,0.001,0.001,0.001,0.001,0.0581,0.0783,0.001,0.8586
nofold/s40_off,262,seg4,d(item_6),move_to,step,,unknown,0.8654,0.001,0.001,0.001,0.001,0.0507,0.0789,0.001,0.8654
nofold/s40_off,263,seg4,d(item_6),move_to,step,,unknown,0.872,0.001,0.001,0.001,0.001,0.0435,0.0795,0.001,0.872
nofold/s40_off,264,seg4,d(item_6),move_to,step,,unknown,0.8783,0.001,0.001,0.001,0.001,0.0366,0.0801,0.001,0.8783
nofold/s40_off,265,seg4,d(item_6),move_to,step,,unknown,0.8841,0.001,0.001,0.001,0.001,0.0303,0.0806,0.001,0.8841
nofold/s40_off,266,seg4,d(item_6),move_to,step,,unknown,0.8893,0.001,0.001,0.001,0.001,0.0246,0.0811,0.001,0.8893
nofold/s40_off,267,seg4,d(item_6),move_to,step,,unknown,0.8939,0.001,0.001,0.001,0.001,0.0196,0.0815,0.001,0.8939
nofold/s40_off,268,seg4,d(item_6),move_to,step,,unknown,0.8978,0.001,0.001,0.001,0.001,0.0153,0.0819,0.001,0.8978
nofold/s40_off,269,seg4,d(item_6),move_to,step,,unknown,0.901,0.001,0.001,0.001,0.001,0.0118,0.0822,0.001,0.901
nofold/s40_off,270,seg4,d(item_6),move_to,step,,unknown,0.9037,0.001,0.001,0.001,0.001,0.0089,0.0824,0.001,0.9037
nofold/s40_off,271,seg4,d(item_6),move_to,,,unknown,0.9037,0.001,0.001,0.001,0.001,0.0089,0.0824,0.001,0.9037
nofold/s40_off,272,seg4,d(item_6),pick_up,grasp,item_6,unknown,0.9037,0.001,0.001,0.001,0.001,0.0089,0.0824,0.001,0.9037
nofold/s40_off,273,seg4,d(item_6),pick_up,,item_6,unknown,0.9037,0.001,0.001,0.001,0.001,0.0089,0.0824,0.001,0.9037
nofold/s40_off,274,seg4,d(item_6),move_to,step,item_6,unknown,0.9037,0.001,0.001,0.001,0.001,0.0089,0.0824,0.001,0.9037
nofold/s40_off,275,seg4,d(item_6),move_to,step,item_6,unknown,0.9037,0.001,0.001,0.001,0.001,0.0089,0.0824,0.001,0.9037
nofold/s40_off,276,seg4,d(item_6),move_to,step,item_6,unknown,0.9052,0.001,0.001,0.001,0.001,0.0072,0.0826,0.001,0.9052
nofold/s40_off,277,seg4,d(item_6),move_to,step,item_6,unknown,0.9067,0.001,0.001,0.001,0.001,0.0056,0.0827,0.001,0.9067
nofold/s40_off,278,seg4,d(item_6),move_to,step,item_6,unknown,0.908,0.001,0.001,0.001,0.001,0.0042,0.0828,0.001,0.908
nofold/s40_off,279,seg4,d(item_6),move_to,step,item_6,unknown,0.9091,0.001,0.001,0.001,0.001,0.003,0.0829,0.001,0.9091
nofold/s40_off,280,seg4,d(item_6),move_to,step,item_6,unknown,0.9099,0.001,0.001,0.001,0.001,0.0022,0.083,0.001,0.9099
nofold/s40_off,281,seg4,d(item_6),move_to,step,item_6,unknown,0.9105,0.001,0.001,0.001,0.001,0.0015,0.083,0.001,0.9105
nofold/s40_off,282,seg4,d(item_6),move_to,step,item_6,unknown,0.9109,0.001,0.001,0.001,0.001,0.001,0.0831,0.001,0.9109
nofold/s40_off,283,seg4,d(item_6),move_to,step,item_6,unknown,0.9109,0.001,0.001,0.001,0.001,0.001,0.0831,0.001,0.9109
nofold/s40_off,284,seg4,d(item_6),move_to,step,item_6,unknown,0.9109,0.001,0.001,0.001,0.001,0.001,0.0831,0.001,0.9109
nofold/s40_off,285,seg4,d(item_6),move_to,step,item_6,unknown,0.9109,0.001,0.001,0.001,0.001,0.001,0.0831,0.001,0.9109
nofold/s40_off,286,seg4,d(item_6),move_to,step,item_6,unknown,0.9109,0.001,0.001,0.001,0.001,0.001,0.0831,0.001,0.9109
nofold/s40_off,287,seg4,d(item_6),move_to,step,item_6,unknown,0.9109,0.001,0.001,0.001,0.001,0.001,0.0831,0.001,0.9109
nofold/s40_off,288,seg4,d(item_6),move_to,step,item_6,unknown,0.9109,0.001,0.001,0.001,0.001,0.001,0.0831,0.001,0.9109
nofold/s40_off,289,seg4,d(item_6),move_to,step,item_6,unknown,0.9109,0.001,0.001,0.001,0.001,0.001,0.0831,0.001,0.9109
nofold/s40_off,290,seg4,d(item_6),move_to,step,item_6,unknown,0.9109,0.001,0.001,0.001,0.001,0.001,0.0831,0.001,0.9109
nofold/s40_off,291,seg4,d(item_6),move_to,step,item_6,unknown,0.9109,0.001,0.001,0.001,0.001,0.001,0.0831,0.001,0.9109
nofold/s40_off,292,seg4,d(item_6),move_to,step,item_6,unknown,0.9109,0.001,0.001,0.001,0.001,0.001,0.0831,0.001,0.9109
nofold/s40_off,293,seg4,d(item_6),move_to,step,item_6,unknown,0.9109,0.001,0.001,0.001,0.001,0.001,0.0831,0.001,0.9109
nofold/s40_off,294,seg4,d(item_6),move_to,step,item_6,unknown,0.9109,0.001,0.001,0.001,0.001,0.001,0.0831,0.001,0.9109
nofold/s40_off,295,seg4,d(item_6),move_to,step,item_6,unknown,0.9109,0.001,0.001,0.001,0.001,0.001,0.0831,0.001,0.9109
nofold/s40_off,296,seg4,d(item_6),move_to,step,item_6,unknown,0.9109,0.001,0.001,0.001,0.001,0.001,0.0831,0.001,0.9109
nofold/s40_off,297,seg4,d(item_6),move_to,step,item_6,unknown,0.9109,0.001,0.001,0.001,0.001,0.001,0.0831,0.001,0.9109
nofold/s40_off,298,seg4,d(item_6),move_to,step,item_6,unknown,0.9109,0.001,0.001,0.001,0.001,0.001,0.0831,0.001,0.9109
nofold/s40_off,299,seg4,d(item_6),move_to,step,item_6,unknown,0.9109,0.001,0.001,0.001,0.001,0.001,0.0831,0.001,0.9109
nofold/s40_off,300,seg4,d(item_6),move_to,step,item_6,unknown,0.9109,0.001,0.001,0.001,0.001,0.001,0.0831,0.001,0.9109
nofold/s40_off,301,seg4,d(item_6),move_to,step,item_6,unknown,0.9109,0.001,0.001,0.001,0.001,0.001,0.0831,0.001,0.9109
nofold/s40_off,302,seg4,d(item_6),move_to,step,item_6,unknown,0.9109,0.001,0.001,0.001,0.001,0.001,0.0831,0.001,0.9109
nofold/s40_off,303,seg4,d(item_6),move_to,step,item_6,unknown,0.9109,0.001,0.001,0.001,0.001,0.001,0.0831,0.001,0.9109
nofold/s40_off,304,seg4,d(item_6),move_to,step,item_6,unknown,0.9109,0.001,0.001,0.001,0.001,0.001,0.0831,0.001,0.9109
nofold/s40_off,305,seg4,d(item_6),move_to,step,item_6,unknown,0.9109,0.001,0.001,0.001,0.001,0.001,0.0831,0.001,0.9109
nofold/s40_off,306,seg4,d(item_6),move_to,step,item_6,unknown,0.9109,0.001,0.001,0.001,0.001,0.001,0.0831,0.001,0.9109
nofold/s40_off,307,seg4,d(item_6),move_to,step,item_6,unknown,0.9109,0.001,0.001,0.001,0.001,0.001,0.0831,0.001,0.9109
nofold/s40_off,308,seg4,d(item_6),move_to,step,item_6,unknown,0.9109,0.001,0.001,0.001,0.001,0.001,0.0831,0.001,0.9109
nofold/s40_off,309,seg4,d(item_6),move_to,step,item_6,unknown,0.9109,0.001,0.001,0.001,0.001,0.001,0.0831,0.001,0.9109
nofold/s40_off,310,seg4,d(item_6),move_to,step,item_6,unknown,0.9109,0.001,0.001,0.001,0.001,0.001,0.0831,0.001,0.9109
nofold/s40_off,311,seg4,d(item_6),move_to,step,item_6,unknown,0.9109,0.001,0.001,0.001,0.001,0.001,0.0831,0.001,0.9109
nofold/s40_off,312,seg4,d(item_6),move_to,step,item_6,unknown,0.9109,0.001,0.001,0.001,0.001,0.001,0.0831,0.001,0.9109
nofold/s40_off,313,seg4,d(item_6),move_to,step,item_6,unknown,0.9109,0.001,0.001,0.001,0.001,0.001,0.0831,0.001,0.9109
nofold/s40_off,314,seg4,d(item_6),move_to,step,item_6,unknown,0.9109,0.001,0.001,0.001,0.001,0.001,0.0831,0.001,0.9109
nofold/s40_off,315,seg4,d(item_6),move_to,step,item_6,unknown,0.9109,0.001,0.001,0.001,0.001,0.001,0.0831,0.001,0.9109
nofold/s40_off,316,seg4,d(item_6),move_to,step,item_6,unknown,0.9109,0.001,0.001,0.001,0.001,0.001,0.0831,0.001,0.9109
nofold/s40_off,317,seg4,d(item_6),move_to,step,item_6,unknown,0.9109,0.001,0.001,0.001,0.001,0.001,0.0831,0.001,0.9109
nofold/s40_off,318,seg4,d(item_6),move_to,step,item_6,unknown,0.9109,0.001,0.001,0.001,0.001,0.001,0.0831,0.001,0.9109
nofold/s40_off,319,seg4,d(item_6),move_to,step,item_6,unknown,0.9109,0.001,0.001,0.001,0.001,0.001,0.0831,0.001,0.9109
nofold/s40_off,320,seg4,d(item_6),move_to,step,item_6,unknown,0.9109,0.001,0.001,0.001,0.001,0.001,0.0831,0.001,0.9109
nofold/s40_off,321,seg4,d(item_6),move_to,step,item_6,unknown,0.9109,0.001,0.001,0.001,0.001,0.001,0.0831,0.001,0.9109
nofold/s40_off,322,seg4,d(item_6),move_to,step,item_6,unknown,0.9109,0.001,0.001,0.001,0.001,0.001,0.0831,0.001,0.9109
nofold/s40_off,323,seg4,d(item_6),move_to,step,item_6,unknown,0.9109,0.001,0.001,0.001,0.001,0.001,0.0831,0.001,0.9109
nofold/s40_off,324,seg4,d(item_6),move_to,step,item_6,unknown,0.9109,0.001,0.001,0.001,0.001,0.001,0.0831,0.001,0.9109
nofold/s40_off,325,seg4,d(item_6),move_to,step,item_6,unknown,0.9109,0.001,0.001,0.001,0.001,0.001,0.0831,0.001,0.9109
nofold/s40_off,326,seg4,d(item_6),move_to,step,item_6,unknown,0.9109,0.001,0.001,0.001,0.001,0.001,0.0831,0.001,0.9109
nofold/s40_off,327,seg4,d(item_6),move_to,step,item_6,unknown,0.9109,0.001,0.001,0.001,0.001,0.001,0.0831,0.001,0.9109
nofold/s40_off,328,seg4,d(item_6),move_to,step,item_6,unknown,0.9109,0.001,0.001,0.001,0.001,0.001,0.0831,0.001,0.9109
nofold/s40_off,329,seg4,d(item_6),move_to,step,item_6,unknown,0.9109,0.001,0.001,0.001,0.001,0.001,0.0831,0.001,0.9109
nofold/s40_off,330,seg4,d(item_6),move_to,,item_6,unknown,0.9109,0.001,0.001,0.001,0.001,0.001,0.0831,0.001,0.9109
nofold/s40_off,331,seg4,d(item_6),place,release,,ac,0.3317,0.3317,0.001,0.001,0.001,0.3317,0.001,0.001,0.3317
nofold/s40_off,332,seg4,d(item_6),place,,,ac,0.3317,0.3317,0.001,0.001,0.001,0.3317,0.001,0.001,0.3317
nofold/s40_off,333,done,unknown,,,,ac,0.3317,0.3317,0.001,0.001,0.001,0.3317,0.001,0.001,0.3317
nofold/s40_off,334,done,unknown,,,,ac,0.3317,0.3317,0.001,0.001,0.001,0.3317,0.001,0.001,0.3317
nofold/s40_off,335,done,unknown,,,,ac,0.3317,0.3317,0.001,0.001,0.001,0.3317,0.001,0.001,0.3317
nofold/s40_off,336,done,unknown,,,,ac,0.3317,0.3317,0.001,0.001,0.001,0.3317,0.001,0.001,0.3317
nofold/s40_off,337,done,unknown,,,,ac,0.3317,0.3317,0.001,0.001,0.001,0.3317,0.001,0.001,0.3317
nofold/s40_off,338,done,unknown,,,,ac,0.3317,0.3317,0.001,0.001,0.001,0.3317,0.001,0.001,0.3317
nofold/s40_off,339,done,unknown,,,,ac,0.3317,0.3317,0.001,0.001,0.001,0.3317,0.001,0.001,0.3317
nofold/s40_off,340,done,unknown,,,,ac,0.3317,0.3317,0.001,0.001,0.001,0.3317,0.001,0.001,0.3317
nofold/s40_off,341,done,unknown,,,,ac,0.3317,0.3317,0.001,0.001,0.001,0.3317,0.001,0.001,0.3317
nofold/s40_off,342,done,unknown,,,,ac,0.3317,0.3317,0.001,0.001,0.001,0.3317,0.001,0.001,0.3317
nofold/s40_off,343,done,unknown,,,,ac,0.3317,0.3317,0.001,0.001,0.001,0.3317,0.001,0.001,0.3317
nofold/s40_off,344,done,unknown,,,,ac,0.3317,0.3317,0.001,0.001,0.001,0.3317,0.001,0.001,0.3317
nofold/s40_off,345,done,unknown,,,,ac,0.3317,0.3317,0.001,0.001,0.001,0.3317,0.001,0.001,0.3317
nofold/s40_off,346,done,unknown,,,,ac,0.3317,0.3317,0.001,0.001,0.001,0.3317,0.001,0.001,0.3317
nofold/s40_off,347,done,unknown,,,,ac,0.3317,0.3317,0.001,0.001,0.001,0.3317,0.001,0.001,0.3317
nofold/s40_off,348,done,unknown,,,,ac,0.3317,0.3317,0.001,0.001,0.001,0.3317,0.001,0.001,0.3317
nofold/s40_off,349,done,unknown,,,,ac,0.3317,0.3317,0.001,0.001,0.001,0.3317,0.001,0.001,0.3317
nofold/s40_off,350,done,unknown,,,,ac,0.3317,0.3317,0.001,0.001,0.001,0.3317,0.001,0.001,0.3317
nofold/s40_off,351,done,unknown,,,,ac,0.3317,0.3317,0.001,0.001,0.001,0.3317,0.001,0.001,0.3317
nofold/s40_off,352,done,unknown,,,,ac,0.3317,0.3317,0.001,0.001,0.001,0.3317,0.001,0.001,0.3317
nofold/s40_off,353,done,unknown,,,,ac,0.3317,0.3317,0.001,0.001,0.001,0.3317,0.001,0.001,0.3317
nofold/s40_off,354,done,unknown,,,,ac,0.3317,0.3317,0.001,0.001,0.001,0.3317,0.001,0.001,0.3317
nofold/s40_off,355,done,unknown,,,,ac,0.3317,0.3317,0.001,0.001,0.001,0.3317,0.001,0.001,0.3317
nofold/s40_off,356,done,unknown,,,,ac,0.3317,0.3317,0.001,0.001,0.001,0.3317,0.001,0.001,0.3317
nofold/s40_off,357,done,unknown,,,,ac,0.3317,0.3317,0.001,0.001,0.001,0.3317,0.001,0.001,0.3317
nofold/s40_off,358,done,unknown,,,,ac,0.3317,0.3317,0.001,0.001,0.001,0.3317,0.001,0.001,0.3317
nofold/s40_off,359,done,unknown,,,,ac,0.3317,0.3317,0.001,0.001,0.001,0.3317,0.001,0.001,0.3317
nofold/s40_off,360,done,unknown,,,,ac,0.3317,0.3317,0.001,0.001,0.001,0.3317,0.001,0.001,0.3317
nofold/s40_off,361,done,unknown,,,,ac,0.3317,0.3317,0.001,0.001,0.001,0.3317,0.001,0.001,0.3317
nofold/s40_off,362,done,unknown,,,,ac,0.3317,0.3317,0.001,0.001,0.001,0.3317,0.001,0.001,0.3317
nofold/s40_off,363,done,unknown,,,,ac,0.3317,0.3317,0.001,0.001,0.001,0.3317,0.001,0.001,0.3317
nofold/s40_off,364,done,unknown,,,,ac,0.3317,0.3317,0.001,0.001,0.001,0.3317,0.001,0.001,0.3317
nofold/s40_off,365,done,unknown,,,,ac,0.3317,0.3317,0.001,0.001,0.001,0.3317,0.001,0.001,0.3317
nofold/s40_off,366,done,unknown,,,,ac,0.3317,0.3317,0.001,0.001,0.001,0.3317,0.001,0.001,0.3317
nofold/s40_off,367,done,unknown,,,,ac,0.3317,0.3317,0.001,0.001,0.001,0.3317,0.001,0.001,0.3317
nofold/s40_off,368,done,unknown,,,,ac,0.3317,0.3317,0.001,0.001,0.001,0.3317,0.001,0.001,0.3317
nofold/s40_off,369,done,unknown,,,,ac,0.3317,0.3317,0.001,0.001,0.001,0.3317,0.001,0.001,0.3317
nofold/s40_off,370,done,unknown,,,,ac,0.3317,0.3317,0.001,0.001,0.001,0.3317,0.001,0.001,0.3317
nofold/s40_off,371,done,unknown,,,,ac,0.3317,0.3317,0.001,0.001,0.001,0.3317,0.001,0.001,0.3317
nofold/s40_off,372,done,unknown,,,,ac,0.3317,0.3317,0.001,0.001,0.001,0.3317,0.001,0.001,0.3317
nofold/s40_off,373,done,unknown,,,,ac,0.3317,0.3317,0.001,0.001,0.001,0.3317,0.001,0.001,0.3317
nofold/s40_off,374,done,unknown,,,,ac,0.3317,0.3317,0.001,0.001,0.001,0.3317,0.001,0.001,0.3317
nofold/s40_off,375,done,unknown,,,,ac,0.3317,0.3317,0.001,0.001,0.001,0.3317,0.001,0.001,0.3317
nofold/s40_off,376,done,unknown,,,,ac,0.497,0.497,0.001,0.001,0.001,0.001,0.001,0.001,0.497
nofold/s40_off,377,done,unknown,,,,ac,0.497,0.497,0.001,0.001,0.001,0.001,0.001,0.001,0.497
nofold/s40_off,378,done,unknown,,,,ac,0.497,0.497,0.001,0.001,0.001,0.001,0.001,0.001,0.497
nofold/s40_on,0,seg1,d(item_3),move_to,step,,d(item_3),0.2664,0.217,0.2566,0.2664,0.001,0.001,0.2303,0.001,0.0266
nofold/s40_on,1,seg1,d(item_3),move_to,step,,d(item_3),0.2934,0.1879,0.2714,0.2934,0.001,0.001,0.215,0.001,0.0293
nofold/s40_on,2,seg1,d(item_3),move_to,step,,d(item_3),0.3236,0.1576,0.2864,0.3236,0.001,0.001,0.197,0.001,0.0324
nofold/s40_on,3,seg1,d(item_3),move_to,step,,d(item_3),0.356,0.1282,0.3005,0.356,0.001,0.001,0.1767,0.001,0.0356
nofold/s40_on,4,seg1,d(item_3),move_to,step,,d(item_3),0.3894,0.1013,0.3124,0.3894,0.001,0.001,0.1549,0.001,0.0389
nofold/s40_on,5,seg1,d(item_3),move_to,step,,d(item_3),0.4229,0.0781,0.321,0.4229,0.001,0.001,0.1328,0.001,0.0423
nofold/s40_on,6,seg1,d(item_3),move_to,step,,d(item_3),0.4555,0.0589,0.3257,0.4555,0.001,0.001,0.1114,0.001,0.0455
nofold/s40_on,7,seg1,d(item_3),move_to,step,,d(item_3),0.4867,0.0436,0.3263,0.4867,0.001,0.001,0.0917,0.001,0.0487
nofold/s40_on,8,seg1,d(item_3),move_to,step,,d(item_3),0.5164,0.0318,0.323,0.5164,0.001,0.001,0.0741,0.001,0.0516
nofold/s40_on,9,seg1,d(item_3),move_to,step,,d(item_3),0.5445,0.0229,0.3161,0.5445,0.001,0.001,0.0591,0.001,0.0544
nofold/s40_on,10,seg1,d(item_3),move_to,step,,d(item_3),0.5711,0.0164,0.3059,0.5711,0.001,0.001,0.0465,0.001,0.0571
nofold/s40_on,11,seg1,d(item_3),move_to,step,,d(item_3),0.5964,0.0116,0.293,0.5964,0.001,0.001,0.0363,0.001,0.0596
nofold/s40_on,12,seg1,d(item_3),move_to,step,,d(item_3),0.6207,0.0082,0.278,0.6207,0.001,0.001,0.028,0.001,0.0621
nofold/s40_on,13,seg1,d(item_3),move_to,step,,d(item_3),0.6441,0.0058,0.2612,0.6441,0.001,0.001,0.0215,0.001,0.0644
nofold/s40_on,14,seg1,d(item_3),move_to,step,,d(item_3),0.6667,0.004,0.2432,0.6667,0.001,0.001,0.0164,0.001,0.0667
nofold/s40_on,15,seg1,d(item_3),move_to,step,,d(item_3),0.6886,0.0028,0.2243,0.6886,0.001,0.001,0.0124,0.001,0.0689
nofold/s40_on,16,seg1,d(item_3),move_to,step,,d(item_3),0.7098,0.002,0.2049,0.7098,0.001,0.001,0.0094,0.001,0.071
nofold/s40_on,17,seg1,d(item_3),move_to,step,,d(item_3),0.7301,0.0014,0.1855,0.7301,0.001,0.001,0.007,0.001,0.073
nofold/s40_on,18,seg1,d(item_3),move_to,step,,d(item_3),0.7495,0.001,0.1663,0.7495,0.001,0.001,0.0053,0.001,0.075
nofold/s40_on,19,seg1,d(item_3),move_to,step,,d(item_3),0.7677,0.001,0.1476,0.7677,0.001,0.001,0.0039,0.001,0.0768
nofold/s40_on,20,seg1,d(item_3),move_to,step,,d(item_3),0.7849,0.001,0.1297,0.7849,0.001,0.001,0.0029,0.001,0.0785
nofold/s40_on,21,seg1,d(item_3),move_to,step,,d(item_3),0.8008,0.001,0.1129,0.8008,0.001,0.001,0.0021,0.001,0.0801
nofold/s40_on,22,seg1,d(item_3),move_to,step,,d(item_3),0.8155,0.001,0.0974,0.8155,0.001,0.001,0.0016,0.001,0.0816
nofold/s40_on,23,seg1,d(item_3),move_to,step,,d(item_3),0.8289,0.001,0.0831,0.8289,0.001,0.001,0.0012,0.001,0.0829
nofold/s40_on,24,seg1,d(item_3),move_to,step,,d(item_3),0.8407,0.001,0.0703,0.8407,0.001,0.001,0.001,0.001,0.0841
nofold/s40_on,25,seg1,d(item_3),move_to,step,,d(item_3),0.8511,0.001,0.0588,0.8511,0.001,0.001,0.001,0.001,0.0851
nofold/s40_on,26,seg1,d(item_3),move_to,step,,d(item_3),0.8602,0.001,0.0488,0.8602,0.001,0.001,0.001,0.001,0.086
nofold/s40_on,27,seg1,d(item_3),move_to,step,,d(item_3),0.8681,0.001,0.0401,0.8681,0.001,0.001,0.001,0.001,0.0868
nofold/s40_on,28,seg1,d(item_3),move_to,step,,d(item_3),0.8748,0.001,0.0327,0.8748,0.001,0.001,0.001,0.001,0.0875
nofold/s40_on,29,seg1,d(item_3),move_to,step,,d(item_3),0.8805,0.001,0.0265,0.8805,0.001,0.001,0.001,0.001,0.088
nofold/s40_on,30,seg1,d(item_3),move_to,step,,d(item_3),0.8853,0.001,0.0212,0.8853,0.001,0.001,0.001,0.001,0.0885
nofold/s40_on,31,seg1,d(item_3),move_to,step,,d(item_3),0.8892,0.001,0.0169,0.8892,0.001,0.001,0.001,0.001,0.0889
nofold/s40_on,32,seg1,d(item_3),move_to,step,,d(item_3),0.8924,0.001,0.0134,0.8924,0.001,0.001,0.001,0.001,0.0892
nofold/s40_on,33,seg1,d(item_3),move_to,step,,d(item_3),0.895,0.001,0.0105,0.895,0.001,0.001,0.001,0.001,0.0895
nofold/s40_on,34,seg1,d(item_3),move_to,step,,d(item_3),0.8971,0.001,0.0082,0.8971,0.001,0.001,0.001,0.001,0.0897
nofold/s40_on,35,seg1,d(item_3),move_to,step,,d(item_3),0.8988,0.001,0.0063,0.8988,0.001,0.001,0.001,0.001,0.0899
nofold/s40_on,36,seg1,d(item_3),move_to,step,,d(item_3),0.9001,0.001,0.0049,0.9001,0.001,0.001,0.001,0.001,0.09
nofold/s40_on,37,seg1,d(item_3),move_to,step,,d(item_3),0.9012,0.001,0.0037,0.9012,0.001,0.001,0.001,0.001,0.0901
nofold/s40_on,38,seg1,d(item_3),move_to,step,,d(item_3),0.902,0.001,0.0028,0.902,0.001,0.001,0.001,0.001,0.0902
nofold/s40_on,39,seg1,d(item_3),move_to,step,,d(item_3),0.9026,0.001,0.0021,0.9026,0.001,0.001,0.001,0.001,0.0903
nofold/s40_on,40,seg1,d(item_3),move_to,step,,d(item_3),0.9031,0.001,0.0016,0.9031,0.001,0.001,0.001,0.001,0.0903
nofold/s40_on,41,seg1,d(item_3),move_to,step,,d(item_3),0.9035,0.001,0.0012,0.9035,0.001,0.001,0.001,0.001,0.0903
nofold/s40_on,42,seg1,d(item_3),move_to,step,,d(item_3),0.9037,0.001,0.001,0.9037,0.001,0.001,0.001,0.001,0.0904
nofold/s40_on,43,seg1,d(item_3),move_to,step,,d(item_3),0.9037,0.001,0.001,0.9037,0.001,0.001,0.001,0.001,0.0904
nofold/s40_on,44,seg1,d(item_3),move_to,step,,d(item_3),0.9037,0.001,0.001,0.9037,0.001,0.001,0.001,0.001,0.0904
nofold/s40_on,45,seg1,d(item_3),move_to,step,,d(item_3),0.9037,0.001,0.001,0.9037,0.001,0.001,0.001,0.001,0.0904
nofold/s40_on,46,seg1,d(item_3),move_to,step,,d(item_3),0.9037,0.001,0.001,0.9037,0.001,0.001,0.001,0.001,0.0904
nofold/s40_on,47,seg1,d(item_3),move_to,step,,d(item_3),0.9037,0.001,0.001,0.9037,0.001,0.001,0.001,0.001,0.0904
nofold/s40_on,48,seg1,d(item_3),move_to,step,,d(item_3),0.9037,0.001,0.001,0.9037,0.001,0.001,0.001,0.001,0.0904
nofold/s40_on,49,seg1,d(item_3),move_to,step,,d(item_3),0.9037,0.001,0.001,0.9037,0.001,0.001,0.001,0.001,0.0904
nofold/s40_on,50,seg1,d(item_3),move_to,step,,d(item_3),0.9037,0.001,0.001,0.9037,0.001,0.001,0.001,0.001,0.0904
nofold/s40_on,51,seg1,d(item_3),move_to,step,,d(item_3),0.9037,0.001,0.001,0.9037,0.001,0.001,0.001,0.001,0.0904
nofold/s40_on,52,seg1,d(item_3),move_to,step,,d(item_3),0.9037,0.001,0.001,0.9037,0.001,0.001,0.001,0.001,0.0904
nofold/s40_on,53,seg1,d(item_3),move_to,step,,d(item_3),0.9037,0.001,0.001,0.9037,0.001,0.001,0.001,0.001,0.0904
nofold/s40_on,54,seg1,d(item_3),move_to,step,,d(item_3),0.9037,0.001,0.001,0.9037,0.001,0.001,0.001,0.001,0.0904
nofold/s40_on,55,seg1,d(item_3),move_to,step,,d(item_3),0.9037,0.001,0.001,0.9037,0.001,0.001,0.001,0.001,0.0904
nofold/s40_on,56,seg1,d(item_3),move_to,step,,d(item_3),0.9037,0.001,0.001,0.9037,0.001,0.001,0.001,0.001,0.0904
nofold/s40_on,57,seg1,d(item_3),move_to,step,,d(item_3),0.9037,0.001,0.001,0.9037,0.001,0.001,0.001,0.001,0.0904
nofold/s40_on,58,seg1,d(item_3),move_to,step,,d(item_3),0.9037,0.001,0.001,0.9037,0.001,0.001,0.001,0.001,0.0904
nofold/s40_on,59,seg1,d(item_3),move_to,,,d(item_3),0.9037,0.001,0.001,0.9037,0.001,0.001,0.001,0.001,0.0904
nofold/s40_on,60,seg1,d(item_3),pick_up,grasp,item_3,d(item_3),0.9037,0.001,0.001,0.9037,0.001,0.001,0.001,0.001,0.0904
nofold/s40_on,61,seg1,d(item_3),pick_up,,item_3,d(item_3),0.9037,0.001,0.001,0.9037,0.001,0.001,0.001,0.001,0.0904
nofold/s40_on,62,seg1,d(item_3),move_to,step,item_3,d(item_3),0.9037,0.001,0.001,0.9037,0.001,0.001,0.001,0.001,0.0904
nofold/s40_on,63,seg1,d(item_3),move_to,step,item_3,d(item_3),0.9037,0.001,0.001,0.9037,0.001,0.001,0.001,0.001,0.0904
nofold/s40_on,64,seg1,d(item_3),move_to,step,item_3,d(item_3),0.9037,0.001,0.001,0.9037,0.001,0.001,0.001,0.001,0.0904
nofold/s40_on,65,seg1,d(item_3),move_to,step,item_3,d(item_3),0.9037,0.001,0.001,0.9037,0.001,0.001,0.001,0.001,0.0904
nofold/s40_on,66,seg1,d(item_3),move_to,step,item_3,d(item_3),0.9037,0.001,0.001,0.9037,0.001,0.001,0.001,0.001,0.0904
nofold/s40_on,67,seg1,d(item_3),move_to,step,item_3,d(item_3),0.9037,0.001,0.001,0.9037,0.001,0.001,0.001,0.001,0.0904
nofold/s40_on,68,seg1,d(item_3),move_to,step,item_3,d(item_3),0.9037,0.001,0.001,0.9037,0.001,0.001,0.001,0.001,0.0904
nofold/s40_on,69,seg1,d(item_3),move_to,step,item_3,d(item_3),0.9037,0.001,0.001,0.9037,0.001,0.001,0.001,0.001,0.0904
nofold/s40_on,70,seg1,d(item_3),move_to,step,item_3,d(item_3),0.9037,0.001,0.001,0.9037,0.001,0.001,0.001,0.001,0.0904
nofold/s40_on,71,seg1,d(item_3),move_to,step,item_3,d(item_3),0.9037,0.001,0.001,0.9037,0.001,0.001,0.001,0.001,0.0904
nofold/s40_on,72,seg1,d(item_3),move_to,step,item_3,d(item_3),0.9037,0.001,0.001,0.9037,0.001,0.001,0.001,0.001,0.0904
nofold/s40_on,73,seg1,d(item_3),move_to,step,item_3,d(item_3),0.9037,0.001,0.001,0.9037,0.001,0.001,0.001,0.001,0.0904
nofold/s40_on,74,seg1,d(item_3),move_to,step,item_3,d(item_3),0.9037,0.001,0.001,0.9037,0.001,0.001,0.001,0.001,0.0904
nofold/s40_on,75,seg1,d(item_3),move_to,step,item_3,d(item_3),0.9037,0.001,0.001,0.9037,0.001,0.001,0.001,0.001,0.0904
nofold/s40_on,76,seg1,d(item_3),move_to,step,item_3,d(item_3),0.9037,0.001,0.001,0.9037,0.001,0.001,0.001,0.001,0.0904
nofold/s40_on,77,seg1,d(item_3),move_to,step,item_3,d(item_3),0.9037,0.001,0.001,0.9037,0.001,0.001,0.001,0.001,0.0904
nofold/s40_on,78,seg1,d(item_3),move_to,step,item_3,d(item_3),0.9037,0.001,0.001,0.9037,0.001,0.001,0.001,0.001,0.0904
nofold/s40_on,79,seg1,d(item_3),move_to,step,item_3,d(item_3),0.9037,0.001,0.001,0.9037,0.001,0.001,0.001,0.001,0.0904
nofold/s40_on,80,seg1,d(item_3),move_to,step,item_3,d(item_3),0.9037,0.001,0.001,0.9037,0.001,0.001,0.001,0.001,0.0904
nofold/s40_on,81,seg1,d(item_3),move_to,step,item_3,d(item_3),0.9037,0.001,0.001,0.9037,0.001,0.001,0.001,0.001,0.0904
nofold/s40_on,82,seg1,d(item_3),move_to,step,item_3,d(item_3),0.9037,0.001,0.001,0.9037,0.001,0.001,0.001,0.001,0.0904
nofold/s40_on,83,seg1,d(item_3),move_to,step,item_3,d(item_3),0.9037,0.001,0.001,0.9037,0.001,0.001,0.001,0.001,0.0904
nofold/s40_on,84,seg1,d(item_3),move_to,step,item_3,d(item_3),0.9037,0.001,0.001,0.9037,0.001,0.001,0.001,0.001,0.0904
nofold/s40_on,85,seg1,d(item_3),move_to,step,item_3,d(item_3),0.9037,0.001,0.001,0.9037,0.001,0.001,0.001,0.001,0.0904
nofold/s40_on,86,seg1,d(item_3),move_to,step,item_3,d(item_3),0.9037,0.001,0.001,0.9037,0.001,0.001,0.001,0.001,0.0904
nofold/s40_on,87,seg1,d(item_3),move_to,step,item_3,d(item_3),0.9037,0.001,0.001,0.9037,0.001,0.001,0.001,0.001,0.0904
nofold/s40_on,88,seg1,d(item_3),move_to,step,item_3,d(item_3),0.9037,0.001,0.001,0.9037,0.001,0.001,0.001,0.001,0.0904
nofold/s40_on,89,seg1,d(item_3),move_to,step,item_3,d(item_3),0.9037,0.001,0.001,0.9037,0.001,0.001,0.001,0.001,0.0904
nofold/s40_on,90,seg1,d(item_3),move_to,step,item_3,d(item_3),0.9037,0.001,0.001,0.9037,0.001,0.001,0.001,0.001,0.0904
nofold/s40_on,91,seg1,d(item_3),move_to,step,item_3,d(item_3),0.9037,0.001,0.001,0.9037,0.001,0.001,0.001,0.001,0.0904
nofold/s40_on,92,seg1,d(item_3),move_to,step,item_3,d(item_3),0.9037,0.001,0.001,0.9037,0.001,0.001,0.001,0.001,0.0904
nofold/s40_on,93,seg1,d(item_3),move_to,step,item_3,d(item_3),0.9037,0.001,0.001,0.9037,0.001,0.001,0.001,0.001,0.0904
nofold/s40_on,94,seg1,d(item_3),move_to,step,item_3,d(item_3),0.9037,0.001,0.001,0.9037,0.001,0.001,0.001,0.001,0.0904
nofold/s40_on,95,seg1,d(item_3),move_to,step,item_3,d(item_3),0.9037,0.001,0.001,0.9037,0.001,0.001,0.001,0.001,0.0904
nofold/s40_on,96,seg1,d(item_3),move_to,step,item_3,d(item_3),0.9037,0.001,0.001,0.9037,0.001,0.001,0.001,0.001,0.0904
nofold/s40_on,97,seg1,d(item_3),move_to,step,item_3,d(item_3),0.9037,0.001,0.001,0.9037,0.001,0.001,0.001,0.001,0.0904
nofold/s40_on,98,seg1,d(item_3),move_to,step,item_3,d(item_3),0.9037,0.001,0.001,0.9037,0.001,0.001,0.001,0.001,0.0904
nofold/s40_on,99,seg1,d(item_3),move_to,step,item_3,d(item_3),0.9037,0.001,0.001,0.9037,0.001,0.001,0.001,0.001,0.0904
nofold/s40_on,100,seg1,d(item_3),move_to,step,item_3,d(item_3),0.9037,0.001,0.001,0.9037,0.001,0.001,0.001,0.001,0.0904
nofold/s40_on,101,seg1,d(item_3),move_to,step,item_3,d(item_3),0.9037,0.001,0.001,0.9037,0.001,0.001,0.001,0.001,0.0904
nofold/s40_on,102,seg1,d(item_3),move_to,step,item_3,d(item_3),0.9037,0.001,0.001,0.9037,0.001,0.001,0.001,0.001,0.0904
nofold/s40_on,103,seg1,d(item_3),move_to,step,item_3,d(item_3),0.9037,0.001,0.001,0.9037,0.001,0.001,0.001,0.001,0.0904
nofold/s40_on,104,seg1,d(item_3),move_to,step,item_3,d(item_3),0.9037,0.001,0.001,0.9037,0.001,0.001,0.001,0.001,0.0904
nofold/s40_on,105,seg1,d(item_3),move_to,step,item_3,d(item_3),0.9037,0.001,0.001,0.9037,0.001,0.001,0.001,0.001,0.0904
nofold/s40_on,106,seg1,d(item_3),move_to,step,item_3,d(item_3),0.9037,0.001,0.001,0.9037,0.001,0.001,0.001,0.001,0.0904
nofold/s40_on,107,seg1,d(item_3),move_to,step,item_3,d(item_3),0.9037,0.001,0.001,0.9037,0.001,0.001,0.001,0.001,0.0904
nofold/s40_on,108,seg1,d(item_3),move_to,step,item_3,d(item_3),0.9037,0.001,0.001,0.9037,0.001,0.001,0.001,0.001,0.0904
nofold/s40_on,109,seg1,d(item_3),move_to,step,item_3,d(item_3),0.9037,0.001,0.001,0.9037,0.001,0.001,0.001,0.001,0.0904
nofold/s40_on,110,seg1,d(item_3),move_to,step,item_3,d(item_3),0.9037,0.001,0.001,0.9037,0.001,0.001,0.001,0.001,0.0904
nofold/s40_on,111,seg1,d(item_3),move_to,step,item_3,d(item_3),0.9037,0.001,0.001,0.9037,0.001,0.001,0.001,0.001,0.0904
nofold/s40_on,112,seg1,d(item_3),move_to,step,item_3,d(item_3),0.9037,0.001,0.001,0.9037,0.001,0.001,0.001,0.001,0.0904
nofold/s40_on,113,seg1,d(item_3),move_to,step,item_3,d(item_3),0.9037,0.001,0.001,0.9037,0.001,0.001,0.001,0.001,0.0904
nofold/s40_on,114,seg1,d(item_3),move_to,,item_3,d(item_3),0.9037,0.001,0.001,0.9037,0.001,0.001,0.001,0.001,0.0904
nofold/s40_on,115,seg1,d(item_3),place,release,,ac,0.249,0.249,0.249,0.001,0.001,0.001,0.249,0.001,0.249
nofold/s40_on,116,seg1,d(item_3),place,,,ac,0.249,0.249,0.249,0.001,0.001,0.001,0.249,0.001,0.249
nofold/s40_on,117,seg2,coffee,,,,ac,0.249,0.249,0.249,0.001,0.001,0.001,0.249,0.001,0.249
nofold/s40_on,118,seg2,coffee,move_to,step,,coffee,0.3395,0.2992,0.3395,0.001,0.001,0.001,0.3233,0.001,0.034
nofold/s40_on,119,seg2,coffee,move_to,step,,coffee,0.3602,0.2744,0.3602,0.001,0.001,0.001,0.3254,0.001,0.036
nofold/s40_on,120,seg2,coffee,move_to,step,,coffee,0.3832,0.2473,0.3832,0.001,0.001,0.001,0.3272,0.001,0.0383
nofold/s40_on,121,seg2,coffee,move_to,step,,coffee,0.4083,0.2187,0.4083,0.001,0.001,0.001,0.3282,0.001,0.0408
nofold/s40_on,122,seg2,coffee,move_to,step,,coffee,0.4351,0.1896,0.4351,0.001,0.001,0.001,0.3278,0.001,0.0435
nofold/s40_on,123,seg2,coffee,move_to,step,,coffee,0.463,0.1612,0.463,0.001,0.001,0.001,0.3255,0.001,0.0463
nofold/s40_on,124,seg2,coffee,move_to,step,,coffee,0.4916,0.1343,0.4916,0.001,0.001,0.001,0.3209,0.001,0.0492
nofold/s40_on,125,seg2,coffee,move_to,step,,coffee,0.5202,0.1098,0.5202,0.001,0.001,0.001,0.3139,0.001,0.052
nofold/s40_on,126,seg2,coffee,move_to,step,,coffee,0.5485,0.0882,0.5485,0.001,0.001,0.001,0.3044,0.001,0.0549
nofold/s40_on,127,seg2,coffee,move_to,step,,coffee,0.5761,0.0697,0.5761,0.001,0.001,0.001,0.2925,0.001,0.0576
nofold/s40_on,128,seg2,coffee,move_to,step,,coffee,0.6028,0.0543,0.6028,0.001,0.001,0.001,0.2786,0.001,0.0603
nofold/s40_on,129,seg2,coffee,move_to,step,,coffee,0.6284,0.0418,0.6284,0.001,0.001,0.001,0.263,0.001,0.0628
nofold/s40_on,130,seg2,coffee,move_to,step,,coffee,0.6529,0.0318,0.6529,0.001,0.001,0.001,0.2461,0.001,0.0653
nofold/s40_on,131,seg2,coffee,move_to,step,,coffee,0.6762,0.0239,0.6762,0.001,0.001,0.001,0.2283,0.001,0.0676
nofold/s40_on,132,seg2,coffee,move_to,step,,coffee,0.6983,0.0178,0.6983,0.001,0.001,0.001,0.21,0.001,0.0698
nofold/s40_on,133,seg2,coffee,move_to,step,,coffee,0.7192,0.0132,0.7192,0.001,0.001,0.001,0.1917,0.001,0.0719
nofold/s40_on,134,seg2,coffee,move_to,step,,coffee,0.7389,0.0097,0.7389,0.001,0.001,0.001,0.1735,0.001,0.0739
nofold/s40_on,135,seg2,coffee,move_to,step,,coffee,0.7573,0.0071,0.7573,0.001,0.001,0.001,0.1559,0.001,0.0757
nofold/s40_on,136,seg2,coffee,move_to,step,,coffee,0.7744,0.0051,0.7744,0.001,0.001,0.001,0.139,0.001,0.0774
nofold/s40_on,137,seg2,coffee,move_to,step,,coffee,0.7903,0.0037,0.7903,0.001,0.001,0.001,0.123,0.001,0.079
nofold/s40_on,138,seg2,coffee,move_to,step,,coffee,0.8048,0.0027,0.8048,0.001,0.001,0.001,0.108,0.001,0.0805
nofold/s40_on,139,seg2,coffee,move_to,step,,coffee,0.8181,0.0019,0.8181,0.001,0.001,0.001,0.0942,0.001,0.0818
nofold/s40_on,140,seg2,coffee,move_to,step,,coffee,0.83,0.0014,0.83,0.001,0.001,0.001,0.0816,0.001,0.083
nofold/s40_on,141,seg2,coffee,move_to,step,,coffee,0.8407,0.001,0.8407,0.001,0.001,0.001,0.0702,0.001,0.0841
nofold/s40_on,142,seg2,coffee,move_to,step,,coffee,0.85,0.001,0.85,0.001,0.001,0.001,0.06,0.001,0.085
nofold/s40_on,143,seg2,coffee,move_to,step,,coffee,0.8582,0.001,0.8582,0.001,0.001,0.001,0.051,0.001,0.0858
nofold/s40_on,144,seg2,coffee,move_to,step,,coffee,0.8654,0.001,0.8654,0.001,0.001,0.001,0.043,0.001,0.0865
nofold/s40_on,145,seg2,coffee,move_to,step,,coffee,0.8717,0.001,0.8717,0.001,0.001,0.001,0.0361,0.001,0.0872
nofold/s40_on,146,seg2,coffee,move_to,step,,coffee,0.8772,0.001,0.8772,0.001,0.001,0.001,0.0301,0.001,0.0877
nofold/s40_on,147,seg2,coffee,move_to,step,,coffee,0.8818,0.001,0.8818,0.001,0.001,0.001,0.025,0.001,0.0882
nofold/s40_on,148,seg2,coffee,move_to,step,,coffee,0.8858,0.001,0.8858,0.001,0.001,0.001,0.0206,0.001,0.0886
nofold/s40_on,149,seg2,coffee,move_to,step,,coffee,0.8891,0.001,0.8891,0.001,0.001,0.001,0.0169,0.001,0.0889
nofold/s40_on,150,seg2,coffee,move_to,step,,coffee,0.892,0.001,0.892,0.001,0.001,0.001,0.0138,0.001,0.0892
nofold/s40_on,151,seg2,coffee,move_to,step,,coffee,0.8943,0.001,0.8943,0.001,0.001,0.001,0.0113,0.001,0.0894
nofold/s40_on,152,seg2,coffee,move_to,step,,coffee,0.8963,0.001,0.8963,0.001,0.001,0.001,0.0091,0.001,0.0896
nofold/s40_on,153,seg2,coffee,move_to,step,,coffee,0.8979,0.001,0.8979,0.001,0.001,0.001,0.0073,0.001,0.0898
nofold/s40_on,154,seg2,coffee,move_to,,,coffee,0.8979,0.001,0.8979,0.001,0.001,0.001,0.0073,0.001,0.0898
nofold/s40_on,155,seg2,coffee,wait_at,stand,,coffee,0.8979,0.001,0.8979,0.001,0.001,0.001,0.0073,0.001,0.0898
nofold/s40_on,156,seg2,coffee,wait_at,stand,,coffee,0.8979,0.001,0.8979,0.001,0.001,0.001,0.0073,0.001,0.0898
nofold/s40_on,157,seg2,coffee,wait_at,stand,,coffee,0.8979,0.001,0.8979,0.001,0.001,0.001,0.0073,0.001,0.0898
nofold/s40_on,158,seg2,coffee,wait_at,stand,,coffee,0.8979,0.001,0.8979,0.001,0.001,0.001,0.0073,0.001,0.0898
nofold/s40_on,159,seg2,coffee,wait_at,stand,,coffee,0.8979,0.001,0.8979,0.001,0.001,0.001,0.0073,0.001,0.0898
nofold/s40_on,160,seg2,coffee,wait_at,stand,,coffee,0.8979,0.001,0.8979,0.001,0.001,0.001,0.0073,0.001,0.0898
nofold/s40_on,161,seg2,coffee,wait_at,stand,,coffee,0.8979,0.001,0.8979,0.001,0.001,0.001,0.0073,0.001,0.0898
nofold/s40_on,162,seg2,coffee,wait_at,stand,,coffee,0.8979,0.001,0.8979,0.001,0.001,0.001,0.0073,0.001,0.0898
nofold/s40_on,163,seg2,coffee,wait_at,stand,,coffee,0.8979,0.001,0.8979,0.001,0.001,0.001,0.0073,0.001,0.0898
nofold/s40_on,164,seg2,coffee,wait_at,stand,,coffee,0.8979,0.001,0.8979,0.001,0.001,0.001,0.0073,0.001,0.0898
nofold/s40_on,165,seg2,coffee,wait_at,stand,,coffee,0.8979,0.001,0.8979,0.001,0.001,0.001,0.0073,0.001,0.0898
nofold/s40_on,166,seg2,coffee,wait_at,stand,,coffee,0.8979,0.001,0.8979,0.001,0.001,0.001,0.0073,0.001,0.0898
nofold/s40_on,167,seg2,coffee,wait_at,stand,,coffee,0.8979,0.001,0.8979,0.001,0.001,0.001,0.0073,0.001,0.0898
nofold/s40_on,168,seg2,coffee,wait_at,stand,,coffee,0.8979,0.001,0.8979,0.001,0.001,0.001,0.0073,0.001,0.0898
nofold/s40_on,169,seg2,coffee,wait_at,stand,,coffee,0.8979,0.001,0.8979,0.001,0.001,0.001,0.0073,0.001,0.0898
nofold/s40_on,170,seg2,coffee,wait_at,stand,,coffee,0.8979,0.001,0.8979,0.001,0.001,0.001,0.0073,0.001,0.0898
nofold/s40_on,171,seg2,coffee,wait_at,stand,,coffee,0.8979,0.001,0.8979,0.001,0.001,0.001,0.0073,0.001,0.0898
nofold/s40_on,172,seg2,coffee,wait_at,stand,,coffee,0.8979,0.001,0.8979,0.001,0.001,0.001,0.0073,0.001,0.0898
nofold/s40_on,173,seg2,coffee,wait_at,stand,,coffee,0.8979,0.001,0.8979,0.001,0.001,0.001,0.0073,0.001,0.0898
nofold/s40_on,174,seg2,coffee,wait_at,stand,,coffee,0.8979,0.001,0.8979,0.001,0.001,0.001,0.0073,0.001,0.0898
nofold/s40_on,175,seg2,coffee,wait_at,stand,,coffee,0.8979,0.001,0.8979,0.001,0.001,0.001,0.0073,0.001,0.0898
nofold/s40_on,176,seg2,coffee,wait_at,stand,,coffee,0.8979,0.001,0.8979,0.001,0.001,0.001,0.0073,0.001,0.0898
nofold/s40_on,177,seg2,coffee,wait_at,stand,,coffee,0.8979,0.001,0.8979,0.001,0.001,0.001,0.0073,0.001,0.0898
nofold/s40_on,178,seg2,coffee,wait_at,stand,,coffee,0.8979,0.001,0.8979,0.001,0.001,0.001,0.0073,0.001,0.0898
nofold/s40_on,179,seg2,coffee,wait_at,stand,,coffee,0.8979,0.001,0.8979,0.001,0.001,0.001,0.0073,0.001,0.0898
nofold/s40_on,180,seg2,coffee,wait_at,stand,,coffee,0.8979,0.001,0.8979,0.001,0.001,0.001,0.0073,0.001,0.0898
nofold/s40_on,181,seg2,coffee,wait_at,stand,,coffee,0.8979,0.001,0.8979,0.001,0.001,0.001,0.0073,0.001,0.0898
nofold/s40_on,182,seg2,coffee,wait_at,stand,,coffee,0.8979,0.001,0.8979,0.001,0.001,0.001,0.0073,0.001,0.0898
nofold/s40_on,183,seg2,coffee,wait_at,stand,,coffee,0.8979,0.001,0.8979,0.001,0.001,0.001,0.0073,0.001,0.0898
nofold/s40_on,184,seg2,coffee,wait_at,stand,,ac,0.3317,0.3317,0.001,0.001,0.001,0.001,0.3317,0.001,0.3317
nofold/s40_on,185,seg2,coffee,wait_at,,,ac,0.3317,0.3317,0.001,0.001,0.001,0.001,0.3317,0.001,0.3317
nofold/s40_on,186,seg3a,unknown,,,,ac,0.3317,0.3317,0.001,0.001,0.001,0.001,0.3317,0.001,0.3317
nofold/s40_on,187,seg3a,unknown,move_to,step,,d(item_6),0.4846,0.462,0.001,0.001,0.001,0.001,0.4846,0.001,0.0485
nofold/s40_on,188,seg3a,unknown,move_to,step,,d(item_6),0.4962,0.4492,0.001,0.001,0.001,0.001,0.4962,0.001,0.0496
nofold/s40_on,189,seg3a,unknown,move_to,step,,d(item_6),0.5087,0.4355,0.001,0.001,0.001,0.001,0.5087,0.001,0.0509
nofold/s40_on,190,seg3a,unknown,move_to,step,,d(item_6),0.5221,0.4207,0.001,0.001,0.001,0.001,0.5221,0.001,0.0522
nofold/s40_on,191,seg3a,unknown,move_to,step,,d(item_6),0.5364,0.4049,0.001,0.001,0.001,0.001,0.5364,0.001,0.0536
nofold/s40_on,192,seg3a,unknown,move_to,step,,d(item_6),0.5517,0.3882,0.001,0.001,0.001,0.001,0.5517,0.001,0.0552
nofold/s40_on,193,seg3a,unknown,move_to,step,,d(item_6),0.5678,0.3704,0.001,0.001,0.001,0.001,0.5678,0.001,0.0568
nofold/s40_on,194,seg3a,unknown,move_to,step,,d(item_6),0.5849,0.3516,0.001,0.001,0.001,0.001,0.5849,0.001,0.0585
nofold/s40_on,195,seg3a,unknown,move_to,step,,d(item_6),0.6027,0.332,0.001,0.001,0.001,0.001,0.6027,0.001,0.0603
nofold/s40_on,196,seg3a,unknown,move_to,step,,d(item_6),0.6212,0.3117,0.001,0.001,0.001,0.001,0.6212,0.001,0.0621
nofold/s40_on,197,seg3a,unknown,move_to,step,,d(item_6),0.6403,0.2907,0.001,0.001,0.001,0.001,0.6403,0.001,0.0641
nofold/s40_on,198,seg3a,unknown,move_to,step,,d(item_6),0.6597,0.2693,0.001,0.001,0.001,0.001,0.6597,0.001,0.066
nofold/s40_on,199,seg3a,unknown,move_to,step,,d(item_6),0.6794,0.2476,0.001,0.001,0.001,0.001,0.6794,0.001,0.068
nofold/s40_on,200,seg3a,unknown,move_to,step,,d(item_6),0.6991,0.226,0.001,0.001,0.001,0.001,0.6991,0.001,0.0699
nofold/s40_on,201,seg3a,unknown,move_to,step,,d(item_6),0.7185,0.2046,0.001,0.001,0.001,0.001,0.7185,0.001,0.0719
nofold/s40_on,202,seg3a,unknown,move_to,step,,d(item_6),0.7375,0.1837,0.001,0.001,0.001,0.001,0.7375,0.001,0.0738
nofold/s40_on,203,seg3a,unknown,move_to,step,,d(item_6),0.7559,0.1635,0.001,0.001,0.001,0.001,0.7559,0.001,0.0756
nofold/s40_on,204,seg3a,unknown,move_to,step,,d(item_6),0.7733,0.1443,0.001,0.001,0.001,0.001,0.7733,0.001,0.0774
nofold/s40_on,205,seg3a,unknown,move_to,step,,d(item_6),0.7897,0.1262,0.001,0.001,0.001,0.001,0.7897,0.001,0.079
nofold/s40_on,206,seg3a,unknown,move_to,,,d(item_6),0.7897,0.1262,0.001,0.001,0.001,0.001,0.7897,0.001,0.079
nofold/s40_on,207,seg3a,unknown,wait_at,stand,,d(item_6),0.7897,0.1262,0.001,0.001,0.001,0.001,0.7897,0.001,0.079
nofold/s40_on,208,seg3a,unknown,wait_at,,,d(item_6),0.7897,0.1262,0.001,0.001,0.001,0.001,0.7897,0.001,0.079
nofold/s40_on,209,seg3b,unknown,,,,d(item_6),0.7897,0.1262,0.001,0.001,0.001,0.001,0.7897,0.001,0.079
nofold/s40_on,210,seg3b,unknown,move_to,step,,d(item_6),0.7991,0.1028,0.001,0.001,0.001,0.001,0.7991,0.001,0.0931
nofold/s40_on,211,seg3b,unknown,move_to,step,,d(item_6),0.8,0.0841,0.001,0.001,0.001,0.001,0.8,0.001,0.1109
nofold/s40_on,212,seg3b,unknown,move_to,step,,d(item_6),0.7921,0.0691,0.001,0.001,0.001,0.001,0.7921,0.001,0.1338
nofold/s40_on,213,seg3b,unknown,move_to,step,,d(item_6),0.775,0.0572,0.001,0.001,0.001,0.001,0.775,0.001,0.1628
nofold/s40_on,214,seg3b,unknown,move_to,step,,d(item_6),0.7481,0.0474,0.001,0.001,0.001,0.001,0.7481,0.001,0.1995
nofold/s40_on,215,seg3b,unknown,move_to,step,,d(item_6),0.7108,0.0393,0.001,0.001,0.001,0.001,0.7108,0.001,0.2449
nofold/s40_on,216,seg3b,unknown,move_to,step,,d(item_6),0.6629,0.0325,0.001,0.001,0.001,0.001,0.6629,0.001,0.2997
nofold/s40_on,217,seg3b,unknown,move_to,step,,d(item_6),0.6049,0.0266,0.001,0.001,0.001,0.001,0.6049,0.001,0.3636
nofold/s40_on,218,seg3b,unknown,move_to,step,,d(item_6),0.5385,0.0214,0.001,0.001,0.001,0.001,0.5385,0.001,0.4351
nofold/s40_on,219,seg3b,unknown,move_to,step,,unknown,0.5116,0.0169,0.001,0.001,0.001,0.001,0.4665,0.001,0.5116
nofold/s40_on,220,seg3b,unknown,move_to,step,,unknown,0.5891,0.0131,0.001,0.001,0.001,0.001,0.3927,0.001,0.5891
nofold/s40_on,221,seg3b,unknown,move_to,step,,unknown,0.6637,0.01,0.001,0.001,0.001,0.001,0.3213,0.001,0.6637
nofold/s40_on,222,seg3b,unknown,move_to,step,,unknown,0.7317,0.0074,0.001,0.001,0.001,0.001,0.2559,0.001,0.7317
nofold/s40_on,223,seg3b,unknown,move_to,step,,unknown,0.7909,0.0054,0.001,0.001,0.001,0.001,0.1988,0.001,0.7909
nofold/s40_on,224,seg3b,unknown,move_to,step,,unknown,0.8401,0.0038,0.001,0.001,0.001,0.001,0.1511,0.001,0.8401
nofold/s40_on,225,seg3b,unknown,move_to,step,,unknown,0.8795,0.0027,0.001,0.001,0.001,0.001,0.1128,0.001,0.8795
nofold/s40_on,226,seg3b,unknown,move_to,step,,unknown,0.9101,0.0019,0.001,0.001,0.001,0.001,0.083,0.001,0.9101
nofold/s40_on,227,seg3b,unknown,move_to,,,unknown,0.9101,0.0019,0.001,0.001,0.001,0.001,0.083,0.001,0.9101
nofold/s40_on,228,seg3b,unknown,wait_at,stand,,unknown,0.9101,0.0019,0.001,0.001,0.001,0.001,0.083,0.001,0.9101
nofold/s40_on,229,seg3b,unknown,wait_at,,,unknown,0.9101,0.0019,0.001,0.001,0.001,0.001,0.083,0.001,0.9101
nofold/s40_on,230,seg4,d(item_6),,,,unknown,0.9101,0.0019,0.001,0.001,0.001,0.001,0.083,0.001,0.9101
nofold/s40_on,231,seg4,d(item_6),move_to,step,,unknown,0.9103,0.0017,0.001,0.001,0.001,0.001,0.083,0.001,0.9103
nofold/s40_on,232,seg4,d(item_6),move_to,step,,unknown,0.9104,0.0016,0.001,0.001,0.001,0.001,0.083,0.001,0.9104
nofold/s40_on,233,seg4,d(item_6),move_to,step,,unknown,0.9105,0.0015,0.001,0.001,0.001,0.001,0.083,0.001,0.9105
nofold/s40_on,234,seg4,d(item_6),move_to,step,,unknown,0.9106,0.0013,0.001,0.001,0.001,0.001,0.083,0.001,0.9106
nofold/s40_on,235,seg4,d(item_6),move_to,step,,unknown,0.9107,0.0012,0.001,0.001,0.001,0.001,0.0831,0.001,0.9107
nofold/s40_on,236,seg4,d(item_6),move_to,step,,unknown,0.9108,0.0011,0.001,0.001,0.001,0.001,0.0831,0.001,0.9108
nofold/s40_on,237,seg4,d(item_6),move_to,step,,unknown,0.9109,0.001,0.001,0.001,0.001,0.001,0.0831,0.001,0.9109
nofold/s40_on,238,seg4,d(item_6),move_to,step,,unknown,0.9109,0.001,0.001,0.001,0.001,0.001,0.0831,0.001,0.9109
nofold/s40_on,239,seg4,d(item_6),move_to,step,,unknown,0.9109,0.001,0.001,0.001,0.001,0.001,0.0831,0.001,0.9109
nofold/s40_on,240,seg4,d(item_6),move_to,step,,unknown,0.9109,0.001,0.001,0.001,0.001,0.001,0.0831,0.001,0.9109
nofold/s40_on,241,seg4,d(item_6),move_to,step,,unknown,0.9109,0.001,0.001,0.001,0.001,0.001,0.0831,0.001,0.9109
nofold/s40_on,242,seg4,d(item_6),move_to,step,,unknown,0.9109,0.001,0.001,0.001,0.001,0.001,0.0831,0.001,0.9109
nofold/s40_on,243,seg4,d(item_6),move_to,step,,unknown,0.9109,0.001,0.001,0.001,0.001,0.001,0.0831,0.001,0.9109
nofold/s40_on,244,seg4,d(item_6),move_to,step,,unknown,0.9109,0.001,0.001,0.001,0.001,0.001,0.0831,0.001,0.9109
nofold/s40_on,245,seg4,d(item_6),move_to,step,,unknown,0.9109,0.001,0.001,0.001,0.001,0.001,0.0831,0.001,0.9109
nofold/s40_on,246,seg4,d(item_6),move_to,step,,unknown,0.9109,0.001,0.001,0.001,0.001,0.001,0.0831,0.001,0.9109
nofold/s40_on,247,seg4,d(item_6),move_to,step,,unknown,0.9109,0.001,0.001,0.001,0.001,0.001,0.0831,0.001,0.9109
nofold/s40_on,248,seg4,d(item_6),move_to,step,,unknown,0.9109,0.001,0.001,0.001,0.001,0.001,0.0831,0.001,0.9109
nofold/s40_on,249,seg4,d(item_6),move_to,step,,unknown,0.9109,0.001,0.001,0.001,0.001,0.001,0.0831,0.001,0.9109
nofold/s40_on,250,seg4,d(item_6),move_to,step,,unknown,0.9109,0.001,0.001,0.001,0.001,0.001,0.0831,0.001,0.9109
nofold/s40_on,251,seg4,d(item_6),move_to,step,,unknown,0.9109,0.001,0.001,0.001,0.001,0.001,0.0831,0.001,0.9109
nofold/s40_on,252,seg4,d(item_6),move_to,step,,unknown,0.9109,0.001,0.001,0.001,0.001,0.001,0.0831,0.001,0.9109
nofold/s40_on,253,seg4,d(item_6),move_to,step,,unknown,0.9109,0.001,0.001,0.001,0.001,0.001,0.0831,0.001,0.9109
nofold/s40_on,254,seg4,d(item_6),move_to,step,,unknown,0.9109,0.001,0.001,0.001,0.001,0.001,0.0831,0.001,0.9109
nofold/s40_on,255,seg4,d(item_6),move_to,step,,unknown,0.9109,0.001,0.001,0.001,0.001,0.001,0.0831,0.001,0.9109
nofold/s40_on,256,seg4,d(item_6),move_to,step,,unknown,0.9109,0.001,0.001,0.001,0.001,0.001,0.0831,0.001,0.9109
nofold/s40_on,257,seg4,d(item_6),move_to,step,,unknown,0.9109,0.001,0.001,0.001,0.001,0.001,0.0831,0.001,0.9109
nofold/s40_on,258,seg4,d(item_6),move_to,step,,unknown,0.9109,0.001,0.001,0.001,0.001,0.001,0.0831,0.001,0.9109
nofold/s40_on,259,seg4,d(item_6),move_to,step,,unknown,0.9109,0.001,0.001,0.001,0.001,0.001,0.0831,0.001,0.9109
nofold/s40_on,260,seg4,d(item_6),move_to,step,,unknown,0.9109,0.001,0.001,0.001,0.001,0.001,0.0831,0.001,0.9109
nofold/s40_on,261,seg4,d(item_6),move_to,step,,unknown,0.9109,0.001,0.001,0.001,0.001,0.001,0.0831,0.001,0.9109
nofold/s40_on,262,seg4,d(item_6),move_to,step,,unknown,0.9109,0.001,0.001,0.001,0.001,0.001,0.0831,0.001,0.9109
nofold/s40_on,263,seg4,d(item_6),move_to,step,,unknown,0.9109,0.001,0.001,0.001,0.001,0.001,0.0831,0.001,0.9109
nofold/s40_on,264,seg4,d(item_6),move_to,step,,unknown,0.9109,0.001,0.001,0.001,0.001,0.001,0.0831,0.001,0.9109
nofold/s40_on,265,seg4,d(item_6),move_to,step,,unknown,0.9109,0.001,0.001,0.001,0.001,0.001,0.0831,0.001,0.9109
nofold/s40_on,266,seg4,d(item_6),move_to,step,,unknown,0.9109,0.001,0.001,0.001,0.001,0.001,0.0831,0.001,0.9109
nofold/s40_on,267,seg4,d(item_6),move_to,step,,unknown,0.9109,0.001,0.001,0.001,0.001,0.001,0.0831,0.001,0.9109
nofold/s40_on,268,seg4,d(item_6),move_to,step,,unknown,0.9109,0.001,0.001,0.001,0.001,0.001,0.0831,0.001,0.9109
nofold/s40_on,269,seg4,d(item_6),move_to,step,,unknown,0.9109,0.001,0.001,0.001,0.001,0.001,0.0831,0.001,0.9109
nofold/s40_on,270,seg4,d(item_6),move_to,step,,unknown,0.9109,0.001,0.001,0.001,0.001,0.001,0.0831,0.001,0.9109
nofold/s40_on,271,seg4,d(item_6),move_to,,,unknown,0.9109,0.001,0.001,0.001,0.001,0.001,0.0831,0.001,0.9109
nofold/s40_on,272,seg4,d(item_6),pick_up,grasp,item_6,unknown,0.9109,0.001,0.001,0.001,0.001,0.001,0.0831,0.001,0.9109
nofold/s40_on,273,seg4,d(item_6),pick_up,,item_6,unknown,0.9109,0.001,0.001,0.001,0.001,0.001,0.0831,0.001,0.9109
nofold/s40_on,274,seg4,d(item_6),move_to,step,item_6,unknown,0.9109,0.001,0.001,0.001,0.001,0.001,0.0831,0.001,0.9109
nofold/s40_on,275,seg4,d(item_6),move_to,step,item_6,unknown,0.9109,0.001,0.001,0.001,0.001,0.001,0.0831,0.001,0.9109
nofold/s40_on,276,seg4,d(item_6),move_to,step,item_6,unknown,0.9109,0.001,0.001,0.001,0.001,0.001,0.0831,0.001,0.9109
nofold/s40_on,277,seg4,d(item_6),move_to,step,item_6,unknown,0.9109,0.001,0.001,0.001,0.001,0.001,0.0831,0.001,0.9109
nofold/s40_on,278,seg4,d(item_6),move_to,step,item_6,unknown,0.9109,0.001,0.001,0.001,0.001,0.001,0.0831,0.001,0.9109
nofold/s40_on,279,seg4,d(item_6),move_to,step,item_6,unknown,0.9109,0.001,0.001,0.001,0.001,0.001,0.0831,0.001,0.9109
nofold/s40_on,280,seg4,d(item_6),move_to,step,item_6,unknown,0.9109,0.001,0.001,0.001,0.001,0.001,0.0831,0.001,0.9109
nofold/s40_on,281,seg4,d(item_6),move_to,step,item_6,unknown,0.9109,0.001,0.001,0.001,0.001,0.001,0.0831,0.001,0.9109
nofold/s40_on,282,seg4,d(item_6),move_to,step,item_6,unknown,0.9109,0.001,0.001,0.001,0.001,0.001,0.0831,0.001,0.9109
nofold/s40_on,283,seg4,d(item_6),move_to,step,item_6,unknown,0.9109,0.001,0.001,0.001,0.001,0.001,0.0831,0.001,0.9109
nofold/s40_on,284,seg4,d(item_6),move_to,step,item_6,unknown,0.9109,0.001,0.001,0.001,0.001,0.001,0.0831,0.001,0.9109
nofold/s40_on,285,seg4,d(item_6),move_to,step,item_6,unknown,0.9109,0.001,0.001,0.001,0.001,0.001,0.0831,0.001,0.9109
nofold/s40_on,286,seg4,d(item_6),move_to,step,item_6,unknown,0.9109,0.001,0.001,0.001,0.001,0.001,0.0831,0.001,0.9109
nofold/s40_on,287,seg4,d(item_6),move_to,step,item_6,unknown,0.9109,0.001,0.001,0.001,0.001,0.001,0.0831,0.001,0.9109
nofold/s40_on,288,seg4,d(item_6),move_to,step,item_6,unknown,0.9109,0.001,0.001,0.001,0.001,0.001,0.0831,0.001,0.9109
nofold/s40_on,289,seg4,d(item_6),move_to,step,item_6,unknown,0.9109,0.001,0.001,0.001,0.001,0.001,0.0831,0.001,0.9109
nofold/s40_on,290,seg4,d(item_6),move_to,step,item_6,unknown,0.9109,0.001,0.001,0.001,0.001,0.001,0.0831,0.001,0.9109
nofold/s40_on,291,seg4,d(item_6),move_to,step,item_6,unknown,0.9109,0.001,0.001,0.001,0.001,0.001,0.0831,0.001,0.9109
nofold/s40_on,292,seg4,d(item_6),move_to,step,item_6,unknown,0.9109,0.001,0.001,0.001,0.001,0.001,0.0831,0.001,0.9109
nofold/s40_on,293,seg4,d(item_6),move_to,step,item_6,unknown,0.9109,0.001,0.001,0.001,0.001,0.001,0.0831,0.001,0.9109
nofold/s40_on,294,seg4,d(item_6),move_to,step,item_6,unknown,0.9109,0.001,0.001,0.001,0.001,0.001,0.0831,0.001,0.9109
nofold/s40_on,295,seg4,d(item_6),move_to,step,item_6,unknown,0.9109,0.001,0.001,0.001,0.001,0.001,0.0831,0.001,0.9109
nofold/s40_on,296,seg4,d(item_6),move_to,step,item_6,unknown,0.9109,0.001,0.001,0.001,0.001,0.001,0.0831,0.001,0.9109
nofold/s40_on,297,seg4,d(item_6),move_to,step,item_6,unknown,0.9109,0.001,0.001,0.001,0.001,0.001,0.0831,0.001,0.9109
nofold/s40_on,298,seg4,d(item_6),move_to,step,item_6,unknown,0.9109,0.001,0.001,0.001,0.001,0.001,0.0831,0.001,0.9109
nofold/s40_on,299,seg4,d(item_6),move_to,step,item_6,unknown,0.9109,0.001,0.001,0.001,0.001,0.001,0.0831,0.001,0.9109
nofold/s40_on,300,seg4,d(item_6),move_to,step,item_6,unknown,0.9109,0.001,0.001,0.001,0.001,0.001,0.0831,0.001,0.9109
nofold/s40_on,301,seg4,d(item_6),move_to,step,item_6,unknown,0.9109,0.001,0.001,0.001,0.001,0.001,0.0831,0.001,0.9109
nofold/s40_on,302,seg4,d(item_6),move_to,step,item_6,unknown,0.9109,0.001,0.001,0.001,0.001,0.001,0.0831,0.001,0.9109
nofold/s40_on,303,seg4,d(item_6),move_to,step,item_6,unknown,0.9109,0.001,0.001,0.001,0.001,0.001,0.0831,0.001,0.9109
nofold/s40_on,304,seg4,d(item_6),move_to,step,item_6,unknown,0.9109,0.001,0.001,0.001,0.001,0.001,0.0831,0.001,0.9109
nofold/s40_on,305,seg4,d(item_6),move_to,step,item_6,unknown,0.9109,0.001,0.001,0.001,0.001,0.001,0.0831,0.001,0.9109
nofold/s40_on,306,seg4,d(item_6),move_to,step,item_6,unknown,0.9109,0.001,0.001,0.001,0.001,0.001,0.0831,0.001,0.9109
nofold/s40_on,307,seg4,d(item_6),move_to,step,item_6,unknown,0.9109,0.001,0.001,0.001,0.001,0.001,0.0831,0.001,0.9109
nofold/s40_on,308,seg4,d(item_6),move_to,step,item_6,unknown,0.9109,0.001,0.001,0.001,0.001,0.001,0.0831,0.001,0.9109
nofold/s40_on,309,seg4,d(item_6),move_to,step,item_6,unknown,0.9109,0.001,0.001,0.001,0.001,0.001,0.0831,0.001,0.9109
nofold/s40_on,310,seg4,d(item_6),move_to,step,item_6,unknown,0.9109,0.001,0.001,0.001,0.001,0.001,0.0831,0.001,0.9109
nofold/s40_on,311,seg4,d(item_6),move_to,step,item_6,unknown,0.9109,0.001,0.001,0.001,0.001,0.001,0.0831,0.001,0.9109
nofold/s40_on,312,seg4,d(item_6),move_to,step,item_6,unknown,0.9109,0.001,0.001,0.001,0.001,0.001,0.0831,0.001,0.9109
nofold/s40_on,313,seg4,d(item_6),move_to,step,item_6,unknown,0.9109,0.001,0.001,0.001,0.001,0.001,0.0831,0.001,0.9109
nofold/s40_on,314,seg4,d(item_6),move_to,step,item_6,unknown,0.9109,0.001,0.001,0.001,0.001,0.001,0.0831,0.001,0.9109
nofold/s40_on,315,seg4,d(item_6),move_to,step,item_6,unknown,0.9109,0.001,0.001,0.001,0.001,0.001,0.0831,0.001,0.9109
nofold/s40_on,316,seg4,d(item_6),move_to,step,item_6,unknown,0.9109,0.001,0.001,0.001,0.001,0.001,0.0831,0.001,0.9109
nofold/s40_on,317,seg4,d(item_6),move_to,step,item_6,unknown,0.9109,0.001,0.001,0.001,0.001,0.001,0.0831,0.001,0.9109
nofold/s40_on,318,seg4,d(item_6),move_to,step,item_6,unknown,0.9109,0.001,0.001,0.001,0.001,0.001,0.0831,0.001,0.9109
nofold/s40_on,319,seg4,d(item_6),move_to,step,item_6,unknown,0.9109,0.001,0.001,0.001,0.001,0.001,0.0831,0.001,0.9109
nofold/s40_on,320,seg4,d(item_6),move_to,step,item_6,unknown,0.9109,0.001,0.001,0.001,0.001,0.001,0.0831,0.001,0.9109
nofold/s40_on,321,seg4,d(item_6),move_to,step,item_6,unknown,0.9109,0.001,0.001,0.001,0.001,0.001,0.0831,0.001,0.9109
nofold/s40_on,322,seg4,d(item_6),move_to,step,item_6,unknown,0.9109,0.001,0.001,0.001,0.001,0.001,0.0831,0.001,0.9109
nofold/s40_on,323,seg4,d(item_6),move_to,step,item_6,unknown,0.9109,0.001,0.001,0.001,0.001,0.001,0.0831,0.001,0.9109
nofold/s40_on,324,seg4,d(item_6),move_to,step,item_6,unknown,0.9109,0.001,0.001,0.001,0.001,0.001,0.0831,0.001,0.9109
nofold/s40_on,325,seg4,d(item_6),move_to,step,item_6,unknown,0.9109,0.001,0.001,0.001,0.001,0.001,0.0831,0.001,0.9109
nofold/s40_on,326,seg4,d(item_6),move_to,step,item_6,unknown,0.9109,0.001,0.001,0.001,0.001,0.001,0.0831,0.001,0.9109
nofold/s40_on,327,seg4,d(item_6),move_to,step,item_6,unknown,0.9109,0.001,0.001,0.001,0.001,0.001,0.0831,0.001,0.9109
nofold/s40_on,328,seg4,d(item_6),move_to,step,item_6,unknown,0.9109,0.001,0.001,0.001,0.001,0.001,0.0831,0.001,0.9109
nofold/s40_on,329,seg4,d(item_6),move_to,step,item_6,unknown,0.9109,0.001,0.001,0.001,0.001,0.001,0.0831,0.001,0.9109
nofold/s40_on,330,seg4,d(item_6),move_to,,item_6,unknown,0.9109,0.001,0.001,0.001,0.001,0.001,0.0831,0.001,0.9109
nofold/s40_on,331,seg4,d(item_6),place,release,,ac,0.497,0.497,0.001,0.001,0.001,0.001,0.001,0.001,0.497
nofold/s40_on,332,seg4,d(item_6),place,,,ac,0.497,0.497,0.001,0.001,0.001,0.001,0.001,0.001,0.497
nofold/s40_on,333,done,unknown,,,,ac,0.497,0.497,0.001,0.001,0.001,0.001,0.001,0.001,0.497
nofold/s40_on,334,done,unknown,,,,ac,0.497,0.497,0.001,0.001,0.001,0.001,0.001,0.001,0.497
nofold/s40_on,335,done,unknown,,,,ac,0.497,0.497,0.001,0.001,0.001,0.001,0.001,0.001,0.497
nofold/s40_on,336,done,unknown,,,,ac,0.497,0.497,0.001,0.001,0.001,0.001,0.001,0.001,0.497
nofold/s40_on,337,done,unknown,,,,ac,0.497,0.497,0.001,0.001,0.001,0.001,0.001,0.001,0.497
nofold/s40_on,338,done,unknown,,,,ac,0.497,0.497,0.001,0.001,0.001,0.001,0.001,0.001,0.497
nofold/s40_on,339,done,unknown,,,,ac,0.497,0.497,0.001,0.001,0.001,0.001,0.001,0.001,0.497
nofold/s40_on,340,done,unknown,,,,ac,0.497,0.497,0.001,0.001,0.001,0.001,0.001,0.001,0.497
nofold/s40_on,341,done,unknown,,,,ac,0.497,0.497,0.001,0.001,0.001,0.001,0.001,0.001,0.497
nofold/s40_on,342,done,unknown,,,,ac,0.497,0.497,0.001,0.001,0.001,0.001,0.001,0.001,0.497
nofold/s40_on,343,done,unknown,,,,ac,0.497,0.497,0.001,0.001,0.001,0.001,0.001,0.001,0.497
nofold/s40_on,344,done,unknown,,,,ac,0.497,0.497,0.001,0.001,0.001,0.001,0.001,0.001,0.497
nofold/s40_on,345,done,unknown,,,,ac,0.497,0.497,0.001,0.001,0.001,0.001,0.001,0.001,0.497
nofold/s40_on,346,done,unknown,,,,ac,0.497,0.497,0.001,0.001,0.001,0.001,0.001,0.001,0.497
nofold/s40_on,347,done,unknown,,,,ac,0.497,0.497,0.001,0.001,0.001,0.001,0.001,0.001,0.497
nofold/s40_on,348,done,unknown,,,,ac,0.497,0.497,0.001,0.001,0.001,0.001,0.001,0.001,0.497
nofold/s40_on,349,done,unknown,,,,ac,0.497,0.497,0.001,0.001,0.001,0.001,0.001,0.001,0.497
nofold/s40_on,350,done,unknown,,,,ac,0.497,0.497,0.001,0.001,0.001,0.001,0.001,0.001,0.497
nofold/s40_on,351,done,unknown,,,,ac,0.497,0.497,0.001,0.001,0.001,0.001,0.001,0.001,0.497
nofold/s40_on,352,done,unknown,,,,ac,0.497,0.497,0.001,0.001,0.001,0.001,0.001,0.001,0.497
nofold/s40_on,353,done,unknown,,,,ac,0.497,0.497,0.001,0.001,0.001,0.001,0.001,0.001,0.497
nofold/s40_on,354,done,unknown,,,,ac,0.497,0.497,0.001,0.001,0.001,0.001,0.001,0.001,0.497
nofold/s40_on,355,done,unknown,,,,ac,0.497,0.497,0.001,0.001,0.001,0.001,0.001,0.001,0.497
nofold/s40_on,356,done,unknown,,,,ac,0.497,0.497,0.001,0.001,0.001,0.001,0.001,0.001,0.497
nofold/s40_on,357,done,unknown,,,,ac,0.497,0.497,0.001,0.001,0.001,0.001,0.001,0.001,0.497
nofold/s40_on,358,done,unknown,,,,ac,0.497,0.497,0.001,0.001,0.001,0.001,0.001,0.001,0.497
nofold/s40_on,359,done,unknown,,,,ac,0.497,0.497,0.001,0.001,0.001,0.001,0.001,0.001,0.497
nofold/s40_on,360,done,unknown,,,,ac,0.497,0.497,0.001,0.001,0.001,0.001,0.001,0.001,0.497
nofold/s40_on,361,done,unknown,,,,ac,0.497,0.497,0.001,0.001,0.001,0.001,0.001,0.001,0.497
nofold/s40_on,362,done,unknown,,,,ac,0.497,0.497,0.001,0.001,0.001,0.001,0.001,0.001,0.497
nofold/s40_on,363,done,unknown,,,,ac,0.497,0.497,0.001,0.001,0.001,0.001,0.001,0.001,0.497
nofold/s40_on,364,done,unknown,,,,ac,0.497,0.497,0.001,0.001,0.001,0.001,0.001,0.001,0.497
nofold/s40_on,365,done,unknown,,,,ac,0.497,0.497,0.001,0.001,0.001,0.001,0.001,0.001,0.497
nofold/s40_on,366,done,unknown,,,,ac,0.497,0.497,0.001,0.001,0.001,0.001,0.001,0.001,0.497
nofold/s40_on,367,done,unknown,,,,ac,0.497,0.497,0.001,0.001,0.001,0.001,0.001,0.001,0.497
nofold/s40_on,368,done,unknown,,,,ac,0.497,0.497,0.001,0.001,0.001,0.001,0.001,0.001,0.497
nofold/s40_on,369,done,unknown,,,,ac,0.497,0.497,0.001,0.001,0.001,0.001,0.001,0.001,0.497
nofold/s40_on,370,done,unknown,,,,ac,0.497,0.497,0.001,0.001,0.001,0.001,0.001,0.001,0.497
nofold/s40_on,371,done,unknown,,,,ac,0.497,0.497,0.001,0.001,0.001,0.001,0.001,0.001,0.497
nofold/s40_on,372,done,unknown,,,,ac,0.497,0.497,0.001,0.001,0.001,0.001,0.001,0.001,0.497
nofold/s40_on,373,done,unknown,,,,ac,0.497,0.497,0.001,0.001,0.001,0.001,0.001,0.001,0.497
nofold/s40_on,374,done,unknown,,,,ac,0.497,0.497,0.001,0.001,0.001,0.001,0.001,0.001,0.497
nofold/s40_on,375,done,unknown,,,,ac,0.497,0.497,0.001,0.001,0.001,0.001,0.001,0.001,0.497
nofold/s40_on,376,done,unknown,,,,ac,0.497,0.497,0.001,0.001,0.001,0.001,0.001,0.001,0.497
nofold/s40_on,377,done,unknown,,,,ac,0.497,0.497,0.001,0.001,0.001,0.001,0.001,0.001,0.497
nofold/s40_on,378,done,unknown,,,,ac,0.497,0.497,0.001,0.001,0.001,0.001,0.001,0.001,0.497
